2025-03-04 15:18:34,919 DEBUG Debug информация
2025-03-04 15:18:34,919 INFO Информационное сообщение
2025-03-04 15:18:34,919 WARNING Предупреждение!
2025-03-04 15:18:34,919 ERROR Ошибка
2025-03-04 15:18:34,919 CRITICAL Критическая ошибка!
2025-03-04 15:18:40,420 DEBUG Starting new HTTPS connection (1): vk.com:443
2025-03-04 15:18:40,498 DEBUG https://vk.com:443 "GET /video/trends HTTP/11" 301 20
2025-03-04 15:18:40,500 DEBUG Starting new HTTPS connection (1): vkvideo.ru:443
2025-03-04 15:18:40,569 DEBUG https://vkvideo.ru:443 "GET /trends?enableAutoLogin=1 HTTP/11" 302 20
2025-03-04 15:18:40,572 DEBUG Starting new HTTPS connection (1): login.vk.com:443
2025-03-04 15:18:40,655 DEBUG https://login.vk.com:443 "GET /?act=autologin&redirect_uri=https://vkvideo.ru&state=eyJzdGF0ZSI6IjU5NDBkNTNjLTlkOGQtNDk4NS1iZGQ4LWM1ODI0NzQ1ZjU3NiIsInJldHVybl90byI6IlwvdHJlbmRzP2VuYWJsZUF1dG9Mb2dpbj0xIiwiYXV0b2xvZ2luIjp0cnVlfQ%3D%3D&uuid=7d6ae9ed29&app_id=52461373 HTTP/11" 302 20
2025-03-04 15:18:40,682 DEBUG https://vkvideo.ru:443 "GET /?errorCode=11300&errorText=invalid%20user HTTP/11" 302 20
2025-03-04 15:18:40,732 DEBUG https://vkvideo.ru:443 "GET /trends HTTP/11" 302 20
2025-03-04 15:18:40,734 DEBUG Starting new HTTPS connection (1): m.vkvideo.ru:443
2025-03-04 15:18:40,936 DEBUG https://m.vkvideo.ru:443 "GET /trends HTTP/11" 200 30041
2025-03-04 15:18:54,598 DEBUG Skipping Selenium Manager; path to chrome driver specified in Service class: /Users/aazaides/Documents/chromedriver-mac-arm64/chromedriver
2025-03-04 15:18:54,604 DEBUG Started executable: `/Users/aazaides/Documents/chromedriver-mac-arm64/chromedriver` in a child process with pid: 77117 using 0 to output -3
2025-03-04 15:18:54,682 DEBUG POST http://localhost:57028/session {'capabilities': {'firstMatch': [{}], 'alwaysMatch': {'browserName': 'chrome', 'pageLoadStrategy': <PageLoadStrategy.normal: 'normal'>, 'goog:chromeOptions': {'extensions': [], 'binary': '/Applications/Yandex.app/Contents/MacOS/Yandex', 'args': []}}}}
2025-03-04 15:18:54,683 DEBUG Starting new HTTP connection (1): localhost:57028
2025-03-04 15:18:55,517 DEBUG http://localhost:57028 "POST /session HTTP/11" 200 0
2025-03-04 15:18:55,520 DEBUG Remote response: status=200 | data={"value":{"capabilities":{"acceptInsecureCerts":false,"browserName":"chrome","browserVersion":"132.0.6834.2183","chrome":{"chromedriverVersion":"132.0.6834.83 (03d59cf5ecf1d8444838ff9a1e96231304d4ff9c-refs/branch-heads/6834@{#3390})","userDataDir":"/var/folders/wj/jzwd6lfn7xx02ns8v_wr29bm0000gn/T/.org.chromium.Chromium.PcHUSs"},"fedcm:accounts":true,"goog:chromeOptions":{"debuggerAddress":"localhost:57036"},"networkConnectionEnabled":false,"pageLoadStrategy":"normal","platformName":"mac","proxy":{},"setWindowRect":true,"strictFileInteractability":false,"timeouts":{"implicit":0,"pageLoad":300000,"script":30000},"unhandledPromptBehavior":"dismiss and notify","webauthn:extension:credBlob":true,"webauthn:extension:largeBlob":true,"webauthn:extension:minPinLength":true,"webauthn:extension:prf":true,"webauthn:virtualAuthenticators":true},"sessionId":"49d0f1858e436889723540e5fc1dade1"}} | headers=HTTPHeaderDict({'Content-Length': '892', 'Content-Type': 'application/json; charset=utf-8', 'cache-control': 'no-cache'})
2025-03-04 15:18:55,520 DEBUG Finished Request
2025-03-04 15:18:55,522 DEBUG POST http://localhost:57028/session/49d0f1858e436889723540e5fc1dade1/url {'url': 'https://vk.com/video/trends'}
2025-03-04 15:18:58,136 DEBUG http://localhost:57028 "POST /session/49d0f1858e436889723540e5fc1dade1/url HTTP/11" 200 0
2025-03-04 15:18:58,137 DEBUG Remote response: status=200 | data={"value":null} | headers=HTTPHeaderDict({'Content-Length': '14', 'Content-Type': 'application/json; charset=utf-8', 'cache-control': 'no-cache'})
2025-03-04 15:18:58,137 DEBUG Finished Request
2025-03-04 15:18:58,137 DEBUG POST http://localhost:57028/session/49d0f1858e436889723540e5fc1dade1/elements {'using': 'css selector', 'value': '.VideoCard__info'}
2025-03-04 15:18:58,144 DEBUG http://localhost:57028 "POST /session/49d0f1858e436889723540e5fc1dade1/elements HTTP/11" 200 0
2025-03-04 15:18:58,144 DEBUG Remote response: status=200 | data={"value":[{"element-6066-11e4-a52e-4f735466cecf":"f.F2E30F56086DD7AAE6F4A4FB53894767.d.FBB8C7522F74706AC01E7A5B9986857D.e.50"},{"element-6066-11e4-a52e-4f735466cecf":"f.F2E30F56086DD7AAE6F4A4FB53894767.d.FBB8C7522F74706AC01E7A5B9986857D.e.51"},{"element-6066-11e4-a52e-4f735466cecf":"f.F2E30F56086DD7AAE6F4A4FB53894767.d.FBB8C7522F74706AC01E7A5B9986857D.e.52"},{"element-6066-11e4-a52e-4f735466cecf":"f.F2E30F56086DD7AAE6F4A4FB53894767.d.FBB8C7522F74706AC01E7A5B9986857D.e.53"},{"element-6066-11e4-a52e-4f735466cecf":"f.F2E30F56086DD7AAE6F4A4FB53894767.d.FBB8C7522F74706AC01E7A5B9986857D.e.54"},{"element-6066-11e4-a52e-4f735466cecf":"f.F2E30F56086DD7AAE6F4A4FB53894767.d.FBB8C7522F74706AC01E7A5B9986857D.e.55"},{"element-6066-11e4-a52e-4f735466cecf":"f.F2E30F56086DD7AAE6F4A4FB53894767.d.FBB8C7522F74706AC01E7A5B9986857D.e.56"},{"element-6066-11e4-a52e-4f735466cecf":"f.F2E30F56086DD7AAE6F4A4FB53894767.d.FBB8C7522F74706AC01E7A5B9986857D.e.57"},{"element-6066-11e4-a52e-4f735466cecf":"f.F2E30F56086DD7AAE6F4A4FB53894767.d.FBB8C7522F74706AC01E7A5B9986857D.e.58"},{"element-6066-11e4-a52e-4f735466cecf":"f.F2E30F56086DD7AAE6F4A4FB53894767.d.FBB8C7522F74706AC01E7A5B9986857D.e.59"},{"element-6066-11e4-a52e-4f735466cecf":"f.F2E30F56086DD7AAE6F4A4FB53894767.d.FBB8C7522F74706AC01E7A5B9986857D.e.60"},{"element-6066-11e4-a52e-4f735466cecf":"f.F2E30F56086DD7AAE6F4A4FB53894767.d.FBB8C7522F74706AC01E7A5B9986857D.e.61"},{"element-6066-11e4-a52e-4f735466cecf":"f.F2E30F56086DD7AAE6F4A4FB53894767.d.FBB8C7522F74706AC01E7A5B9986857D.e.62"},{"element-6066-11e4-a52e-4f735466cecf":"f.F2E30F56086DD7AAE6F4A4FB53894767.d.FBB8C7522F74706AC01E7A5B9986857D.e.63"},{"element-6066-11e4-a52e-4f735466cecf":"f.F2E30F56086DD7AAE6F4A4FB53894767.d.FBB8C7522F74706AC01E7A5B9986857D.e.64"},{"element-6066-11e4-a52e-4f735466cecf":"f.F2E30F56086DD7AAE6F4A4FB53894767.d.FBB8C7522F74706AC01E7A5B9986857D.e.65"},{"element-6066-11e4-a52e-4f735466cecf":"f.F2E30F56086DD7AAE6F4A4FB53894767.d.FBB8C7522F74706AC01E7A5B9986857D.e.66"},{"element-6066-11e4-a52e-4f735466cecf":"f.F2E30F56086DD7AAE6F4A4FB53894767.d.FBB8C7522F74706AC01E7A5B9986857D.e.67"},{"element-6066-11e4-a52e-4f735466cecf":"f.F2E30F56086DD7AAE6F4A4FB53894767.d.FBB8C7522F74706AC01E7A5B9986857D.e.68"},{"element-6066-11e4-a52e-4f735466cecf":"f.F2E30F56086DD7AAE6F4A4FB53894767.d.FBB8C7522F74706AC01E7A5B9986857D.e.69"}]} | headers=HTTPHeaderDict({'Content-Length': '2351', 'Content-Type': 'application/json; charset=utf-8', 'cache-control': 'no-cache'})
2025-03-04 15:18:58,144 DEBUG Finished Request
2025-03-04 15:19:03,148 DEBUG POST http://localhost:57028/session/49d0f1858e436889723540e5fc1dade1/elements {'using': 'css selector', 'value': '.VideoCard__info'}
2025-03-04 15:19:03,158 DEBUG http://localhost:57028 "POST /session/49d0f1858e436889723540e5fc1dade1/elements HTTP/11" 200 0
2025-03-04 15:19:03,158 DEBUG Remote response: status=200 | data={"value":[{"element-6066-11e4-a52e-4f735466cecf":"f.F2E30F56086DD7AAE6F4A4FB53894767.d.FBB8C7522F74706AC01E7A5B9986857D.e.50"},{"element-6066-11e4-a52e-4f735466cecf":"f.F2E30F56086DD7AAE6F4A4FB53894767.d.FBB8C7522F74706AC01E7A5B9986857D.e.51"},{"element-6066-11e4-a52e-4f735466cecf":"f.F2E30F56086DD7AAE6F4A4FB53894767.d.FBB8C7522F74706AC01E7A5B9986857D.e.52"},{"element-6066-11e4-a52e-4f735466cecf":"f.F2E30F56086DD7AAE6F4A4FB53894767.d.FBB8C7522F74706AC01E7A5B9986857D.e.53"},{"element-6066-11e4-a52e-4f735466cecf":"f.F2E30F56086DD7AAE6F4A4FB53894767.d.FBB8C7522F74706AC01E7A5B9986857D.e.54"},{"element-6066-11e4-a52e-4f735466cecf":"f.F2E30F56086DD7AAE6F4A4FB53894767.d.FBB8C7522F74706AC01E7A5B9986857D.e.55"},{"element-6066-11e4-a52e-4f735466cecf":"f.F2E30F56086DD7AAE6F4A4FB53894767.d.FBB8C7522F74706AC01E7A5B9986857D.e.56"},{"element-6066-11e4-a52e-4f735466cecf":"f.F2E30F56086DD7AAE6F4A4FB53894767.d.FBB8C7522F74706AC01E7A5B9986857D.e.57"},{"element-6066-11e4-a52e-4f735466cecf":"f.F2E30F56086DD7AAE6F4A4FB53894767.d.FBB8C7522F74706AC01E7A5B9986857D.e.58"},{"element-6066-11e4-a52e-4f735466cecf":"f.F2E30F56086DD7AAE6F4A4FB53894767.d.FBB8C7522F74706AC01E7A5B9986857D.e.59"},{"element-6066-11e4-a52e-4f735466cecf":"f.F2E30F56086DD7AAE6F4A4FB53894767.d.FBB8C7522F74706AC01E7A5B9986857D.e.60"},{"element-6066-11e4-a52e-4f735466cecf":"f.F2E30F56086DD7AAE6F4A4FB53894767.d.FBB8C7522F74706AC01E7A5B9986857D.e.61"},{"element-6066-11e4-a52e-4f735466cecf":"f.F2E30F56086DD7AAE6F4A4FB53894767.d.FBB8C7522F74706AC01E7A5B9986857D.e.62"},{"element-6066-11e4-a52e-4f735466cecf":"f.F2E30F56086DD7AAE6F4A4FB53894767.d.FBB8C7522F74706AC01E7A5B9986857D.e.63"},{"element-6066-11e4-a52e-4f735466cecf":"f.F2E30F56086DD7AAE6F4A4FB53894767.d.FBB8C7522F74706AC01E7A5B9986857D.e.64"},{"element-6066-11e4-a52e-4f735466cecf":"f.F2E30F56086DD7AAE6F4A4FB53894767.d.FBB8C7522F74706AC01E7A5B9986857D.e.65"},{"element-6066-11e4-a52e-4f735466cecf":"f.F2E30F56086DD7AAE6F4A4FB53894767.d.FBB8C7522F74706AC01E7A5B9986857D.e.66"},{"element-6066-11e4-a52e-4f735466cecf":"f.F2E30F56086DD7AAE6F4A4FB53894767.d.FBB8C7522F74706AC01E7A5B9986857D.e.67"},{"element-6066-11e4-a52e-4f735466cecf":"f.F2E30F56086DD7AAE6F4A4FB53894767.d.FBB8C7522F74706AC01E7A5B9986857D.e.68"},{"element-6066-11e4-a52e-4f735466cecf":"f.F2E30F56086DD7AAE6F4A4FB53894767.d.FBB8C7522F74706AC01E7A5B9986857D.e.69"}]} | headers=HTTPHeaderDict({'Content-Length': '2351', 'Content-Type': 'application/json; charset=utf-8', 'cache-control': 'no-cache'})
2025-03-04 15:19:03,158 DEBUG Finished Request
2025-03-04 15:19:03,158 INFO Найдено видео: 20
2025-03-04 15:19:03,158 DEBUG POST http://localhost:57028/session/49d0f1858e436889723540e5fc1dade1/element/f.F2E30F56086DD7AAE6F4A4FB53894767.d.FBB8C7522F74706AC01E7A5B9986857D.e.50/element {'using': 'css selector', 'value': '.VideoCard__title'}
2025-03-04 15:19:03,169 DEBUG http://localhost:57028 "POST /session/49d0f1858e436889723540e5fc1dade1/element/f.F2E30F56086DD7AAE6F4A4FB53894767.d.FBB8C7522F74706AC01E7A5B9986857D.e.50/element HTTP/11" 200 0
2025-03-04 15:19:03,169 DEBUG Remote response: status=200 | data={"value":{"element-6066-11e4-a52e-4f735466cecf":"f.F2E30F56086DD7AAE6F4A4FB53894767.d.FBB8C7522F74706AC01E7A5B9986857D.e.70"}} | headers=HTTPHeaderDict({'Content-Length': '126', 'Content-Type': 'application/json; charset=utf-8', 'cache-control': 'no-cache'})
2025-03-04 15:19:03,169 DEBUG Finished Request
2025-03-04 15:19:03,169 DEBUG GET http://localhost:57028/session/49d0f1858e436889723540e5fc1dade1/element/f.F2E30F56086DD7AAE6F4A4FB53894767.d.FBB8C7522F74706AC01E7A5B9986857D.e.70/text {}
2025-03-04 15:19:03,180 DEBUG http://localhost:57028 "GET /session/49d0f1858e436889723540e5fc1dade1/element/f.F2E30F56086DD7AAE6F4A4FB53894767.d.FBB8C7522F74706AC01E7A5B9986857D.e.70/text HTTP/11" 200 0
2025-03-04 15:19:03,180 DEBUG Remote response: status=200 | data={"value":"«Маска». 6 сезон. 4 выпуск"} | headers=HTTPHeaderDict({'Content-Length': '56', 'Content-Type': 'application/json; charset=utf-8', 'cache-control': 'no-cache'})
2025-03-04 15:19:03,180 DEBUG Finished Request
2025-03-04 15:19:03,180 DEBUG POST http://localhost:57028/session/49d0f1858e436889723540e5fc1dade1/element/f.F2E30F56086DD7AAE6F4A4FB53894767.d.FBB8C7522F74706AC01E7A5B9986857D.e.50/element {'using': 'css selector', 'value': '.VideoCard__ownerLink'}
2025-03-04 15:19:03,187 DEBUG http://localhost:57028 "POST /session/49d0f1858e436889723540e5fc1dade1/element/f.F2E30F56086DD7AAE6F4A4FB53894767.d.FBB8C7522F74706AC01E7A5B9986857D.e.50/element HTTP/11" 200 0
2025-03-04 15:19:03,187 DEBUG Remote response: status=200 | data={"value":{"element-6066-11e4-a52e-4f735466cecf":"f.F2E30F56086DD7AAE6F4A4FB53894767.d.FBB8C7522F74706AC01E7A5B9986857D.e.71"}} | headers=HTTPHeaderDict({'Content-Length': '126', 'Content-Type': 'application/json; charset=utf-8', 'cache-control': 'no-cache'})
2025-03-04 15:19:03,187 DEBUG Finished Request
2025-03-04 15:19:03,187 DEBUG GET http://localhost:57028/session/49d0f1858e436889723540e5fc1dade1/element/f.F2E30F56086DD7AAE6F4A4FB53894767.d.FBB8C7522F74706AC01E7A5B9986857D.e.71/text {}
2025-03-04 15:19:03,192 DEBUG http://localhost:57028 "GET /session/49d0f1858e436889723540e5fc1dade1/element/f.F2E30F56086DD7AAE6F4A4FB53894767.d.FBB8C7522F74706AC01E7A5B9986857D.e.71/text HTTP/11" 200 0
2025-03-04 15:19:03,192 DEBUG Remote response: status=200 | data={"value":"Маска"} | headers=HTTPHeaderDict({'Content-Length': '22', 'Content-Type': 'application/json; charset=utf-8', 'cache-control': 'no-cache'})
2025-03-04 15:19:03,192 DEBUG Finished Request
2025-03-04 15:19:03,192 DEBUG POST http://localhost:57028/session/49d0f1858e436889723540e5fc1dade1/element/f.F2E30F56086DD7AAE6F4A4FB53894767.d.FBB8C7522F74706AC01E7A5B9986857D.e.50/element {'using': 'css selector', 'value': '.VideoCard__extendedInfoView'}
2025-03-04 15:19:03,198 DEBUG http://localhost:57028 "POST /session/49d0f1858e436889723540e5fc1dade1/element/f.F2E30F56086DD7AAE6F4A4FB53894767.d.FBB8C7522F74706AC01E7A5B9986857D.e.50/element HTTP/11" 200 0
2025-03-04 15:19:03,198 DEBUG Remote response: status=200 | data={"value":{"element-6066-11e4-a52e-4f735466cecf":"f.F2E30F56086DD7AAE6F4A4FB53894767.d.FBB8C7522F74706AC01E7A5B9986857D.e.72"}} | headers=HTTPHeaderDict({'Content-Length': '126', 'Content-Type': 'application/json; charset=utf-8', 'cache-control': 'no-cache'})
2025-03-04 15:19:03,198 DEBUG Finished Request
2025-03-04 15:19:03,198 DEBUG GET http://localhost:57028/session/49d0f1858e436889723540e5fc1dade1/element/f.F2E30F56086DD7AAE6F4A4FB53894767.d.FBB8C7522F74706AC01E7A5B9986857D.e.72/text {}
2025-03-04 15:19:03,202 DEBUG http://localhost:57028 "GET /session/49d0f1858e436889723540e5fc1dade1/element/f.F2E30F56086DD7AAE6F4A4FB53894767.d.FBB8C7522F74706AC01E7A5B9986857D.e.72/text HTTP/11" 200 0
2025-03-04 15:19:03,202 DEBUG Remote response: status=200 | data={"value":"6,6 млн просмотров"} | headers=HTTPHeaderDict({'Content-Length': '43', 'Content-Type': 'application/json; charset=utf-8', 'cache-control': 'no-cache'})
2025-03-04 15:19:03,202 DEBUG Finished Request
2025-03-04 15:19:03,202 DEBUG POST http://localhost:57028/session/49d0f1858e436889723540e5fc1dade1/element/f.F2E30F56086DD7AAE6F4A4FB53894767.d.FBB8C7522F74706AC01E7A5B9986857D.e.50/elements {'using': 'css selector', 'value': '.page_verified'}
2025-03-04 15:19:03,207 DEBUG http://localhost:57028 "POST /session/49d0f1858e436889723540e5fc1dade1/element/f.F2E30F56086DD7AAE6F4A4FB53894767.d.FBB8C7522F74706AC01E7A5B9986857D.e.50/elements HTTP/11" 200 0
2025-03-04 15:19:03,207 DEBUG Remote response: status=200 | data={"value":[{"element-6066-11e4-a52e-4f735466cecf":"f.F2E30F56086DD7AAE6F4A4FB53894767.d.FBB8C7522F74706AC01E7A5B9986857D.e.2"}]} | headers=HTTPHeaderDict({'Content-Length': '127', 'Content-Type': 'application/json; charset=utf-8', 'cache-control': 'no-cache'})
2025-03-04 15:19:03,207 DEBUG Finished Request
2025-03-04 15:19:03,207 DEBUG POST http://localhost:57028/session/49d0f1858e436889723540e5fc1dade1/element/f.F2E30F56086DD7AAE6F4A4FB53894767.d.FBB8C7522F74706AC01E7A5B9986857D.e.51/element {'using': 'css selector', 'value': '.VideoCard__title'}
2025-03-04 15:19:03,210 DEBUG http://localhost:57028 "POST /session/49d0f1858e436889723540e5fc1dade1/element/f.F2E30F56086DD7AAE6F4A4FB53894767.d.FBB8C7522F74706AC01E7A5B9986857D.e.51/element HTTP/11" 200 0
2025-03-04 15:19:03,210 DEBUG Remote response: status=200 | data={"value":{"element-6066-11e4-a52e-4f735466cecf":"f.F2E30F56086DD7AAE6F4A4FB53894767.d.FBB8C7522F74706AC01E7A5B9986857D.e.73"}} | headers=HTTPHeaderDict({'Content-Length': '126', 'Content-Type': 'application/json; charset=utf-8', 'cache-control': 'no-cache'})
2025-03-04 15:19:03,210 DEBUG Finished Request
2025-03-04 15:19:03,210 DEBUG GET http://localhost:57028/session/49d0f1858e436889723540e5fc1dade1/element/f.F2E30F56086DD7AAE6F4A4FB53894767.d.FBB8C7522F74706AC01E7A5B9986857D.e.73/text {}
2025-03-04 15:19:03,214 DEBUG http://localhost:57028 "GET /session/49d0f1858e436889723540e5fc1dade1/element/f.F2E30F56086DD7AAE6F4A4FB53894767.d.FBB8C7522F74706AC01E7A5B9986857D.e.73/text HTTP/11" 200 0
2025-03-04 15:19:03,214 DEBUG Remote response: status=200 | data={"value":"Унижение в Белом Доме — Конец Зеленского №136"} | headers=HTTPHeaderDict({'Content-Length': '94', 'Content-Type': 'application/json; charset=utf-8', 'cache-control': 'no-cache'})
2025-03-04 15:19:03,214 DEBUG Finished Request
2025-03-04 15:19:03,214 DEBUG POST http://localhost:57028/session/49d0f1858e436889723540e5fc1dade1/element/f.F2E30F56086DD7AAE6F4A4FB53894767.d.FBB8C7522F74706AC01E7A5B9986857D.e.51/element {'using': 'css selector', 'value': '.VideoCard__ownerLink'}
2025-03-04 15:19:03,217 DEBUG http://localhost:57028 "POST /session/49d0f1858e436889723540e5fc1dade1/element/f.F2E30F56086DD7AAE6F4A4FB53894767.d.FBB8C7522F74706AC01E7A5B9986857D.e.51/element HTTP/11" 200 0
2025-03-04 15:19:03,217 DEBUG Remote response: status=200 | data={"value":{"element-6066-11e4-a52e-4f735466cecf":"f.F2E30F56086DD7AAE6F4A4FB53894767.d.FBB8C7522F74706AC01E7A5B9986857D.e.74"}} | headers=HTTPHeaderDict({'Content-Length': '126', 'Content-Type': 'application/json; charset=utf-8', 'cache-control': 'no-cache'})
2025-03-04 15:19:03,217 DEBUG Finished Request
2025-03-04 15:19:03,217 DEBUG GET http://localhost:57028/session/49d0f1858e436889723540e5fc1dade1/element/f.F2E30F56086DD7AAE6F4A4FB53894767.d.FBB8C7522F74706AC01E7A5B9986857D.e.74/text {}
2025-03-04 15:19:03,221 DEBUG http://localhost:57028 "GET /session/49d0f1858e436889723540e5fc1dade1/element/f.F2E30F56086DD7AAE6F4A4FB53894767.d.FBB8C7522F74706AC01E7A5B9986857D.e.74/text HTTP/11" 200 0
2025-03-04 15:19:03,221 DEBUG Remote response: status=200 | data={"value":"Стас Ай, Как Просто!"} | headers=HTTPHeaderDict({'Content-Length': '47', 'Content-Type': 'application/json; charset=utf-8', 'cache-control': 'no-cache'})
2025-03-04 15:19:03,221 DEBUG Finished Request
2025-03-04 15:19:03,221 DEBUG POST http://localhost:57028/session/49d0f1858e436889723540e5fc1dade1/element/f.F2E30F56086DD7AAE6F4A4FB53894767.d.FBB8C7522F74706AC01E7A5B9986857D.e.51/element {'using': 'css selector', 'value': '.VideoCard__extendedInfoView'}
2025-03-04 15:19:03,224 DEBUG http://localhost:57028 "POST /session/49d0f1858e436889723540e5fc1dade1/element/f.F2E30F56086DD7AAE6F4A4FB53894767.d.FBB8C7522F74706AC01E7A5B9986857D.e.51/element HTTP/11" 200 0
2025-03-04 15:19:03,224 DEBUG Remote response: status=200 | data={"value":{"element-6066-11e4-a52e-4f735466cecf":"f.F2E30F56086DD7AAE6F4A4FB53894767.d.FBB8C7522F74706AC01E7A5B9986857D.e.75"}} | headers=HTTPHeaderDict({'Content-Length': '126', 'Content-Type': 'application/json; charset=utf-8', 'cache-control': 'no-cache'})
2025-03-04 15:19:03,224 DEBUG Finished Request
2025-03-04 15:19:03,224 DEBUG GET http://localhost:57028/session/49d0f1858e436889723540e5fc1dade1/element/f.F2E30F56086DD7AAE6F4A4FB53894767.d.FBB8C7522F74706AC01E7A5B9986857D.e.75/text {}
2025-03-04 15:19:03,227 DEBUG http://localhost:57028 "GET /session/49d0f1858e436889723540e5fc1dade1/element/f.F2E30F56086DD7AAE6F4A4FB53894767.d.FBB8C7522F74706AC01E7A5B9986857D.e.75/text HTTP/11" 200 0
2025-03-04 15:19:03,227 DEBUG Remote response: status=200 | data={"value":"1,1 млн просмотров"} | headers=HTTPHeaderDict({'Content-Length': '43', 'Content-Type': 'application/json; charset=utf-8', 'cache-control': 'no-cache'})
2025-03-04 15:19:03,227 DEBUG Finished Request
2025-03-04 15:19:03,227 DEBUG POST http://localhost:57028/session/49d0f1858e436889723540e5fc1dade1/element/f.F2E30F56086DD7AAE6F4A4FB53894767.d.FBB8C7522F74706AC01E7A5B9986857D.e.51/elements {'using': 'css selector', 'value': '.page_verified'}
2025-03-04 15:19:03,230 DEBUG http://localhost:57028 "POST /session/49d0f1858e436889723540e5fc1dade1/element/f.F2E30F56086DD7AAE6F4A4FB53894767.d.FBB8C7522F74706AC01E7A5B9986857D.e.51/elements HTTP/11" 200 0
2025-03-04 15:19:03,230 DEBUG Remote response: status=200 | data={"value":[{"element-6066-11e4-a52e-4f735466cecf":"f.F2E30F56086DD7AAE6F4A4FB53894767.d.FBB8C7522F74706AC01E7A5B9986857D.e.4"}]} | headers=HTTPHeaderDict({'Content-Length': '127', 'Content-Type': 'application/json; charset=utf-8', 'cache-control': 'no-cache'})
2025-03-04 15:19:03,230 DEBUG Finished Request
2025-03-04 15:19:03,230 DEBUG POST http://localhost:57028/session/49d0f1858e436889723540e5fc1dade1/element/f.F2E30F56086DD7AAE6F4A4FB53894767.d.FBB8C7522F74706AC01E7A5B9986857D.e.52/element {'using': 'css selector', 'value': '.VideoCard__title'}
2025-03-04 15:19:03,233 DEBUG http://localhost:57028 "POST /session/49d0f1858e436889723540e5fc1dade1/element/f.F2E30F56086DD7AAE6F4A4FB53894767.d.FBB8C7522F74706AC01E7A5B9986857D.e.52/element HTTP/11" 200 0
2025-03-04 15:19:03,233 DEBUG Remote response: status=200 | data={"value":{"element-6066-11e4-a52e-4f735466cecf":"f.F2E30F56086DD7AAE6F4A4FB53894767.d.FBB8C7522F74706AC01E7A5B9986857D.e.76"}} | headers=HTTPHeaderDict({'Content-Length': '126', 'Content-Type': 'application/json; charset=utf-8', 'cache-control': 'no-cache'})
2025-03-04 15:19:03,233 DEBUG Finished Request
2025-03-04 15:19:03,233 DEBUG GET http://localhost:57028/session/49d0f1858e436889723540e5fc1dade1/element/f.F2E30F56086DD7AAE6F4A4FB53894767.d.FBB8C7522F74706AC01E7A5B9986857D.e.76/text {}
2025-03-04 15:19:03,237 DEBUG http://localhost:57028 "GET /session/49d0f1858e436889723540e5fc1dade1/element/f.F2E30F56086DD7AAE6F4A4FB53894767.d.FBB8C7522F74706AC01E7A5B9986857D.e.76/text HTTP/11" 200 0
2025-03-04 15:19:03,237 DEBUG Remote response: status=200 | data={"value":"НАРИСУЙ ЛОГОТИП ПО ПАМЯТИ ЧЕЛЛЕНДЖ или ЗАДОНАТЬ! Ft. Deepins"} | headers=HTTPHeaderDict({'Content-Length': '113', 'Content-Type': 'application/json; charset=utf-8', 'cache-control': 'no-cache'})
2025-03-04 15:19:03,237 DEBUG Finished Request
2025-03-04 15:19:03,237 DEBUG POST http://localhost:57028/session/49d0f1858e436889723540e5fc1dade1/element/f.F2E30F56086DD7AAE6F4A4FB53894767.d.FBB8C7522F74706AC01E7A5B9986857D.e.52/element {'using': 'css selector', 'value': '.VideoCard__ownerLink'}
2025-03-04 15:19:03,240 DEBUG http://localhost:57028 "POST /session/49d0f1858e436889723540e5fc1dade1/element/f.F2E30F56086DD7AAE6F4A4FB53894767.d.FBB8C7522F74706AC01E7A5B9986857D.e.52/element HTTP/11" 200 0
2025-03-04 15:19:03,240 DEBUG Remote response: status=200 | data={"value":{"element-6066-11e4-a52e-4f735466cecf":"f.F2E30F56086DD7AAE6F4A4FB53894767.d.FBB8C7522F74706AC01E7A5B9986857D.e.77"}} | headers=HTTPHeaderDict({'Content-Length': '126', 'Content-Type': 'application/json; charset=utf-8', 'cache-control': 'no-cache'})
2025-03-04 15:19:03,240 DEBUG Finished Request
2025-03-04 15:19:03,240 DEBUG GET http://localhost:57028/session/49d0f1858e436889723540e5fc1dade1/element/f.F2E30F56086DD7AAE6F4A4FB53894767.d.FBB8C7522F74706AC01E7A5B9986857D.e.77/text {}
2025-03-04 15:19:03,243 DEBUG http://localhost:57028 "GET /session/49d0f1858e436889723540e5fc1dade1/element/f.F2E30F56086DD7AAE6F4A4FB53894767.d.FBB8C7522F74706AC01E7A5B9986857D.e.77/text HTTP/11" 200 0
2025-03-04 15:19:03,243 DEBUG Remote response: status=200 | data={"value":"ГЛЕНТ"} | headers=HTTPHeaderDict({'Content-Length': '22', 'Content-Type': 'application/json; charset=utf-8', 'cache-control': 'no-cache'})
2025-03-04 15:19:03,243 DEBUG Finished Request
2025-03-04 15:19:03,243 DEBUG POST http://localhost:57028/session/49d0f1858e436889723540e5fc1dade1/element/f.F2E30F56086DD7AAE6F4A4FB53894767.d.FBB8C7522F74706AC01E7A5B9986857D.e.52/element {'using': 'css selector', 'value': '.VideoCard__extendedInfoView'}
2025-03-04 15:19:03,245 DEBUG http://localhost:57028 "POST /session/49d0f1858e436889723540e5fc1dade1/element/f.F2E30F56086DD7AAE6F4A4FB53894767.d.FBB8C7522F74706AC01E7A5B9986857D.e.52/element HTTP/11" 200 0
2025-03-04 15:19:03,245 DEBUG Remote response: status=200 | data={"value":{"element-6066-11e4-a52e-4f735466cecf":"f.F2E30F56086DD7AAE6F4A4FB53894767.d.FBB8C7522F74706AC01E7A5B9986857D.e.78"}} | headers=HTTPHeaderDict({'Content-Length': '126', 'Content-Type': 'application/json; charset=utf-8', 'cache-control': 'no-cache'})
2025-03-04 15:19:03,245 DEBUG Finished Request
2025-03-04 15:19:03,245 DEBUG GET http://localhost:57028/session/49d0f1858e436889723540e5fc1dade1/element/f.F2E30F56086DD7AAE6F4A4FB53894767.d.FBB8C7522F74706AC01E7A5B9986857D.e.78/text {}
2025-03-04 15:19:03,248 DEBUG http://localhost:57028 "GET /session/49d0f1858e436889723540e5fc1dade1/element/f.F2E30F56086DD7AAE6F4A4FB53894767.d.FBB8C7522F74706AC01E7A5B9986857D.e.78/text HTTP/11" 200 0
2025-03-04 15:19:03,248 DEBUG Remote response: status=200 | data={"value":"750 тыс просмотров"} | headers=HTTPHeaderDict({'Content-Length': '43', 'Content-Type': 'application/json; charset=utf-8', 'cache-control': 'no-cache'})
2025-03-04 15:19:03,248 DEBUG Finished Request
2025-03-04 15:19:03,248 DEBUG POST http://localhost:57028/session/49d0f1858e436889723540e5fc1dade1/element/f.F2E30F56086DD7AAE6F4A4FB53894767.d.FBB8C7522F74706AC01E7A5B9986857D.e.52/elements {'using': 'css selector', 'value': '.page_verified'}
2025-03-04 15:19:03,251 DEBUG http://localhost:57028 "POST /session/49d0f1858e436889723540e5fc1dade1/element/f.F2E30F56086DD7AAE6F4A4FB53894767.d.FBB8C7522F74706AC01E7A5B9986857D.e.52/elements HTTP/11" 200 0
2025-03-04 15:19:03,251 DEBUG Remote response: status=200 | data={"value":[{"element-6066-11e4-a52e-4f735466cecf":"f.F2E30F56086DD7AAE6F4A4FB53894767.d.FBB8C7522F74706AC01E7A5B9986857D.e.5"}]} | headers=HTTPHeaderDict({'Content-Length': '127', 'Content-Type': 'application/json; charset=utf-8', 'cache-control': 'no-cache'})
2025-03-04 15:19:03,251 DEBUG Finished Request
2025-03-04 15:19:03,251 DEBUG POST http://localhost:57028/session/49d0f1858e436889723540e5fc1dade1/element/f.F2E30F56086DD7AAE6F4A4FB53894767.d.FBB8C7522F74706AC01E7A5B9986857D.e.53/element {'using': 'css selector', 'value': '.VideoCard__title'}
2025-03-04 15:19:03,254 DEBUG http://localhost:57028 "POST /session/49d0f1858e436889723540e5fc1dade1/element/f.F2E30F56086DD7AAE6F4A4FB53894767.d.FBB8C7522F74706AC01E7A5B9986857D.e.53/element HTTP/11" 200 0
2025-03-04 15:19:03,254 DEBUG Remote response: status=200 | data={"value":{"element-6066-11e4-a52e-4f735466cecf":"f.F2E30F56086DD7AAE6F4A4FB53894767.d.FBB8C7522F74706AC01E7A5B9986857D.e.49"}} | headers=HTTPHeaderDict({'Content-Length': '126', 'Content-Type': 'application/json; charset=utf-8', 'cache-control': 'no-cache'})
2025-03-04 15:19:03,254 DEBUG Finished Request
2025-03-04 15:19:03,254 DEBUG GET http://localhost:57028/session/49d0f1858e436889723540e5fc1dade1/element/f.F2E30F56086DD7AAE6F4A4FB53894767.d.FBB8C7522F74706AC01E7A5B9986857D.e.49/text {}
2025-03-04 15:19:03,257 DEBUG http://localhost:57028 "GET /session/49d0f1858e436889723540e5fc1dade1/element/f.F2E30F56086DD7AAE6F4A4FB53894767.d.FBB8C7522F74706AC01E7A5B9986857D.e.49/text HTTP/11" 200 0
2025-03-04 15:19:03,257 DEBUG Remote response: status=200 | data={"value":"Lada Iskra будет хуже Гранты | Ауди закрывет завод | Mansory выпустили свой Cybertrack"} | headers=HTTPHeaderDict({'Content-Length': '143', 'Content-Type': 'application/json; charset=utf-8', 'cache-control': 'no-cache'})
2025-03-04 15:19:03,257 DEBUG Finished Request
2025-03-04 15:19:03,257 DEBUG POST http://localhost:57028/session/49d0f1858e436889723540e5fc1dade1/element/f.F2E30F56086DD7AAE6F4A4FB53894767.d.FBB8C7522F74706AC01E7A5B9986857D.e.53/element {'using': 'css selector', 'value': '.VideoCard__ownerLink'}
2025-03-04 15:19:03,260 DEBUG http://localhost:57028 "POST /session/49d0f1858e436889723540e5fc1dade1/element/f.F2E30F56086DD7AAE6F4A4FB53894767.d.FBB8C7522F74706AC01E7A5B9986857D.e.53/element HTTP/11" 200 0
2025-03-04 15:19:03,260 DEBUG Remote response: status=200 | data={"value":{"element-6066-11e4-a52e-4f735466cecf":"f.F2E30F56086DD7AAE6F4A4FB53894767.d.FBB8C7522F74706AC01E7A5B9986857D.e.22"}} | headers=HTTPHeaderDict({'Content-Length': '126', 'Content-Type': 'application/json; charset=utf-8', 'cache-control': 'no-cache'})
2025-03-04 15:19:03,260 DEBUG Finished Request
2025-03-04 15:19:03,260 DEBUG GET http://localhost:57028/session/49d0f1858e436889723540e5fc1dade1/element/f.F2E30F56086DD7AAE6F4A4FB53894767.d.FBB8C7522F74706AC01E7A5B9986857D.e.22/text {}
2025-03-04 15:19:03,262 DEBUG http://localhost:57028 "GET /session/49d0f1858e436889723540e5fc1dade1/element/f.F2E30F56086DD7AAE6F4A4FB53894767.d.FBB8C7522F74706AC01E7A5B9986857D.e.22/text HTTP/11" 200 0
2025-03-04 15:19:03,263 DEBUG Remote response: status=200 | data={"value":"Асафьев Стас"} | headers=HTTPHeaderDict({'Content-Length': '35', 'Content-Type': 'application/json; charset=utf-8', 'cache-control': 'no-cache'})
2025-03-04 15:19:03,263 DEBUG Finished Request
2025-03-04 15:19:03,263 DEBUG POST http://localhost:57028/session/49d0f1858e436889723540e5fc1dade1/element/f.F2E30F56086DD7AAE6F4A4FB53894767.d.FBB8C7522F74706AC01E7A5B9986857D.e.53/element {'using': 'css selector', 'value': '.VideoCard__extendedInfoView'}
2025-03-04 15:19:03,265 DEBUG http://localhost:57028 "POST /session/49d0f1858e436889723540e5fc1dade1/element/f.F2E30F56086DD7AAE6F4A4FB53894767.d.FBB8C7522F74706AC01E7A5B9986857D.e.53/element HTTP/11" 200 0
2025-03-04 15:19:03,265 DEBUG Remote response: status=200 | data={"value":{"element-6066-11e4-a52e-4f735466cecf":"f.F2E30F56086DD7AAE6F4A4FB53894767.d.FBB8C7522F74706AC01E7A5B9986857D.e.79"}} | headers=HTTPHeaderDict({'Content-Length': '126', 'Content-Type': 'application/json; charset=utf-8', 'cache-control': 'no-cache'})
2025-03-04 15:19:03,265 DEBUG Finished Request
2025-03-04 15:19:03,265 DEBUG GET http://localhost:57028/session/49d0f1858e436889723540e5fc1dade1/element/f.F2E30F56086DD7AAE6F4A4FB53894767.d.FBB8C7522F74706AC01E7A5B9986857D.e.79/text {}
2025-03-04 15:19:03,268 DEBUG http://localhost:57028 "GET /session/49d0f1858e436889723540e5fc1dade1/element/f.F2E30F56086DD7AAE6F4A4FB53894767.d.FBB8C7522F74706AC01E7A5B9986857D.e.79/text HTTP/11" 200 0
2025-03-04 15:19:03,268 DEBUG Remote response: status=200 | data={"value":"434 тыс просмотров"} | headers=HTTPHeaderDict({'Content-Length': '43', 'Content-Type': 'application/json; charset=utf-8', 'cache-control': 'no-cache'})
2025-03-04 15:19:03,268 DEBUG Finished Request
2025-03-04 15:19:03,268 DEBUG POST http://localhost:57028/session/49d0f1858e436889723540e5fc1dade1/element/f.F2E30F56086DD7AAE6F4A4FB53894767.d.FBB8C7522F74706AC01E7A5B9986857D.e.53/elements {'using': 'css selector', 'value': '.page_verified'}
2025-03-04 15:19:03,271 DEBUG http://localhost:57028 "POST /session/49d0f1858e436889723540e5fc1dade1/element/f.F2E30F56086DD7AAE6F4A4FB53894767.d.FBB8C7522F74706AC01E7A5B9986857D.e.53/elements HTTP/11" 200 0
2025-03-04 15:19:03,271 DEBUG Remote response: status=200 | data={"value":[{"element-6066-11e4-a52e-4f735466cecf":"f.F2E30F56086DD7AAE6F4A4FB53894767.d.FBB8C7522F74706AC01E7A5B9986857D.e.6"}]} | headers=HTTPHeaderDict({'Content-Length': '127', 'Content-Type': 'application/json; charset=utf-8', 'cache-control': 'no-cache'})
2025-03-04 15:19:03,271 DEBUG Finished Request
2025-03-04 15:19:03,271 DEBUG POST http://localhost:57028/session/49d0f1858e436889723540e5fc1dade1/element/f.F2E30F56086DD7AAE6F4A4FB53894767.d.FBB8C7522F74706AC01E7A5B9986857D.e.54/element {'using': 'css selector', 'value': '.VideoCard__title'}
2025-03-04 15:19:03,274 DEBUG http://localhost:57028 "POST /session/49d0f1858e436889723540e5fc1dade1/element/f.F2E30F56086DD7AAE6F4A4FB53894767.d.FBB8C7522F74706AC01E7A5B9986857D.e.54/element HTTP/11" 200 0
2025-03-04 15:19:03,274 DEBUG Remote response: status=200 | data={"value":{"element-6066-11e4-a52e-4f735466cecf":"f.F2E30F56086DD7AAE6F4A4FB53894767.d.FBB8C7522F74706AC01E7A5B9986857D.e.80"}} | headers=HTTPHeaderDict({'Content-Length': '126', 'Content-Type': 'application/json; charset=utf-8', 'cache-control': 'no-cache'})
2025-03-04 15:19:03,274 DEBUG Finished Request
2025-03-04 15:19:03,274 DEBUG GET http://localhost:57028/session/49d0f1858e436889723540e5fc1dade1/element/f.F2E30F56086DD7AAE6F4A4FB53894767.d.FBB8C7522F74706AC01E7A5B9986857D.e.80/text {}
2025-03-04 15:19:03,276 DEBUG http://localhost:57028 "GET /session/49d0f1858e436889723540e5fc1dade1/element/f.F2E30F56086DD7AAE6F4A4FB53894767.d.FBB8C7522F74706AC01E7A5B9986857D.e.80/text HTTP/11" 200 0
2025-03-04 15:19:03,276 DEBUG Remote response: status=200 | data={"value":"ФРЕНСЛЕНДЕРБОУ ► Slender Threads #1"} | headers=HTTPHeaderDict({'Content-Length': '63', 'Content-Type': 'application/json; charset=utf-8', 'cache-control': 'no-cache'})
2025-03-04 15:19:03,276 DEBUG Finished Request
2025-03-04 15:19:03,276 DEBUG POST http://localhost:57028/session/49d0f1858e436889723540e5fc1dade1/element/f.F2E30F56086DD7AAE6F4A4FB53894767.d.FBB8C7522F74706AC01E7A5B9986857D.e.54/element {'using': 'css selector', 'value': '.VideoCard__ownerLink'}
2025-03-04 15:19:03,279 DEBUG http://localhost:57028 "POST /session/49d0f1858e436889723540e5fc1dade1/element/f.F2E30F56086DD7AAE6F4A4FB53894767.d.FBB8C7522F74706AC01E7A5B9986857D.e.54/element HTTP/11" 200 0
2025-03-04 15:19:03,279 DEBUG Remote response: status=200 | data={"value":{"element-6066-11e4-a52e-4f735466cecf":"f.F2E30F56086DD7AAE6F4A4FB53894767.d.FBB8C7522F74706AC01E7A5B9986857D.e.81"}} | headers=HTTPHeaderDict({'Content-Length': '126', 'Content-Type': 'application/json; charset=utf-8', 'cache-control': 'no-cache'})
2025-03-04 15:19:03,279 DEBUG Finished Request
2025-03-04 15:19:03,279 DEBUG GET http://localhost:57028/session/49d0f1858e436889723540e5fc1dade1/element/f.F2E30F56086DD7AAE6F4A4FB53894767.d.FBB8C7522F74706AC01E7A5B9986857D.e.81/text {}
2025-03-04 15:19:03,282 DEBUG http://localhost:57028 "GET /session/49d0f1858e436889723540e5fc1dade1/element/f.F2E30F56086DD7AAE6F4A4FB53894767.d.FBB8C7522F74706AC01E7A5B9986857D.e.81/text HTTP/11" 200 0
2025-03-04 15:19:03,282 DEBUG Remote response: status=200 | data={"value":"Kuplinov ► Play"} | headers=HTTPHeaderDict({'Content-Length': '29', 'Content-Type': 'application/json; charset=utf-8', 'cache-control': 'no-cache'})
2025-03-04 15:19:03,282 DEBUG Finished Request
2025-03-04 15:19:03,282 DEBUG POST http://localhost:57028/session/49d0f1858e436889723540e5fc1dade1/element/f.F2E30F56086DD7AAE6F4A4FB53894767.d.FBB8C7522F74706AC01E7A5B9986857D.e.54/element {'using': 'css selector', 'value': '.VideoCard__extendedInfoView'}
2025-03-04 15:19:03,285 DEBUG http://localhost:57028 "POST /session/49d0f1858e436889723540e5fc1dade1/element/f.F2E30F56086DD7AAE6F4A4FB53894767.d.FBB8C7522F74706AC01E7A5B9986857D.e.54/element HTTP/11" 200 0
2025-03-04 15:19:03,285 DEBUG Remote response: status=200 | data={"value":{"element-6066-11e4-a52e-4f735466cecf":"f.F2E30F56086DD7AAE6F4A4FB53894767.d.FBB8C7522F74706AC01E7A5B9986857D.e.82"}} | headers=HTTPHeaderDict({'Content-Length': '126', 'Content-Type': 'application/json; charset=utf-8', 'cache-control': 'no-cache'})
2025-03-04 15:19:03,285 DEBUG Finished Request
2025-03-04 15:19:03,285 DEBUG GET http://localhost:57028/session/49d0f1858e436889723540e5fc1dade1/element/f.F2E30F56086DD7AAE6F4A4FB53894767.d.FBB8C7522F74706AC01E7A5B9986857D.e.82/text {}
2025-03-04 15:19:03,287 DEBUG http://localhost:57028 "GET /session/49d0f1858e436889723540e5fc1dade1/element/f.F2E30F56086DD7AAE6F4A4FB53894767.d.FBB8C7522F74706AC01E7A5B9986857D.e.82/text HTTP/11" 200 0
2025-03-04 15:19:03,287 DEBUG Remote response: status=200 | data={"value":"376 тыс просмотров"} | headers=HTTPHeaderDict({'Content-Length': '43', 'Content-Type': 'application/json; charset=utf-8', 'cache-control': 'no-cache'})
2025-03-04 15:19:03,287 DEBUG Finished Request
2025-03-04 15:19:03,288 DEBUG POST http://localhost:57028/session/49d0f1858e436889723540e5fc1dade1/element/f.F2E30F56086DD7AAE6F4A4FB53894767.d.FBB8C7522F74706AC01E7A5B9986857D.e.54/elements {'using': 'css selector', 'value': '.page_verified'}
2025-03-04 15:19:03,290 DEBUG http://localhost:57028 "POST /session/49d0f1858e436889723540e5fc1dade1/element/f.F2E30F56086DD7AAE6F4A4FB53894767.d.FBB8C7522F74706AC01E7A5B9986857D.e.54/elements HTTP/11" 200 0
2025-03-04 15:19:03,290 DEBUG Remote response: status=200 | data={"value":[{"element-6066-11e4-a52e-4f735466cecf":"f.F2E30F56086DD7AAE6F4A4FB53894767.d.FBB8C7522F74706AC01E7A5B9986857D.e.83"}]} | headers=HTTPHeaderDict({'Content-Length': '128', 'Content-Type': 'application/json; charset=utf-8', 'cache-control': 'no-cache'})
2025-03-04 15:19:03,290 DEBUG Finished Request
2025-03-04 15:19:03,290 DEBUG POST http://localhost:57028/session/49d0f1858e436889723540e5fc1dade1/element/f.F2E30F56086DD7AAE6F4A4FB53894767.d.FBB8C7522F74706AC01E7A5B9986857D.e.55/element {'using': 'css selector', 'value': '.VideoCard__title'}
2025-03-04 15:19:03,293 DEBUG http://localhost:57028 "POST /session/49d0f1858e436889723540e5fc1dade1/element/f.F2E30F56086DD7AAE6F4A4FB53894767.d.FBB8C7522F74706AC01E7A5B9986857D.e.55/element HTTP/11" 200 0
2025-03-04 15:19:03,293 DEBUG Remote response: status=200 | data={"value":{"element-6066-11e4-a52e-4f735466cecf":"f.F2E30F56086DD7AAE6F4A4FB53894767.d.FBB8C7522F74706AC01E7A5B9986857D.e.84"}} | headers=HTTPHeaderDict({'Content-Length': '126', 'Content-Type': 'application/json; charset=utf-8', 'cache-control': 'no-cache'})
2025-03-04 15:19:03,293 DEBUG Finished Request
2025-03-04 15:19:03,293 DEBUG GET http://localhost:57028/session/49d0f1858e436889723540e5fc1dade1/element/f.F2E30F56086DD7AAE6F4A4FB53894767.d.FBB8C7522F74706AC01E7A5B9986857D.e.84/text {}
2025-03-04 15:19:03,296 DEBUG http://localhost:57028 "GET /session/49d0f1858e436889723540e5fc1dade1/element/f.F2E30F56086DD7AAE6F4A4FB53894767.d.FBB8C7522F74706AC01E7A5B9986857D.e.84/text HTTP/11" 200 0
2025-03-04 15:19:03,296 DEBUG Remote response: status=200 | data={"value":"Эпоха Владислава Листьева: Телевидение 90-х, криминал и жестокое убийство / Уроки истории / МИНАЕВ"} | headers=HTTPHeaderDict({'Content-Length': '188', 'Content-Type': 'application/json; charset=utf-8', 'cache-control': 'no-cache'})
2025-03-04 15:19:03,296 DEBUG Finished Request
2025-03-04 15:19:03,296 DEBUG POST http://localhost:57028/session/49d0f1858e436889723540e5fc1dade1/element/f.F2E30F56086DD7AAE6F4A4FB53894767.d.FBB8C7522F74706AC01E7A5B9986857D.e.55/element {'using': 'css selector', 'value': '.VideoCard__ownerLink'}
2025-03-04 15:19:03,298 DEBUG http://localhost:57028 "POST /session/49d0f1858e436889723540e5fc1dade1/element/f.F2E30F56086DD7AAE6F4A4FB53894767.d.FBB8C7522F74706AC01E7A5B9986857D.e.55/element HTTP/11" 200 0
2025-03-04 15:19:03,298 DEBUG Remote response: status=200 | data={"value":{"element-6066-11e4-a52e-4f735466cecf":"f.F2E30F56086DD7AAE6F4A4FB53894767.d.FBB8C7522F74706AC01E7A5B9986857D.e.85"}} | headers=HTTPHeaderDict({'Content-Length': '126', 'Content-Type': 'application/json; charset=utf-8', 'cache-control': 'no-cache'})
2025-03-04 15:19:03,298 DEBUG Finished Request
2025-03-04 15:19:03,298 DEBUG GET http://localhost:57028/session/49d0f1858e436889723540e5fc1dade1/element/f.F2E30F56086DD7AAE6F4A4FB53894767.d.FBB8C7522F74706AC01E7A5B9986857D.e.85/text {}
2025-03-04 15:19:03,301 DEBUG http://localhost:57028 "GET /session/49d0f1858e436889723540e5fc1dade1/element/f.F2E30F56086DD7AAE6F4A4FB53894767.d.FBB8C7522F74706AC01E7A5B9986857D.e.85/text HTTP/11" 200 0
2025-03-04 15:19:03,301 DEBUG Remote response: status=200 | data={"value":"Минаев Live"} | headers=HTTPHeaderDict({'Content-Length': '29', 'Content-Type': 'application/json; charset=utf-8', 'cache-control': 'no-cache'})
2025-03-04 15:19:03,301 DEBUG Finished Request
2025-03-04 15:19:03,301 DEBUG POST http://localhost:57028/session/49d0f1858e436889723540e5fc1dade1/element/f.F2E30F56086DD7AAE6F4A4FB53894767.d.FBB8C7522F74706AC01E7A5B9986857D.e.55/element {'using': 'css selector', 'value': '.VideoCard__extendedInfoView'}
2025-03-04 15:19:03,304 DEBUG http://localhost:57028 "POST /session/49d0f1858e436889723540e5fc1dade1/element/f.F2E30F56086DD7AAE6F4A4FB53894767.d.FBB8C7522F74706AC01E7A5B9986857D.e.55/element HTTP/11" 200 0
2025-03-04 15:19:03,304 DEBUG Remote response: status=200 | data={"value":{"element-6066-11e4-a52e-4f735466cecf":"f.F2E30F56086DD7AAE6F4A4FB53894767.d.FBB8C7522F74706AC01E7A5B9986857D.e.86"}} | headers=HTTPHeaderDict({'Content-Length': '126', 'Content-Type': 'application/json; charset=utf-8', 'cache-control': 'no-cache'})
2025-03-04 15:19:03,304 DEBUG Finished Request
2025-03-04 15:19:03,304 DEBUG GET http://localhost:57028/session/49d0f1858e436889723540e5fc1dade1/element/f.F2E30F56086DD7AAE6F4A4FB53894767.d.FBB8C7522F74706AC01E7A5B9986857D.e.86/text {}
2025-03-04 15:19:03,307 DEBUG http://localhost:57028 "GET /session/49d0f1858e436889723540e5fc1dade1/element/f.F2E30F56086DD7AAE6F4A4FB53894767.d.FBB8C7522F74706AC01E7A5B9986857D.e.86/text HTTP/11" 200 0
2025-03-04 15:19:03,307 DEBUG Remote response: status=200 | data={"value":"412 тыс просмотров"} | headers=HTTPHeaderDict({'Content-Length': '43', 'Content-Type': 'application/json; charset=utf-8', 'cache-control': 'no-cache'})
2025-03-04 15:19:03,307 DEBUG Finished Request
2025-03-04 15:19:03,307 DEBUG POST http://localhost:57028/session/49d0f1858e436889723540e5fc1dade1/element/f.F2E30F56086DD7AAE6F4A4FB53894767.d.FBB8C7522F74706AC01E7A5B9986857D.e.55/elements {'using': 'css selector', 'value': '.page_verified'}
2025-03-04 15:19:03,309 DEBUG http://localhost:57028 "POST /session/49d0f1858e436889723540e5fc1dade1/element/f.F2E30F56086DD7AAE6F4A4FB53894767.d.FBB8C7522F74706AC01E7A5B9986857D.e.55/elements HTTP/11" 200 0
2025-03-04 15:19:03,309 DEBUG Remote response: status=200 | data={"value":[]} | headers=HTTPHeaderDict({'Content-Length': '12', 'Content-Type': 'application/json; charset=utf-8', 'cache-control': 'no-cache'})
2025-03-04 15:19:03,309 DEBUG Finished Request
2025-03-04 15:19:03,309 DEBUG POST http://localhost:57028/session/49d0f1858e436889723540e5fc1dade1/element/f.F2E30F56086DD7AAE6F4A4FB53894767.d.FBB8C7522F74706AC01E7A5B9986857D.e.56/element {'using': 'css selector', 'value': '.VideoCard__title'}
2025-03-04 15:19:03,312 DEBUG http://localhost:57028 "POST /session/49d0f1858e436889723540e5fc1dade1/element/f.F2E30F56086DD7AAE6F4A4FB53894767.d.FBB8C7522F74706AC01E7A5B9986857D.e.56/element HTTP/11" 200 0
2025-03-04 15:19:03,312 DEBUG Remote response: status=200 | data={"value":{"element-6066-11e4-a52e-4f735466cecf":"f.F2E30F56086DD7AAE6F4A4FB53894767.d.FBB8C7522F74706AC01E7A5B9986857D.e.87"}} | headers=HTTPHeaderDict({'Content-Length': '126', 'Content-Type': 'application/json; charset=utf-8', 'cache-control': 'no-cache'})
2025-03-04 15:19:03,312 DEBUG Finished Request
2025-03-04 15:19:03,312 DEBUG GET http://localhost:57028/session/49d0f1858e436889723540e5fc1dade1/element/f.F2E30F56086DD7AAE6F4A4FB53894767.d.FBB8C7522F74706AC01E7A5B9986857D.e.87/text {}
2025-03-04 15:19:03,315 DEBUG http://localhost:57028 "GET /session/49d0f1858e436889723540e5fc1dade1/element/f.F2E30F56086DD7AAE6F4A4FB53894767.d.FBB8C7522F74706AC01E7A5B9986857D.e.87/text HTTP/11" 200 0
2025-03-04 15:19:03,315 DEBUG Remote response: status=200 | data={"value":"Отец после операции на глаза УВИДЕЛ мою BMW X5 M. Реакция"} | headers=HTTPHeaderDict({'Content-Length': '109', 'Content-Type': 'application/json; charset=utf-8', 'cache-control': 'no-cache'})
2025-03-04 15:19:03,315 DEBUG Finished Request
2025-03-04 15:19:03,315 DEBUG POST http://localhost:57028/session/49d0f1858e436889723540e5fc1dade1/element/f.F2E30F56086DD7AAE6F4A4FB53894767.d.FBB8C7522F74706AC01E7A5B9986857D.e.56/element {'using': 'css selector', 'value': '.VideoCard__ownerLink'}
2025-03-04 15:19:03,317 DEBUG http://localhost:57028 "POST /session/49d0f1858e436889723540e5fc1dade1/element/f.F2E30F56086DD7AAE6F4A4FB53894767.d.FBB8C7522F74706AC01E7A5B9986857D.e.56/element HTTP/11" 200 0
2025-03-04 15:19:03,317 DEBUG Remote response: status=200 | data={"value":{"element-6066-11e4-a52e-4f735466cecf":"f.F2E30F56086DD7AAE6F4A4FB53894767.d.FBB8C7522F74706AC01E7A5B9986857D.e.88"}} | headers=HTTPHeaderDict({'Content-Length': '126', 'Content-Type': 'application/json; charset=utf-8', 'cache-control': 'no-cache'})
2025-03-04 15:19:03,317 DEBUG Finished Request
2025-03-04 15:19:03,317 DEBUG GET http://localhost:57028/session/49d0f1858e436889723540e5fc1dade1/element/f.F2E30F56086DD7AAE6F4A4FB53894767.d.FBB8C7522F74706AC01E7A5B9986857D.e.88/text {}
2025-03-04 15:19:03,320 DEBUG http://localhost:57028 "GET /session/49d0f1858e436889723540e5fc1dade1/element/f.F2E30F56086DD7AAE6F4A4FB53894767.d.FBB8C7522F74706AC01E7A5B9986857D.e.88/text HTTP/11" 200 0
2025-03-04 15:19:03,320 DEBUG Remote response: status=200 | data={"value":"Туман"} | headers=HTTPHeaderDict({'Content-Length': '22', 'Content-Type': 'application/json; charset=utf-8', 'cache-control': 'no-cache'})
2025-03-04 15:19:03,320 DEBUG Finished Request
2025-03-04 15:19:03,320 DEBUG POST http://localhost:57028/session/49d0f1858e436889723540e5fc1dade1/element/f.F2E30F56086DD7AAE6F4A4FB53894767.d.FBB8C7522F74706AC01E7A5B9986857D.e.56/element {'using': 'css selector', 'value': '.VideoCard__extendedInfoView'}
2025-03-04 15:19:03,323 DEBUG http://localhost:57028 "POST /session/49d0f1858e436889723540e5fc1dade1/element/f.F2E30F56086DD7AAE6F4A4FB53894767.d.FBB8C7522F74706AC01E7A5B9986857D.e.56/element HTTP/11" 200 0
2025-03-04 15:19:03,323 DEBUG Remote response: status=200 | data={"value":{"element-6066-11e4-a52e-4f735466cecf":"f.F2E30F56086DD7AAE6F4A4FB53894767.d.FBB8C7522F74706AC01E7A5B9986857D.e.89"}} | headers=HTTPHeaderDict({'Content-Length': '126', 'Content-Type': 'application/json; charset=utf-8', 'cache-control': 'no-cache'})
2025-03-04 15:19:03,323 DEBUG Finished Request
2025-03-04 15:19:03,323 DEBUG GET http://localhost:57028/session/49d0f1858e436889723540e5fc1dade1/element/f.F2E30F56086DD7AAE6F4A4FB53894767.d.FBB8C7522F74706AC01E7A5B9986857D.e.89/text {}
2025-03-04 15:19:03,326 DEBUG http://localhost:57028 "GET /session/49d0f1858e436889723540e5fc1dade1/element/f.F2E30F56086DD7AAE6F4A4FB53894767.d.FBB8C7522F74706AC01E7A5B9986857D.e.89/text HTTP/11" 200 0
2025-03-04 15:19:03,326 DEBUG Remote response: status=200 | data={"value":"322 тыс просмотров"} | headers=HTTPHeaderDict({'Content-Length': '43', 'Content-Type': 'application/json; charset=utf-8', 'cache-control': 'no-cache'})
2025-03-04 15:19:03,326 DEBUG Finished Request
2025-03-04 15:19:03,326 DEBUG POST http://localhost:57028/session/49d0f1858e436889723540e5fc1dade1/element/f.F2E30F56086DD7AAE6F4A4FB53894767.d.FBB8C7522F74706AC01E7A5B9986857D.e.56/elements {'using': 'css selector', 'value': '.page_verified'}
2025-03-04 15:19:03,328 DEBUG http://localhost:57028 "POST /session/49d0f1858e436889723540e5fc1dade1/element/f.F2E30F56086DD7AAE6F4A4FB53894767.d.FBB8C7522F74706AC01E7A5B9986857D.e.56/elements HTTP/11" 200 0
2025-03-04 15:19:03,328 DEBUG Remote response: status=200 | data={"value":[{"element-6066-11e4-a52e-4f735466cecf":"f.F2E30F56086DD7AAE6F4A4FB53894767.d.FBB8C7522F74706AC01E7A5B9986857D.e.90"}]} | headers=HTTPHeaderDict({'Content-Length': '128', 'Content-Type': 'application/json; charset=utf-8', 'cache-control': 'no-cache'})
2025-03-04 15:19:03,328 DEBUG Finished Request
2025-03-04 15:19:03,328 DEBUG POST http://localhost:57028/session/49d0f1858e436889723540e5fc1dade1/element/f.F2E30F56086DD7AAE6F4A4FB53894767.d.FBB8C7522F74706AC01E7A5B9986857D.e.57/element {'using': 'css selector', 'value': '.VideoCard__title'}
2025-03-04 15:19:03,331 DEBUG http://localhost:57028 "POST /session/49d0f1858e436889723540e5fc1dade1/element/f.F2E30F56086DD7AAE6F4A4FB53894767.d.FBB8C7522F74706AC01E7A5B9986857D.e.57/element HTTP/11" 200 0
2025-03-04 15:19:03,331 DEBUG Remote response: status=200 | data={"value":{"element-6066-11e4-a52e-4f735466cecf":"f.F2E30F56086DD7AAE6F4A4FB53894767.d.FBB8C7522F74706AC01E7A5B9986857D.e.91"}} | headers=HTTPHeaderDict({'Content-Length': '126', 'Content-Type': 'application/json; charset=utf-8', 'cache-control': 'no-cache'})
2025-03-04 15:19:03,331 DEBUG Finished Request
2025-03-04 15:19:03,331 DEBUG GET http://localhost:57028/session/49d0f1858e436889723540e5fc1dade1/element/f.F2E30F56086DD7AAE6F4A4FB53894767.d.FBB8C7522F74706AC01E7A5B9986857D.e.91/text {}
2025-03-04 15:19:03,334 DEBUG http://localhost:57028 "GET /session/49d0f1858e436889723540e5fc1dade1/element/f.F2E30F56086DD7AAE6F4A4FB53894767.d.FBB8C7522F74706AC01E7A5B9986857D.e.91/text HTTP/11" 200 0
2025-03-04 15:19:03,334 DEBUG Remote response: status=200 | data={"value":"Goblin News 139: немецкие выборы, долги Украины, коррупция в США"} | headers=HTTPHeaderDict({'Content-Length': '115', 'Content-Type': 'application/json; charset=utf-8', 'cache-control': 'no-cache'})
2025-03-04 15:19:03,334 DEBUG Finished Request
2025-03-04 15:19:03,334 DEBUG POST http://localhost:57028/session/49d0f1858e436889723540e5fc1dade1/element/f.F2E30F56086DD7AAE6F4A4FB53894767.d.FBB8C7522F74706AC01E7A5B9986857D.e.57/element {'using': 'css selector', 'value': '.VideoCard__ownerLink'}
2025-03-04 15:19:03,337 DEBUG http://localhost:57028 "POST /session/49d0f1858e436889723540e5fc1dade1/element/f.F2E30F56086DD7AAE6F4A4FB53894767.d.FBB8C7522F74706AC01E7A5B9986857D.e.57/element HTTP/11" 200 0
2025-03-04 15:19:03,337 DEBUG Remote response: status=200 | data={"value":{"element-6066-11e4-a52e-4f735466cecf":"f.F2E30F56086DD7AAE6F4A4FB53894767.d.FBB8C7522F74706AC01E7A5B9986857D.e.92"}} | headers=HTTPHeaderDict({'Content-Length': '126', 'Content-Type': 'application/json; charset=utf-8', 'cache-control': 'no-cache'})
2025-03-04 15:19:03,337 DEBUG Finished Request
2025-03-04 15:19:03,337 DEBUG GET http://localhost:57028/session/49d0f1858e436889723540e5fc1dade1/element/f.F2E30F56086DD7AAE6F4A4FB53894767.d.FBB8C7522F74706AC01E7A5B9986857D.e.92/text {}
2025-03-04 15:19:03,340 DEBUG http://localhost:57028 "GET /session/49d0f1858e436889723540e5fc1dade1/element/f.F2E30F56086DD7AAE6F4A4FB53894767.d.FBB8C7522F74706AC01E7A5B9986857D.e.92/text HTTP/11" 200 0
2025-03-04 15:19:03,340 DEBUG Remote response: status=200 | data={"value":"Дмитрий Goblin Пучков"} | headers=HTTPHeaderDict({'Content-Length': '46', 'Content-Type': 'application/json; charset=utf-8', 'cache-control': 'no-cache'})
2025-03-04 15:19:03,340 DEBUG Finished Request
2025-03-04 15:19:03,340 DEBUG POST http://localhost:57028/session/49d0f1858e436889723540e5fc1dade1/element/f.F2E30F56086DD7AAE6F4A4FB53894767.d.FBB8C7522F74706AC01E7A5B9986857D.e.57/element {'using': 'css selector', 'value': '.VideoCard__extendedInfoView'}
2025-03-04 15:19:03,343 DEBUG http://localhost:57028 "POST /session/49d0f1858e436889723540e5fc1dade1/element/f.F2E30F56086DD7AAE6F4A4FB53894767.d.FBB8C7522F74706AC01E7A5B9986857D.e.57/element HTTP/11" 200 0
2025-03-04 15:19:03,343 DEBUG Remote response: status=200 | data={"value":{"element-6066-11e4-a52e-4f735466cecf":"f.F2E30F56086DD7AAE6F4A4FB53894767.d.FBB8C7522F74706AC01E7A5B9986857D.e.93"}} | headers=HTTPHeaderDict({'Content-Length': '126', 'Content-Type': 'application/json; charset=utf-8', 'cache-control': 'no-cache'})
2025-03-04 15:19:03,343 DEBUG Finished Request
2025-03-04 15:19:03,343 DEBUG GET http://localhost:57028/session/49d0f1858e436889723540e5fc1dade1/element/f.F2E30F56086DD7AAE6F4A4FB53894767.d.FBB8C7522F74706AC01E7A5B9986857D.e.93/text {}
2025-03-04 15:19:03,346 DEBUG http://localhost:57028 "GET /session/49d0f1858e436889723540e5fc1dade1/element/f.F2E30F56086DD7AAE6F4A4FB53894767.d.FBB8C7522F74706AC01E7A5B9986857D.e.93/text HTTP/11" 200 0
2025-03-04 15:19:03,346 DEBUG Remote response: status=200 | data={"value":"264 тыс просмотров"} | headers=HTTPHeaderDict({'Content-Length': '43', 'Content-Type': 'application/json; charset=utf-8', 'cache-control': 'no-cache'})
2025-03-04 15:19:03,346 DEBUG Finished Request
2025-03-04 15:19:03,346 DEBUG POST http://localhost:57028/session/49d0f1858e436889723540e5fc1dade1/element/f.F2E30F56086DD7AAE6F4A4FB53894767.d.FBB8C7522F74706AC01E7A5B9986857D.e.57/elements {'using': 'css selector', 'value': '.page_verified'}
2025-03-04 15:19:03,348 DEBUG http://localhost:57028 "POST /session/49d0f1858e436889723540e5fc1dade1/element/f.F2E30F56086DD7AAE6F4A4FB53894767.d.FBB8C7522F74706AC01E7A5B9986857D.e.57/elements HTTP/11" 200 0
2025-03-04 15:19:03,348 DEBUG Remote response: status=200 | data={"value":[{"element-6066-11e4-a52e-4f735466cecf":"f.F2E30F56086DD7AAE6F4A4FB53894767.d.FBB8C7522F74706AC01E7A5B9986857D.e.94"}]} | headers=HTTPHeaderDict({'Content-Length': '128', 'Content-Type': 'application/json; charset=utf-8', 'cache-control': 'no-cache'})
2025-03-04 15:19:03,348 DEBUG Finished Request
2025-03-04 15:19:03,348 DEBUG POST http://localhost:57028/session/49d0f1858e436889723540e5fc1dade1/element/f.F2E30F56086DD7AAE6F4A4FB53894767.d.FBB8C7522F74706AC01E7A5B9986857D.e.58/element {'using': 'css selector', 'value': '.VideoCard__title'}
2025-03-04 15:19:03,351 DEBUG http://localhost:57028 "POST /session/49d0f1858e436889723540e5fc1dade1/element/f.F2E30F56086DD7AAE6F4A4FB53894767.d.FBB8C7522F74706AC01E7A5B9986857D.e.58/element HTTP/11" 200 0
2025-03-04 15:19:03,351 DEBUG Remote response: status=200 | data={"value":{"element-6066-11e4-a52e-4f735466cecf":"f.F2E30F56086DD7AAE6F4A4FB53894767.d.FBB8C7522F74706AC01E7A5B9986857D.e.95"}} | headers=HTTPHeaderDict({'Content-Length': '126', 'Content-Type': 'application/json; charset=utf-8', 'cache-control': 'no-cache'})
2025-03-04 15:19:03,351 DEBUG Finished Request
2025-03-04 15:19:03,351 DEBUG GET http://localhost:57028/session/49d0f1858e436889723540e5fc1dade1/element/f.F2E30F56086DD7AAE6F4A4FB53894767.d.FBB8C7522F74706AC01E7A5B9986857D.e.95/text {}
2025-03-04 15:19:03,354 DEBUG http://localhost:57028 "GET /session/49d0f1858e436889723540e5fc1dade1/element/f.F2E30F56086DD7AAE6F4A4FB53894767.d.FBB8C7522F74706AC01E7A5B9986857D.e.95/text HTTP/11" 200 0
2025-03-04 15:19:03,354 DEBUG Remote response: status=200 | data={"value":"Подарил Однокласснице 100 Подарков !"} | headers=HTTPHeaderDict({'Content-Length': '76', 'Content-Type': 'application/json; charset=utf-8', 'cache-control': 'no-cache'})
2025-03-04 15:19:03,354 DEBUG Finished Request
2025-03-04 15:19:03,354 DEBUG POST http://localhost:57028/session/49d0f1858e436889723540e5fc1dade1/element/f.F2E30F56086DD7AAE6F4A4FB53894767.d.FBB8C7522F74706AC01E7A5B9986857D.e.58/element {'using': 'css selector', 'value': '.VideoCard__ownerLink'}
2025-03-04 15:19:03,357 DEBUG http://localhost:57028 "POST /session/49d0f1858e436889723540e5fc1dade1/element/f.F2E30F56086DD7AAE6F4A4FB53894767.d.FBB8C7522F74706AC01E7A5B9986857D.e.58/element HTTP/11" 200 0
2025-03-04 15:19:03,357 DEBUG Remote response: status=200 | data={"value":{"element-6066-11e4-a52e-4f735466cecf":"f.F2E30F56086DD7AAE6F4A4FB53894767.d.FBB8C7522F74706AC01E7A5B9986857D.e.96"}} | headers=HTTPHeaderDict({'Content-Length': '126', 'Content-Type': 'application/json; charset=utf-8', 'cache-control': 'no-cache'})
2025-03-04 15:19:03,357 DEBUG Finished Request
2025-03-04 15:19:03,357 DEBUG GET http://localhost:57028/session/49d0f1858e436889723540e5fc1dade1/element/f.F2E30F56086DD7AAE6F4A4FB53894767.d.FBB8C7522F74706AC01E7A5B9986857D.e.96/text {}
2025-03-04 15:19:03,359 DEBUG http://localhost:57028 "GET /session/49d0f1858e436889723540e5fc1dade1/element/f.F2E30F56086DD7AAE6F4A4FB53894767.d.FBB8C7522F74706AC01E7A5B9986857D.e.96/text HTTP/11" 200 0
2025-03-04 15:19:03,359 DEBUG Remote response: status=200 | data={"value":"Луномосик"} | headers=HTTPHeaderDict({'Content-Length': '30', 'Content-Type': 'application/json; charset=utf-8', 'cache-control': 'no-cache'})
2025-03-04 15:19:03,360 DEBUG Finished Request
2025-03-04 15:19:03,360 DEBUG POST http://localhost:57028/session/49d0f1858e436889723540e5fc1dade1/element/f.F2E30F56086DD7AAE6F4A4FB53894767.d.FBB8C7522F74706AC01E7A5B9986857D.e.58/element {'using': 'css selector', 'value': '.VideoCard__extendedInfoView'}
2025-03-04 15:19:03,362 DEBUG http://localhost:57028 "POST /session/49d0f1858e436889723540e5fc1dade1/element/f.F2E30F56086DD7AAE6F4A4FB53894767.d.FBB8C7522F74706AC01E7A5B9986857D.e.58/element HTTP/11" 200 0
2025-03-04 15:19:03,362 DEBUG Remote response: status=200 | data={"value":{"element-6066-11e4-a52e-4f735466cecf":"f.F2E30F56086DD7AAE6F4A4FB53894767.d.FBB8C7522F74706AC01E7A5B9986857D.e.97"}} | headers=HTTPHeaderDict({'Content-Length': '126', 'Content-Type': 'application/json; charset=utf-8', 'cache-control': 'no-cache'})
2025-03-04 15:19:03,362 DEBUG Finished Request
2025-03-04 15:19:03,362 DEBUG GET http://localhost:57028/session/49d0f1858e436889723540e5fc1dade1/element/f.F2E30F56086DD7AAE6F4A4FB53894767.d.FBB8C7522F74706AC01E7A5B9986857D.e.97/text {}
2025-03-04 15:19:03,365 DEBUG http://localhost:57028 "GET /session/49d0f1858e436889723540e5fc1dade1/element/f.F2E30F56086DD7AAE6F4A4FB53894767.d.FBB8C7522F74706AC01E7A5B9986857D.e.97/text HTTP/11" 200 0
2025-03-04 15:19:03,365 DEBUG Remote response: status=200 | data={"value":"212 тыс просмотров"} | headers=HTTPHeaderDict({'Content-Length': '43', 'Content-Type': 'application/json; charset=utf-8', 'cache-control': 'no-cache'})
2025-03-04 15:19:03,365 DEBUG Finished Request
2025-03-04 15:19:03,365 DEBUG POST http://localhost:57028/session/49d0f1858e436889723540e5fc1dade1/element/f.F2E30F56086DD7AAE6F4A4FB53894767.d.FBB8C7522F74706AC01E7A5B9986857D.e.58/elements {'using': 'css selector', 'value': '.page_verified'}
2025-03-04 15:19:03,368 DEBUG http://localhost:57028 "POST /session/49d0f1858e436889723540e5fc1dade1/element/f.F2E30F56086DD7AAE6F4A4FB53894767.d.FBB8C7522F74706AC01E7A5B9986857D.e.58/elements HTTP/11" 200 0
2025-03-04 15:19:03,368 DEBUG Remote response: status=200 | data={"value":[]} | headers=HTTPHeaderDict({'Content-Length': '12', 'Content-Type': 'application/json; charset=utf-8', 'cache-control': 'no-cache'})
2025-03-04 15:19:03,368 DEBUG Finished Request
2025-03-04 15:19:03,368 DEBUG POST http://localhost:57028/session/49d0f1858e436889723540e5fc1dade1/element/f.F2E30F56086DD7AAE6F4A4FB53894767.d.FBB8C7522F74706AC01E7A5B9986857D.e.59/element {'using': 'css selector', 'value': '.VideoCard__title'}
2025-03-04 15:19:03,370 DEBUG http://localhost:57028 "POST /session/49d0f1858e436889723540e5fc1dade1/element/f.F2E30F56086DD7AAE6F4A4FB53894767.d.FBB8C7522F74706AC01E7A5B9986857D.e.59/element HTTP/11" 200 0
2025-03-04 15:19:03,370 DEBUG Remote response: status=200 | data={"value":{"element-6066-11e4-a52e-4f735466cecf":"f.F2E30F56086DD7AAE6F4A4FB53894767.d.FBB8C7522F74706AC01E7A5B9986857D.e.98"}} | headers=HTTPHeaderDict({'Content-Length': '126', 'Content-Type': 'application/json; charset=utf-8', 'cache-control': 'no-cache'})
2025-03-04 15:19:03,370 DEBUG Finished Request
2025-03-04 15:19:03,370 DEBUG GET http://localhost:57028/session/49d0f1858e436889723540e5fc1dade1/element/f.F2E30F56086DD7AAE6F4A4FB53894767.d.FBB8C7522F74706AC01E7A5B9986857D.e.98/text {}
2025-03-04 15:19:03,373 DEBUG http://localhost:57028 "GET /session/49d0f1858e436889723540e5fc1dade1/element/f.F2E30F56086DD7AAE6F4A4FB53894767.d.FBB8C7522F74706AC01E7A5B9986857D.e.98/text HTTP/11" 200 0
2025-03-04 15:19:03,373 DEBUG Remote response: status=200 | data={"value":"302. Редкий ЗИЛ 4972 / Космонавты любят эти машины"} | headers=HTTPHeaderDict({'Content-Length': '95', 'Content-Type': 'application/json; charset=utf-8', 'cache-control': 'no-cache'})
2025-03-04 15:19:03,373 DEBUG Finished Request
2025-03-04 15:19:03,373 DEBUG POST http://localhost:57028/session/49d0f1858e436889723540e5fc1dade1/element/f.F2E30F56086DD7AAE6F4A4FB53894767.d.FBB8C7522F74706AC01E7A5B9986857D.e.59/element {'using': 'css selector', 'value': '.VideoCard__ownerLink'}
2025-03-04 15:19:03,376 DEBUG http://localhost:57028 "POST /session/49d0f1858e436889723540e5fc1dade1/element/f.F2E30F56086DD7AAE6F4A4FB53894767.d.FBB8C7522F74706AC01E7A5B9986857D.e.59/element HTTP/11" 200 0
2025-03-04 15:19:03,376 DEBUG Remote response: status=200 | data={"value":{"element-6066-11e4-a52e-4f735466cecf":"f.F2E30F56086DD7AAE6F4A4FB53894767.d.FBB8C7522F74706AC01E7A5B9986857D.e.99"}} | headers=HTTPHeaderDict({'Content-Length': '126', 'Content-Type': 'application/json; charset=utf-8', 'cache-control': 'no-cache'})
2025-03-04 15:19:03,376 DEBUG Finished Request
2025-03-04 15:19:03,376 DEBUG GET http://localhost:57028/session/49d0f1858e436889723540e5fc1dade1/element/f.F2E30F56086DD7AAE6F4A4FB53894767.d.FBB8C7522F74706AC01E7A5B9986857D.e.99/text {}
2025-03-04 15:19:03,379 DEBUG http://localhost:57028 "GET /session/49d0f1858e436889723540e5fc1dade1/element/f.F2E30F56086DD7AAE6F4A4FB53894767.d.FBB8C7522F74706AC01E7A5B9986857D.e.99/text HTTP/11" 200 0
2025-03-04 15:19:03,379 DEBUG Remote response: status=200 | data={"value":"[Полигон 98] - Официальная группа"} | headers=HTTPHeaderDict({'Content-Length': '69', 'Content-Type': 'application/json; charset=utf-8', 'cache-control': 'no-cache'})
2025-03-04 15:19:03,379 DEBUG Finished Request
2025-03-04 15:19:03,379 DEBUG POST http://localhost:57028/session/49d0f1858e436889723540e5fc1dade1/element/f.F2E30F56086DD7AAE6F4A4FB53894767.d.FBB8C7522F74706AC01E7A5B9986857D.e.59/element {'using': 'css selector', 'value': '.VideoCard__extendedInfoView'}
2025-03-04 15:19:03,381 DEBUG http://localhost:57028 "POST /session/49d0f1858e436889723540e5fc1dade1/element/f.F2E30F56086DD7AAE6F4A4FB53894767.d.FBB8C7522F74706AC01E7A5B9986857D.e.59/element HTTP/11" 200 0
2025-03-04 15:19:03,381 DEBUG Remote response: status=200 | data={"value":{"element-6066-11e4-a52e-4f735466cecf":"f.F2E30F56086DD7AAE6F4A4FB53894767.d.FBB8C7522F74706AC01E7A5B9986857D.e.100"}} | headers=HTTPHeaderDict({'Content-Length': '127', 'Content-Type': 'application/json; charset=utf-8', 'cache-control': 'no-cache'})
2025-03-04 15:19:03,381 DEBUG Finished Request
2025-03-04 15:19:03,381 DEBUG GET http://localhost:57028/session/49d0f1858e436889723540e5fc1dade1/element/f.F2E30F56086DD7AAE6F4A4FB53894767.d.FBB8C7522F74706AC01E7A5B9986857D.e.100/text {}
2025-03-04 15:19:03,384 DEBUG http://localhost:57028 "GET /session/49d0f1858e436889723540e5fc1dade1/element/f.F2E30F56086DD7AAE6F4A4FB53894767.d.FBB8C7522F74706AC01E7A5B9986857D.e.100/text HTTP/11" 200 0
2025-03-04 15:19:03,384 DEBUG Remote response: status=200 | data={"value":"194 тыс просмотров"} | headers=HTTPHeaderDict({'Content-Length': '43', 'Content-Type': 'application/json; charset=utf-8', 'cache-control': 'no-cache'})
2025-03-04 15:19:03,384 DEBUG Finished Request
2025-03-04 15:19:03,384 DEBUG POST http://localhost:57028/session/49d0f1858e436889723540e5fc1dade1/element/f.F2E30F56086DD7AAE6F4A4FB53894767.d.FBB8C7522F74706AC01E7A5B9986857D.e.59/elements {'using': 'css selector', 'value': '.page_verified'}
2025-03-04 15:19:03,387 DEBUG http://localhost:57028 "POST /session/49d0f1858e436889723540e5fc1dade1/element/f.F2E30F56086DD7AAE6F4A4FB53894767.d.FBB8C7522F74706AC01E7A5B9986857D.e.59/elements HTTP/11" 200 0
2025-03-04 15:19:03,387 DEBUG Remote response: status=200 | data={"value":[]} | headers=HTTPHeaderDict({'Content-Length': '12', 'Content-Type': 'application/json; charset=utf-8', 'cache-control': 'no-cache'})
2025-03-04 15:19:03,387 DEBUG Finished Request
2025-03-04 15:19:03,387 DEBUG POST http://localhost:57028/session/49d0f1858e436889723540e5fc1dade1/element/f.F2E30F56086DD7AAE6F4A4FB53894767.d.FBB8C7522F74706AC01E7A5B9986857D.e.60/element {'using': 'css selector', 'value': '.VideoCard__title'}
2025-03-04 15:19:03,390 DEBUG http://localhost:57028 "POST /session/49d0f1858e436889723540e5fc1dade1/element/f.F2E30F56086DD7AAE6F4A4FB53894767.d.FBB8C7522F74706AC01E7A5B9986857D.e.60/element HTTP/11" 200 0
2025-03-04 15:19:03,390 DEBUG Remote response: status=200 | data={"value":{"element-6066-11e4-a52e-4f735466cecf":"f.F2E30F56086DD7AAE6F4A4FB53894767.d.FBB8C7522F74706AC01E7A5B9986857D.e.101"}} | headers=HTTPHeaderDict({'Content-Length': '127', 'Content-Type': 'application/json; charset=utf-8', 'cache-control': 'no-cache'})
2025-03-04 15:19:03,390 DEBUG Finished Request
2025-03-04 15:19:03,390 DEBUG GET http://localhost:57028/session/49d0f1858e436889723540e5fc1dade1/element/f.F2E30F56086DD7AAE6F4A4FB53894767.d.FBB8C7522F74706AC01E7A5B9986857D.e.101/text {}
2025-03-04 15:19:03,392 DEBUG http://localhost:57028 "GET /session/49d0f1858e436889723540e5fc1dade1/element/f.F2E30F56086DD7AAE6F4A4FB53894767.d.FBB8C7522F74706AC01E7A5B9986857D.e.101/text HTTP/11" 200 0
2025-03-04 15:19:03,392 DEBUG Remote response: status=200 | data={"value":"СОБИРАЕМ ДВИГАТЕЛЬ под ВОДОЙ - ЗАВЕДЕТСЯ?"} | headers=HTTPHeaderDict({'Content-Length': '87', 'Content-Type': 'application/json; charset=utf-8', 'cache-control': 'no-cache'})
2025-03-04 15:19:03,392 DEBUG Finished Request
2025-03-04 15:19:03,392 DEBUG POST http://localhost:57028/session/49d0f1858e436889723540e5fc1dade1/element/f.F2E30F56086DD7AAE6F4A4FB53894767.d.FBB8C7522F74706AC01E7A5B9986857D.e.60/element {'using': 'css selector', 'value': '.VideoCard__ownerLink'}
2025-03-04 15:19:03,395 DEBUG http://localhost:57028 "POST /session/49d0f1858e436889723540e5fc1dade1/element/f.F2E30F56086DD7AAE6F4A4FB53894767.d.FBB8C7522F74706AC01E7A5B9986857D.e.60/element HTTP/11" 200 0
2025-03-04 15:19:03,395 DEBUG Remote response: status=200 | data={"value":{"element-6066-11e4-a52e-4f735466cecf":"f.F2E30F56086DD7AAE6F4A4FB53894767.d.FBB8C7522F74706AC01E7A5B9986857D.e.102"}} | headers=HTTPHeaderDict({'Content-Length': '127', 'Content-Type': 'application/json; charset=utf-8', 'cache-control': 'no-cache'})
2025-03-04 15:19:03,395 DEBUG Finished Request
2025-03-04 15:19:03,395 DEBUG GET http://localhost:57028/session/49d0f1858e436889723540e5fc1dade1/element/f.F2E30F56086DD7AAE6F4A4FB53894767.d.FBB8C7522F74706AC01E7A5B9986857D.e.102/text {}
2025-03-04 15:19:03,398 DEBUG http://localhost:57028 "GET /session/49d0f1858e436889723540e5fc1dade1/element/f.F2E30F56086DD7AAE6F4A4FB53894767.d.FBB8C7522F74706AC01E7A5B9986857D.e.102/text HTTP/11" 200 0
2025-03-04 15:19:03,398 DEBUG Remote response: status=200 | data={"value":"Гараж 54"} | headers=HTTPHeaderDict({'Content-Length': '25', 'Content-Type': 'application/json; charset=utf-8', 'cache-control': 'no-cache'})
2025-03-04 15:19:03,398 DEBUG Finished Request
2025-03-04 15:19:03,398 DEBUG POST http://localhost:57028/session/49d0f1858e436889723540e5fc1dade1/element/f.F2E30F56086DD7AAE6F4A4FB53894767.d.FBB8C7522F74706AC01E7A5B9986857D.e.60/element {'using': 'css selector', 'value': '.VideoCard__extendedInfoView'}
2025-03-04 15:19:03,400 DEBUG http://localhost:57028 "POST /session/49d0f1858e436889723540e5fc1dade1/element/f.F2E30F56086DD7AAE6F4A4FB53894767.d.FBB8C7522F74706AC01E7A5B9986857D.e.60/element HTTP/11" 200 0
2025-03-04 15:19:03,400 DEBUG Remote response: status=200 | data={"value":{"element-6066-11e4-a52e-4f735466cecf":"f.F2E30F56086DD7AAE6F4A4FB53894767.d.FBB8C7522F74706AC01E7A5B9986857D.e.103"}} | headers=HTTPHeaderDict({'Content-Length': '127', 'Content-Type': 'application/json; charset=utf-8', 'cache-control': 'no-cache'})
2025-03-04 15:19:03,401 DEBUG Finished Request
2025-03-04 15:19:03,401 DEBUG GET http://localhost:57028/session/49d0f1858e436889723540e5fc1dade1/element/f.F2E30F56086DD7AAE6F4A4FB53894767.d.FBB8C7522F74706AC01E7A5B9986857D.e.103/text {}
2025-03-04 15:19:03,403 DEBUG http://localhost:57028 "GET /session/49d0f1858e436889723540e5fc1dade1/element/f.F2E30F56086DD7AAE6F4A4FB53894767.d.FBB8C7522F74706AC01E7A5B9986857D.e.103/text HTTP/11" 200 0
2025-03-04 15:19:03,403 DEBUG Remote response: status=200 | data={"value":"213 тыс просмотров"} | headers=HTTPHeaderDict({'Content-Length': '43', 'Content-Type': 'application/json; charset=utf-8', 'cache-control': 'no-cache'})
2025-03-04 15:19:03,403 DEBUG Finished Request
2025-03-04 15:19:03,403 DEBUG POST http://localhost:57028/session/49d0f1858e436889723540e5fc1dade1/element/f.F2E30F56086DD7AAE6F4A4FB53894767.d.FBB8C7522F74706AC01E7A5B9986857D.e.60/elements {'using': 'css selector', 'value': '.page_verified'}
2025-03-04 15:19:03,406 DEBUG http://localhost:57028 "POST /session/49d0f1858e436889723540e5fc1dade1/element/f.F2E30F56086DD7AAE6F4A4FB53894767.d.FBB8C7522F74706AC01E7A5B9986857D.e.60/elements HTTP/11" 200 0
2025-03-04 15:19:03,406 DEBUG Remote response: status=200 | data={"value":[{"element-6066-11e4-a52e-4f735466cecf":"f.F2E30F56086DD7AAE6F4A4FB53894767.d.FBB8C7522F74706AC01E7A5B9986857D.e.104"}]} | headers=HTTPHeaderDict({'Content-Length': '129', 'Content-Type': 'application/json; charset=utf-8', 'cache-control': 'no-cache'})
2025-03-04 15:19:03,406 DEBUG Finished Request
2025-03-04 15:19:03,406 DEBUG POST http://localhost:57028/session/49d0f1858e436889723540e5fc1dade1/element/f.F2E30F56086DD7AAE6F4A4FB53894767.d.FBB8C7522F74706AC01E7A5B9986857D.e.61/element {'using': 'css selector', 'value': '.VideoCard__title'}
2025-03-04 15:19:03,408 DEBUG http://localhost:57028 "POST /session/49d0f1858e436889723540e5fc1dade1/element/f.F2E30F56086DD7AAE6F4A4FB53894767.d.FBB8C7522F74706AC01E7A5B9986857D.e.61/element HTTP/11" 200 0
2025-03-04 15:19:03,409 DEBUG Remote response: status=200 | data={"value":{"element-6066-11e4-a52e-4f735466cecf":"f.F2E30F56086DD7AAE6F4A4FB53894767.d.FBB8C7522F74706AC01E7A5B9986857D.e.105"}} | headers=HTTPHeaderDict({'Content-Length': '127', 'Content-Type': 'application/json; charset=utf-8', 'cache-control': 'no-cache'})
2025-03-04 15:19:03,409 DEBUG Finished Request
2025-03-04 15:19:03,409 DEBUG GET http://localhost:57028/session/49d0f1858e436889723540e5fc1dade1/element/f.F2E30F56086DD7AAE6F4A4FB53894767.d.FBB8C7522F74706AC01E7A5B9986857D.e.105/text {}
2025-03-04 15:19:03,411 DEBUG http://localhost:57028 "GET /session/49d0f1858e436889723540e5fc1dade1/element/f.F2E30F56086DD7AAE6F4A4FB53894767.d.FBB8C7522F74706AC01E7A5B9986857D.e.105/text HTTP/11" 200 0
2025-03-04 15:19:03,411 DEBUG Remote response: status=200 | data={"value":"Однажды в России: Свободные отношения"} | headers=HTTPHeaderDict({'Content-Length': '81', 'Content-Type': 'application/json; charset=utf-8', 'cache-control': 'no-cache'})
2025-03-04 15:19:03,411 DEBUG Finished Request
2025-03-04 15:19:03,411 DEBUG POST http://localhost:57028/session/49d0f1858e436889723540e5fc1dade1/element/f.F2E30F56086DD7AAE6F4A4FB53894767.d.FBB8C7522F74706AC01E7A5B9986857D.e.61/element {'using': 'css selector', 'value': '.VideoCard__ownerLink'}
2025-03-04 15:19:03,414 DEBUG http://localhost:57028 "POST /session/49d0f1858e436889723540e5fc1dade1/element/f.F2E30F56086DD7AAE6F4A4FB53894767.d.FBB8C7522F74706AC01E7A5B9986857D.e.61/element HTTP/11" 200 0
2025-03-04 15:19:03,414 DEBUG Remote response: status=200 | data={"value":{"element-6066-11e4-a52e-4f735466cecf":"f.F2E30F56086DD7AAE6F4A4FB53894767.d.FBB8C7522F74706AC01E7A5B9986857D.e.106"}} | headers=HTTPHeaderDict({'Content-Length': '127', 'Content-Type': 'application/json; charset=utf-8', 'cache-control': 'no-cache'})
2025-03-04 15:19:03,414 DEBUG Finished Request
2025-03-04 15:19:03,414 DEBUG GET http://localhost:57028/session/49d0f1858e436889723540e5fc1dade1/element/f.F2E30F56086DD7AAE6F4A4FB53894767.d.FBB8C7522F74706AC01E7A5B9986857D.e.106/text {}
2025-03-04 15:19:03,417 DEBUG http://localhost:57028 "GET /session/49d0f1858e436889723540e5fc1dade1/element/f.F2E30F56086DD7AAE6F4A4FB53894767.d.FBB8C7522F74706AC01E7A5B9986857D.e.106/text HTTP/11" 200 0
2025-03-04 15:19:03,417 DEBUG Remote response: status=200 | data={"value":"ТНТ Видео"} | headers=HTTPHeaderDict({'Content-Length': '29', 'Content-Type': 'application/json; charset=utf-8', 'cache-control': 'no-cache'})
2025-03-04 15:19:03,417 DEBUG Finished Request
2025-03-04 15:19:03,417 DEBUG POST http://localhost:57028/session/49d0f1858e436889723540e5fc1dade1/element/f.F2E30F56086DD7AAE6F4A4FB53894767.d.FBB8C7522F74706AC01E7A5B9986857D.e.61/element {'using': 'css selector', 'value': '.VideoCard__extendedInfoView'}
2025-03-04 15:19:03,419 DEBUG http://localhost:57028 "POST /session/49d0f1858e436889723540e5fc1dade1/element/f.F2E30F56086DD7AAE6F4A4FB53894767.d.FBB8C7522F74706AC01E7A5B9986857D.e.61/element HTTP/11" 200 0
2025-03-04 15:19:03,419 DEBUG Remote response: status=200 | data={"value":{"element-6066-11e4-a52e-4f735466cecf":"f.F2E30F56086DD7AAE6F4A4FB53894767.d.FBB8C7522F74706AC01E7A5B9986857D.e.107"}} | headers=HTTPHeaderDict({'Content-Length': '127', 'Content-Type': 'application/json; charset=utf-8', 'cache-control': 'no-cache'})
2025-03-04 15:19:03,419 DEBUG Finished Request
2025-03-04 15:19:03,419 DEBUG GET http://localhost:57028/session/49d0f1858e436889723540e5fc1dade1/element/f.F2E30F56086DD7AAE6F4A4FB53894767.d.FBB8C7522F74706AC01E7A5B9986857D.e.107/text {}
2025-03-04 15:19:03,422 DEBUG http://localhost:57028 "GET /session/49d0f1858e436889723540e5fc1dade1/element/f.F2E30F56086DD7AAE6F4A4FB53894767.d.FBB8C7522F74706AC01E7A5B9986857D.e.107/text HTTP/11" 200 0
2025-03-04 15:19:03,422 DEBUG Remote response: status=200 | data={"value":"232 тыс просмотров"} | headers=HTTPHeaderDict({'Content-Length': '43', 'Content-Type': 'application/json; charset=utf-8', 'cache-control': 'no-cache'})
2025-03-04 15:19:03,422 DEBUG Finished Request
2025-03-04 15:19:03,422 DEBUG POST http://localhost:57028/session/49d0f1858e436889723540e5fc1dade1/element/f.F2E30F56086DD7AAE6F4A4FB53894767.d.FBB8C7522F74706AC01E7A5B9986857D.e.61/elements {'using': 'css selector', 'value': '.page_verified'}
2025-03-04 15:19:03,425 DEBUG http://localhost:57028 "POST /session/49d0f1858e436889723540e5fc1dade1/element/f.F2E30F56086DD7AAE6F4A4FB53894767.d.FBB8C7522F74706AC01E7A5B9986857D.e.61/elements HTTP/11" 200 0
2025-03-04 15:19:03,425 DEBUG Remote response: status=200 | data={"value":[]} | headers=HTTPHeaderDict({'Content-Length': '12', 'Content-Type': 'application/json; charset=utf-8', 'cache-control': 'no-cache'})
2025-03-04 15:19:03,425 DEBUG Finished Request
2025-03-04 15:19:03,425 DEBUG POST http://localhost:57028/session/49d0f1858e436889723540e5fc1dade1/element/f.F2E30F56086DD7AAE6F4A4FB53894767.d.FBB8C7522F74706AC01E7A5B9986857D.e.62/element {'using': 'css selector', 'value': '.VideoCard__title'}
2025-03-04 15:19:03,428 DEBUG http://localhost:57028 "POST /session/49d0f1858e436889723540e5fc1dade1/element/f.F2E30F56086DD7AAE6F4A4FB53894767.d.FBB8C7522F74706AC01E7A5B9986857D.e.62/element HTTP/11" 200 0
2025-03-04 15:19:03,428 DEBUG Remote response: status=200 | data={"value":{"element-6066-11e4-a52e-4f735466cecf":"f.F2E30F56086DD7AAE6F4A4FB53894767.d.FBB8C7522F74706AC01E7A5B9986857D.e.108"}} | headers=HTTPHeaderDict({'Content-Length': '127', 'Content-Type': 'application/json; charset=utf-8', 'cache-control': 'no-cache'})
2025-03-04 15:19:03,428 DEBUG Finished Request
2025-03-04 15:19:03,428 DEBUG GET http://localhost:57028/session/49d0f1858e436889723540e5fc1dade1/element/f.F2E30F56086DD7AAE6F4A4FB53894767.d.FBB8C7522F74706AC01E7A5B9986857D.e.108/text {}
2025-03-04 15:19:03,430 DEBUG http://localhost:57028 "GET /session/49d0f1858e436889723540e5fc1dade1/element/f.F2E30F56086DD7AAE6F4A4FB53894767.d.FBB8C7522F74706AC01E7A5B9986857D.e.108/text HTTP/11" 200 0
2025-03-04 15:19:03,430 DEBUG Remote response: status=200 | data={"value":"Александр Скиданов, Никита Никитин, Настя Ли, Влад Копытов-Шамрай, Чочиева и Павлов. Квиз-Стендап."} | headers=HTTPHeaderDict({'Content-Length': '189', 'Content-Type': 'application/json; charset=utf-8', 'cache-control': 'no-cache'})
2025-03-04 15:19:03,430 DEBUG Finished Request
2025-03-04 15:19:03,430 DEBUG POST http://localhost:57028/session/49d0f1858e436889723540e5fc1dade1/element/f.F2E30F56086DD7AAE6F4A4FB53894767.d.FBB8C7522F74706AC01E7A5B9986857D.e.62/element {'using': 'css selector', 'value': '.VideoCard__ownerLink'}
2025-03-04 15:19:03,433 DEBUG http://localhost:57028 "POST /session/49d0f1858e436889723540e5fc1dade1/element/f.F2E30F56086DD7AAE6F4A4FB53894767.d.FBB8C7522F74706AC01E7A5B9986857D.e.62/element HTTP/11" 200 0
2025-03-04 15:19:03,433 DEBUG Remote response: status=200 | data={"value":{"element-6066-11e4-a52e-4f735466cecf":"f.F2E30F56086DD7AAE6F4A4FB53894767.d.FBB8C7522F74706AC01E7A5B9986857D.e.109"}} | headers=HTTPHeaderDict({'Content-Length': '127', 'Content-Type': 'application/json; charset=utf-8', 'cache-control': 'no-cache'})
2025-03-04 15:19:03,433 DEBUG Finished Request
2025-03-04 15:19:03,433 DEBUG GET http://localhost:57028/session/49d0f1858e436889723540e5fc1dade1/element/f.F2E30F56086DD7AAE6F4A4FB53894767.d.FBB8C7522F74706AC01E7A5B9986857D.e.109/text {}
2025-03-04 15:19:03,436 DEBUG http://localhost:57028 "GET /session/49d0f1858e436889723540e5fc1dade1/element/f.F2E30F56086DD7AAE6F4A4FB53894767.d.FBB8C7522F74706AC01E7A5B9986857D.e.109/text HTTP/11" 200 0
2025-03-04 15:19:03,436 DEBUG Remote response: status=200 | data={"value":"ИКС"} | headers=HTTPHeaderDict({'Content-Length': '18', 'Content-Type': 'application/json; charset=utf-8', 'cache-control': 'no-cache'})
2025-03-04 15:19:03,436 DEBUG Finished Request
2025-03-04 15:19:03,436 DEBUG POST http://localhost:57028/session/49d0f1858e436889723540e5fc1dade1/element/f.F2E30F56086DD7AAE6F4A4FB53894767.d.FBB8C7522F74706AC01E7A5B9986857D.e.62/element {'using': 'css selector', 'value': '.VideoCard__extendedInfoView'}
2025-03-04 15:19:03,439 DEBUG http://localhost:57028 "POST /session/49d0f1858e436889723540e5fc1dade1/element/f.F2E30F56086DD7AAE6F4A4FB53894767.d.FBB8C7522F74706AC01E7A5B9986857D.e.62/element HTTP/11" 200 0
2025-03-04 15:19:03,439 DEBUG Remote response: status=200 | data={"value":{"element-6066-11e4-a52e-4f735466cecf":"f.F2E30F56086DD7AAE6F4A4FB53894767.d.FBB8C7522F74706AC01E7A5B9986857D.e.110"}} | headers=HTTPHeaderDict({'Content-Length': '127', 'Content-Type': 'application/json; charset=utf-8', 'cache-control': 'no-cache'})
2025-03-04 15:19:03,439 DEBUG Finished Request
2025-03-04 15:19:03,439 DEBUG GET http://localhost:57028/session/49d0f1858e436889723540e5fc1dade1/element/f.F2E30F56086DD7AAE6F4A4FB53894767.d.FBB8C7522F74706AC01E7A5B9986857D.e.110/text {}
2025-03-04 15:19:03,442 DEBUG http://localhost:57028 "GET /session/49d0f1858e436889723540e5fc1dade1/element/f.F2E30F56086DD7AAE6F4A4FB53894767.d.FBB8C7522F74706AC01E7A5B9986857D.e.110/text HTTP/11" 200 0
2025-03-04 15:19:03,442 DEBUG Remote response: status=200 | data={"value":"264 тыс просмотров"} | headers=HTTPHeaderDict({'Content-Length': '43', 'Content-Type': 'application/json; charset=utf-8', 'cache-control': 'no-cache'})
2025-03-04 15:19:03,442 DEBUG Finished Request
2025-03-04 15:19:03,442 DEBUG POST http://localhost:57028/session/49d0f1858e436889723540e5fc1dade1/element/f.F2E30F56086DD7AAE6F4A4FB53894767.d.FBB8C7522F74706AC01E7A5B9986857D.e.62/elements {'using': 'css selector', 'value': '.page_verified'}
2025-03-04 15:19:03,444 DEBUG http://localhost:57028 "POST /session/49d0f1858e436889723540e5fc1dade1/element/f.F2E30F56086DD7AAE6F4A4FB53894767.d.FBB8C7522F74706AC01E7A5B9986857D.e.62/elements HTTP/11" 200 0
2025-03-04 15:19:03,444 DEBUG Remote response: status=200 | data={"value":[]} | headers=HTTPHeaderDict({'Content-Length': '12', 'Content-Type': 'application/json; charset=utf-8', 'cache-control': 'no-cache'})
2025-03-04 15:19:03,444 DEBUG Finished Request
2025-03-04 15:19:03,444 DEBUG POST http://localhost:57028/session/49d0f1858e436889723540e5fc1dade1/element/f.F2E30F56086DD7AAE6F4A4FB53894767.d.FBB8C7522F74706AC01E7A5B9986857D.e.63/element {'using': 'css selector', 'value': '.VideoCard__title'}
2025-03-04 15:19:03,447 DEBUG http://localhost:57028 "POST /session/49d0f1858e436889723540e5fc1dade1/element/f.F2E30F56086DD7AAE6F4A4FB53894767.d.FBB8C7522F74706AC01E7A5B9986857D.e.63/element HTTP/11" 200 0
2025-03-04 15:19:03,447 DEBUG Remote response: status=200 | data={"value":{"element-6066-11e4-a52e-4f735466cecf":"f.F2E30F56086DD7AAE6F4A4FB53894767.d.FBB8C7522F74706AC01E7A5B9986857D.e.111"}} | headers=HTTPHeaderDict({'Content-Length': '127', 'Content-Type': 'application/json; charset=utf-8', 'cache-control': 'no-cache'})
2025-03-04 15:19:03,447 DEBUG Finished Request
2025-03-04 15:19:03,447 DEBUG GET http://localhost:57028/session/49d0f1858e436889723540e5fc1dade1/element/f.F2E30F56086DD7AAE6F4A4FB53894767.d.FBB8C7522F74706AC01E7A5B9986857D.e.111/text {}
2025-03-04 15:19:03,450 DEBUG http://localhost:57028 "GET /session/49d0f1858e436889723540e5fc1dade1/element/f.F2E30F56086DD7AAE6F4A4FB53894767.d.FBB8C7522F74706AC01E7A5B9986857D.e.111/text HTTP/11" 200 0
2025-03-04 15:19:03,450 DEBUG Remote response: status=200 | data={"value":"Сразу после боя: Искандар Зияев - Нерсисян. Хайбула Мусалов в гневе / Полное интервью"} | headers=HTTPHeaderDict({'Content-Length': '165', 'Content-Type': 'application/json; charset=utf-8', 'cache-control': 'no-cache'})
2025-03-04 15:19:03,450 DEBUG Finished Request
2025-03-04 15:19:03,450 DEBUG POST http://localhost:57028/session/49d0f1858e436889723540e5fc1dade1/element/f.F2E30F56086DD7AAE6F4A4FB53894767.d.FBB8C7522F74706AC01E7A5B9986857D.e.63/element {'using': 'css selector', 'value': '.VideoCard__ownerLink'}
2025-03-04 15:19:03,452 DEBUG http://localhost:57028 "POST /session/49d0f1858e436889723540e5fc1dade1/element/f.F2E30F56086DD7AAE6F4A4FB53894767.d.FBB8C7522F74706AC01E7A5B9986857D.e.63/element HTTP/11" 200 0
2025-03-04 15:19:03,452 DEBUG Remote response: status=200 | data={"value":{"element-6066-11e4-a52e-4f735466cecf":"f.F2E30F56086DD7AAE6F4A4FB53894767.d.FBB8C7522F74706AC01E7A5B9986857D.e.112"}} | headers=HTTPHeaderDict({'Content-Length': '127', 'Content-Type': 'application/json; charset=utf-8', 'cache-control': 'no-cache'})
2025-03-04 15:19:03,453 DEBUG Finished Request
2025-03-04 15:19:03,453 DEBUG GET http://localhost:57028/session/49d0f1858e436889723540e5fc1dade1/element/f.F2E30F56086DD7AAE6F4A4FB53894767.d.FBB8C7522F74706AC01E7A5B9986857D.e.112/text {}
2025-03-04 15:19:03,456 DEBUG http://localhost:57028 "GET /session/49d0f1858e436889723540e5fc1dade1/element/f.F2E30F56086DD7AAE6F4A4FB53894767.d.FBB8C7522F74706AC01E7A5B9986857D.e.112/text HTTP/11" 200 0
2025-03-04 15:19:03,456 DEBUG Remote response: status=200 | data={"value":"КИМЧИ ПОП-ММА"} | headers=HTTPHeaderDict({'Content-Length': '36', 'Content-Type': 'application/json; charset=utf-8', 'cache-control': 'no-cache'})
2025-03-04 15:19:03,456 DEBUG Finished Request
2025-03-04 15:19:03,456 DEBUG POST http://localhost:57028/session/49d0f1858e436889723540e5fc1dade1/element/f.F2E30F56086DD7AAE6F4A4FB53894767.d.FBB8C7522F74706AC01E7A5B9986857D.e.63/element {'using': 'css selector', 'value': '.VideoCard__extendedInfoView'}
2025-03-04 15:19:03,459 DEBUG http://localhost:57028 "POST /session/49d0f1858e436889723540e5fc1dade1/element/f.F2E30F56086DD7AAE6F4A4FB53894767.d.FBB8C7522F74706AC01E7A5B9986857D.e.63/element HTTP/11" 200 0
2025-03-04 15:19:03,459 DEBUG Remote response: status=200 | data={"value":{"element-6066-11e4-a52e-4f735466cecf":"f.F2E30F56086DD7AAE6F4A4FB53894767.d.FBB8C7522F74706AC01E7A5B9986857D.e.113"}} | headers=HTTPHeaderDict({'Content-Length': '127', 'Content-Type': 'application/json; charset=utf-8', 'cache-control': 'no-cache'})
2025-03-04 15:19:03,459 DEBUG Finished Request
2025-03-04 15:19:03,459 DEBUG GET http://localhost:57028/session/49d0f1858e436889723540e5fc1dade1/element/f.F2E30F56086DD7AAE6F4A4FB53894767.d.FBB8C7522F74706AC01E7A5B9986857D.e.113/text {}
2025-03-04 15:19:03,462 DEBUG http://localhost:57028 "GET /session/49d0f1858e436889723540e5fc1dade1/element/f.F2E30F56086DD7AAE6F4A4FB53894767.d.FBB8C7522F74706AC01E7A5B9986857D.e.113/text HTTP/11" 200 0
2025-03-04 15:19:03,462 DEBUG Remote response: status=200 | data={"value":"146 тыс просмотров"} | headers=HTTPHeaderDict({'Content-Length': '43', 'Content-Type': 'application/json; charset=utf-8', 'cache-control': 'no-cache'})
2025-03-04 15:19:03,462 DEBUG Finished Request
2025-03-04 15:19:03,462 DEBUG POST http://localhost:57028/session/49d0f1858e436889723540e5fc1dade1/element/f.F2E30F56086DD7AAE6F4A4FB53894767.d.FBB8C7522F74706AC01E7A5B9986857D.e.63/elements {'using': 'css selector', 'value': '.page_verified'}
2025-03-04 15:19:03,464 DEBUG http://localhost:57028 "POST /session/49d0f1858e436889723540e5fc1dade1/element/f.F2E30F56086DD7AAE6F4A4FB53894767.d.FBB8C7522F74706AC01E7A5B9986857D.e.63/elements HTTP/11" 200 0
2025-03-04 15:19:03,464 DEBUG Remote response: status=200 | data={"value":[{"element-6066-11e4-a52e-4f735466cecf":"f.F2E30F56086DD7AAE6F4A4FB53894767.d.FBB8C7522F74706AC01E7A5B9986857D.e.114"}]} | headers=HTTPHeaderDict({'Content-Length': '129', 'Content-Type': 'application/json; charset=utf-8', 'cache-control': 'no-cache'})
2025-03-04 15:19:03,464 DEBUG Finished Request
2025-03-04 15:19:03,465 DEBUG POST http://localhost:57028/session/49d0f1858e436889723540e5fc1dade1/element/f.F2E30F56086DD7AAE6F4A4FB53894767.d.FBB8C7522F74706AC01E7A5B9986857D.e.64/element {'using': 'css selector', 'value': '.VideoCard__title'}
2025-03-04 15:19:03,467 DEBUG http://localhost:57028 "POST /session/49d0f1858e436889723540e5fc1dade1/element/f.F2E30F56086DD7AAE6F4A4FB53894767.d.FBB8C7522F74706AC01E7A5B9986857D.e.64/element HTTP/11" 200 0
2025-03-04 15:19:03,467 DEBUG Remote response: status=200 | data={"value":{"element-6066-11e4-a52e-4f735466cecf":"f.F2E30F56086DD7AAE6F4A4FB53894767.d.FBB8C7522F74706AC01E7A5B9986857D.e.115"}} | headers=HTTPHeaderDict({'Content-Length': '127', 'Content-Type': 'application/json; charset=utf-8', 'cache-control': 'no-cache'})
2025-03-04 15:19:03,467 DEBUG Finished Request
2025-03-04 15:19:03,467 DEBUG GET http://localhost:57028/session/49d0f1858e436889723540e5fc1dade1/element/f.F2E30F56086DD7AAE6F4A4FB53894767.d.FBB8C7522F74706AC01E7A5B9986857D.e.115/text {}
2025-03-04 15:19:03,470 DEBUG http://localhost:57028 "GET /session/49d0f1858e436889723540e5fc1dade1/element/f.F2E30F56086DD7AAE6F4A4FB53894767.d.FBB8C7522F74706AC01E7A5B9986857D.e.115/text HTTP/11" 200 0
2025-03-04 15:19:03,470 DEBUG Remote response: status=200 | data={"value":"100 Товаров по 100 Рублей с WiILDBERRIES💜 *2025* Все Для Дома, Косметика, Вкусняшки, Аксессуары и тд"} | headers=HTTPHeaderDict({'Content-Length': '172', 'Content-Type': 'application/json; charset=utf-8', 'cache-control': 'no-cache'})
2025-03-04 15:19:03,470 DEBUG Finished Request
2025-03-04 15:19:03,470 DEBUG POST http://localhost:57028/session/49d0f1858e436889723540e5fc1dade1/element/f.F2E30F56086DD7AAE6F4A4FB53894767.d.FBB8C7522F74706AC01E7A5B9986857D.e.64/element {'using': 'css selector', 'value': '.VideoCard__ownerLink'}
2025-03-04 15:19:03,473 DEBUG http://localhost:57028 "POST /session/49d0f1858e436889723540e5fc1dade1/element/f.F2E30F56086DD7AAE6F4A4FB53894767.d.FBB8C7522F74706AC01E7A5B9986857D.e.64/element HTTP/11" 200 0
2025-03-04 15:19:03,473 DEBUG Remote response: status=200 | data={"value":{"element-6066-11e4-a52e-4f735466cecf":"f.F2E30F56086DD7AAE6F4A4FB53894767.d.FBB8C7522F74706AC01E7A5B9986857D.e.116"}} | headers=HTTPHeaderDict({'Content-Length': '127', 'Content-Type': 'application/json; charset=utf-8', 'cache-control': 'no-cache'})
2025-03-04 15:19:03,473 DEBUG Finished Request
2025-03-04 15:19:03,473 DEBUG GET http://localhost:57028/session/49d0f1858e436889723540e5fc1dade1/element/f.F2E30F56086DD7AAE6F4A4FB53894767.d.FBB8C7522F74706AC01E7A5B9986857D.e.116/text {}
2025-03-04 15:19:03,476 DEBUG http://localhost:57028 "GET /session/49d0f1858e436889723540e5fc1dade1/element/f.F2E30F56086DD7AAE6F4A4FB53894767.d.FBB8C7522F74706AC01E7A5B9986857D.e.116/text HTTP/11" 200 0
2025-03-04 15:19:03,476 DEBUG Remote response: status=200 | data={"value":"Masha Zoom"} | headers=HTTPHeaderDict({'Content-Length': '22', 'Content-Type': 'application/json; charset=utf-8', 'cache-control': 'no-cache'})
2025-03-04 15:19:03,476 DEBUG Finished Request
2025-03-04 15:19:03,476 DEBUG POST http://localhost:57028/session/49d0f1858e436889723540e5fc1dade1/element/f.F2E30F56086DD7AAE6F4A4FB53894767.d.FBB8C7522F74706AC01E7A5B9986857D.e.64/element {'using': 'css selector', 'value': '.VideoCard__extendedInfoView'}
2025-03-04 15:19:03,478 DEBUG http://localhost:57028 "POST /session/49d0f1858e436889723540e5fc1dade1/element/f.F2E30F56086DD7AAE6F4A4FB53894767.d.FBB8C7522F74706AC01E7A5B9986857D.e.64/element HTTP/11" 200 0
2025-03-04 15:19:03,478 DEBUG Remote response: status=200 | data={"value":{"element-6066-11e4-a52e-4f735466cecf":"f.F2E30F56086DD7AAE6F4A4FB53894767.d.FBB8C7522F74706AC01E7A5B9986857D.e.117"}} | headers=HTTPHeaderDict({'Content-Length': '127', 'Content-Type': 'application/json; charset=utf-8', 'cache-control': 'no-cache'})
2025-03-04 15:19:03,478 DEBUG Finished Request
2025-03-04 15:19:03,478 DEBUG GET http://localhost:57028/session/49d0f1858e436889723540e5fc1dade1/element/f.F2E30F56086DD7AAE6F4A4FB53894767.d.FBB8C7522F74706AC01E7A5B9986857D.e.117/text {}
2025-03-04 15:19:03,481 DEBUG http://localhost:57028 "GET /session/49d0f1858e436889723540e5fc1dade1/element/f.F2E30F56086DD7AAE6F4A4FB53894767.d.FBB8C7522F74706AC01E7A5B9986857D.e.117/text HTTP/11" 200 0
2025-03-04 15:19:03,481 DEBUG Remote response: status=200 | data={"value":"128 тыс просмотров"} | headers=HTTPHeaderDict({'Content-Length': '43', 'Content-Type': 'application/json; charset=utf-8', 'cache-control': 'no-cache'})
2025-03-04 15:19:03,481 DEBUG Finished Request
2025-03-04 15:19:03,481 DEBUG POST http://localhost:57028/session/49d0f1858e436889723540e5fc1dade1/element/f.F2E30F56086DD7AAE6F4A4FB53894767.d.FBB8C7522F74706AC01E7A5B9986857D.e.64/elements {'using': 'css selector', 'value': '.page_verified'}
2025-03-04 15:19:03,484 DEBUG http://localhost:57028 "POST /session/49d0f1858e436889723540e5fc1dade1/element/f.F2E30F56086DD7AAE6F4A4FB53894767.d.FBB8C7522F74706AC01E7A5B9986857D.e.64/elements HTTP/11" 200 0
2025-03-04 15:19:03,484 DEBUG Remote response: status=200 | data={"value":[{"element-6066-11e4-a52e-4f735466cecf":"f.F2E30F56086DD7AAE6F4A4FB53894767.d.FBB8C7522F74706AC01E7A5B9986857D.e.118"}]} | headers=HTTPHeaderDict({'Content-Length': '129', 'Content-Type': 'application/json; charset=utf-8', 'cache-control': 'no-cache'})
2025-03-04 15:19:03,484 DEBUG Finished Request
2025-03-04 15:19:03,484 DEBUG POST http://localhost:57028/session/49d0f1858e436889723540e5fc1dade1/element/f.F2E30F56086DD7AAE6F4A4FB53894767.d.FBB8C7522F74706AC01E7A5B9986857D.e.65/element {'using': 'css selector', 'value': '.VideoCard__title'}
2025-03-04 15:19:03,486 DEBUG http://localhost:57028 "POST /session/49d0f1858e436889723540e5fc1dade1/element/f.F2E30F56086DD7AAE6F4A4FB53894767.d.FBB8C7522F74706AC01E7A5B9986857D.e.65/element HTTP/11" 200 0
2025-03-04 15:19:03,486 DEBUG Remote response: status=200 | data={"value":{"element-6066-11e4-a52e-4f735466cecf":"f.F2E30F56086DD7AAE6F4A4FB53894767.d.FBB8C7522F74706AC01E7A5B9986857D.e.119"}} | headers=HTTPHeaderDict({'Content-Length': '127', 'Content-Type': 'application/json; charset=utf-8', 'cache-control': 'no-cache'})
2025-03-04 15:19:03,487 DEBUG Finished Request
2025-03-04 15:19:03,487 DEBUG GET http://localhost:57028/session/49d0f1858e436889723540e5fc1dade1/element/f.F2E30F56086DD7AAE6F4A4FB53894767.d.FBB8C7522F74706AC01E7A5B9986857D.e.119/text {}
2025-03-04 15:19:03,489 DEBUG http://localhost:57028 "GET /session/49d0f1858e436889723540e5fc1dade1/element/f.F2E30F56086DD7AAE6F4A4FB53894767.d.FBB8C7522F74706AC01E7A5B9986857D.e.119/text HTTP/11" 200 0
2025-03-04 15:19:03,489 DEBUG Remote response: status=200 | data={"value":"Десятка уволила тренера, судьба Родины Медиа, новые правила MFL | AGM #66"} | headers=HTTPHeaderDict({'Content-Length': '135', 'Content-Type': 'application/json; charset=utf-8', 'cache-control': 'no-cache'})
2025-03-04 15:19:03,489 DEBUG Finished Request
2025-03-04 15:19:03,489 DEBUG POST http://localhost:57028/session/49d0f1858e436889723540e5fc1dade1/element/f.F2E30F56086DD7AAE6F4A4FB53894767.d.FBB8C7522F74706AC01E7A5B9986857D.e.65/element {'using': 'css selector', 'value': '.VideoCard__ownerLink'}
2025-03-04 15:19:03,492 DEBUG http://localhost:57028 "POST /session/49d0f1858e436889723540e5fc1dade1/element/f.F2E30F56086DD7AAE6F4A4FB53894767.d.FBB8C7522F74706AC01E7A5B9986857D.e.65/element HTTP/11" 200 0
2025-03-04 15:19:03,492 DEBUG Remote response: status=200 | data={"value":{"element-6066-11e4-a52e-4f735466cecf":"f.F2E30F56086DD7AAE6F4A4FB53894767.d.FBB8C7522F74706AC01E7A5B9986857D.e.120"}} | headers=HTTPHeaderDict({'Content-Length': '127', 'Content-Type': 'application/json; charset=utf-8', 'cache-control': 'no-cache'})
2025-03-04 15:19:03,492 DEBUG Finished Request
2025-03-04 15:19:03,492 DEBUG GET http://localhost:57028/session/49d0f1858e436889723540e5fc1dade1/element/f.F2E30F56086DD7AAE6F4A4FB53894767.d.FBB8C7522F74706AC01E7A5B9986857D.e.120/text {}
2025-03-04 15:19:03,495 DEBUG http://localhost:57028 "GET /session/49d0f1858e436889723540e5fc1dade1/element/f.F2E30F56086DD7AAE6F4A4FB53894767.d.FBB8C7522F74706AC01E7A5B9986857D.e.120/text HTTP/11" 200 0
2025-03-04 15:19:03,495 DEBUG Remote response: status=200 | data={"value":"Winline Media League | Медиалига"} | headers=HTTPHeaderDict({'Content-Length': '53', 'Content-Type': 'application/json; charset=utf-8', 'cache-control': 'no-cache'})
2025-03-04 15:19:03,495 DEBUG Finished Request
2025-03-04 15:19:03,495 DEBUG POST http://localhost:57028/session/49d0f1858e436889723540e5fc1dade1/element/f.F2E30F56086DD7AAE6F4A4FB53894767.d.FBB8C7522F74706AC01E7A5B9986857D.e.65/element {'using': 'css selector', 'value': '.VideoCard__extendedInfoView'}
2025-03-04 15:19:03,498 DEBUG http://localhost:57028 "POST /session/49d0f1858e436889723540e5fc1dade1/element/f.F2E30F56086DD7AAE6F4A4FB53894767.d.FBB8C7522F74706AC01E7A5B9986857D.e.65/element HTTP/11" 200 0
2025-03-04 15:19:03,498 DEBUG Remote response: status=200 | data={"value":{"element-6066-11e4-a52e-4f735466cecf":"f.F2E30F56086DD7AAE6F4A4FB53894767.d.FBB8C7522F74706AC01E7A5B9986857D.e.121"}} | headers=HTTPHeaderDict({'Content-Length': '127', 'Content-Type': 'application/json; charset=utf-8', 'cache-control': 'no-cache'})
2025-03-04 15:19:03,498 DEBUG Finished Request
2025-03-04 15:19:03,498 DEBUG GET http://localhost:57028/session/49d0f1858e436889723540e5fc1dade1/element/f.F2E30F56086DD7AAE6F4A4FB53894767.d.FBB8C7522F74706AC01E7A5B9986857D.e.121/text {}
2025-03-04 15:19:03,500 DEBUG http://localhost:57028 "GET /session/49d0f1858e436889723540e5fc1dade1/element/f.F2E30F56086DD7AAE6F4A4FB53894767.d.FBB8C7522F74706AC01E7A5B9986857D.e.121/text HTTP/11" 200 0
2025-03-04 15:19:03,501 DEBUG Remote response: status=200 | data={"value":"337 тыс просмотров"} | headers=HTTPHeaderDict({'Content-Length': '43', 'Content-Type': 'application/json; charset=utf-8', 'cache-control': 'no-cache'})
2025-03-04 15:19:03,501 DEBUG Finished Request
2025-03-04 15:19:03,501 DEBUG POST http://localhost:57028/session/49d0f1858e436889723540e5fc1dade1/element/f.F2E30F56086DD7AAE6F4A4FB53894767.d.FBB8C7522F74706AC01E7A5B9986857D.e.65/elements {'using': 'css selector', 'value': '.page_verified'}
2025-03-04 15:19:03,503 DEBUG http://localhost:57028 "POST /session/49d0f1858e436889723540e5fc1dade1/element/f.F2E30F56086DD7AAE6F4A4FB53894767.d.FBB8C7522F74706AC01E7A5B9986857D.e.65/elements HTTP/11" 200 0
2025-03-04 15:19:03,503 DEBUG Remote response: status=200 | data={"value":[{"element-6066-11e4-a52e-4f735466cecf":"f.F2E30F56086DD7AAE6F4A4FB53894767.d.FBB8C7522F74706AC01E7A5B9986857D.e.122"}]} | headers=HTTPHeaderDict({'Content-Length': '129', 'Content-Type': 'application/json; charset=utf-8', 'cache-control': 'no-cache'})
2025-03-04 15:19:03,503 DEBUG Finished Request
2025-03-04 15:19:03,503 DEBUG POST http://localhost:57028/session/49d0f1858e436889723540e5fc1dade1/element/f.F2E30F56086DD7AAE6F4A4FB53894767.d.FBB8C7522F74706AC01E7A5B9986857D.e.66/element {'using': 'css selector', 'value': '.VideoCard__title'}
2025-03-04 15:19:03,506 DEBUG http://localhost:57028 "POST /session/49d0f1858e436889723540e5fc1dade1/element/f.F2E30F56086DD7AAE6F4A4FB53894767.d.FBB8C7522F74706AC01E7A5B9986857D.e.66/element HTTP/11" 200 0
2025-03-04 15:19:03,506 DEBUG Remote response: status=200 | data={"value":{"element-6066-11e4-a52e-4f735466cecf":"f.F2E30F56086DD7AAE6F4A4FB53894767.d.FBB8C7522F74706AC01E7A5B9986857D.e.123"}} | headers=HTTPHeaderDict({'Content-Length': '127', 'Content-Type': 'application/json; charset=utf-8', 'cache-control': 'no-cache'})
2025-03-04 15:19:03,506 DEBUG Finished Request
2025-03-04 15:19:03,506 DEBUG GET http://localhost:57028/session/49d0f1858e436889723540e5fc1dade1/element/f.F2E30F56086DD7AAE6F4A4FB53894767.d.FBB8C7522F74706AC01E7A5B9986857D.e.123/text {}
2025-03-04 15:19:03,509 DEBUG http://localhost:57028 "GET /session/49d0f1858e436889723540e5fc1dade1/element/f.F2E30F56086DD7AAE6F4A4FB53894767.d.FBB8C7522F74706AC01E7A5B9986857D.e.123/text HTTP/11" 200 0
2025-03-04 15:19:03,509 DEBUG Remote response: status=200 | data={"value":"Сплетни #7 Юля Коваль | Мурашкина Карина"} | headers=HTTPHeaderDict({'Content-Length': '83', 'Content-Type': 'application/json; charset=utf-8', 'cache-control': 'no-cache'})
2025-03-04 15:19:03,509 DEBUG Finished Request
2025-03-04 15:19:03,509 DEBUG POST http://localhost:57028/session/49d0f1858e436889723540e5fc1dade1/element/f.F2E30F56086DD7AAE6F4A4FB53894767.d.FBB8C7522F74706AC01E7A5B9986857D.e.66/element {'using': 'css selector', 'value': '.VideoCard__ownerLink'}
2025-03-04 15:19:03,511 DEBUG http://localhost:57028 "POST /session/49d0f1858e436889723540e5fc1dade1/element/f.F2E30F56086DD7AAE6F4A4FB53894767.d.FBB8C7522F74706AC01E7A5B9986857D.e.66/element HTTP/11" 200 0
2025-03-04 15:19:03,511 DEBUG Remote response: status=200 | data={"value":{"element-6066-11e4-a52e-4f735466cecf":"f.F2E30F56086DD7AAE6F4A4FB53894767.d.FBB8C7522F74706AC01E7A5B9986857D.e.124"}} | headers=HTTPHeaderDict({'Content-Length': '127', 'Content-Type': 'application/json; charset=utf-8', 'cache-control': 'no-cache'})
2025-03-04 15:19:03,511 DEBUG Finished Request
2025-03-04 15:19:03,511 DEBUG GET http://localhost:57028/session/49d0f1858e436889723540e5fc1dade1/element/f.F2E30F56086DD7AAE6F4A4FB53894767.d.FBB8C7522F74706AC01E7A5B9986857D.e.124/text {}
2025-03-04 15:19:03,514 DEBUG http://localhost:57028 "GET /session/49d0f1858e436889723540e5fc1dade1/element/f.F2E30F56086DD7AAE6F4A4FB53894767.d.FBB8C7522F74706AC01E7A5B9986857D.e.124/text HTTP/11" 200 0
2025-03-04 15:19:03,514 DEBUG Remote response: status=200 | data={"value":"Мурашкина lovemurmur"} | headers=HTTPHeaderDict({'Content-Length': '41', 'Content-Type': 'application/json; charset=utf-8', 'cache-control': 'no-cache'})
2025-03-04 15:19:03,514 DEBUG Finished Request
2025-03-04 15:19:03,514 DEBUG POST http://localhost:57028/session/49d0f1858e436889723540e5fc1dade1/element/f.F2E30F56086DD7AAE6F4A4FB53894767.d.FBB8C7522F74706AC01E7A5B9986857D.e.66/element {'using': 'css selector', 'value': '.VideoCard__extendedInfoView'}
2025-03-04 15:19:03,517 DEBUG http://localhost:57028 "POST /session/49d0f1858e436889723540e5fc1dade1/element/f.F2E30F56086DD7AAE6F4A4FB53894767.d.FBB8C7522F74706AC01E7A5B9986857D.e.66/element HTTP/11" 200 0
2025-03-04 15:19:03,517 DEBUG Remote response: status=200 | data={"value":{"element-6066-11e4-a52e-4f735466cecf":"f.F2E30F56086DD7AAE6F4A4FB53894767.d.FBB8C7522F74706AC01E7A5B9986857D.e.125"}} | headers=HTTPHeaderDict({'Content-Length': '127', 'Content-Type': 'application/json; charset=utf-8', 'cache-control': 'no-cache'})
2025-03-04 15:19:03,517 DEBUG Finished Request
2025-03-04 15:19:03,517 DEBUG GET http://localhost:57028/session/49d0f1858e436889723540e5fc1dade1/element/f.F2E30F56086DD7AAE6F4A4FB53894767.d.FBB8C7522F74706AC01E7A5B9986857D.e.125/text {}
2025-03-04 15:19:03,520 DEBUG http://localhost:57028 "GET /session/49d0f1858e436889723540e5fc1dade1/element/f.F2E30F56086DD7AAE6F4A4FB53894767.d.FBB8C7522F74706AC01E7A5B9986857D.e.125/text HTTP/11" 200 0
2025-03-04 15:19:03,520 DEBUG Remote response: status=200 | data={"value":"127 тыс просмотров"} | headers=HTTPHeaderDict({'Content-Length': '43', 'Content-Type': 'application/json; charset=utf-8', 'cache-control': 'no-cache'})
2025-03-04 15:19:03,520 DEBUG Finished Request
2025-03-04 15:19:03,520 DEBUG POST http://localhost:57028/session/49d0f1858e436889723540e5fc1dade1/element/f.F2E30F56086DD7AAE6F4A4FB53894767.d.FBB8C7522F74706AC01E7A5B9986857D.e.66/elements {'using': 'css selector', 'value': '.page_verified'}
2025-03-04 15:19:03,522 DEBUG http://localhost:57028 "POST /session/49d0f1858e436889723540e5fc1dade1/element/f.F2E30F56086DD7AAE6F4A4FB53894767.d.FBB8C7522F74706AC01E7A5B9986857D.e.66/elements HTTP/11" 200 0
2025-03-04 15:19:03,522 DEBUG Remote response: status=200 | data={"value":[]} | headers=HTTPHeaderDict({'Content-Length': '12', 'Content-Type': 'application/json; charset=utf-8', 'cache-control': 'no-cache'})
2025-03-04 15:19:03,522 DEBUG Finished Request
2025-03-04 15:19:03,522 DEBUG POST http://localhost:57028/session/49d0f1858e436889723540e5fc1dade1/element/f.F2E30F56086DD7AAE6F4A4FB53894767.d.FBB8C7522F74706AC01E7A5B9986857D.e.67/element {'using': 'css selector', 'value': '.VideoCard__title'}
2025-03-04 15:19:03,525 DEBUG http://localhost:57028 "POST /session/49d0f1858e436889723540e5fc1dade1/element/f.F2E30F56086DD7AAE6F4A4FB53894767.d.FBB8C7522F74706AC01E7A5B9986857D.e.67/element HTTP/11" 200 0
2025-03-04 15:19:03,525 DEBUG Remote response: status=200 | data={"value":{"element-6066-11e4-a52e-4f735466cecf":"f.F2E30F56086DD7AAE6F4A4FB53894767.d.FBB8C7522F74706AC01E7A5B9986857D.e.126"}} | headers=HTTPHeaderDict({'Content-Length': '127', 'Content-Type': 'application/json; charset=utf-8', 'cache-control': 'no-cache'})
2025-03-04 15:19:03,525 DEBUG Finished Request
2025-03-04 15:19:03,525 DEBUG GET http://localhost:57028/session/49d0f1858e436889723540e5fc1dade1/element/f.F2E30F56086DD7AAE6F4A4FB53894767.d.FBB8C7522F74706AC01E7A5B9986857D.e.126/text {}
2025-03-04 15:19:03,528 DEBUG http://localhost:57028 "GET /session/49d0f1858e436889723540e5fc1dade1/element/f.F2E30F56086DD7AAE6F4A4FB53894767.d.FBB8C7522F74706AC01E7A5B9986857D.e.126/text HTTP/11" 200 0
2025-03-04 15:19:03,528 DEBUG Remote response: status=200 | data={"value":"СВАДЬБА и ПРЕДЛОЖЕНИЕ в Дубровском Синдикате"} | headers=HTTPHeaderDict({'Content-Length': '95', 'Content-Type': 'application/json; charset=utf-8', 'cache-control': 'no-cache'})
2025-03-04 15:19:03,528 DEBUG Finished Request
2025-03-04 15:19:03,528 DEBUG POST http://localhost:57028/session/49d0f1858e436889723540e5fc1dade1/element/f.F2E30F56086DD7AAE6F4A4FB53894767.d.FBB8C7522F74706AC01E7A5B9986857D.e.67/element {'using': 'css selector', 'value': '.VideoCard__ownerLink'}
2025-03-04 15:19:03,531 DEBUG http://localhost:57028 "POST /session/49d0f1858e436889723540e5fc1dade1/element/f.F2E30F56086DD7AAE6F4A4FB53894767.d.FBB8C7522F74706AC01E7A5B9986857D.e.67/element HTTP/11" 200 0
2025-03-04 15:19:03,531 DEBUG Remote response: status=200 | data={"value":{"element-6066-11e4-a52e-4f735466cecf":"f.F2E30F56086DD7AAE6F4A4FB53894767.d.FBB8C7522F74706AC01E7A5B9986857D.e.127"}} | headers=HTTPHeaderDict({'Content-Length': '127', 'Content-Type': 'application/json; charset=utf-8', 'cache-control': 'no-cache'})
2025-03-04 15:19:03,531 DEBUG Finished Request
2025-03-04 15:19:03,531 DEBUG GET http://localhost:57028/session/49d0f1858e436889723540e5fc1dade1/element/f.F2E30F56086DD7AAE6F4A4FB53894767.d.FBB8C7522F74706AC01E7A5B9986857D.e.127/text {}
2025-03-04 15:19:03,533 DEBUG http://localhost:57028 "GET /session/49d0f1858e436889723540e5fc1dade1/element/f.F2E30F56086DD7AAE6F4A4FB53894767.d.FBB8C7522F74706AC01E7A5B9986857D.e.127/text HTTP/11" 200 0
2025-03-04 15:19:03,533 DEBUG Remote response: status=200 | data={"value":"Motor Heart Studio"} | headers=HTTPHeaderDict({'Content-Length': '30', 'Content-Type': 'application/json; charset=utf-8', 'cache-control': 'no-cache'})
2025-03-04 15:19:03,533 DEBUG Finished Request
2025-03-04 15:19:03,534 DEBUG POST http://localhost:57028/session/49d0f1858e436889723540e5fc1dade1/element/f.F2E30F56086DD7AAE6F4A4FB53894767.d.FBB8C7522F74706AC01E7A5B9986857D.e.67/element {'using': 'css selector', 'value': '.VideoCard__extendedInfoView'}
2025-03-04 15:19:03,536 DEBUG http://localhost:57028 "POST /session/49d0f1858e436889723540e5fc1dade1/element/f.F2E30F56086DD7AAE6F4A4FB53894767.d.FBB8C7522F74706AC01E7A5B9986857D.e.67/element HTTP/11" 200 0
2025-03-04 15:19:03,536 DEBUG Remote response: status=200 | data={"value":{"element-6066-11e4-a52e-4f735466cecf":"f.F2E30F56086DD7AAE6F4A4FB53894767.d.FBB8C7522F74706AC01E7A5B9986857D.e.128"}} | headers=HTTPHeaderDict({'Content-Length': '127', 'Content-Type': 'application/json; charset=utf-8', 'cache-control': 'no-cache'})
2025-03-04 15:19:03,536 DEBUG Finished Request
2025-03-04 15:19:03,536 DEBUG GET http://localhost:57028/session/49d0f1858e436889723540e5fc1dade1/element/f.F2E30F56086DD7AAE6F4A4FB53894767.d.FBB8C7522F74706AC01E7A5B9986857D.e.128/text {}
2025-03-04 15:19:03,539 DEBUG http://localhost:57028 "GET /session/49d0f1858e436889723540e5fc1dade1/element/f.F2E30F56086DD7AAE6F4A4FB53894767.d.FBB8C7522F74706AC01E7A5B9986857D.e.128/text HTTP/11" 200 0
2025-03-04 15:19:03,539 DEBUG Remote response: status=200 | data={"value":"127 тыс просмотров"} | headers=HTTPHeaderDict({'Content-Length': '43', 'Content-Type': 'application/json; charset=utf-8', 'cache-control': 'no-cache'})
2025-03-04 15:19:03,539 DEBUG Finished Request
2025-03-04 15:19:03,539 DEBUG POST http://localhost:57028/session/49d0f1858e436889723540e5fc1dade1/element/f.F2E30F56086DD7AAE6F4A4FB53894767.d.FBB8C7522F74706AC01E7A5B9986857D.e.67/elements {'using': 'css selector', 'value': '.page_verified'}
2025-03-04 15:19:03,542 DEBUG http://localhost:57028 "POST /session/49d0f1858e436889723540e5fc1dade1/element/f.F2E30F56086DD7AAE6F4A4FB53894767.d.FBB8C7522F74706AC01E7A5B9986857D.e.67/elements HTTP/11" 200 0
2025-03-04 15:19:03,542 DEBUG Remote response: status=200 | data={"value":[]} | headers=HTTPHeaderDict({'Content-Length': '12', 'Content-Type': 'application/json; charset=utf-8', 'cache-control': 'no-cache'})
2025-03-04 15:19:03,542 DEBUG Finished Request
2025-03-04 15:19:03,542 DEBUG POST http://localhost:57028/session/49d0f1858e436889723540e5fc1dade1/element/f.F2E30F56086DD7AAE6F4A4FB53894767.d.FBB8C7522F74706AC01E7A5B9986857D.e.68/element {'using': 'css selector', 'value': '.VideoCard__title'}
2025-03-04 15:19:03,544 DEBUG http://localhost:57028 "POST /session/49d0f1858e436889723540e5fc1dade1/element/f.F2E30F56086DD7AAE6F4A4FB53894767.d.FBB8C7522F74706AC01E7A5B9986857D.e.68/element HTTP/11" 200 0
2025-03-04 15:19:03,544 DEBUG Remote response: status=200 | data={"value":{"element-6066-11e4-a52e-4f735466cecf":"f.F2E30F56086DD7AAE6F4A4FB53894767.d.FBB8C7522F74706AC01E7A5B9986857D.e.129"}} | headers=HTTPHeaderDict({'Content-Length': '127', 'Content-Type': 'application/json; charset=utf-8', 'cache-control': 'no-cache'})
2025-03-04 15:19:03,544 DEBUG Finished Request
2025-03-04 15:19:03,544 DEBUG GET http://localhost:57028/session/49d0f1858e436889723540e5fc1dade1/element/f.F2E30F56086DD7AAE6F4A4FB53894767.d.FBB8C7522F74706AC01E7A5B9986857D.e.129/text {}
2025-03-04 15:19:03,547 DEBUG http://localhost:57028 "GET /session/49d0f1858e436889723540e5fc1dade1/element/f.F2E30F56086DD7AAE6F4A4FB53894767.d.FBB8C7522F74706AC01E7A5B9986857D.e.129/text HTTP/11" 200 0
2025-03-04 15:19:03,547 DEBUG Remote response: status=200 | data={"value":"Когда кухня слишком ВЫСОКА!? Ресторан Inner. Славный Обзор"} | headers=HTTPHeaderDict({'Content-Length': '113', 'Content-Type': 'application/json; charset=utf-8', 'cache-control': 'no-cache'})
2025-03-04 15:19:03,547 DEBUG Finished Request
2025-03-04 15:19:03,547 DEBUG POST http://localhost:57028/session/49d0f1858e436889723540e5fc1dade1/element/f.F2E30F56086DD7AAE6F4A4FB53894767.d.FBB8C7522F74706AC01E7A5B9986857D.e.68/element {'using': 'css selector', 'value': '.VideoCard__ownerLink'}
2025-03-04 15:19:03,550 DEBUG http://localhost:57028 "POST /session/49d0f1858e436889723540e5fc1dade1/element/f.F2E30F56086DD7AAE6F4A4FB53894767.d.FBB8C7522F74706AC01E7A5B9986857D.e.68/element HTTP/11" 200 0
2025-03-04 15:19:03,550 DEBUG Remote response: status=200 | data={"value":{"element-6066-11e4-a52e-4f735466cecf":"f.F2E30F56086DD7AAE6F4A4FB53894767.d.FBB8C7522F74706AC01E7A5B9986857D.e.130"}} | headers=HTTPHeaderDict({'Content-Length': '127', 'Content-Type': 'application/json; charset=utf-8', 'cache-control': 'no-cache'})
2025-03-04 15:19:03,550 DEBUG Finished Request
2025-03-04 15:19:03,550 DEBUG GET http://localhost:57028/session/49d0f1858e436889723540e5fc1dade1/element/f.F2E30F56086DD7AAE6F4A4FB53894767.d.FBB8C7522F74706AC01E7A5B9986857D.e.130/text {}
2025-03-04 15:19:03,553 DEBUG http://localhost:57028 "GET /session/49d0f1858e436889723540e5fc1dade1/element/f.F2E30F56086DD7AAE6F4A4FB53894767.d.FBB8C7522F74706AC01E7A5B9986857D.e.130/text HTTP/11" 200 0
2025-03-04 15:19:03,553 DEBUG Remote response: status=200 | data={"value":"Славный Друже Oblomoff"} | headers=HTTPHeaderDict({'Content-Length': '46', 'Content-Type': 'application/json; charset=utf-8', 'cache-control': 'no-cache'})
2025-03-04 15:19:03,553 DEBUG Finished Request
2025-03-04 15:19:03,553 DEBUG POST http://localhost:57028/session/49d0f1858e436889723540e5fc1dade1/element/f.F2E30F56086DD7AAE6F4A4FB53894767.d.FBB8C7522F74706AC01E7A5B9986857D.e.68/element {'using': 'css selector', 'value': '.VideoCard__extendedInfoView'}
2025-03-04 15:19:03,555 DEBUG http://localhost:57028 "POST /session/49d0f1858e436889723540e5fc1dade1/element/f.F2E30F56086DD7AAE6F4A4FB53894767.d.FBB8C7522F74706AC01E7A5B9986857D.e.68/element HTTP/11" 200 0
2025-03-04 15:19:03,555 DEBUG Remote response: status=200 | data={"value":{"element-6066-11e4-a52e-4f735466cecf":"f.F2E30F56086DD7AAE6F4A4FB53894767.d.FBB8C7522F74706AC01E7A5B9986857D.e.131"}} | headers=HTTPHeaderDict({'Content-Length': '127', 'Content-Type': 'application/json; charset=utf-8', 'cache-control': 'no-cache'})
2025-03-04 15:19:03,555 DEBUG Finished Request
2025-03-04 15:19:03,555 DEBUG GET http://localhost:57028/session/49d0f1858e436889723540e5fc1dade1/element/f.F2E30F56086DD7AAE6F4A4FB53894767.d.FBB8C7522F74706AC01E7A5B9986857D.e.131/text {}
2025-03-04 15:19:03,558 DEBUG http://localhost:57028 "GET /session/49d0f1858e436889723540e5fc1dade1/element/f.F2E30F56086DD7AAE6F4A4FB53894767.d.FBB8C7522F74706AC01E7A5B9986857D.e.131/text HTTP/11" 200 0
2025-03-04 15:19:03,558 DEBUG Remote response: status=200 | data={"value":"162 тыс просмотров"} | headers=HTTPHeaderDict({'Content-Length': '43', 'Content-Type': 'application/json; charset=utf-8', 'cache-control': 'no-cache'})
2025-03-04 15:19:03,558 DEBUG Finished Request
2025-03-04 15:19:03,558 DEBUG POST http://localhost:57028/session/49d0f1858e436889723540e5fc1dade1/element/f.F2E30F56086DD7AAE6F4A4FB53894767.d.FBB8C7522F74706AC01E7A5B9986857D.e.68/elements {'using': 'css selector', 'value': '.page_verified'}
2025-03-04 15:19:03,561 DEBUG http://localhost:57028 "POST /session/49d0f1858e436889723540e5fc1dade1/element/f.F2E30F56086DD7AAE6F4A4FB53894767.d.FBB8C7522F74706AC01E7A5B9986857D.e.68/elements HTTP/11" 200 0
2025-03-04 15:19:03,561 DEBUG Remote response: status=200 | data={"value":[{"element-6066-11e4-a52e-4f735466cecf":"f.F2E30F56086DD7AAE6F4A4FB53894767.d.FBB8C7522F74706AC01E7A5B9986857D.e.132"}]} | headers=HTTPHeaderDict({'Content-Length': '129', 'Content-Type': 'application/json; charset=utf-8', 'cache-control': 'no-cache'})
2025-03-04 15:19:03,561 DEBUG Finished Request
2025-03-04 15:19:03,561 DEBUG POST http://localhost:57028/session/49d0f1858e436889723540e5fc1dade1/element/f.F2E30F56086DD7AAE6F4A4FB53894767.d.FBB8C7522F74706AC01E7A5B9986857D.e.69/element {'using': 'css selector', 'value': '.VideoCard__title'}
2025-03-04 15:19:03,563 DEBUG http://localhost:57028 "POST /session/49d0f1858e436889723540e5fc1dade1/element/f.F2E30F56086DD7AAE6F4A4FB53894767.d.FBB8C7522F74706AC01E7A5B9986857D.e.69/element HTTP/11" 200 0
2025-03-04 15:19:03,563 DEBUG Remote response: status=200 | data={"value":{"element-6066-11e4-a52e-4f735466cecf":"f.F2E30F56086DD7AAE6F4A4FB53894767.d.FBB8C7522F74706AC01E7A5B9986857D.e.133"}} | headers=HTTPHeaderDict({'Content-Length': '127', 'Content-Type': 'application/json; charset=utf-8', 'cache-control': 'no-cache'})
2025-03-04 15:19:03,563 DEBUG Finished Request
2025-03-04 15:19:03,563 DEBUG GET http://localhost:57028/session/49d0f1858e436889723540e5fc1dade1/element/f.F2E30F56086DD7AAE6F4A4FB53894767.d.FBB8C7522F74706AC01E7A5B9986857D.e.133/text {}
2025-03-04 15:19:03,566 DEBUG http://localhost:57028 "GET /session/49d0f1858e436889723540e5fc1dade1/element/f.F2E30F56086DD7AAE6F4A4FB53894767.d.FBB8C7522F74706AC01E7A5B9986857D.e.133/text HTTP/11" 200 0
2025-03-04 15:19:03,566 DEBUG Remote response: status=200 | data={"value":"Влог Сочи / Зимние каникулы"} | headers=HTTPHeaderDict({'Content-Length': '61', 'Content-Type': 'application/json; charset=utf-8', 'cache-control': 'no-cache'})
2025-03-04 15:19:03,566 DEBUG Finished Request
2025-03-04 15:19:03,566 DEBUG POST http://localhost:57028/session/49d0f1858e436889723540e5fc1dade1/element/f.F2E30F56086DD7AAE6F4A4FB53894767.d.FBB8C7522F74706AC01E7A5B9986857D.e.69/element {'using': 'css selector', 'value': '.VideoCard__ownerLink'}
2025-03-04 15:19:03,570 DEBUG http://localhost:57028 "POST /session/49d0f1858e436889723540e5fc1dade1/element/f.F2E30F56086DD7AAE6F4A4FB53894767.d.FBB8C7522F74706AC01E7A5B9986857D.e.69/element HTTP/11" 200 0
2025-03-04 15:19:03,570 DEBUG Remote response: status=200 | data={"value":{"element-6066-11e4-a52e-4f735466cecf":"f.F2E30F56086DD7AAE6F4A4FB53894767.d.FBB8C7522F74706AC01E7A5B9986857D.e.134"}} | headers=HTTPHeaderDict({'Content-Length': '127', 'Content-Type': 'application/json; charset=utf-8', 'cache-control': 'no-cache'})
2025-03-04 15:19:03,570 DEBUG Finished Request
2025-03-04 15:19:03,570 DEBUG GET http://localhost:57028/session/49d0f1858e436889723540e5fc1dade1/element/f.F2E30F56086DD7AAE6F4A4FB53894767.d.FBB8C7522F74706AC01E7A5B9986857D.e.134/text {}
2025-03-04 15:19:03,572 DEBUG http://localhost:57028 "GET /session/49d0f1858e436889723540e5fc1dade1/element/f.F2E30F56086DD7AAE6F4A4FB53894767.d.FBB8C7522F74706AC01E7A5B9986857D.e.134/text HTTP/11" 200 0
2025-03-04 15:19:03,573 DEBUG Remote response: status=200 | data={"value":"Anyaischuk"} | headers=HTTPHeaderDict({'Content-Length': '22', 'Content-Type': 'application/json; charset=utf-8', 'cache-control': 'no-cache'})
2025-03-04 15:19:03,573 DEBUG Finished Request
2025-03-04 15:19:03,573 DEBUG POST http://localhost:57028/session/49d0f1858e436889723540e5fc1dade1/element/f.F2E30F56086DD7AAE6F4A4FB53894767.d.FBB8C7522F74706AC01E7A5B9986857D.e.69/element {'using': 'css selector', 'value': '.VideoCard__extendedInfoView'}
2025-03-04 15:19:03,575 DEBUG http://localhost:57028 "POST /session/49d0f1858e436889723540e5fc1dade1/element/f.F2E30F56086DD7AAE6F4A4FB53894767.d.FBB8C7522F74706AC01E7A5B9986857D.e.69/element HTTP/11" 200 0
2025-03-04 15:19:03,575 DEBUG Remote response: status=200 | data={"value":{"element-6066-11e4-a52e-4f735466cecf":"f.F2E30F56086DD7AAE6F4A4FB53894767.d.FBB8C7522F74706AC01E7A5B9986857D.e.135"}} | headers=HTTPHeaderDict({'Content-Length': '127', 'Content-Type': 'application/json; charset=utf-8', 'cache-control': 'no-cache'})
2025-03-04 15:19:03,575 DEBUG Finished Request
2025-03-04 15:19:03,575 DEBUG GET http://localhost:57028/session/49d0f1858e436889723540e5fc1dade1/element/f.F2E30F56086DD7AAE6F4A4FB53894767.d.FBB8C7522F74706AC01E7A5B9986857D.e.135/text {}
2025-03-04 15:19:03,578 DEBUG http://localhost:57028 "GET /session/49d0f1858e436889723540e5fc1dade1/element/f.F2E30F56086DD7AAE6F4A4FB53894767.d.FBB8C7522F74706AC01E7A5B9986857D.e.135/text HTTP/11" 200 0
2025-03-04 15:19:03,578 DEBUG Remote response: status=200 | data={"value":"338 тыс просмотров"} | headers=HTTPHeaderDict({'Content-Length': '43', 'Content-Type': 'application/json; charset=utf-8', 'cache-control': 'no-cache'})
2025-03-04 15:19:03,578 DEBUG Finished Request
2025-03-04 15:19:03,578 DEBUG POST http://localhost:57028/session/49d0f1858e436889723540e5fc1dade1/element/f.F2E30F56086DD7AAE6F4A4FB53894767.d.FBB8C7522F74706AC01E7A5B9986857D.e.69/elements {'using': 'css selector', 'value': '.page_verified'}
2025-03-04 15:19:03,581 DEBUG http://localhost:57028 "POST /session/49d0f1858e436889723540e5fc1dade1/element/f.F2E30F56086DD7AAE6F4A4FB53894767.d.FBB8C7522F74706AC01E7A5B9986857D.e.69/elements HTTP/11" 200 0
2025-03-04 15:19:03,581 DEBUG Remote response: status=200 | data={"value":[{"element-6066-11e4-a52e-4f735466cecf":"f.F2E30F56086DD7AAE6F4A4FB53894767.d.FBB8C7522F74706AC01E7A5B9986857D.e.136"}]} | headers=HTTPHeaderDict({'Content-Length': '129', 'Content-Type': 'application/json; charset=utf-8', 'cache-control': 'no-cache'})
2025-03-04 15:19:03,581 DEBUG Finished Request
2025-03-04 15:19:03,581 DEBUG DELETE http://localhost:57028/session/49d0f1858e436889723540e5fc1dade1 {}
2025-03-04 15:19:03,638 DEBUG http://localhost:57028 "DELETE /session/49d0f1858e436889723540e5fc1dade1 HTTP/11" 200 0
2025-03-04 15:19:03,638 DEBUG Remote response: status=200 | data={"value":null} | headers=HTTPHeaderDict({'Content-Length': '14', 'Content-Type': 'application/json; charset=utf-8', 'cache-control': 'no-cache'})
2025-03-04 15:19:03,638 DEBUG Finished Request
