id,owner_id,title,description,duration,date,views,comments,likes_count,reposts_count,player,can_like,can_repost,can_dislike,is_pinned,image_url
456239756,-211229778,Женский Форум #79,"Сделай подарок любимым, а МТС Live подарит тебе праздничный кешбэк 25% при покупке любых билетов на МТС Live: https://l.mts.ru/zhenforum 
Erid: 2VtzqvRythj

Купер — это твой человек по покупкам! Он привезёт всё нужное от продуктов и блюд из ресторанов до цветов и лекарств из аптек. А ещё сейчас в Купере проходит СуперКупер розыгрыш: просто заказывай в приложении, копи КуперКоины и участвуй в розыгрыше крутых призов, среди которых игровая приставка и тот самый стайлер. Скачивайте приложение: https://vk.cc/cIIxgb
Erid: 2VtzqwiMPnD

Подарки любимым в Спортмастере! А промокод СМЕХ даёт дополнительную скидку 20% на одежду, обувь и аксессуары в мобильном приложении и на сайте до 05.03.2025: https://vk.cc/cIKpA4
Erid: 2VtzqxEBZC9

Черный Жемчуг - эксперт по эффектным преображениям https://clck.ru/3GN7tX.
Реклама. ООО «ЮНИЛЕВЕР РУСЬ», ИНН 7705183476, erid: 2VtzqvpitAR

Варя Щербакова https://vk.com/varjauletela_group
Наташа Борисова https://vk.com/borisovaclub
Оля Парфенюк https://vk.com/oparfenyuk
Саша Муратова https://vk.com/muratovasasha

«Женский Форум» ВКонтакте https://vk.com/zhenforum  

00:00 Начало  
02:51 «Мужу собака важнее меня»  
33:15 «Показала грудь сотруднику ВБ» 
42:05 «Тупизм при парковки»  

Эксклюзивно в VK Видео.",4000,1740042000,5103787,922,27664,3594,https://vk.com/video_ext.php?oid=-211229778&id=456239756&hash=fe3b30d99c2b926a&__ref=vk.admin_android&api_hash=174069446797e5d19f487d17049d_GMZDANZRGM2TCOA,1,1,1,False,https://sun9-16.userapi.com/impg/EYQpbFcCLlp2f3b3rFTM5t4ZnBdUjHtRvC9o_Q/oKa2Joof_HQ.jpg?size=130x96&quality=95&keep_aspect_ratio=1&background=000000&sign=f4e4e1402b86fd90ae5699f7e8e18733&c_uniq_tag=w4zGOMuysUfl17CFmo0wNYjy31x1pmJfxq4VH2Uzzkk&type=video_thumb
456239748,-211229778,Женский Форум #78 | Алексей Смирнов,"Получайте повышенный кешбэк с МТС Premium в сервисах экосистемы МТС: 15% на маркетплейсах, оплачивая картой МТС Деньги, до 30% в салонах экосистемы МТС, а ещё для всех кешбэк до 25% в МТС Live: https://l.mts.ru/zhen_forum
Erid: 2Vtzqvgo7hW

До 19 февраля на Ozon проходит Фантазируй! Распродажа. Скидки до 85% и безграничный выбор подарков - от стильной одежды до электроники: https://ozon.ru/t/PQrdolZ

Реклама. ООО «Интернет Решения», 123112, г. Москва, Пресненская наб., д. 10 эт. 41 пом I, комн. 6; ОГРН 1027739244741, erid: 2VtzqwP4Yfv

подключай билайн и получи безлимит на видео бесплатно. даже при нуле! https://vk.cc/cHYJMy
erid: 2VtzqwdeXSU

Варя Щербакова https://vk.com/varjauletela_group
Наташа Борисова https://vk.com/borisovaclub
Оля Парфенюк https://vk.com/oparfenyuk
Саша Муратова https://vk.com/muratovasasha

Алексей Смирнов https://vk.com/cross_eye

«Женский Форум» ВКонтакте https://vk.com/zhenforum  

00:00 Начало  
28:44 «Ухаживает богатый карлик. Что делать?»  
45:37 «Понравился рыбак, есть план» 

Эксклюзивно в VK Видео.",3385,1738832400,5261088,773,26178,3584,https://vk.com/video_ext.php?oid=-211229778&id=456239748&hash=1258828624d3383a&__ref=vk.admin_android&api_hash=17406944674b7a3e1f984c6c57fa_GMZDANZRGM2TCOA,1,1,1,False,https://sun9-11.userapi.com/impg/8AgW1rnAld1hdlicQ2q93h4WhTKQMydBKSpQbQ/ljWqxbbs-E0.jpg?size=130x96&quality=95&keep_aspect_ratio=1&background=000000&sign=319659110610bfe4ef97d43182aef965&c_uniq_tag=2utSlO1M_kYgP0RxcM3Hi80KtPPwviLxXaIVPbjoSEg&type=video_thumb
456239738,-211229778,Женский Форум #77,"Технологии флагманов, премиальный дизайн, невероятная выносливость — и все это по доступной цене. Переходите на HONOR X9c — смартфон, который проверен Россией! https://vk.cc/cHHe1a
Erid: 2Vtzqwe65sA

На Ozon Travel выгодные цены, удобный и простой интерфейс, а еще есть мильная программа! Переходите по ссылке и планируйте свой отдых легко - https://ozon.ru/t/bZd4bYJ
Erid: 2Vtzqxde9hn

На Ozon огромный выбор товаров для дома: мебель, посуда, текстиль, декор и многое другое по выгодным ценам и с удобной доставкой: https://ozon.ru/t/W8xr41p
Erid: 2VtzqxNvetC

L’Oréal Paris
Erid: 2Vtzqv6bb24

Варя Щербакова https://vk.com/varjauletela_group
Наташа Борисова https://vk.com/borisovaclub
Оля Парфенюк https://vk.com/oparfenyuk
Саша Муратова https://vk.com/muratovasasha

«Женский Форум» ВКонтакте https://vk.com/zhenforum  

00:00 Начало  
04:14 «Почему полуголых девушек на улице не штрафуют»  
33:59 «Попросила у мужчины ФГДС - сбежал» 
48:05 «Сходила на массаж для похудения»  

Эксклюзивно в VK Видео.",3993,1738054800,4452855,776,28040,4018,https://vk.com/video_ext.php?oid=-211229778&id=456239738&hash=5f1ccd19561f43a0&__ref=vk.admin_android&api_hash=1740694467cb8be819f6fa520bc6_GMZDANZRGM2TCOA,1,1,1,False,https://sun9-4.userapi.com/impg/dxLSOkLkT9vRsgIefLlvswy8WrxFRZThDUedew/rLyMQuk7T_o.jpg?size=130x96&quality=95&keep_aspect_ratio=1&background=000000&sign=e71eb8a3ab8d239a8726b970e8dfd04f&c_uniq_tag=bVfSuvH_wy-LrhFuCaPpxWiL57jprxGU1r0D1cTnJWs&type=video_thumb
456239719,-211229778,Женский Форум #76 | Ольга Бузова | Новогодний,"С VoiceTech от МТС не нужно быть айтишником, чтобы пользоваться технологиями искусственного интеллекта, они созданы для комфортного общения: Защитник блокирует спам-звонки и теперь прямо во время разговора предупредит, если вы говорите с мошенником, а Секретарь ответит на звонки и пришлет вам запись. Подключить бесплатно на 30 дней: https://vk.cc/cG68S1
erid: 2Vtzqwqmzmf

Открывайте Россию вместе с яркой авиакомпанией Smartavia и авиапутешествуйте выгодно! Даже на Новый год. 
Билеты и подписка Smart Up для заядлых путешественников на сайте: flysmartavia.com
Erid: 2VtzqxCkVqk

Яндекс Лавка поддержит и порадует вас, пока вы заняты  — https://lavka.yandex.ru/. Скидка 40% на первый заказ до 8 января по промокоду FORUM.
Erid: 2VtzqxcMwRC

Те самые брауни fitness SHOCK без сахара можно заказать на OZON: https://vk.cc/cGoO2X
fitness SHOCK — 100% вкуса, 0% вины
Erid: 2VtzqwUgHm4

Готовые квартиры от Самолет со скидкой 25% для тех, кто №1 https://smlt.ru/foapvp4
Erid: 2VtzqubCcsk

Ольга Бузова https://vk.com/olgabuzova

Варя Щербакова https://vk.com/varjauletela_group
Наташа Борисова https://vk.com/borisovaclub
Оля Парфенюк https://vk.com/oparfenyuk
Саша Муратова https://vk.com/muratovasasha

«Женский Форум» ВКонтакте https://vk.com/zhenforum  

00:00 Начало  
04:19 «Новогодний стол не оценили»  
42:11 «Ольга Бузова или Фредди Меркьюри? Кто лучший певец?» 
51:45 «Отличие влюбленного взгляда от взгляда с желанием!»  
01:03:10 «Парень любит, когда я притворяюсь глупой»  

Эксклюзивно в VK Видео.",4574,1735549200,5879548,1930,43043,8517,https://vk.com/video_ext.php?oid=-211229778&id=456239719&hash=779c866703ce8dae&__ref=vk.admin_android&api_hash=17406944676de4ea6178748ccd85_GMZDANZRGM2TCOA,1,1,1,False,https://sun9-71.userapi.com/impg/0tkK5bi0Y-2tQWk8E1WoMWHuVqVyGaHuO3K-Pg/ZaohmO3cD_I.jpg?size=130x96&quality=95&keep_aspect_ratio=1&background=000000&sign=e3ab0ab6a2ac840cb103c78c4c87d5e6&c_uniq_tag=0a0YuoQ9NXqw0gyxk7kj80Dg2ZwqhQfoFDgvz0G94kU&type=video_thumb
456239713,-211229778,Женский Форум #75 | Александр Рогов | Новогодний,"Еще больше полезных новостей в сообществе Ozon Банка: https://vk.cc/cFKP1K

Оформляйте карту Ozon Банка и выбирайте выгоду для себя: https://s.ozon.ru/6K88R63?erid=2Vtzqx82Ria

Либресс скоро станет Libretta! Новое название - всё та же надежная защита днем и ночью от протеканий. Libretta - надежно, как ни назови!
https://vk.cc/cGozGe

Erid: 2VtzqwwnZTx

Сияй каждый день в новом году с продуктами L’Oreal Paris.
Ведь ты этого достойна!
Узнай подробнее: https://vk.cc/cGcOnf
Erid: 2Vtzqusmt5p

Лови удачу в 2025 году с бесплатным прогнозом и тарифом «Можно» за 299 рублей от Yota: https://vk.cc/cGu1Zz
Erid: 2VtzqviGgUa

Александр Рогов https://vk.com/alexandrrogov

Варя Щербакова https://vk.com/varjauletela_group
Наташа Борисова https://vk.com/borisovaclub
Оля Парфенюк https://vk.com/oparfenyuk
Саша Муратова https://vk.com/muratovasasha

«Женский Форум» ВКонтакте https://vk.com/zhenforum  

00:00 Начало  
05:55 «Хочет ли муж на новогоднем корпоративе пойти налево?»  
28:55 «Парень критикует на первом свидании» 
45:32 «Очень взрослым мужчинам ещё нужен секс»  
54:02 «Увидела как записана в телефоне»  

Эксклюзивно в VK Видео.",4055,1735376400,3994737,888,38128,4790,https://vk.com/video_ext.php?oid=-211229778&id=456239713&hash=fdacef531c1756c1&__ref=vk.admin_android&api_hash=1740694467b8f52a78f75ce6455a_GMZDANZRGM2TCOA,1,1,1,False,https://sun9-4.userapi.com/impg/f2oLwFqRjBvbSJGVBrE6EuOo6o2g52HrNkmYug/KL_ad1AmE8s.jpg?size=130x96&quality=95&keep_aspect_ratio=1&background=000000&sign=a423dac8027c9365a389d44b971d2941&c_uniq_tag=0bq9X6fDVLyr2TgyH4KC_o-9zzwKMu63xhbZzk2eVpA&type=video_thumb
456239710,-211229778,Женский Форум #74 | Олег Шепс | Новогодний,"В Спортмастере Двойная выгода — покупайте товары со скидками до 50% и получайте 3000 бонусов на будущие покупки. А промокод СМЖФ даёт дополнительную скидку 20% на одежду, обувь и аксессуары только онлайн в Спортмастере: https://vk.cc/cGfiXq

Erid: 2VtzquZRoA2

Absolut Repair Molecular от L’Oréal Professionnel восстанавливает очень поврежденные волосы на молекулярном уровне: https://vk.cc/cG4WhP

Erid: 2VtzqxDv58u

Сольный концерт Вари Щербаковой «Вот эта женщина, которая» https://vk.com/video-211231029_456239558

Олег Шепс https://vk.com/olegshepsmedium

Варя Щербакова https://vk.com/varjauletela_group
Наташа Борисова https://vk.com/borisovaclub
Оля Парфенюк https://vk.com/oparfenyuk
Саша Муратова https://vk.com/muratovasasha

«Женский Форум» ВКонтакте https://vk.com/zhenforum  
 
00:00 Начало  
02:47 «Сегодня подбрила парню подарок на Новый год»  
42:28 «Шепсы - краши!!» 
51:09 «Вы любите оральный секс?»  
01:01:35 «Секс с домовым?»  
01:05:05 «Утонула в реке на свидании»  

Эксклюзивно в VK Видео.",4594,1735203600,5306821,1481,45482,12401,https://vk.com/video_ext.php?oid=-211229778&id=456239710&hash=bc4da6383d5a2331&__ref=vk.admin_android&api_hash=1740694467f3d9fe966d9e76412a_GMZDANZRGM2TCOA,1,1,1,False,https://sun9-33.userapi.com/impg/vyMu-B2xq06IF1Dkz1fZPSw88A7jlqmhhCgMcg/TcI7nmEcesc.jpg?size=130x96&quality=95&keep_aspect_ratio=1&background=000000&sign=6db3151b8a4fe925b4e95e788977ab29&c_uniq_tag=jz-hly3RGLS4Pyw2yXmi615WCajFUlc88ho9PLpjOhA&type=video_thumb
456239699,-211229778,Женский Форум #73 | Ирина Мягкова,"Фен-щетка Tuvio на Яндекс Маркете https://clck.ru/3F5dZX

Erid: 2Vtzqwp3SdP

Авито Путешествия. Всё пройдёт как забронировано. Теперь и в отелях! https://commercial.link/br3

Реклама. Рекламодатель ООО «КЕХ еКоммерц». Erid 2VtzqwJKfDK 12+

Попробуйте ритуал для вашего роскошного блонда от Préférence. Осветление до 9 тонов с ультраосветляющей краской Préférence. Тонирование для нейтрализации желтизны с новинкой – кислотными тонерами Préférence. До 4 недель холодного блонда! 
Выберите свой оттенок https://vk.cc/cFJTDZ

Erid: 2VtzqxLGD1i

Ирина Мягкова https://vk.com/imyagkova

Варя Щербакова https://vk.com/varjauletela_group
Наташа Борисова https://vk.com/borisovaclub
Оля Парфенюк https://vk.com/oparfenyuk
Саша Муратова https://vk.com/muratovasasha

«Женский Форум» ВКонтакте https://vk.com/zhenforum  

00:00 Начало  
13:25 «Внезапные разговоры о делах во время секса»  
32:05 «Ремонт это блажь» 
57:34 «Фетиш на французский язык»  
 
Эксклюзивно в VK Видео.",4121,1733994000,4312557,600,30217,3483,https://vk.com/video_ext.php?oid=-211229778&id=456239699&hash=e1969ed48fd06cad&__ref=vk.admin_android&api_hash=174069446758478bee195b46099b_GMZDANZRGM2TCOA,1,1,1,False,https://sun9-24.userapi.com/impg/DYkQB30iooDvQtlVFci7nGakNlhEQYuySgU1wg/VE3MPshHIdU.jpg?size=130x96&quality=95&keep_aspect_ratio=1&background=000000&sign=706229ca7e48245f5a75734a84bff857&c_uniq_tag=kVjK5a8dZ7htfEUo03FMqsvyFXY_s41zbkIpdE1pNDY&type=video_thumb
456239685,-211229778,Женский Форум #72,"Скидки на товары Redmond на Яндекс Маркете в честь Черной Пятницы https://clck.ru/3EuH3j

Erid: 2VtzqveJdjM

Распродабрь — лучший месяц для шопинга в Спортмастере. Успейте приобрести товары дня со скидками до 70% до 2 декабря в мобильном приложении: https://clck.ru/3Eqq9Z

Erid: 2VtzqwJWqCj

Авито Путешествия. Всё пройдёт как забронировано. Теперь и в отелях! - https://clck.ru/3EMiVo?erid=2VtzqwV8ADm

erid: 2VtzqwV8ADm

Варя Щербакова https://vk.com/varjauletela_group
Наташа Борисова https://vk.com/borisovaclub
Оля Парфенюк https://vk.com/oparfenyuk
Саша Муратова https://vk.com/muratovasasha

«Женский Форум» ВКонтакте https://vk.com/zhenforum  

00:00 Начало  
05:32 «Дойдет ли семя по почте»  
20:03 «Меня боятся все таксисты города» 
46:47 «Вместо нового русского оказался работягой»  
 
Эксклюзивно в VK Видео.",3944,1732784400,4625408,543,27462,3802,https://vk.com/video_ext.php?oid=-211229778&id=456239685&hash=0900d0ad72122e56&__ref=vk.admin_android&api_hash=17406944676f72f028744630e35b_GMZDANZRGM2TCOA,1,1,1,False,https://sun9-49.userapi.com/impg/u0NindfCENALJMbAGyGR0SPfuOBzrJJdzMcPSQ/owiVowJ1p4c.jpg?size=130x96&quality=95&keep_aspect_ratio=1&background=000000&sign=f60ac1c2fb102b468bc0cd185c1430b9&c_uniq_tag=LH6FMv64qlnH8nPiDbrEo-bVkA9sx3SMLEyiqvrH-Vc&type=video_thumb
456239669,-211229778,Женский Форум #71 | Алексей Шальнов,"Бренд STELLARY выходит в свет, а это значит, что он стал доступнее! Теперь средства для создания роскошного макияжа можно купить в любой популярной бьюти-сети, выбор остается за Вами:
В Магнит Косметик https://bit.ly/4fmpmT4
В Золотом Яблоке https://bit.ly/3O5hDx0
В Лэтуаль https://bit.ly/3ABUcbk
На Ozon https://bit.ly/3YKMOlT

Erid: 2VtzqxS2oUH

На Ozon огромный выбор товаров для дома: мебель, посуда, текстиль, декор и многое другое по выгодным ценам и с удобной доставкой: https://ozon.ru/t/22G58N2

Erid: 2VtzqvYR6UV

Absolut Repair Molecular от L’Oréal Professionnel восстанавливает очень поврежденные волосы на молекулярном уровне https://vk.cc/cEBxIH

Erid: 2Vtzqvr6ZwB

Варя Щербакова https://vk.com/varjauletela_group
Наташа Борисова https://vk.com/borisovaclub
Оля Парфенюк https://vk.com/oparfenyuk
Саша Муратова https://vk.com/muratovasasha

Алексей Шальнов https://vk.com/aleshashalnov

«Женский Форум» ВКонтакте https://vk.com/zhenforum  

00:00 Начало  
15:40 «Ужасы сожительства с мужчиной»  
44:16 «Парень ходит вприпрыжку»  

Эксклюзивно в VK Видео.",3646,1731574800,4611854,1259,37350,5631,https://vk.com/video_ext.php?oid=-211229778&id=456239669&hash=c41273aa028de51a&__ref=vk.admin_android&api_hash=1740694467052d871e668408332a_GMZDANZRGM2TCOA,1,1,1,False,https://sun9-22.userapi.com/impg/iA0r5d-3x_G8WSVVrprgb2hhAYymrx3A5tSxEg/IoTuPHiZl7o.jpg?size=130x96&quality=95&keep_aspect_ratio=1&background=000000&sign=f784b2a246c93a28d1760ff5f0912d52&c_uniq_tag=PoLw8y7MCDzSFXKEXWAoHprSMleZ8jCRJbgGRFR9vcU&type=video_thumb
456239661,-211229778,Женский Форум #70 | Оля Малащенко,"Много лосося – лучше один раз попробовать! 
Скидка на первый заказ 25% в приложении по промокоду forum25 — https://ml.onelink.me/pOkU/xtwv6xqg

Акция действует с 31.10 по 14.11 и доступна в Москве и Санкт-Петербурге.
Erid: 2VtzquWrSQC

По промокоду FORUM скидка 10% при покупке от 6000р по ссылке https://goldapple.onelink.me/jLXC/8k3ec1j1
Erid: 2Vtzqvceu2U

Попробуй профессиональный уход Matrix Instacure Build-A-Bond с технологией восстановления миллиарда связей внутри волоса https://vk.cc/cCK0pY
Erid: 2Vtzqv2Kh1V

С 08.10 по 31.12 совершайте покупки в «Пятёрочке» и получайте электронные наклейки за каждые 200 руб. в чеке при покупке с картой «Х5 Клуба», копите наклейки и покупайте посуду Liberhaus со скидкой до 50%. https://vk.cc/cDfrPP
Erid 2VtzqvkDrrG

Пре-черная пятница на Lamoda. Для тех, кто не откладывает стиль на потом. Покупайте уже сейчас оригинальные бренды со скидкой на Ламода https://vk.cc/cDqRxu
Erid: 2VtzqujqsYF

Варя Щербакова https://vk.com/varjauletela_group
Наташа Борисова https://vk.com/borisovaclub
Оля Парфенюк https://vk.com/oparfenyuk
Саша Муратова https://vk.com/muratovasasha

Оля Малащенко https://t.me/helgametamorphos

«Женский Форум» ВКонтакте https://vk.com/zhenforum  

00:00 Начало  
06:28 «Уместно ли на первом свидании?»  
28:40 «Почему я выбрала парня бывшего зэка»  
48:34 «Неожиданно в комнате почувствовала запах бывшего»

Эксклюзивно в VK Видео.",3988,1730365200,3049094,666,31590,3911,https://vk.com/video_ext.php?oid=-211229778&id=456239661&hash=b8596dc8ac4db2fe&__ref=vk.admin_android&api_hash=17406944673da888d63e7f8a1177_GMZDANZRGM2TCOA,1,1,1,False,https://sun9-5.userapi.com/impg/bRtFVyAbrfWW2ypYbUu9oUWDMkXLfvmAusYxkg/jxAQ1CbuI70.jpg?size=130x96&quality=95&keep_aspect_ratio=1&background=000000&sign=f40616887c7867c440e317d1946b4be1&c_uniq_tag=DY2sjI-b-OO6oDxkAMLclOlwmUZBwOROzS9VTn8CNn0&type=video_thumb
456239651,-211229778,Женский Форум #69 | Мама Вари,"Готовьте дома уникальные блюда по рецептам проекта «Русский завтрак» на основе натуральной молочной продукции «ЭкоНива»: https://russkiyzavtrak.ru/ Ее, а также другие ингредиенты вы сможете приобрести в торговых центрах METRO: https://goo.su/Vbl1W
Erid: 2Vtzqwc4WZ1

С 28 октября по 14 ноября пройдёт главная распродажа 11.11 на Ozon. Исключительные скидки до 85% и суперогромный выбор желанного — от косметики до электроники. Главное — вовремя купить: https://ozon.ru/t/DlB2VRw
Erid: 2Vtzqw88X6T

Прокладки Либресс - твоя надёжная защита от протеканий днём и ночью. Теперь в обновлённом дизайне! https://clck.ru/3DviMW
Erid: 2VtzqxFh8nE

Экономьте на поездках в пиковые часы. Такси-лоукостер Везёт. https://bit.ly/3TBB3N5
erid: 2VtzqxdhpYz

Смотреть «Женский форум» с крашем намного приятнее. Найди вторую половинку в приложении VK Знакомства: https://trk.mail.ru/c/bf5ag9 erid:  2VtzqvBTSG2

Варя Щербакова https://vk.com/varjauletela_group
Наташа Борисова https://vk.com/borisovaclub
Оля Парфенюк https://vk.com/oparfenyuk
Саша Муратова https://vk.com/muratovasasha

«Женский Форум» ВКонтакте https://vk.com/zhenforum  

00:00 Начало  
05:06 «Намекаю мужчине на вирт, а он спрашивает рецепт русского салата»  
20:50 «Мужик после секса в поле бросил со сломанным авто»  
58:20 «Дочь совсем обленилась!»

Эксклюзивно в VK Видео.",4848,1729155600,6504781,844,37711,7842,https://vk.com/video_ext.php?oid=-211229778&id=456239651&hash=59c37a48c451c8f5&__ref=vk.admin_android&api_hash=1740694467bf935f8d76085ed500_GMZDANZRGM2TCOA,1,1,1,False,https://sun9-39.userapi.com/impg/lrsiFXPtrYnMgiyM1PLiLkmXDs5IM-4e2jo-sQ/HTJ3MxqRdik.jpg?size=130x96&quality=95&keep_aspect_ratio=1&background=000000&sign=754831345da2c276c6405c8a3fc784f0&c_uniq_tag=pxWo3RAGFqFNrCUGrGShC8R_zjsEwPO3z24BP-YnMa0&type=video_thumb
456239640,-211229778,Женский Форум #68,"Авито Селект — ваш личный помощник в покупке авто https://vk.cc/cBF5X5
Erid: 2VtzqvvNLFj

Используй промокод на скидку 15% ZHENFORUM15 для заказа бренда NUME на сайте Lamoda - https://bit.ly/47TreA7
Действует до 3 ноября
Erid: 2VtzqwMUSED

В Магнит Косметик есть все, что нужно девушкам - косметика, уход, новинки, эко-средства и многое другое. Для разной тебя - один Магнит Косметик! https://cosmetic.magnit.ru/
Реклама www.magnit.ru erid: 2VtzqxYyQLY

Если он смотрит «Женский форум» — это уже зелёный флаг. Найди того, кто любит те же шоу, что и ты, в приложении VK Знакомства: https://trk.mail.ru/c/n9x4y3 erid: 2VtzquYPQjU

Варя Щербакова https://vk.com/varjauletela_group
Наташа Борисова https://vk.com/borisovaclub
Оля Парфенюк https://vk.com/oparfenyuk
Саша Муратова https://vk.com/muratovasasha

«Женский Форум» ВКонтакте https://vk.com/zhenforum 

2:35 Арбуз портит мне секс
23:35 Со мной связался певец 
43:31 Муж понял с кем живет
56:48 Можно ли сглазить вибратор

Эксклюзивно в VK Видео.",3815,1727946000,5575849,712,30141,4798,https://vk.com/video_ext.php?oid=-211229778&id=456239640&hash=5071fd4f56307801&__ref=vk.admin_android&api_hash=174069446773480cfed7e0c21929_GMZDANZRGM2TCOA,1,1,1,False,https://sun9-42.userapi.com/impg/CGZP3_DNPYyYAnlzNVHMwbDnaTeOpvRWGnzJ7A/3N6jo2AFFZA.jpg?size=130x96&quality=95&keep_aspect_ratio=1&background=000000&sign=7dcb683e1a5b5148891431c241b5e32f&c_uniq_tag=fFplXa6fFuagTj7jZr_-1jnS7IUmwLufLz7uR3qcvnM&type=video_thumb
456239624,-211229778,Женский Форум #67 | Роман Косицын,"Ozon запустил мощную выгоду на Большой распродаже электроники до 24 сентября! Турбоскидки до 80% на множество товаров — ноутбуки, посудомойки, фены, стайлеры: https://ozon.ru/t/kYLrl01
Erid: 2VtzqumJjkj

Придумывайте сами, что вам хотеть с надежным банком и финансовыми технологиями МТС Деньги. Хотите в путешествие или новые девайсы — оплатите их кредитной картой МТС Деньги с беспроцентным периодом 415 дней. А хотите — получайте кешбэк 5% за покупки в супермаркетах и 30% за оплату связи с дебетовой картой МТС Деньги: https://vk.cc/cAyhlF
erid: 2VtzqwUm2B1

Профессиональный уход Metal Detox для окрашенных волос
https://vk.cc/cAoV5m
Erid: 2Vtzqvgngxo

Концерт Романа Косицына «Одиночество на площади» https://vk.com/video-211231029_456239516

Варя Щербакова https://vk.com/varjauletela 
Наташа Борисова https://vk.com/natavshoke   
Оля Парфенюк https://vk.com/olya.parfenyuk   
Саша Муратова https://vk.com/maleksandrad   

Роман Косицын https://vk.com/roman_kositsyn

«Женский Форум» ВКонтакте https://vk.com/zhenforum  

00:00 Начало  
23:04 «Меня преследует душнила»  
37:00 «Хочу быть под каблучком у жены»  
56:05 «Дети – не пупы земли»",4528,1726390800,5389455,1033,32720,4293,https://vk.com/video_ext.php?oid=-211229778&id=456239624&hash=350f655d9f6c8f9f&__ref=vk.admin_android&api_hash=17406944678a2e63202dce67d579_GMZDANZRGM2TCOA,1,1,1,False,https://sun9-6.userapi.com/impg/RgWAr7YmlLltcL6KmiT3_FgwRBiZXhAof48cuw/jvsqWgQxDa0.jpg?size=130x96&quality=95&keep_aspect_ratio=1&background=000000&sign=019072f3a87c592799463358a8026f0b&c_uniq_tag=X3dfMCuCCsVxUhNALMhVZ37ZtPRStw0OsFtsRksb6vQ&type=video_thumb
456239610,-211229778,Женский Форум #66 | Юлия Ахмедова,"Сериал «Комбинация» — яркая и трогательная история легендарной группы со звездным актерским составом. Смотрите только на Wink:  https://vk.cc/cAnTaB
Erid: 2Vtzqwf5Fux

Настрой свой день с энергетиком Актибо и выбери напиток с необходимым уровнем энергии: https://actibo.ru
erid: 2VtzqxQfA46

Получайте кешбэк до 48% за покупки в «Пятёрочке» и «Перекрёстке» с сервисом лояльности Апельсин: https://vk.cc/czFnry
Erid: 2VtzqwifAPw 

Гастрольный тур Юлии Ахмедовой https://akhmedova-tour.com/

Варя Щербакова https://vk.com/varjauletela 
Наташа Борисова https://vk.com/natavshoke   
Оля Парфенюк https://vk.com/olya.parfenyuk   
Саша Муратова https://vk.com/maleksandrad   

Юлия Ахмедова https://vk.com/yulia_akhmedova 

«Женский Форум» ВКонтакте https://vk.com/zhenforum  

00:00 Начало  
22:34 «Парень упал в люк»  
43:03 «Мой любовник - строитель»

Эксклюзивно в VK Видео.",3855,1725613200,5934218,1496,39287,6132,https://vk.com/video_ext.php?oid=-211229778&id=456239610&hash=1dae09420ac6f063&__ref=vk.admin_android&api_hash=17406944672e380735dbfd7cc4e0_GMZDANZRGM2TCOA,1,1,1,False,https://sun9-60.userapi.com/impg/k7IRiC3tI5kC_5frK4XNPOQm-T4ZWzwlUXVXmw/8ZKCdn63soA.jpg?size=130x96&quality=95&keep_aspect_ratio=1&background=000000&sign=38bd7832302ef4035059cafefa1ce82e&c_uniq_tag=eNcW3XpJX-T7PsM1ZLjDetMFdHT4AOPlyDc8rqyuCeU&type=video_thumb
456239599,-211229778,Женский Форум #65 | Сергей Матвиенко,"Готовимся к осени со скидками до 70% на Яндекс Маркете https://vk.cc/czFqbn
Erid: 2VtzqvhNGMj

Попробуй новинку от JOONIES - супервпитывающие гигиенические прокладки, которые отлично защищают всю ночь! Промокод на скидку 10% на все прокладки Joonies на Озон (продавец ООО ""Евразия"") SUPERPADS10 действует до 31.09.2024 по ссылке: https://clck.ru/3BvsPM
ERID 2VtzqwtYZ7G

Варя Щербакова https://vk.com/varjauletela 
Наташа Борисова https://vk.com/natavshoke   
Оля Парфенюк https://vk.com/olya.parfenyuk   
Саша Муратова https://vk.com/maleksandrad   

Сергей Матвиенко https://vk.com/club_276560

«Женский Форум» ВКонтакте https://vk.com/zhenforum  

00:00 Начало  
09:12 «Интимные тату у парня»  
24:34 «Уместно ли на сз просить мужчину пройти IQ-тест»
42:51 «Свидание с вдовой»
49:07 «Запор из-за парня»",3715,1724317200,3600908,930,37250,3784,https://vk.com/video_ext.php?oid=-211229778&id=456239599&hash=2f07c1d49f4efa82&__ref=vk.admin_android&api_hash=1740694467502bd2455573af4879_GMZDANZRGM2TCOA,1,1,1,False,https://sun9-37.userapi.com/impg/3u2JPpB3R2PC3Im3oM-I0D8wCSblk5oCdNfb9A/REO44TNta30.jpg?size=130x96&quality=95&keep_aspect_ratio=1&background=000000&sign=f9e3cf1b60165f13f2bc1cdb7b539f52&c_uniq_tag=vKoN2uruuJl93NPBF6_S1lYCu2YxdVfpr2wsCoLUAWw&type=video_thumb
456239588,-211229778,Женский Форум #64,"Промокод BALTIKA0 дает скидку 30% в Самокате на покупку двух любых банок фруктовой Балтики 0.

Подробнее по ссылке: https://advertising.link/erid_2VtzquYFQyh

Реклама. ООО «Пивоваренная компания «Балтика», ИНН 7802849641

На Туту можно купить билеты на самолёт, поезд, автобус, чтобы уехать в отпуск или на выходные. Путешествуйте с Туту https://vk.cc/cyVNTr 
Реклама. erid: 2VtzqxZ6uQ6

Эксклюзивно в VK Видео.

Варя Щербакова https://vk.com/varjauletela 
Наташа Борисова https://vk.com/natavshoke   
Оля Парфенюк https://vk.com/olya.parfenyuk   
Саша Муратова https://vk.com/maleksandrad   

«Женский Форум» ВКонтакте https://vk.com/zhenforum  

00:00 Начало  
02:50 «Куда пропали все волосатые женщины?»  
15:44 «Узнала кто был муж в прошлой жизни»
28:20 «Кто так избаловал мужчин?»
40:29 «Слэнг дочери»
46:53 «Парень засовывает пальцы мне в рот, НЕ во время секса»",3170,1723107600,5437083,654,32508,5280,https://vk.com/video_ext.php?oid=-211229778&id=456239588&hash=480cbcfe05396150&__ref=vk.admin_android&api_hash=1740694467cec6c7b08aa1400761_GMZDANZRGM2TCOA,1,1,1,False,https://sun9-3.userapi.com/impg/G5ylycjBaQB1XHLWd7hQuIFpCERDAW5Dv-qDbw/hQ5j_qAmZSc.jpg?size=130x96&quality=95&keep_aspect_ratio=1&background=000000&sign=0585adca46c84ab3bbf59695253b9cd8&c_uniq_tag=tiZ53HVigrY4Xlg6dWbtifcbTW2V1UVgqYu6Ntw9TQI&type=video_thumb
456239575,-211229778,Женский Форум #63 | Ида Галич,"Накопительный ВТБ-счет со ставкой до 19% годовых. Достигайте своих целей быстрее! 
Откройте накопительный ВТБ-Счет: https://vk.cc/cyAZVT
Erid: 2VtzqutvUXc

Этим летом модно радоваться! Покупай Cola и другие лимонады Черноголовка, регистрируй чеки на сайте и выигрывай стильный мерч и гаджеты! Улыбайся и для радости скорее открывайся вместе с Черноголовкой! https://vk.cc/cym6D4
Erid: 2Vtzqx5F9yK

Эксклюзивно в VK Видео.

Ида Галич https://vk.com/galichidaa

Варя Щербакова https://vk.com/varjauletela 
Наташа Борисова https://vk.com/natavshoke   
Оля Парфенюк https://vk.com/olya.parfenyuk   
Саша Муратова https://vk.com/maleksandrad   

«Женский Форум» ВКонтакте https://vk.com/zhenforum  

00:00 Начало  
19:43 «Стала меньше говорить и о чудо»  
33:48 «Навели порчу – нравятся только богатые девушки»
48:55 «Парень рычит в постели»",3716,1721898000,3496582,822,40652,4682,https://vk.com/video_ext.php?oid=-211229778&id=456239575&hash=a02d7443ac041af4&__ref=vk.admin_android&api_hash=174069446784b696bf440b8a4580_GMZDANZRGM2TCOA,1,1,1,False,https://sun9-23.userapi.com/impg/FkUFvDdTwLvHGpowtDoseE2uJZS-_rJc_XUqNg/-ywyNbOFD2s.jpg?size=130x96&quality=95&keep_aspect_ratio=1&background=000000&sign=9cc52f3e9a801e85fa70fc95f49d6ecb&c_uniq_tag=0_QNwUE0s-huh2WYto0BzRe8hgLiSeFzuT0xG-AVvlk&type=video_thumb
456239558,-211229778,Женский Форум #62,"С МТС Travel можно путешествовать чаще! Бронируйте отель, получайте кэшбек 20%, а с подпиской МТС Premium целых 25% без ограничений по сумме и используйте его для следующих поездок. А по промокоду ФОРУМ24 получайте скидку 20% на первое бронирование отеля на МТС Travel: https://vk.cc/cxWTOO
Erid: 2Vtzqvqw449

Эксклюзивно в VK Видео.

Варя Щербакова https://vk.com/varjauletela 
Наташа Борисова https://vk.com/natavshoke   
Оля Парфенюк https://vk.com/olya.parfenyuk   
Саша Муратова https://vk.com/maleksandrad   

«Женский Форум» ВКонтакте https://vk.com/zhenforum  

00:00 Начало  
15:03 «При пополаме - возможен только петтинг»  
26:52 «Девушки, хотите парня робота?»
49:23 «Парень стесняется передо мной»",4128,1720688400,7162121,1290,36378,5362,https://vk.com/video_ext.php?oid=-211229778&id=456239558&hash=0f518ee91027854c&__ref=vk.admin_android&api_hash=1740694467f451fb53f075631ee2_GMZDANZRGM2TCOA,1,1,1,False,https://sun9-52.userapi.com/impg/8otzui9-3swa5KT352AyfTJP2IpujJHCQQNTXQ/DSDZ2c0oBq8.jpg?size=130x96&quality=95&keep_aspect_ratio=1&background=000000&sign=fc761d217a44c0013d019aff263cbaac&c_uniq_tag=MzP6PhXpLGxilCGlOK9BXuHOQaWi51Uw2IkL0fA1BmQ&type=video_thumb
456239549,-211229778,Женский Форум #61 | Антон Шастун,"Выбирайте категории с повышенным кешбэком бонусами СберСпасибо и обменивайте их на скидку до 99%: https://s.sber.ru/VJV8wd
Erid: 2VtzqwfbPEx

Используй промокод Ооооо! на скидку 5% на бронирование отелей и квартир на Островке и получи шанс выиграть 100% кешбэк за летний отдых реальными деньгами!
https://vk.cc/cxY3pn
Erid: 2VtzqwQemoW

Новые телевизоры Sber Line S: https://vk.cc/cxLip2
Erid: 2VtzqxTYnsn

Эксклюзивно в VK Видео.

Антон Шастун https://vk.com/shastoon.channel

Варя Щербакова https://vk.com/varjauletela 
Наташа Борисова https://vk.com/natavshoke   
Оля Парфенюк https://vk.com/olya.parfenyuk   
Саша Муратова https://vk.com/maleksandrad   

«Женский Форум» ВКонтакте https://vk.com/zhenforum  

00:00 Начало  
13:55 «Парень высокого роста не должен много зарабатывать»  
30:26 «Муж интриган горе или счастье?»
39:32 «Почему очередь в женский туалет длиннее чем в мужской?»
53:01 «Помогите разгадать “стоп-слово”»",3753,1719478800,10368337,966,55517,7135,https://vk.com/video_ext.php?oid=-211229778&id=456239549&hash=0b3c6ad19340bae4&__ref=vk.admin_android&api_hash=1740694467a671d3903989562ca2_GMZDANZRGM2TCOA,1,1,1,False,https://sun9-16.userapi.com/impg/ln37QPDbGZQqFl3KcN6niMtm9p98Jz3W6OYUDA/0PzyI23CKqk.jpg?size=130x96&quality=95&keep_aspect_ratio=1&background=000000&sign=bb570bdd86be17cd025c36d170334fd2&c_uniq_tag=LTCSclmD_W4ycSXNRj2Wol6pCo5B7spu1XWAIxVEZnY&type=video_thumb
456239541,-211229778,Женский Форум #60,"Новые телевизоры Sber Line S: https://vk.cc/cxIaNh
Erid: 2VtzqxXxJVV

Подключить безлимитный Диск с тарифом Яндекс 360 Премиум: https://vk.cc/cxJ98n
Erid: 2Vtzqx3hqrP

Absolut Repair Molecular. Восстановление очень поврежденных волос: https://vk.cc/cx8PdA
Erid: 2VtzqutpjHZ

Эксклюзивно в VK Видео.

Варя Щербакова https://vk.com/varjauletela 
Наташа Борисова https://vk.com/natavshoke   
Оля Парфенюк https://vk.com/olya.parfenyuk   
Саша Муратова https://vk.com/maleksandrad   

«Женский Форум» ВКонтакте https://vk.com/zhenforum  

00:00 Начало  
12:02 «Унижение со стороны мастеров красоты»  
32:14 «Отношения. Почему парень во время минета начал сидеть в телефоне?»
39:26 «Мой парень съедает ВСЁ»
55:19 «Парень копит на развод не известно с кем»",3898,1718701200,5427834,502,28049,4496,https://vk.com/video_ext.php?oid=-211229778&id=456239541&hash=afd7690dcb77de94&__ref=vk.admin_android&api_hash=1740694467c508f40ba4a61fb910_GMZDANZRGM2TCOA,1,1,1,False,https://sun9-45.userapi.com/impg/kGE-q2mRNN_o2pEIaZkNU5SH4TbHf2ZUyBo-JQ/2AAdui4dNrg.jpg?size=130x96&quality=95&keep_aspect_ratio=1&background=000000&sign=45a7613f3350817d6647424b5f43528c&c_uniq_tag=lnsqIQ5gCa1fT-rJ8PJXL_q3ToP4F6MHoeFeomAcZu4&type=video_thumb
456239529,-211229778,Женский Форум #59 | Ирина Дубцова,"В мае покупайте товары для красоты и ухода с повышенным кешбэком до 50% бонусами СберСпасибо на Мегамаркете - https://vk.cc/cxeg6m 
Правила акции: https://vk.cc/cxegbL 

Также используйте промокод ЖЕНСКИЙФОРУМ и получите дополнительную скидку 1 000 рублей при первом заказе от 4 000 рублей! Правила использования промокода: https://vk.cc/cxegd3
Erid: 2Vtzqv3hJN9

Выпуск станет еще интереснее вместе с сырами Pretto! Готовьте любимые блюда со свежими сырами всей семьей. Сыры Pretto — восторг для больших и маленьких шефов. Выбирайте любимые свежие сыры Pretto по ссылке: https://bit.ly/zhenforum или сканируйте QR-код.
Erid: 2VtzqxkmPtP

Эксклюзивно в VK Видео.

Варя Щербакова https://vk.com/varjauletela 
Наташа Борисова https://vk.com/natavshoke   
Оля Парфенюк https://vk.com/olya.parfenyuk   
Саша Муратова https://vk.com/maleksandrad   

Ирина Дубцова https://vk.com/irinadubtsovaofficial

«Женский Форум» ВКонтакте https://vk.com/zhenforum  

00:00 Начало  
20:11 «Он на много младше»  
36:01 «Муж меня комментирует»
45:19 «Я так устала уже, постоянный борщ»",3332,1717059600,4300140,1234,25173,4136,https://vk.com/video_ext.php?oid=-211229778&id=456239529&hash=a2dd283dd4b706e6&__ref=vk.admin_android&api_hash=1740694467a6cd07a4eb934538cc_GMZDANZRGM2TCOA,1,1,1,False,https://sun9-33.userapi.com/impg/pHeNA_AmhvCQunNA9eyg9EGQRzVtfvKHiNZbBA/mwPdv8q5qC0.jpg?size=130x96&quality=95&keep_aspect_ratio=1&background=000000&sign=0abe44c3a15546e16d12f1f4fc6011bd&c_uniq_tag=lIInApHNi-_NhDXtHiJ6q8_dNeqc5gwgWiV25eROQjI&type=video_thumb
456239513,-211229778,Женский Форум #58,"Накопительный ВТБ-счет со ставкой до 16% годовых. 
Достигайте своих целей быстрее! 
Откройте накопительный ВТБ-Счет: https://vk.cc/cwQ7wM
Erid: 2VtzquyFMxv

Авито Путешествия. Всё пройдёт как забронировано. И с кэшбэком бонусами: https://vk.cc/cwPwFf
Erid: 2VtzqvUwU8A

Новинка от Metal Detox - пре-шампунь для пористых окрашенных волос. Новый уникальный этап ухода, восстанавливает 1 млн микроразрывов. Подробности: https://vk.cc/cwQtMr

Эксклюзивно в VK Видео.

Варя Щербакова https://vk.com/varjauletela 
Наташа Борисова https://vk.com/natavshoke   
Оля Парфенюк https://vk.com/olya.parfenyuk   
Саша Муратова https://vk.com/maleksandrad   

«Женский Форум» ВКонтакте https://vk.com/zhenforum  

00:00 Начало  
07:17 «Секс под женский форум»  
21:15 «Как знакомиться и дружить с весёлыми людьми?»
28:03 «Я влюблен в Сашу Муратову»
38:54 «Как подсадить парня на женский форум?»",3367,1715850000,4693563,475,28419,3526,https://vk.com/video_ext.php?oid=-211229778&id=456239513&hash=0b9814a1f7c21a96&__ref=vk.admin_android&api_hash=17406944670cdc8cd7caf18f3eff_GMZDANZRGM2TCOA,1,1,1,False,https://sun9-79.userapi.com/impg/JCFdL2a2GD24szMqcs7GQVv7lfFU2PVaLqGX1Q/AJL97MNfK4s.jpg?size=130x96&quality=95&keep_aspect_ratio=1&background=000000&sign=ed56a6314ae4dc72c4025ad4c7c51c07&c_uniq_tag=ZP2uklWM6_omR4vwTr3EkfTpJ5m6LNwUzhYalV0KhMI&type=video_thumb
456239505,-211229778,Женский Форум #57 | Юлия Коваль,"Нажав на ▷, вы можете быть собой. Подключайтесь к PREMIER и оставайтесь собой в компании любимых фильмов и сериалов. Всего за 1 рубль: https://vk.cc/cwr1Zb
Erid: 2Vtzqwgsk88

Еще больше впечатлений с ярким ORA 03 GT. Подчеркни свою индивидуальность со спортивным дизайном нового электромобиля: https://clck.ru/3ALfGx
Erid: 2Vtzqw7yt88

Эксклюзивно в VK Видео.

Юля Коваль https://vk.com/kovalnow_vk

Варя Щербакова https://vk.com/varjauletela 
Наташа Борисова https://vk.com/natavshoke   
Оля Парфенюк https://vk.com/olya.parfenyuk   
Саша Муратова https://vk.com/maleksandrad   

«Женский Форум» ВКонтакте https://vk.com/zhenforum  

00:00 Начало  
14:12 «Зачем путешествовать?»  
44:10 «Мужчины смешно реагируют на отказ»",3536,1714640400,4858029,687,27422,4064,https://vk.com/video_ext.php?oid=-211229778&id=456239505&hash=2a6e2cc9e333e53e&__ref=vk.admin_android&api_hash=1740694467d3a23b415fa0b52978_GMZDANZRGM2TCOA,1,1,1,False,https://sun9-36.userapi.com/impg/RXHnumeMXtJdHa91fL7Jh9dz6AJtPAC3gx2o9A/082eMX7hihk.jpg?size=130x96&quality=95&keep_aspect_ratio=1&background=000000&sign=1f6c9be5a9926df074929453c1a3434a&c_uniq_tag=O3giPbSfjsxvsfBWHmgBEUwkdB8EblWoUA6xpiwBd1k&type=video_thumb
456239489,-211229778,Женский Форум #56,"За выгодными покупками товаров бренда Likato переходите на Мегамаркет: https://vk.cc/cwhr56

По промокоду LIKATOSPECIAL15 скидка на первую покупку от 1000 руб. средств для ухода за волосами бренда Likato до конца апреля. Правила промокода: https://vk.cc/cwhr8v

Реклама. ООО «Маркетплейс», megamarket.ru 
Erid: 2Vtzqwcaras

Вкусные шоколад и конфеты без сахара от Кондитерской фабрики «Победа»: https://clck.ru/3A8aPg
Erid: 2VtzqxNex7R

Модный фастбек OMODA С5. Цена от 1 999 900р. - https://clck.ru/39zkfz
Erid: 2VtzquZynh5

Эксклюзивно в VK Видео.

Варя Щербакова https://vk.com/varjauletela 
Наташа Борисова https://vk.com/natavshoke   
Оля Парфенюк https://vk.com/olya.parfenyuk   
Саша Муратова https://vk.com/maleksandrad   

«Женский Форум» ВКонтакте https://vk.com/zhenforum  

00:00 Начало  
05:00 «Где можно ощутить мужскую эрекцию?»  
28:34 «Бывает ли пылесософобия?»
36:11 «Банкоматофобия у мужа»  
40:36 «Мужа не устраивает мой “степлер”»  
52:35 «Собака съела суп, вы бы стали доедать?»",3677,1713465722,4970663,747,27621,4218,https://vk.com/video_ext.php?oid=-211229778&id=456239489&hash=387e9a7c783cc432&__ref=vk.admin_android&api_hash=17406944670120f3eb59e198763f_GMZDANZRGM2TCOA,1,1,1,False,https://sun9-21.userapi.com/impg/6LoLYisWTSuM1j418CNR-evVbXFFNNdIntuL9g/GyaVm4BSTCA.jpg?size=130x96&quality=95&keep_aspect_ratio=1&background=000000&sign=512c088c0e9eddb49dfbf4fead2e182a&c_uniq_tag=QlTEBrgYyHWq9mXjvzAuyNHTGDyvLTWu96qMpyzf4w0&type=video_thumb
456239475,-211229778,Женский Форум #55 | Ева Польна,"Подключите тариф Премиум от Яндекс 360 и получите скидку 40% + 6 месяцев бесплатно по промокоду - ya360celebrity https://clck.ru/39pcT4&erid=2VtzqwUxPLz

Новая коллекция обуви и сумок бренда Tendance уже в Rendez-Vous. Создай свой стиль. Начни с обуви. Дополнительные 1000 бонусов по промокоду FORUM с 01.04 до 30.04: https://clck.ru/39egBj Воспользоваться бонусами можно через 3 часа после активации промокода.

Erid: 2VtzqwFmw3T

Эксклюзивно в VK Видео.

Ева Польна https://vk.com/official_evapolna

Варя Щербакова https://vk.com/varjauletela 
Наташа Борисова https://vk.com/natavshoke 
Оля Парфенюк https://vk.com/olya.parfenyuk 
Саша Муратова https://vk.com/maleksandrad 

«Женский Форум» ВКонтакте https://vk.com/zhenforum 

00:00 Начало 
09:03 «Дочь слушает песни с сексуальным подтекстом» 
19:46 «Обворовала соседка-ведьма»
31:53 «Муж включает дабстеп при сексе» 
52:31 «Мне понравилась бедная жизнь»",3814,1712221200,3221682,706,23572,3555,https://vk.com/video_ext.php?oid=-211229778&id=456239475&hash=0663a2e0e47b95b0&__ref=vk.admin_android&api_hash=17406944679925201ddc71f9c7a6_GMZDANZRGM2TCOA,1,1,1,False,https://sun9-72.userapi.com/impg/7ILWbFEmOP-_O_76OCs0Iga2qVd-z-3XXBdY7w/XHpl200MbBw.jpg?size=130x96&quality=95&keep_aspect_ratio=1&background=000000&sign=17dc9ef884ecc465352ed87b51ab1209&c_uniq_tag=sohG4tZ_0igBJnqkXNVOQ9osZkGt7hgrP080nMcwGUA&type=video_thumb
456239469,-211229778,Женский Форум #54,"Покупай бьюти-бокс Женского форума в коллаборации с Мегамаркетом https://vk.cc/cvBMjF

И участвуй в розыгрыше бьюти-бокса! Оставь комментарий со своей смешной историей про использование косметики в комментариях под видео до 31.03.2024 включительно. 

Победитель будет объявлен 01.04.2024 на странице сообщества Мегамаркет https://vk.cc/cvBMl6

Не пропустите шанс выиграть бокс с автографом ведущих Женского Форума!
Подробнее про правила розыгрыша по ссылке https://vk.cc/cvBMom

Реклама. ООО «Маркетплейс», megamarket.ru, erid: 2VtzqwgbUV3

Эксклюзивно в VK Видео.

Варя Щербакова https://vk.com/varjauletela 
Наташа Борисова https://vk.com/natavshoke   
Оля Парфенюк https://vk.com/olya.parfenyuk   
Саша Муратова https://vk.com/maleksandrad   

«Женский Форум» ВКонтакте https://vk.com/zhenforum  
 
00:00 Начало  
04:00 «Как сказать девушке, что мне уже пора?»  
17:52 «Отправить мужа на вторую работу. Как?»
31:25 «Минет и математика»  
38:39 «Влюбилась в клоуна»",3139,1711036245,4491078,723,29072,4021,https://vk.com/video_ext.php?oid=-211229778&id=456239469&hash=a11ee01707255da9&__ref=vk.admin_android&api_hash=1740694467720bfec9ee1e7b4b4f_GMZDANZRGM2TCOA,1,1,1,False,https://sun9-6.userapi.com/impg/4MjA4jcQpZpto5g7oKIm5XujF1-4myhix5y6Ww/U48p_xRzLl8.jpg?size=130x96&quality=95&keep_aspect_ratio=1&background=000000&sign=9aa95facb283acef7404a1d3d111350a&c_uniq_tag=q-IEtFE4JDGayjRdVHWSAwfq4rnaBbjE2XedhVOIINo&type=video_thumb
456239460,-211229778,Женский Форум #53 | Анастасия Волочкова,"Промокод FORUM на скидку 10% действует на сайте, в мобильном приложении и в розничных магазинах Hoff с 7 марта до 7 мая 2024 года. Узнать подробнее об условиях применения промокода можно по ссылке: https://clck.ru/395BhW

Erid: 2VtzquybouM

2ГИС. Друзья на карте города: https://2gis.ru/mapfriends/invite?utm_source=vkvideo&utm_campaign=zhenskyiforuminvite

Erid: 2Vtzqx3fUnw

Эксклюзивно в VK Видео.

Анастасия Волочкова https://vk.com/volochkova_a 

Варя Щербакова https://vk.com/varjauletela 
Наташа Борисова https://vk.com/natavshoke   
Оля Парфенюк https://vk.com/olya.parfenyuk   
Саша Муратова https://vk.com/maleksandrad   

«Женский Форум» ВКонтакте https://vk.com/zhenforum  
 
00:00 Начало  
15:55 «Почему все женщины так помешаны на шпагатах и растяжке?»  
27:51 «Как попасть в сливки общества?»
38:04 «Смотрю свысока на курьеров»",3128,1709802000,4898339,1471,33865,6702,https://vk.com/video_ext.php?oid=-211229778&id=456239460&hash=07392a52d31fb9f5&__ref=vk.admin_android&api_hash=1740694467bed9a41938a88ba45e_GMZDANZRGM2TCOA,1,1,1,False,https://sun9-20.userapi.com/impg/E11UhPP0OssFzPhr18bKtyeniyRtnRmmrFaF9w/akB0qrZEAvk.jpg?size=130x96&quality=95&keep_aspect_ratio=1&background=000000&sign=aa154941793a1d7f7840cb833ef6fccb&c_uniq_tag=VbsP6ujLdgav3j8sEsxerFGGka82-JijNiQxHzyELoU&type=video_thumb
456239434,-211229778,Женский Форум #52,"Выгодные покупки на Мегамаркете: https://clck.ru/38qauh
Скидка 500 руб. по промокоду МЕГАУХОД весь февраль на первую покупку от 2 500 руб. в категории Красота и уход: https://clck.ru/38qavs

Реклама. ООО «Маркетплейс», megamarket.ru, erid: 2Vtzqwm3YBs

Заказывайте продукты из любимых магазинов и ресторанов"" в СберМаркете со скидкой 30% по промокоду ФОРУМ30 - https://bit.ly/431NWDL

Erid: 2VtzqvviEqP

Смотрите «Постучись в мою дверь в Москве» только в Okko. 
Оформить подписку на 60 дней за 1₽ со скидкой на продление по промокоду «tuktuk»: https://okko.tv/s/d0o

Erid: 2VtzqvQpNN5

Эксклюзивно в VK Видео.

Варя Щербакова https://vk.com/varjauletela 
Наташа Борисова https://vk.com/natavshoke 
Оля Парфенюк https://vk.com/olya.parfenyuk 
Саша Муратова https://vk.com/maleksandrad 

«Женский Форум» ВКонтакте https://vk.com/zhenforum 

00:00 Начало 
07:52 «Муж тайно фотографирует меня во время секса» 
20:38 «Не хочу, чтобы муж стал успешным»
37:26 «Хей, сестренки» 
39:52 «Ненависть к шторам»",2534,1708592400,4275493,497,29719,3878,https://vk.com/video_ext.php?oid=-211229778&id=456239434&hash=49e57f291e1b363a&__ref=vk.admin_android&api_hash=1740694467fac171cc56b3d1a20b_GMZDANZRGM2TCOA,1,1,1,False,https://sun9-63.userapi.com/impg/IcGGnqH-xop2kNcx_5iWPVzJu_rm_DfpH0WfKw/iD2jKVUVza0.jpg?size=130x96&quality=95&keep_aspect_ratio=1&background=000000&sign=363224b68d77214ae940df31c93c3fbc&c_uniq_tag=Jo2spr9lPU-XIlbEN1ZGd3zWoDLtvGZ7EoVDF2oQC6o&type=video_thumb
456239414,-211229778,Женский Форум #51 | Алла Михеева,"С 7 по 20 февраля на Ozon проходит Радуй распродажа! Впечатляющие скидки до 80% и потрясающий выбор товаров с вау-выгодой: https://vk.cc/curcoF
Erid: 2VtzqwYBURe

Оформите кредит наличными от ВТБ на большие и маленькие цели от 5 000 до 40 млн рублей. Подробная информация по ссылке: https://vk.cc/cutcmR
Erid: 2VtzqwjdYQG

Эксклюзивно в VK Видео.

Варя Щербакова https://vk.com/varjauletela 
Наташа Борисова https://vk.com/natavshoke 
Оля Парфенюк https://vk.com/olya.parfenyuk 
Саша Муратова https://vk.com/maleksandrad 

Алла Михеева https://vk.com/alla_mikheeva

«Женский Форум» ВКонтакте https://vk.com/zhenforum 

00:00 Начало 
17:07 «Странности. Живу в детстве» 
39:48 «Почему герои сериалов такие богатые?»",3297,1707398705,4821307,1695,25938,4258,https://vk.com/video_ext.php?oid=-211229778&id=456239414&hash=72770c8cf7bb1aef&__ref=vk.admin_android&api_hash=17406944677dea2f651a09438398_GMZDANZRGM2TCOA,1,1,1,False,https://sun9-66.userapi.com/_996MStiAOuAySz0djaMEjkM2Pyr8sfJgWBLRg/xqA0M60eJz4.jpg
456239398,-211229778,Женский Форум #50,"Выгодные покупки на Мегамаркете: https://clck.ru/385xgp
Скидка 500 руб. по промокоду МЕГАУХОД весь январь на первую покупку от 2 500 руб. в категории Красота и уход: https://clck.ru/385xhb

Реклама. ООО «Маркетплейс», megamarket.ru, erid: 2VtzqwKjNdL

Геркулес ""Богатырский"" подарит вам энергию и сытость надолго!
https://vk.cc/cu8mKf

Реклама. ООО ""Ресурс"" ИНН 7440007056 Erid: 2VtzqviAhXU

Эксклюзивно в VK Видео.

Варя Щербакова https://vk.com/varjauletela 
Наташа Борисова https://vk.com/natavshoke   
Оля Парфенюк https://vk.com/olya.parfenyuk   
Саша Муратова https://vk.com/maleksandrad   

«Женский Форум» ВКонтакте https://vk.com/zhenforum  

00:00 Начало  
07:33 «Парень ушёл к коту»  
21:00 «Секс с мужчиной без зубов»
33:46 «Предложение на лошади»",3344,1706173200,5603741,561,37314,5145,https://vk.com/video_ext.php?oid=-211229778&id=456239398&hash=969c087d1e4af997&__ref=vk.admin_android&api_hash=17406944670d4d3f25fcd89d205a_GMZDANZRGM2TCOA,1,1,1,False,https://sun9-74.userapi.com/gAmJZEPDZzoM5iAcVG_zea88DTfF_8fBzEe9iQ/bUaLn76UHkE.jpg
456239382,-211229778,Женский Форум #49 | Дмитрий Журавлёв | Новогодний,"Бесплатная подписка на PREMIER навсегда 
https://premier.one/free?utm_medium=smm_paid_infl_integration&utm_source=vkontakte&utm_campaign=ny2024&utm_term=zhenforum

Erid: 2VtzqwdZCh2

Эксклюзивно в VK Видео.

Дмитрий Журавлёв https://vk.com/id43774079

Варя Щербакова https://vk.com/varjauletela 
Наташа Борисова https://vk.com/natavshoke 
Оля Парфенюк https://vk.com/olya.parfenyuk 
Саша Муратова https://vk.com/maleksandrad 

«Женский Форум» ВКонтакте https://vk.com/zhenforum 

00:00 Начало 
07:51 «Муж изменяет в мужской соцсети - это измена?» 
19:37 «Парень поёт в туалете»
34:38 «Тайный Санта на работе»",2514,1704013200,5297340,782,62614,7565,https://vk.com/video_ext.php?oid=-211229778&id=456239382&hash=f7e91edcf40167be&__ref=vk.admin_android&api_hash=1740694467c5918d73dd3a4f31b7_GMZDANZRGM2TCOA,1,1,1,False,https://sun9-56.userapi.com/3KkmKaXysgKIwGrOyfN5WtVyODQIQw_wQQdD7A/M_mAf0SU5Mg.jpg
456239376,-211229778,Женский Форум #48 | Виктория Складчикова | Новогодний,"Покупай робот-пылесос Xiaomi Robot Vacuum S12 в М.Видео: https://bit.ly/4azjSCF

Реклама. ООО “ДИХАУС”, ИНН 7709751313, erid: 2VtzqwbA7oJ

Эксклюзивно в VK Видео.

Виктория Складчикова https://vk.com/vikaskladchikova

Варя Щербакова https://vk.com/varjauletela 
Наташа Борисова https://vk.com/natavshoke   
Оля Парфенюк https://vk.com/olya.parfenyuk   
Саша Муратова https://vk.com/maleksandrad   

«Женский Форум» ВКонтакте https://vk.com/zhenforum  

00:00 Начало  
09:27 «Переспала с Дедом Морозом…»  
32:12 «Да будет так!»",2764,1703926800,4837701,608,43587,9005,https://vk.com/video_ext.php?oid=-211229778&id=456239376&hash=d404c6a897b79db6&__ref=vk.admin_android&api_hash=174069446708850ec4df56e58c37_GMZDANZRGM2TCOA,1,1,1,False,https://sun9-18.userapi.com/4FnsBhulPrG6cFNX8soVqhWVcG-JDScMBpBIIQ/-Y_GmJMVHSg.jpg
456239373,-211229778,Женский Форум #47 | Кирилл Мазур | Новогодний,"Эксклюзивно в VK Видео.

Кирилл Мазур https://vk.com/mazurkiril

Варя Щербакова https://vk.com/varjauletela 
Наташа Борисова https://vk.com/natavshoke   
Оля Парфенюк https://vk.com/olya.parfenyuk   
Саша Муратова https://vk.com/maleksandrad   

«Женский Форум» ВКонтакте https://vk.com/zhenforum  

00:00 Начало  
09:25 «Чужая жена моему мужу подарила на день рождения плавки»  
30:47 «Парень предложил половой акт “глаз в глаз”»",2966,1703840400,2539859,343,24172,3487,https://vk.com/video_ext.php?oid=-211229778&id=456239373&hash=1fd98c316911c4bb&__ref=vk.admin_android&api_hash=1740694467e788192f709108fc75_GMZDANZRGM2TCOA,1,1,1,False,https://sun9-19.userapi.com/Ev27zqXqKUr_lwCH9ySdkSc6Mwg0RamubKg5gQ/Y_tThuOhHPg.jpg
456239360,-211229778,Женский Форум #46 | Аня Покров,"TECNO Phantom V Flip — сочетание производительности и стиля. Эта и другие модели на официальном сайте: https://vk.cc/ctgvhl
Erid: 2Vtzqvty41Z

Выгодные покупки на Мегамаркете: https://clck.ru/378MzV
Скидка 500 руб. на первую покупку от 2 500 руб. по промокоду «мегауход», правила: https://clck.ru/378N4Y
Или скидка 800 руб. на первую покупку от 5 000 руб. про промокоду «красивыйдекабрь», правила: https://clck.ru/378N2n

Реклама. Рекламодатель ООО ""МАРКЕТПЛЕЙС"". ИНН: 9701048328, erid: 2VtzqwjmbMD

Промокод WENATURE2024 дает скидку 25% на на весь ассортимент шоколада N, ссылка на магазин: https://vk.cc/ctfvmD
Предложение действует с 18 декабря 2023 года по 15 ноября 2024 года только на первый заказ. Количество товара ограничено.
Erid: 2VtzqvYUgHy

Узнать подробнее про жилые комплексы класса комфорт+ от 1-го ДСК: https://url.fsk.ru/oRUVvu

erid: 2Vtzqx6UMbq

Эксклюзивно в VK Видео.

Аня Покров https://vk.com/pokrov_anya

Варя Щербакова https://vk.com/varjauletela 
Наташа Борисова https://vk.com/natavshoke   
Оля Парфенюк https://vk.com/olya.parfenyuk   
Саша Муратова https://vk.com/maleksandrad   

«Женский Форум» ВКонтакте https://vk.com/zhenforum  

00:00 Начало  
09:18 «Пришла на собеседование сильно пьяной»  
24:33 «Я твой подарок»  
36:22 гость – Аня Покров
41:56 «Бывает, что от голоса человека выворачивает от отвращения, трясет от ярости, именно из-за голоса…»  
59:08 «Девушка подсунула анкету на свидании»",4697,1702890000,4160929,503,23658,4956,https://vk.com/video_ext.php?oid=-211229778&id=456239360&hash=64fdc7445cbac0c4&__ref=vk.admin_android&api_hash=1740694467160e44e3c69a54b1b6_GMZDANZRGM2TCOA,1,1,1,False,https://sun9-6.userapi.com/mMv-9SLma8Esu5jqivjTO511PZs9ti2xA7X1ZA/94dcjN5Q-Fk.jpg
456239352,-211229778,Женский Форум #45 | Павел Дедищев,"Яндекс Браузер с Выгодой найдет промокоды за вас: https://clck.ru/36mZvz 
Реклама. Рекламодатель ООО «ЯНДЕКС», Erid: 2VtzqvBXTC6

Покупайте наушники и другие аксессуары Commo эксклюзивно на Яндекс Маркете https://bit.ly/3uHPJAo
Erid: 2VtzqxjirUr

Насыщенный цвет волос и тройная система ухода от Палетт. Выбирай свой яркий цвет с заботой о волосах: https://vk.cc/crV3U4
Erid: 2VtzqxXes3Q

Скидка 15% на устройство для восстановления волос Rowenta Hair Therapist CF9940F0 по промо-коду HAIR15 в магазинах «М.Видео». Покупайте по ссылке: https://clck.ru/36sMBM. Реклама. ООО «МВМ», ИНН 7707548740, erid: 2VtzqwsVgbk

Эксклюзивно в VK Видео.

Павел Дедищев: https://vk.com/paveldedishchev

Варя Щербакова https://vk.com/varjauletela 
Наташа Борисова https://vk.com/natavshoke 
Оля Парфенюк https://vk.com/olya.parfenyuk 
Саша Муратова https://vk.com/maleksandrad 

«Женский Форум» ВКонтакте https://vk.com/zhenforum 

00:00 Начало 
02:57 «Девушка помешана на одной артистке» 
21:41 «Парень высмеял мою ошибку в сексе» 
29:18 гость – Павел Дедищев
41:14 «Муж варит зелья... Что с ним?» 
57:27 «Не поняла, что это было?»
01:07:01 «Умерла пока смотрела Женский Форум»",4649,1701939600,4543882,511,27248,4802,https://vk.com/video_ext.php?oid=-211229778&id=456239352&hash=b8168a830e82047d&__ref=vk.admin_android&api_hash=17406944677ccb2350832aa82782_GMZDANZRGM2TCOA,1,1,1,False,https://sun9-50.userapi.com/3pLX1g-Z1oE-LFwhw8u3daGgCGjP3e1oBoSFng/AWNPJ37QijY.jpg
456239343,-211229778,Женский Форум #44 | Карина Мейханаджян,"Покупайте выгодно на Мегамаркете: https://clck.ru/36iU3Y
Повышенный кешбэк до 70% и дополнительная скидка 500 руб по промокоду ""осеннийуют"" на первую покупку от 2500 руб до 30 ноября
Правила использования промокода: https://clck.ru/36iU4P

Erid: 2Vtzqx3pfe8

Девочки знают - если гаджеты для ухода за кожей, то FOREO. Только в ноябре скидки -50% на все бестселлеры бренда, включая новинки: https://ozon.ru/t/adDrJML
Erid: 2VtzqvyR8FJ

Карина Мейханаджян: https://vk.com/karinameyhanajyan

Варя Щербакова https://vk.com/varjauletela 
Наташа Борисова https://vk.com/natavshoke 
Оля Парфенюк https://vk.com/olya.parfenyuk 
Саша Муратова https://vk.com/maleksandrad 

«Женский Форум» ВКонтакте https://vk.com/zhenforum
Эксклюзивно в VK Видео.

00:00 Начало 
00:57 «Парень осуждает за фотки, волосы и действия» 
15:33 «Они занимались этим на моём диване» 
29:07 гость – Карина Мейханаджян
34:43 «Восточный стиль и золото в российских реалиях - это слишком?» 
50:11 «Девочки, мужчина не обращает внимание»
59:58 «От восьмёрок к флирту»",4012,1700730000,3465880,517,31787,5171,https://vk.com/video_ext.php?oid=-211229778&id=456239343&hash=1badb7ceeec6b887&__ref=vk.admin_android&api_hash=1740694467d556debc8ecc074a4d_GMZDANZRGM2TCOA,1,1,1,False,https://sun9-59.userapi.com/xqcUgspzKtHjg7XdIWyZpPs1cLG6f3SletCOfA/ehCzyRTRDbg.jpg
456239335,-211229778,Женский Форум #43 | Карина Кросс,"Самый большой каталог турецких сериалов в подписке Изи Иви: https://vk.cc/csdKDo
Erid: 2Vtzqw9ebbM

Активируй МегаСилы - безлимиты на соцсети, видео и музыку и другие опции. Только в МегаФоне https://vk.cc/csdfUF
Erid: 2VtzqxJNiEj

Промокод NATUREWOMAN дает скидку 25% на на весь ассортимент шоколада N в брендовом магазине на Ozon, ссылка:  https://ozon.ru/t/7MX6Ao2
Предложение действует с 12 октября по 26 ноября только на первый заказ. Количество товара ограничено.
Erid: 2Vtzqv5BNHM

Эксклюзивно в VK Видео.
Карина Кросс: https://vk.com/krosskarina

Варя Щербакова https://vk.com/varjauletela
Наташа Борисова https://vk.com/natavshoke
Оля Парфенюк https://vk.com/olya.parfenyuk
Саша Муратова https://vk.com/maleksandrad
  
«Женский Форум» ВКонтакте https://vk.com/zhenforum

00:00 Начало  
03:57 «Бывший муж забрал всю мебель»  
15:18 «Девушка засмотрелась грустно на член…»  
26:20 гость – Карина Кросс
30:35 «Мама-блогер меня замучала»  
55:09 «Соседка шантажирует меня моей главной тайной»",4035,1699520400,4772876,647,30092,5227,https://vk.com/video_ext.php?oid=-211229778&id=456239335&hash=aac5644151d8c82a&__ref=vk.admin_android&api_hash=174069446753fe3cd8826b82e8d4_GMZDANZRGM2TCOA,1,1,1,False,https://sun9-54.userapi.com/IxhakIVPRDkdEXVrVTu2wB4ehLUlw-PvvPS5Vw/m7aBzMQRIDw.jpg
456239328,-211229778,Женский Форум #42 | Кирилл Мазур,"Выгодные покупки на Мегамаркете!
Товары категории Красота и уход с кешбэком до 60% и дополнительная скидка 700 руб по промокоду ""денькрасоты"" на первую покупку от 2500 руб до 31 октября: https://clck.ru/36Dii5 
Правила использования промокода: https://clck.ru/36DiiZ 
Erid: LjN8KTqen

Насыщенный цвет волос и тройная система ухода от Палетт. Выбирай свой яркий цвет с заботой о волосах: https://vk.cc/crV3U4
Erid: 2VtzqwLHvCv

YandexGPT 2 — новая нейросеть Яндекса. С нейросетью YandexGPT Алиса сочиняет тексты и предлагает решения https://clck.ru/36Cqkb
Erid: 2Vtzqx6ubXt

Эксклюзивно в VK Видео.
Кирилл Мазур: https://vk.com/mazurkiril

Варя Щербакова https://vk.com/varjauletela 
Наташа Борисова https://vk.com/natavshoke 
Оля Парфенюк https://vk.com/olya.parfenyuk 
Саша Муратова https://vk.com/maleksandrad 

«Женский Форум» ВКонтакте https://vk.com/zhenforum

00:00 Начало 
02:40 «Да, насосала!» 
13:56 «Парень узнал на кого я учусь и пропал» 
21:12 гость – Кирилл Мазур
24:41 «Плюсы молодого мужа» 
58:35 «Пропал секс. Помогите найти»",4105,1698321602,6886097,828,33658,6433,https://vk.com/video_ext.php?oid=-211229778&id=456239328&hash=6cda4b0217a6e289&__ref=vk.admin_android&api_hash=1740694467d545cd67101372dbfa_GMZDANZRGM2TCOA,1,1,1,False,https://sun9-50.userapi.com/T0D7x41meUA-G4UHAAbIVzIs5gHq0n7I6RYBRg/3GYSG5XrDg0.jpg
456239316,-211229778,Женский Форум #41 | Елизавета Варвара Аранова,"Выгодные покупки на Мегамаркете!
Товары категории Красота и уход с кешбэком до 60% и дополнительная скидка 700 руб по промокоду ""денькрасоты"" на первую покупку от 2500 руб до 31 октября: https://clck.ru/363uif
Правила использования промокода: https://clck.ru/363uim
Erid: LjN8Jug91

Промокод NATUREWOMAN дает скидку 25% на на весь ассортимент шоколада N в брендовом магазине на Ozon, ссылка:  https://ozon.ru/t/7MX6Ao2
Предложение действует с 12 октября по 26 ноября только на первый заказ. Количество товара ограничено.
Erid: 2VtzqwWaWyR

Эксклюзивно в VK Видео.

Елизавета Варвара Аранова: https://vk.com/el_ba_aranova

Варя Щербакова https://vk.com/varjauletela    
Наташа Борисова https://vk.com/natavshoke   
Оля Парфенюк https://vk.com/olya.parfenyuk    
Саша Муратова https://vk.com/maleksandrad   
  
«Женский Форум» ВКонтакте https://vk.com/zhenforum

00:00 Начало  
05:44 «Моя дочь извиняется перед предметами!»  
21:26 «А тому ли я дала?»  
33:47 гость – Елизавета Варвара Аранова
47:40 «Тройное имя для девочки»  
58:27 «Мне нужно уехать, а муж не умеет готовить»",4369,1697101200,4448274,824,34211,5924,https://vk.com/video_ext.php?oid=-211229778&id=456239316&hash=7ec12587d76e8965&__ref=vk.admin_android&api_hash=1740694467145b2ac60cda978a8c_GMZDANZRGM2TCOA,1,1,1,False,https://sun9-51.userapi.com/lYr-hcM9ifDLPI6Fybluv2TZVQihE-zGSmm8rQ/l35sQg_eMIw.jpg
456239307,-211229778,Женский Форум #40 | Вячеслав Чепурченко,"Кешбэк до 50% на товары из категории красоты на Мегамаркете: https://clck.ru/35mS7B
Правила использования промокода ""денькрасоты"": https://clck.ru/35mS8r
Erid: LatgBZiAs

Начинайте бизнес с Точкой https://tchk.me/zoO8vD
Erid: 2VtzqvUzoFx

Кофе LEBO - пей, если не е-бо-бо. А по промокоду FORUM2023 скидка - 30% https://clck.ru/sPisD
(Срок действия промокода с 15.12.2022 по 07.12.2023, промокод одноразовый)
Erid: 2VtzqxQKujY

Эксклюзивно в VK Видео.

Вячеслав Чепурченко: https://vk.com/chepur1987 

Варя Щербакова: https://vk.com/varjauletela    
Наташа Борисова: https://vk.com/natavshoke   
Оля Парфенюк: https://vk.com/olya.parfenyuk    
Саша Муратова: https://vk.com/maleksandrad   
  
«Женский Форум» ВКонтакте https://vk.com/zhenforum

00:00 Начало 
03:23 «Как не выглядеть мёртвой во время секса» 
15:54 «Почему женщины так трясутся за свои жизни?» 
21:55 гость – Вячеслав Чепурченко
28:42 «Муж постоянно смотрит сериалы» 
42:03 «Преследует поклонник»",3860,1695891600,5616873,846,36530,6664,https://vk.com/video_ext.php?oid=-211229778&id=456239307&hash=01755c7c44c244ab&__ref=vk.admin_android&api_hash=1740694467ec64442ddafcff9296_GMZDANZRGM2TCOA,1,1,1,False,https://sun9-65.userapi.com/oWWaROANUJOG7IGn2BeciOhAan82ZKFgM5lKVQ/Ai3_xzMIeA8.jpg
456239298,-211229778,Женский Форум #39 | Артём Муратов,"Скидка до 99% за бонусы СберСпасибо в Самокате: https://s.sber.ru/rpRbc
Erid: 2VtzquizV3v

Товары из категории красоты с кешбэком до 50% на Мегамаркете: https://clck.ru/35fddN
Правила использования промокода ""денькрасоты"": https://clck.ru/35fdnj
Erid: LatgBYMwT

Отдых и расслабление в Тайрай: https://vk.cc/cqT2sU
Erid: 2VtzqwjUtu6

Кофе LEBO - пей, если не е-бо-бо. А по промокоду FORUM2023 скидка - 30% https://clck.ru/sPisD
(Срок действия промокода с 15.12.2022 по 07.12.2023, промокод одноразовый)
Erid: 2Vtzqvcv4oa

Эксклюзивно в VK Видео.

Артём Муратов: https://vk.com/artmuratov

Варя Щербакова https://vk.com/varjauletela    
Наташа Борисова https://vk.com/natavshoke   
Оля Парфенюк https://vk.com/olya.parfenyuk    
Саша Муратова https://vk.com/maleksandrad   
  
«Женский Форум» ВКонтакте https://vk.com/zhenforum

00:00 Начало  
04:01 «Переборщила с ретушью на видео, насмешки друзей»  
22:30 «Подруге запретили интим по мед. показаниям, просит подменить»  
36:47 гость – Артём Муратов
44:19 «Хочу чтобы муж вкусно готовил и танцевал танец живота»  
56:08 «Только накаченные красавцы имеют право на секс»
01:10:12 «Хочу прищемить хвост мужчине»",4805,1694682000,5023396,523,29439,4885,https://vk.com/video_ext.php?oid=-211229778&id=456239298&hash=5ff689c34c982fdd&__ref=vk.admin_android&api_hash=174069446780c0ffa5940785640c_GMZDANZRGM2TCOA,1,1,1,False,https://sun9-70.userapi.com/EqhLt31GU6s1QtqrVqu8vL8TPOwkqzjFF_f3Hw/WMeNvpIHx14.jpg
456239288,-211229778,Женский Форум #38 | Олеся Иванченко,"На Мегамаркете — выгодно!
Успевайте за покупками с повышенным кешбэком для новых пользователей и дополнительной скидкой 1 000 руб по промокоду «форумлето» на заказ от 3 000 руб только до 31 августа: https://clck.ru/35WqJM
Правила использования промокода: https://clck.ru/35WqLb
Erid: Kra23VJz7

Кофе LEBO - пей, если не е-бо-бо. А по промокоду FORUM2023 скидка - 30% https://clck.ru/sPisD
(Срок действия промокода с 15.12.2022 по 07.12.2023, промокод одноразовый)
Erid: 2VtzqvCridm

Эксклюзивно в VK Видео.

Олеся Иванченко: https://vk.com/public221829791

Варя Щербакова https://vk.com/varjauletela    
Наташа Борисова https://vk.com/natavshoke   
Оля Парфенюк https://vk.com/olya.parfenyuk    
Саша Муратова https://vk.com/maleksandrad   
  
«Женский Форум» ВКонтакте https://vk.com/zhenforum

00:00 Начало 
04:50 «Что можно позволить парню на пятом свидании?» 
13:32 «Семейные отношения, жена ходит к психологу» 
22:34 гость – Олеся Иванченко
36:15 «Оказалось, мне нужно было знакомиться в туалете или в неком секретном месте, а не в кафе-ресторанах» 
47:32 «Почему нет такой мед услуги?»",3899,1693472400,6773121,1181,50484,12247,https://vk.com/video_ext.php?oid=-211229778&id=456239288&hash=37a3cc93badf98f9&__ref=vk.admin_android&api_hash=1740694467577044530d49309e1c_GMZDANZRGM2TCOA,1,1,1,False,https://sun9-79.userapi.com/Exkt8tFErsVDdjLSgAWAMK7X2UqFbeA-2xPGQA/G9kihR-eD-w.jpg
456239272,-211229778,Женский Форум #37 | Маргарита Родина,"На Мегамаркете выгода есть!
Покупайте товары для красоты со скидкой 1 000 рублей на первую покупку от 3 000 рублей по промокоду «форумлето» и повышенным кешбэком до 60% до 21 августа: https://clck.ru/35LgQK
Правила использования промокода: 
https://clck.ru/35LgbX
Реклама. ООО «Маркетплейс», megamarket.ru, токен: Kra23hV7c

Skysmart: подарите вашему ребенку возможность начать карьеру IT: https://go.skysmart.ru/zhenforum_computer-courses 
Промокод: BACKTOSCHOOL23 - скидка до 20% (срок действия с 17.08.2023 до 15.09.2023, промокод одноразовый)
Erid: 2VtzqusUXRG

Кофе LEBO. Покупайте счастье со скидкой - 30% по промокоду FORUM2023 https://clck.ru/sPisD
(Срок действия промокода с 15.12.2022 по 07.12.2023, промокод одноразовый)
Erid: 2VtzqxmRzCn

Эксклюзивно в VK Видео.

Маргарита Родина: https://vk.com/ritario2006

Варя Щербакова https://vk.com/varjauletela    
Наташа Борисова https://vk.com/natavshoke   
Оля Парфенюк https://vk.com/olya.parfenyuk    
Саша Муратова https://vk.com/maleksandrad   
  
«Женский Форум» ВКонтакте https://vk.com/zhenforum

00:00 Начало 
08:04 «Муж тайно ест деликатесы в ванной» 
24:57 гость – Маргарита Родина
36:39 «Бывший муж принёс домой прах своей любовницы» 
47:29 «Красные трусы на люстре» 
01:04:20 «Любовник называет по имени отчеству»",4358,1692261677,4984379,1158,34886,7703,https://vk.com/video_ext.php?oid=-211229778&id=456239272&hash=87a2a103cfa902b6&__ref=vk.admin_android&api_hash=17406944673a22d1753148035c03_GMZDANZRGM2TCOA,1,1,1,False,https://sun9-58.userapi.com/IMsqIUJ4z-eVQJWItU5vrDj8MTtzQAtd2ZXt0w/CNz8RL7oueQ.jpg
456239259,-211229778,Женский Форум #36 | Бьянка,"Скачивайте Яндекс Браузер и смотрите иностранные видео с голосовым переводом на русском: https://vk.cc/cpcfls
Erid: 2VtzqwzeEH3

Получи 2 ПОДАРКА по промокоду NEPARSYA:
👉🏼 новое блюдо грузинской кухни — «Салат орехом заправили»
👉🏼 пирог на выбор при заказе от 1999 рублей
Переходи по ссылке: https://vk.cc/cpyL5R

Условия промокода: Действует с 3 августа по 3 сентября 
В подарок «Салат орехом заправили» при заказе в приложении от 1999 руб для новых клиентов.
Erid: 2Vtzqv89M9X

Кофе LEBO - пей, если не е-бо-бо. А по промокоду FORUM2023 скидка - 30% https://clck.ru/sPisD
(Срок действия промокода с 15.12.2022 по 07.12.2023, промокод одноразовый)
Erid: 2VtzqwUi1Wd

Эксклюзивно в VK Видео.
Бьянка: https://vk.com/biankanumber1

Варя Щербакова - https://vk.com/varjauletela 
Наташа Борисова - https://vk.com/natavshoke 
Оля Парфенюк - https://vk.com/olya.parfenyuk   
Саша Муратова - https://vk.com/maleksandrad  
  
«Женский Форум» ВКонтакте https://vk.com/zhenforum

00:00 Начало  
02:31 «Постоянно попадаются богатые мужчины»  
17:17 «Любовница стала подругой»  
29:04 гость – Бьянка
47:27 «Сын слушает плохую музыку» 
53:09 «Брать мужа на 5 или 10 лет моложе?»",4228,1691046000,4888792,1277,30023,6577,https://vk.com/video_ext.php?oid=-211229778&id=456239259&hash=30bccd3823c70ca9&__ref=vk.admin_android&api_hash=1740694467b4797ce9dd7260e564_GMZDANZRGM2TCOA,1,1,1,False,https://sun9-59.userapi.com/O0LE_-JGwFAPmQfLh0TnI7oc4QEdMXCWmBrFFA/bnTgoVvT7ow.jpg
456239248,-211229778,Женский Форум #35 | Арсений Попов,"промокод ФОРУМ 15% от 5000 руб. 
с 20-27.07.2023
в мобильном приложении и на сайте Золотое Яблоко https://goldapple.onelink.me/jLXC/stmhwpiw
Erid: 2VtzqvsJ65A

Кофе LEBO - пей, если не е-бо-бо. А по промокоду FORUM2023 скидка - 30% https://clck.ru/sPisD
(Срок действия промокода с 15.12.2022 по 07.12.2023, промокод одноразовый)
Erid: 2VtzquWkRYY

Эксклюзивно в VK Видео!
Арсений Попов: https://vk.com/arsofk

Варя Щербакова - https://vk.com/varjauletela 
Наташа Борисова - https://vk.com/natavshoke 
Оля Парфенюк - https://vk.com/olya.parfenyuk   
Саша Муратова - https://vk.com/maleksandrad  
  
«Женский Форум» ВКонтакте https://vk.com/zhenforum

00:00 Начало 
02:35 «Где найти мужчину, который подарит квартиру сразу?» 
14:02 «Какие фото вы выкладываете на сз?» 
29:03 гость – Арсений Попов
40:35 «Я невероятно красива» 
55:33 «Выпал зуб после минета»
01:04:52 «Выпал зуб после минета. Продолжение»
01:10:10 «Мне 40, хочу быть подростком»",4735,1689838916,5169345,1476,47714,9762,https://vk.com/video_ext.php?oid=-211229778&id=456239248&hash=f2137e9e2f8edb0e&__ref=vk.admin_android&api_hash=17406944671176f6404ceb1b10cb_GMZDANZRGM2TCOA,1,1,1,False,https://sun9-78.userapi.com/Pckequ9OSIa2ilR7-peNV8p1nodA035W7A9zCg/dXsrIjN2EuQ.jpg
456239239,-211229778,Женский Форум #34 | Роман Каграманов,"Кофе LEBO - пей, если не е-бо-бо. А по промокоду FORUM2023 скидка - 30% https://clck.ru/sPisD 
(Срок действия промокода с 15.12.2022 по 07.12.2023, промокод одноразовый)
Erid: 2VtzqucPmhn

Эксклюзивно в VK Видео.

Роман Каграманов: 
https://vk.com/kagramanovr

Варя Щербакова - https://vk.com/varjauletela 
Наташа Борисова - https://vk.com/natavshoke 
Оля Парфенюк - https://vk.com/olya.parfenyuk   
Саша Муратова - https://vk.com/maleksandrad  
  
«Женский Форум» ВКонтакте https://vk.com/zhenforum

00:00  Начало 
02:37 «Мужчина позвал кататься на ослах» 
16:25 «Я влюбилась в парня, а он любит Ольгу Парфенюк» 
27:34 гость – Роман Каграманов
34:21 «Блогеры в самолётах бесят» 
45:13 «Не осуждайте. Застрял попрыгунчик в попе»
58:23 «Понравился умерший мужчина»",4008,1688626568,6349089,1197,47208,10105,https://vk.com/video_ext.php?oid=-211229778&id=456239239&hash=c57dc2ba3e328027&__ref=vk.admin_android&api_hash=17406944677a045e0a81b4ccf1b3_GMZDANZRGM2TCOA,1,1,1,False,https://sun9-14.userapi.com/yJOwG6kvHMOjE0z7tTSwJQktpl0vm2HDxR09RQ/lwkMRdUJl-s.jpg
456239232,-211229778,Женский Форум #33 | Виктория Складчикова,"Премьера! Смотри сериал «Райцентр» только на Иви. Все серии сразу: https://vk.cc/coYr0E
Erid: 2VtzqvbSLSF

Кофе LEBO - пей, если не е-бо-бо. А по промокоду FORUM2023 скидка - 30% https://clck.ru/sPisD
(Срок действия промокода с 15.12.2022 по 07.12.2023, промокод одноразовый)
Erid: 2Vtzquh9uXq

Эксклюзивно в VK Видео!
Виктория Складчикова: https://vk.com/vikaskladchikova

Варя Щербакова https://vk.com/varjauletela 
Наташа Борисова https://vk.com/natavshoke 
Оля Парфенюк https://vk.com/olya.parfenyuk 
Саша Муратова https://vk.com/maleksandrad 

«Женский Форум» ВКонтакте https://vk.com/zhenforum

00:00 Начало 
02:45 «Мой муж - иностранец. Откровения» 
15:52 гость – Виктория Складчикова
26:47 «Посадила парня в тюрьму, теперь жалею» 
43:00 «Девушка съела 1 кг мяса»
56:39 «Мужчина проверяется через разборки»",4320,1687498872,5657912,1657,52704,19317,https://vk.com/video_ext.php?oid=-211229778&id=456239232&hash=d32e12b316e38e3c&__ref=vk.admin_android&api_hash=17406944671410fe4bed3f1f47ba_GMZDANZRGM2TCOA,1,1,1,False,https://sun9-18.userapi.com/Kd3KRKE-rCst3oGXN2LaKK6McpIaEcRU9a2RfA/tflBSCRc_oc.jpg
456239221,-211229778,Женский Форум #32 | Екатерина Скулкина,"Отвечайте на звонки с незнакомых номеров и будьте уверены, что это не спам. Ведь спам-звонки заблокирует Защитник от МТС. Подключите подписку МТС Premium c Защитником, онлайн-кинотеатром KION, книжным сервисом Строки, МТС Music и 50 ГБ дополнительного интернета: https://vk.cc/coEYgT

Хочешь иметь красивую, здоровую и упругую кожу? Эффективный и проверенный способ - микротоки BEAR от FOREO. Используй промокод FOREOBEAR и получишь дополнительную скидку -15% до 30 июня. Ссылка: https://ozon.ru/t/Dk9jdAZ
erid: 2VtzqvLGNug

Кофе LEBO - пей, если не е-бо-бо. А по промокоду FORUM2023 скидка - 30% https://clck.ru/sPisD
(Срок действия промокода с 15.12.2022 по 14.06.2023, промокод одноразовый)
erid: Kra23kkkE

Эксклюзивно в VK Видео!

Екатерина Скулкина: https://vk.com/skulkinacom

Варя Щербакова https://vk.com/varjauletela 
Наташа Борисова https://vk.com/natavshoke 
Оля Парфенюк https://vk.com/olya.parfenyuk 
Саша Муратова https://vk.com/maleksandrad 
  
«Женский Форум» ВКонтакте https://vk.com/zhenforum

00:00 Начало 
02:49 «Внешне колобок в душе Ланнистер» 
15:41 «Мужчины, объясните, какая разница?» 
31:17 гость – Екатерина Скулкина
34:39 «Нужна ваша помощь или придётся ответить арабам в директе» 
52:17 «Актёр-развратник на спектакле»
01:05:00 «Сын-неудачник, стоит ли с ним общаться?»",4675,1686208650,4320619,748,22185,7149,https://vk.com/video_ext.php?oid=-211229778&id=456239221&hash=5e17caaedd781886&__ref=vk.admin_android&api_hash=174069446708a9acdeba980cd8d8_GMZDANZRGM2TCOA,1,1,1,False,https://sun9-30.userapi.com/qVs8CO9iJ9TZW9bQUz8-MBSeWYixygyKS0s2Mw/ukDF7mH8NkY.jpg
456239216,-211229778,Премьеры новых выпусков Женского форума - теперь эксклюзивно в VK Видео!,,15,1685624751,243013,0,885,8,https://vk.com/video_ext.php?oid=-211229778&id=456239216&hash=39c9cc0e0f179f17&__ref=vk.admin_android&api_hash=1740694467143bb2eb4ea0e746a7_GMZDANZRGM2TCOA,1,1,1,False,https://i.mycdn.me/getVideoPreview?id=4753929997045&idx=9&type=39&tkn=nYt0-xvlmcOFuhazfbUequParzU&fn=vid_s
456239211,-211229778,Женский Форум #31 | Дмитрий Журавлёв,"Дмитрий Журавлёв: https://vk.com/id43774079

Варя Щербакова https://vk.com/varjauletela 
Наташа Борисова https://vk.com/natavshoke 
Оля Парфенюк https://vk.com/olya.parfenyuk 
Саша Муратова https://vk.com/maleksandrad 
  
«Женский Форум» ВКонтакте https://vk.com/zhenforum
 
00:00 Начало  
00:29 «Не хватает энергии на третьего любовника» 
10:35 «Взрослая тётка пьёт детский сок»  
25:45 гость – Дмитрий Журавлёв
31:03 «Парень позвал на свидание, а попала на поминки» 
43:39 «Как ребёнку вижить в селе»
01:02:02 «Целовать женщину»",4420,1684911098,3777443,489,18873,4785,https://vk.com/video_ext.php?oid=-211229778&id=456239211&hash=630a9ce3c7e2fb51&__ref=vk.admin_android&api_hash=1740694467fcea69d3d14318e72f_GMZDANZRGM2TCOA,1,1,1,False,https://sun9-21.userapi.com/mvGTNtLyfJjs81wc90lSW29TVgPca6eFVAr7dA/IXruSK9OBGs.jpg
456239204,-211229778,Женский Форум #30 | Белла,"Белла: https://vk.com/helgaluma

Варя Щербакова https://vk.com/varjauletela
Наташа Борисова https://vk.com/natavshoke
Оля Парфенюк https://vk.com/olya.parfenyuk
Саша Муратова https://vk.com/maleksandrad
  
«Женский Форум» ВКонтакте https://vk.com/zhenforum

00:00 Начало  
01:45 «Предложение по face time» 
13:00 «Когда автобусы сделают раздельными для полов?»  
26:31 гость – Белла
36:34 «Сын хочет жениться на темнокожей» 
46:57 «Парень сказал, что сегодня у нас будет кини»
55:24 «Как начать встречаться с парнем, если мы с ним спим?»",4270,1683788512,2679410,387,11316,2307,https://vk.com/video_ext.php?oid=-211229778&id=456239204&hash=dee08eb23dfc23f2&__ref=vk.admin_android&api_hash=1740694467fb5194069334424faf_GMZDANZRGM2TCOA,1,1,1,False,https://sun9-80.userapi.com/m3RtujM-nNT10e3BCGwX8JpJ8SiLl9p5gDN31w/3L8Tj55xZOo.jpg
456239196,-211229778,Женский Форум #29 | Глюк'oZа,"Гость:
Глюк'oZа: https://vk.com/glukozamusic 

Ведущие:
Варя Щербакова https://vk.com/varjauletela
Наташа Борисова https://vk.com/natavshoke 
Оля Парфенюк https://vk.com/olya.parfenyuk   
Саша Муратова https://vk.com/maleksandrad 
  
«Женский Форум» ВКонтакте https://vk.com/zhenforum

00:00 Начало  
05:36 «Подралась с бомжом в бане» 
17:44 «Это норм приглашение парня?»  
33:06 гость – Глюк'oZа
45:08 «Почему мужчины так недолго исполняют брачные танцы?» 
57:37 «Мне кажется, что мой кот хочет мне навредить»",4450,1682580637,1819754,101,5064,779,https://vk.com/video_ext.php?oid=-211229778&id=456239196&hash=e71150494d086b77&__ref=vk.admin_android&api_hash=1740694467d7b7a2bfe2d351488d_GMZDANZRGM2TCOA,1,1,1,False,https://sun9-72.userapi.com/T_ixmJ6AptqJoxJLIr_O6nnsoef37I4TKEVf8Q/M7a8e3rT8AI.jpg
456239186,-211229778,Женский Форум #28 | Дима Позов,"Дима Позов: https://vk.com/pozov85

Варя Щербакова https://vk.com/varjauletela
Наташа Борисова https://vk.com/natavshoke
Оля Парфенюк https://vk.com/olya.parfenyuk
Саша Муратова https://vk.com/maleksandrad
  
«Женский Форум» ВКонтакте https://vk.com/zhenforum

00:00 Начало  
00:22 «Как убедить жену в очевидном?» 
09:26 «Нужен совет. Понравился парень, но узнала про него…»  
16:00 гость – Дима Позов
21:25 «Влюбилась в комика» 
32:44 «Жених-грек, что делать с фамилией?»
42:24 «Посмотрела “Женский Форум”»",3132,1681367287,2376122,102,9840,1272,https://vk.com/video_ext.php?oid=-211229778&id=456239186&hash=e678db9c1b69f7a8&__ref=vk.admin_android&api_hash=17406944675c818b0d8895d882ed_GMZDANZRGM2TCOA,1,1,1,False,https://sun9-68.userapi.com/SG0k_msi1f1AuEJx1IX7zCB1woYBm87ihdtnkA/MzxANU6dh6c.jpg
456239176,-211229778,Женский Форум #27 | Илья Макаров,"Илья Макаров: https://vk.com/ilia__makarov
Варя Щербакова https://vk.com/varjauletela
Наташа Борисова https://vk.com/natavshoke 
Оля Парфенюк https://vk.com/olya.parfenyuk
Саша Муратова https://vk.com/maleksandrad
  
«Женский Форум» ВКонтакте https://vk.com/zhenforum

00:00 Начало  
01:25 гость – Илья Макаров
07:55 «Почему все бабы ходят с такой значительной мордой лица?» 
16:29 «Шлюхометр – он есть!!!»  
33:34 «Запри жену в багажнике» 
41:12 «Бабы и одежда»
55:36 «В какой момент Ж становится сукой по отношению к мужчине?»",3972,1680160410,2901696,125,7422,1904,https://vk.com/video_ext.php?oid=-211229778&id=456239176&hash=1f40d0e1b1e9c3d2&__ref=vk.admin_android&api_hash=174069446752b19dae8154d7b92e_GMZDANZRGM2TCOA,1,1,1,False,https://sun9-15.userapi.com/zmBsidSCJUV3y99m9y-wg7KmMmrgxP1aQ5TzDA/h2nBwRveGY8.jpg
456239160,-211229778,Женский Форум #26 | Сердар Камбаров,"Сердар Камбаров: https://vk.com/serdarkambarov

Варя Щербакова https://vk.com/varjauletela 

Наташа Борисова https://vk.com/natavshoke 

Оля Парфенюк https://vk.com/olya.parfenyuk 

Саша Муратова https://vk.com/maleksandrad 

«Женский Форум» ВКонтакте https://vk.com/zhenforum

Таймкоды:
00:00 Начало 
01:05 «Муж упал в компостную яму» 
08:38 «Провоз интимных игрушек в самолёте» 
18:58 гость – Сердар Камбаров
30:19 «Визажист назвала меня уродиной» 
43:25 «МДшник ушёл из IT в мужской стриптиз»",3260,1677825776,2352205,116,6522,1006,https://vk.com/video_ext.php?oid=-211229778&id=456239160&hash=c77c08afca2842d6&__ref=vk.admin_android&api_hash=174069446712ed3c324ebe142741_GMZDANZRGM2TCOA,1,1,1,False,https://sun9-12.userapi.com/9_1zmCHWJ39qupxXW_Yo6U11EulPkWk0zvehUQ/VHfsdfO5bjw.jpg
456239152,-211229778,Женский Форум #25 | Мария Миногарова,"Гость:
Мария Миногарова: https://vk.com/minogarovamng

Ведущие:
Варя Щербакова https://vk.com/varjauletela
Наташа Борисова https://vk.com/natavshoke 
Оля Парфенюк https://vk.com/olya.parfenyuk   
Саша Муратова https://vk.com/maleksandrad 
  
«Женский Форум» ВКонтакте https://vk.com/zhenforum

Таймкоды:
00:00 Начало  
00:30 «Бывший забрал мой любимый нож и не отдаёт» 
09:02 «Звали бы на кофе с пиццей не было бы отказов!»  
19:38 Гость – Мария Миногарова
24:52 «Высокий рост» 
39:59 «Вы продолжили бы общение с парнем?»
51:02 «Как научиться стонать во время секса?»",3433,1676536992,1833019,80,6780,1040,https://vk.com/video_ext.php?oid=-211229778&id=456239152&hash=fc816a753b5321cb&__ref=vk.admin_android&api_hash=17406944673e993bf8a1dc7a667e_GMZDANZRGM2TCOA,1,1,1,False,https://sun9-31.userapi.com/bO59vzxwIUzpOUhbXO_LYQNth0aPCtmTS9P3PA/x28tQv6RD7Q.jpg
456239288,-211232966,Женский Форум #24 | Игорь Джабраилов | Зоя Яровицына | Гоша Карцев,,7232,1674728578,1719405,67,6198,1177,https://vk.com/video_ext.php?oid=-211232966&id=456239288&hash=98d01dc3f0218160&__ref=vk.admin_android&api_hash=17406944677e74285688dcdd33dd_GMZDANZRGM2TCOA,1,1,1,False,https://sun9-25.userapi.com/4ZFr3vE_pvGvHgb5V_wV-ZzGkj-8qZjhPvV7FA/k24WVD_HiW4.jpg
456239203,-211232966,Женский Форум - Женский Форум #23 | Илья Соболев,"2ГИС — карты, маршруты, поиск мест. И поиск лучших мест, где поесть. Выбирайте, где шашлыки вкуснее: https://2gis.onelink.me/nw2S/otqwgv0l
Pb3XmBtzsznXKhn4Ev8PFC7qPAuWWwDtem857hS

Большинство продуктов для губ от Divage сейчас со скидкой 35% в Золотом Яблоке - https://clck.ru/332qnD
Реклама. ООО ""Диваж-Столица"", ИНН: 7701507803
LjN8JwHjb

Скидка 300 рублей на первый заказ продуктов (от 600 руб.) в «Маркет 15» в приложении Яндекс Маркета по промокоду 15MINUT: https://clck.ru/333Cgh
Pb3XmBtzt8vXpEQ4KGzqLGiMesdmd1Db4adLRGS

Забронировать отель на Check in — https://clck.ru/333GgP

LEBO Coffee горячий, как Варя Щербакова. Покупайте со скидкой - 30% по промокоду FORUM2023 - https://clck.ru/sPisD
(Срок действия промокода с 15.12.2022 по 14.06.2023, промокод одноразовый)

Новый «Женский форум» выходит раньше на сайте и в приложении The Hole. Присоединяйтесь бесплатно: https://tinyurl.com/3sj9j6cn

Илья Соболев https://vk.com/sobolevilya
https://t.me/clansoboleva

Варя Щербакова https://vk.com/varjauletela    
https://t.me/varjauletelaKANAL 
  
Наташа Борисова https://vk.com/natavshoke   
https://t.me/nataVshoke 
  
Оля Парфенюк https://vk.com/olya.parfenyuk    
https://t.me/sketchup_parfenyuk 
  
Саша Муратова https://vk.com/maleksandrad   
https://t.me/sasha_iz_elektrostali 
  
«Женский Форум» в телеграме https://t.me/zhenforum   
«Женский Форум» вконтакте https://vk.com/zhenforum

Темы для обсуждения взяты с форума Woman.ru https://www.woman.ru/forum/

00:00 Начало  
03:00 «Как убедить двоюродную сестру, что её поезд давно ушёл и нужно брать, что дают?» 
18:56 «Муж настаивает назвать сына Сервелат»  
29:32 гость – Илья Соболев
33:18 «Мой парень без чувства юмора?» 
49:36 «Болит анус после дня рождения»",3526,1674155631,1799134,67,6222,1265,https://vk.com/video_ext.php?oid=-211232966&id=456239203&hash=0f55e7aaa1701277&__ref=vk.admin_android&api_hash=1740694467be49d1a1c1f38238a2_GMZDANZRGM2TCOA,1,1,1,False,https://sun9-75.userapi.com/rhFG4Jp-7bdJw2Rsv72euG3vZk0RluLKwz6tZg/ih2ACqS0vi4.jpg
456239193,-211232966,Женский Форум - Женский Форум #22 | Игорь Джабраилов,"Приобрести стильный ноутбук MSI Modern 15 можно по ссылке: https://bit.ly/MSI_Modern15_easycom

Pb3XmBtzsyfq6CQKQU1cbrZAfujC6kPoD7z2JM4

Не пропусти в Бургер Кинге акцию «Всё по 99» — ЧизБекон, ЧизБекон Чикен, капучино или латте, сырные медальоны или шестерка наггетсов: https://clck.ru/32p62j

Бесплатный Плюс Мульти до конца года по промокоду FORUM: https://clck.ru/32kB3V
Активировать до 05.12.2022. Действительно на территории РФ. Промокод для новых пользователей и у кого подписка не активна.

Pb3XmBtzsz1KT95cryPfJbcSNyDEii88ZB5mAhE

Мы не шутим, когда говорим о сайте и приложении The Hole с очень ранними премьерами наших шоу: https://thehole.page.link/forum_2411

Игорь Джабраилов https://vk.com/dzhabrailov
https://t.me/dzhabrakadabra
  
Варя Щербакова https://vk.com/varjauletela    
https://t.me/varjauletelaKANAL 
  
Наташа Борисова https://vk.com/natavshoke   
https://t.me/nataVshoke 
  
Оля Парфенюк https://vk.com/olya.parfenyuk    
https://t.me/sketchup_parfenyuk 
  
Саша Муратова https://vk.com/maleksandrad   
https://t.me/sasha_iz_elektrostali 
  
«Женский Форум» в телеграме https://t.me/zhenforum   
«Женский Форум» вконтакте https://vk.com/zhenforum

Темы для обсуждения взяты с форума Woman.ru https://www.woman.ru/forum/

00:00 Начало  
03:38 «Зачем быть ухоженной и красивой, если всем плевать?»  
16:35 гость – Игорь Джабраилов
19:27 «Попал в женский коллектив, нахожусь в шоке»  
30:01 «Как намекнуть?» 
42:27 «Варвара Щербакова» 
50:58 «Муж умер во время секса, теперь не могу им заниматься»",3549,1674155259,1684021,64,7134,1167,https://vk.com/video_ext.php?oid=-211232966&id=456239193&hash=a6b861a8701e0c4e&__ref=vk.admin_android&api_hash=17406944677326f24888518f543b_GMZDANZRGM2TCOA,1,1,1,False,https://sun9-21.userapi.com/MdEG-LilNDuH6lNC60qcXTPb1-ZbbpZUUEHl4w/qjnJOn68ZhY.jpg
456239282,-211232966,Женский Форум - Женский Форум #21 | Тарзан,"Распродажа 11.11 на Joom c 1 по 14 ноября - https://at.joom.com/dl/easy
А по промокоду easy дополнительная скидка до 11%!

Pb3XmBtztBxPj9byMrUQgQ38hCcEeRwmPwRhmzg

Смотрите сериал ""Аврора"" на Wink https://clck.ru/32dJDP

Покупайте билеты в театр и кино в Тинькофф Городе! https://l.tinkoff.ru/yt_easycom

Словарь прогрессивного человека. The Hole — место, куда попадают премьеры раньше YouTube: https://thehole.page.link/forum_1011

Тарзан https://t.me/tarzan_art
  
Варя Щербакова https://vk.com/varjauletela    
https://t.me/varjauletelaKANAL 
  
Наташа Борисова https://vk.com/natavshoke   
https://t.me/nataVshoke 
  
Оля Парфенюк https://vk.com/olya.parfenyuk    
https://t.me/sketchup_parfenyuk 
  
Саша Муратова https://vk.com/maleksandrad   
https://t.me/sasha_iz_elektrostali 
  
«Женский Форум» в телеграме https://t.me/zhenforum   
«Женский Форум» вконтакте https://vk.com/zhenforum

Темы для обсуждения взяты с форума Woman.ru https://www.woman.ru/forum/

00:00 Начало  
00:42 «Мужчина в порыве страсти порвал дорогой лифчик»  
11:06 «Гадалка»  
19:07 «Дочь 6 лет учится у мужа плохому» 
27:50 гость – Тарзан
36:38 «Тарзан как эталон мужчины для настоящей женщины» 
50:03 «Животик страсти»",3549,1674161996,1595636,114,5377,1707,https://vk.com/video_ext.php?oid=-211232966&id=456239282&hash=40ea88a50a9d8b10&__ref=vk.admin_android&api_hash=17406944677d60a63eca4139a55a_GMZDANZRGM2TCOA,1,1,1,False,https://sun9-53.userapi.com/9kWufrvGhKB1laUb_6bGrkjDPLpxSdImsXA5Nw/pHV6ghcNDGc.jpg
456239169,-211232966,Женский Форум - Женский Форум #19 | Анна Седокова,"Если ты абонент билайна, скорее пиши себе послание в будущее на https://clck.ru/32Ke3N, и через 5 лет ты получишь его в смс.

Pb3XmBtzssj3tXPaHAKQhkPCPXvQBqRPmfqcBg2

Покупайте сейчас, а платите потом со сплитом на Яндекс Маркете без комиссий и документов: https://clck.ru/32LK4i

Pb3XmBtzsxsuJ6xAguhg1CaAvwXu1M5JG31aWfY

Сеть тайского массажа Тайрай. Место расслабления и обретения внутренней гармонии https://bit.ly/3epu1cR

Уйти в наш The Hole за лучшими шоу — всегда хорошая идея: https://thehole.page.link/forum_1509

Анна Седокова https://vk.com/annsedokova
https://t.me/secretanna
  
Варя Щербакова https://vk.com/varjauletela    
https://t.me/varjauletelaKANAL 
  
Наташа Борисова https://vk.com/natavshoke   
https://t.me/nataVshoke 
  
Оля Парфенюк https://vk.com/olya.parfenyuk    
https://t.me/sketchup_parfenyuk 
  
Саша Муратова https://vk.com/maleksandrad   
https://t.me/sasha_iz_elektrostali 
  
«Женский Форум» в телеграме https://t.me/zhenforum   
«Женский Форум» вконтакте https://vk.com/zhenforum

Темы для обсуждения взяты с форума Woman.ru https://www.woman.ru/forum/

00:00 Начало  
02:23 «Как убедить жену, что я ей изменил?»  
10:20 «Как снять напряжение и расслабиться, если нет мужичка?»  
22:38 гость – Анна Седокова
34:37 «Хочу как Седокова или как научиться отпускать мужчин?» 
44:43 «Знаменитый человек, о встрече с которым вы пожалели» 
01:02:08 «Парень нассал в сумку»",4239,1674155044,1040028,89,4017,691,https://vk.com/video_ext.php?oid=-211232966&id=456239169&hash=fb23a6f07233170b&__ref=vk.admin_android&api_hash=1740694467769c5f635baaf725a4_GMZDANZRGM2TCOA,1,1,1,False,https://sun9-28.userapi.com/ZRn4Iqr44J8MsVPtdS5_E3oM7nRGjqOiEgtO_A/7iwHeu-6P6Q.jpg
456239177,-211232966,Женский Форум - Женский Форум #18 | Надя Джабраилова,"Хит бренда It’s Skin, концентрированные сыворотки Power 10 It’s Skin от всех проблем кожи ждут тебя по ссылке - https://vk.cc/cgY2rF

Pb3XmBtzssETTuMu8akKt1ZUn6D6NRZGnZzzjmz

АнтиГриппин - здорово болеем с ним!

В нашем приложении The Hole больше эксклюзивов и ранние премьеры любимых шоу. Скачивайте бесплатно: https://thehole.page.link/forum1_809

Надя Джабраилова https://vk.com/electronadya
https://t.me/electronadya
  
Варя Щербакова https://vk.com/varjauletela    
https://t.me/varjauletelaKANAL 
  
Наташа Борисова https://vk.com/natavshoke   
https://t.me/nataVshoke 
  
Оля Парфенюк https://vk.com/olya.parfenyuk    
https://t.me/sketchup_parfenyuk 
  
Саша Муратова https://vk.com/maleksandrad   
https://t.me/sasha_iz_elektrostali 
  
«Женский Форум» в телеграме https://t.me/zhenforum   
«Женский Форум» вконтакте https://vk.com/zhenforum

Темы для обсуждения взяты с форума Woman.ru https://www.woman.ru/forum/

00:00 Начало  
02:56 «Унизила мужа при друзьях»  
11:20 «Хочу любовницу мужа»  
22:15 гость – Надя Джабраилова
24:48 «Жидкая грудь» 
37:07 «Притворяюсь святой» 
52:25 «Влюбилась, что делать?»
01:04:01 «Мужчина заставлял доедать в ресторане»",4471,1674155182,1672180,60,5780,1022,https://vk.com/video_ext.php?oid=-211232966&id=456239177&hash=a888e68b0f11e49f&__ref=vk.admin_android&api_hash=1740694467129c94c574724db0c2_GMZDANZRGM2TCOA,1,1,1,False,https://sun9-60.userapi.com/FhglfZD9nQbvnUbmv9Zf-puI7AbAvUmW7hNJhg/Yo5n__zeYwo.jpg
456239206,-211232966,Женский Форум - Женский Форум #17 | Стас Круглицкий (Стас Просто Класс),"Распродажа Хочу-Схвачу с 20 по 25 сентября на Ozon: https://bit.ly/3eDk5vY
Покупайте выгодно со скидками до 80%. А для обладателей Premium-подписки распродажа откроется уже 19 сентября.

Смотри сериал «Что делать женщине, если у нее два любовника, а выбрать нужно одного» эксклюзивно в Okko

БОНУС! Промокод 633765 на 30 дней подписки «Оптимум» за 1 рубль: https://okko.tv/s/zfchtodelatzhenshchineesli

«Женский форум» и другие наши шоу выходят раньше на сайте и в приложении The Hole. Это бесплатно: https://thehole.page.link/forum_1509

Стас Круглицкий https://vk.com/stasprostoklass 
https://t.me/stasprostoklass 
  
Варя Щербакова https://vk.com/varjauletela    
https://t.me/varjauletelaKANAL 
  
Наташа Борисова https://vk.com/natavshoke   
https://t.me/nataVshoke 
  
Оля Парфенюк https://vk.com/olya.parfenyuk    
https://t.me/sketchup_parfenyuk 
  
Саша Муратова https://vk.com/maleksandrad   
https://t.me/sasha_iz_elektrostali 
  
«Женский Форум» в телеграме https://t.me/zhenforum   
«Женский Форум» вконтакте https://vk.com/zhenforum

Темы для обсуждения взяты с форума Woman.ru https://www.woman.ru/forum/
 
00:00 Начало  
02:12 «Очень красивая фигура, а показать некому»  
12:40 «Муж-затейник»  
23:24 гость – Стас Просто Класс
30:26 «Как стать женоподобным, если я парень» 
38:24 «Как убедить девушку устроиться на вторую работу» 
56:18 «Парень работает на вебкаме»",4163,1674155787,1100379,32,3860,802,https://vk.com/video_ext.php?oid=-211232966&id=456239206&hash=d36cf4484af43d58&__ref=vk.admin_android&api_hash=174069446744e3c3deb4832cc79b_GMZDANZRGM2TCOA,1,1,1,False,https://sun9-7.userapi.com/1pi5OAft8nBM0527B1rdGTTA0_RIpWPtO7tP4A/Zq0Ir9f81PQ.jpg
456239249,-211232966,MEDIUM QUALITY РЕКОМЕНДУЕТ - Женский Форум #16 | Айза,"Вся корейская косметика Holika Holika на Ozon со скидкой 15% по промокоду GOLUBI15 с 15.08 по 31.08 включительно https://vk.cc/cfIOda

Покупайте леденцы Натурино https://clik.cc/easycom💥, участвуйте в конкурсе “Очумелые ручки” и получите крутые призы к 15 сентября🎒 
 
БАД. НЕ ЯВЛЯЕТСЯ ЛЕКАРСТВЕННЫМ СРЕДСТВОМ.

Получи бесплатный Плюс Мульти на 30 дней по промокоду SMARTWOMEN: https://clck.ru/sWagi 
Активировать до 31.09.2022. Действительно на территории РФ. Промокод для новых пользователей и у кого подписка не активна.
 
Ваш уровень серотонина подскочит сильнее, если открыть сервис The Hole и остаться там на просмотр на ещё пару дней: https://thehole.page.link/forum_2607

Айза: https://vk.com/aizadolmatova 
https://t.me/aizalovesyou
 
Варя Щербакова https://vk.com/varjauletela 
https://t.me/varjauletelaKANAL
 
Наташа Борисова https://vk.com/natavshoke 
https://t.me/nataVshoke
 
Оля Парфенюк https://vk.com/olya.parfenyuk 
https://t.me/sketchup_parfenyuk
 
Саша Муратова https://vk.com/maleksandrad 
https://t.me/sasha_iz_elektrostali
 
«Женский Форум» в телеграме https://t.me/zhenforum
 
«Женский Форум» вконтакте https://vk.com/zhenforum
 
Темы для обсуждения взяты с форума Woman.ru https://www.woman.ru/forum/
 
00:00 Начало  
04:04 «Жена кидается ножами»  
15:32 «Кому они нужны, ваши торты, сделанные дома?»  
27:16 гость – Айза
30:55 «Певица, актриса в 40 лет» 
49:52 «До сих пор хранит мои интимные фото» 
01:01:56 «Почему все высмеивают необычные имена»
01:16:18 «Если бы ваш бывший был песней, то какой?»",5097,1674157814,567810,55,2999,602,https://vk.com/video_ext.php?oid=-211232966&id=456239249&hash=1dde421bc0b8d254&__ref=vk.admin_android&api_hash=174069446779b8d8c3ccb26d0397_GMZDANZRGM2TCOA,1,1,1,False,https://sun9-5.userapi.com/g3karQ7T_MiW_un7V4kntZWlL2rOYVjvPfS3ow/bcQDKS-EBiA.jpg
456239164,-211232966,Женский Форум - Женский Форум #15 | Гоша Карцев,"Сеть тайского массажа Тайрай. Место расслабления и обретения внутренней гармонии - https://bit.ly/3oxhyVM

Заказать продукты со скидкой в СберМаркете: https://trk.mail.ru/c/vg9c87

Это эко-реклама нашего The Hole. Без бумаги и говорящих людей советуем смотреть шоу на сайте или в приложении. Всегда раньше и с эксклюзивными видео: https://thehole.page.link/forum_2807

Гоша Карцев: https://vk.com/goshakartsev
https://t.me/goshakartsev
 
Варя Щербакова https://vk.com/varjauletela   
https://t.me/varjauletelaKANAL
 
Наташа Борисова https://vk.com/natavshoke  
https://t.me/nataVshoke
 
Оля Парфенюк https://vk.com/olya.parfenyuk   
https://t.me/sketchup_parfenyuk
 
Саша Муратова https://vk.com/maleksandrad  
https://t.me/sasha_iz_elektrostali
 
«Женский Форум» в телеграме https://t.me/zhenforum  
«Женский Форум» вконтакте https://vk.com/zhenforum
 
Темы для обсуждения взяты с форума Woman.ru https://www.woman.ru/forum/
 
00:00 Начало  
02:04 «Родители вбили в голову, что мне нужен только моряк»  
19:17 «Анкета на сайте знакомств. Что лучше указать?»  
29:06 гость – Гоша Карцев 
33:41 «Зачем люди покупают вещи в магазинах, когда то же самое на рынке стоит намного дешевле?»  
47:39 «Мой парень живёт в коммуналке»  
58:06 «Как решиться на секс в парике?» 
01:07:47 «Парень пригласил в гости и…»",4721,1674154778,1791962,89,6966,1162,https://vk.com/video_ext.php?oid=-211232966&id=456239164&hash=26bc4b850fe1a5ee&__ref=vk.admin_android&api_hash=174069446766cac1bfe8458563f4_GMZDANZRGM2TCOA,1,1,1,False,https://sun9-7.userapi.com/Gkc6g3EF9G-0XPRE0YeTQ7reeNb8J-uahqBKIA/dWoDCt7k7f4.jpg
456239166,-211232966,Женский Форум - Женский Форум #14 | Женя Гришечкина,"Начни продажи на маркетплейсах с банком для предпринимателей Точка. Выход на Ozon всего за 1 рубль! https://tchk.me/jXrv9j
 
Большая распродажа одежды на Ozon c 26 по 31 июля! Огромный выбор товаров и выгодных предложений, будут максимальные скидки до 80%: https://bit.ly/3O8Ta7u. Для владельцев Premium-подписки распродажа откроется уже с 25 июля.
 
Самые свежие выпуски всегда в нашем приложении The Hole на 2 недели раньше: https://the-hole.tv/shows/zhenskii-forum

Женя Гришечкина: https://vk.com/prostogrisha 
https://t.me/grishavdele
 
Варя Щербакова https://vk.com/varjauletela   
https://t.me/varjauletelaKANAL
 
Наташа Борисова https://vk.com/natavshoke  
https://t.me/nataVshoke
 
Оля Парфенюк https://vk.com/olya.parfenyuk   
https://t.me/sketchup_parfenyuk
 
Саша Муратова https://vk.com/maleksandrad  
https://t.me/sasha_iz_elektrostali
 
«Женский Форум» в телеграме https://t.me/zhenforum  
«Женский Форум» вконтакте https://vk.com/zhenforum
 
Темы для обсуждения взяты с форума Woman.ru https://www.woman.ru/forum/
 
00:00 Начало 
01:56 «Как убедить парня, что он проходной?» 
16:23 «Во время секса думаю про пиццу» 
25:52 гость – Женя Гришечкина 
31:11 «Аномальный смех» 
42:57 «Как стать стервой?» 
54:25 «Подруга добилась всего – зависть…» 
01:05:25 «Я боюсь мужчин. Как можно вообще с ними жить?»",4527,1674154827,975989,36,4075,660,https://vk.com/video_ext.php?oid=-211232966&id=456239166&hash=1c8930a91b79b699&__ref=vk.admin_android&api_hash=17406944676a1832cb3ff9c62654_GMZDANZRGM2TCOA,1,1,1,False,https://sun9-44.userapi.com/5e3zca3RYsTXgF5tueBtH2OFTHMezO6vtPiYdg/-YiVRdeIawo.jpg
456239173,-211232966,Женский Форум - Женский Форум #13 | Дава,"Подключай тариф из линейки #БезПереплат от МегаФона и прокачивай его с помощью бесплатных МегаСил: https://bit.ly/3HhRxCr

Самые свежие выпуски всегда в нашем приложении The Hole на 2 недели раньше: https://the-hole.tv/shows/zhenskii-forum

Дава: https://t.me/davatelega 
https://vk.com/dava54

Варя Щербакова https://vk.com/varjauletela  
https://t.me/varjauletelaKANAL

Наташа Борисова https://vk.com/natavshoke 
https://t.me/nataVshoke

Оля Парфенюк https://vk.com/olya.parfenyuk  
https://t.me/sketchup_parfenyuk

Саша Муратова https://vk.com/maleksandrad 
https://t.me/sasha_iz_elektrostali

«Женский Форум» в телеграме https://t.me/zhenforum 
«Женский Форум» вконтакте https://vk.com/zhenforum

Темы для обсуждения взяты с форума Woman.ru https://www.woman.ru/forum/

00:00 Начало
03:15 «Как научиться красиво есть?»
16:26 «Как соблюдать чужие правила, если они меня бесят? А я не буду»
25:29 гость – Дава
34:37 «Как убрать нижний живот?»
42:57 «Хочу записать сына вместо борьбы на бальные танцы. У сына истерика»
55:19 «Отношения. Есть подозрение, что супруга мне изменяет»
01:05:45 «Пропаганда белых зубов»",4590,1674155119,1547923,81,5125,975,https://vk.com/video_ext.php?oid=-211232966&id=456239173&hash=70bfffe2481cfd3a&__ref=vk.admin_android&api_hash=174069446774a8e04edd36882e4d_GMZDANZRGM2TCOA,1,1,1,False,https://sun9-35.userapi.com/WUTe8k7OsSJcFasxjv3e-QIwOfXm6-sFYzOC-g/7_MtwM7rCHs.jpg
456239165,-211232966,Женский Форум - Женский Форум #12 | Артём Винокур,"СМОТРИ БЕСПЛАТНО ПОЛНУЮ ВЕРСИЮ: https://mediumquality.page.link/forum_3004

У The Hole появился свой сайт!   
 
Артём Винокур https://vk.com/vinokurart 
Концерт Артёма Винокура «17 минут чучундры» https://www.youtube.com/watch?v=D3coAmlnbKc 
 
Варя Щербакова https://vk.com/varjauletela  
Наташа Борисова https://vk.com/natavshoke  
Оля Парфенюк https://vk.com/olya.parfenyuk  
Саша Муратова https://vk.com/maleksandrad 
 
«Женский Форум» в телеграме https://t.me/zhenforum 
«Женский Форум» вконтакте https://vk.com/zhenforum 
 
Темы для обсуждения взяты с форума Woman.ru https://www.woman.ru/forum/",3973,1674154779,1286949,49,4935,950,https://vk.com/video_ext.php?oid=-211232966&id=456239165&hash=304a71fa35aa871f&__ref=vk.admin_android&api_hash=17406944670d6decc1c3fb8ec4cf_GMZDANZRGM2TCOA,1,1,1,False,https://sun9-46.userapi.com/MIe0Dg5WCKKwDU9Y8avexamOJQGcg1nL7_f_4A/_NJ0wnDhZHc.jpg
456239162,-211232966,Женский Форум - Женский Форум #11 | Алексей Жидковский,"Выбирайте интересную жизнь без дискомфорта, покупайте Уронекст – все подробности по ссылке: https://clck.ru/epikS
Следите за увлекательными приключениями Урсулы в Вконтакте – https://clck.ru/epjdz

Друзья, мы не знаем, что будет с ютубом в ближайшее время. Поэтому, если что, смотрите все выпуски бесплатно в нашем приложении. https://mediumquality.page.link/forum3_2703

Алексей Жидковский https://vk.com/zhidkovskiy_vk

Варя Щербакова https://vk.com/varjauletela 
Наташа Борисова https://vk.com/natavshoke 
Оля Парфенюк https://vk.com/olya.parfenyuk 
Саша Муратова https://vk.com/maleksandrad

«Женский Форум» в телеграме https://t.me/zhenforum
«Женский Форум» вконтакте https://vk.com/zhenforum

Темы для обсуждения взяты с форума Woman.ru https://www.woman.ru/forum/",4141,1674154647,978712,69,6724,1751,https://vk.com/video_ext.php?oid=-211232966&id=456239162&hash=392884316cf53f67&__ref=vk.admin_android&api_hash=1740694467a0be66969e75194a98_GMZDANZRGM2TCOA,1,1,1,False,https://sun9-75.userapi.com/FoJqZEKdBHrFPZOT5bJUph9Hh82grs_M1qAlmg/GzOlNelqmqc.jpg
456239167,-211232966,Женский Форум - Женский Форум #10 | Зоя Яровицына,"Дарите подарки с кредитной «Картой возможностей» ВТБ и получайте кешбэк 10% на все покупки, 110 дней беспроцентного периода, бесплатное обслуживание и доставку карты! Предложение действует до 31 марта! 
https://clck.ru/bmmLQ

Мы и есть те самые из The Hole, которые заливают премьеры шоу на 5 дней скорее и ждут вас в приложении: https://mediumquality.page.link/forum_2102

Сольный концерт Зои Яровицыной https://youtu.be/95aCRTdWGsE

Варя Щербакова https://vk.com/varjauletela 
Наташа Борисова https://vk.com/natavshoke 
Оля Парфенюк https://vk.com/olya.parfenyuk 
Саша Муратова https://vk.com/maleksandrad

«Женский Форум» в телеграме https://t.me/zhenforum

Темы для обсуждения взяты с форума Woman.ru https://www.woman.ru/forum/
 
00:00 Начало
02:28 «Муж изменяет, оправдывая это высоким рангом»  
14:30 «Как научиться плести интриги?»  
20:23 гость – Зоя Яровицына  
27:17 «Женский коллектив – банка с пауками?»  
38:03 «Муж и его увлечения»  
46:02 «Как соблазнить зрелую женщину?» 
57:12 «Как поступить, если в подъезде мяукает кошка?»

#женскийфорум #зояяровицына",3787,1674154895,1862856,66,7542,1445,https://vk.com/video_ext.php?oid=-211232966&id=456239167&hash=99504f8b3cae0f3a&__ref=vk.admin_android&api_hash=17406944679a99cf0e2ca63f7c43_GMZDANZRGM2TCOA,1,1,1,False,https://sun9-14.userapi.com/VPq7bOiaOzoqL2211UItWxv3SM0kDH8jUo-utA/AA5CZ4vbfuk.jpg
456239281,-211232966,Женский Форум - Женский Форум #9 | Илья Куруч,"Успей оформить Tinkoff Platinum с бесплатным обслуживанием — https://l.tinkoff.ru/easycomfeb

Мы скажем: «А все новые выпуски раньше на пять дней в приложении The Hole», а ваш черёд пожать нам руку и кликнуть по ссылке: https://mediumquality.page.link/forum6_0802

Варя Щербакова https://vk.com/varjauletela 
Наташа Борисова https://vk.com/natavshoke 
Оля Парфенюк https://vk.com/olya.parfenyuk 
Саша Муратова https://vk.com/maleksandrad

«Женский Форум» в телеграме https://t.me/zhenforum

Темы для обсуждения взяты с форума Woman.ru https://www.woman.ru/forum/
 
00:00 Начало
02:20 «Имитирую, что нет оргазма»
10:52 «Девушка не даёт ни копейки в общий бюджет»
16:26 гость – Илья Куруч
21:49 «Раздвоение личности?»
32:32 «Что приготовить мужу и его любовнице?»
39:13 «Сын - рэпер»
44:25 «Я развела мужчину на 256 рублей?»
 
#easycom #женскийфорум #ильякуруч",3672,1674161461,2642848,114,8998,2639,https://vk.com/video_ext.php?oid=-211232966&id=456239281&hash=ea3d6407d3692192&__ref=vk.admin_android&api_hash=17406944676f57e7d5a51d9c5f34_GMZDANZRGM2TCOA,1,1,1,False,https://sun9-56.userapi.com/M0wqEsC512V_eY6ChCKuV0cMcT4ALgAKg2tDIQ/O2YNNAu2hVc.jpg
456239161,-211232966,Женский Форум - Женский Форум #8 | Madam Kaka,"Выгодная подписка СберПрайм+ с повышенными бонусами по СберКарте, кино, музыка, скидки от партнёров Сбера и другие преимущества. Подробности по ссылке https://sber.me/?p=1fSQD

Дарите волшебство с умными устройствами Sber: https://bit.ly/3FqARHt 
Закажите со скидкой до 20% и получите 3 месяца подписки СберПрайм за 1 рубль!

А зачем ждали? Можно было посмотреть выпуск раньше в нашем приложении The Hole: https://mediumquality.page.link/girls_v_the_hole

Варя Щербакова https://vk.com/varjauletela 
Наташа Борисова https://vk.com/natavshoke 
Оля Парфенюк https://vk.com/olya.parfenyuk 
Саша Муратова https://vk.com/maleksandrad

«Женский Форум» в телеграме https://t.me/zhenforum

Темы для обсуждения взяты с форума Woman.ru https://www.woman.ru/forum/
 
00:00 Начало
02:39 «Я хочу только есть и лежать»
12:43 «Где найти мужчину девственника?»
24:52 гость – Madam Kaka
30:00 «В магазине продавщица ходит по пятам!!!»
43:16 «Парень постоянно ест мясо»
47:56 «Жена постоянно играет в стрелялки»
 
#easycom #женскийфорум #мадамкака",3506,1674154620,1331298,61,5172,1060,https://vk.com/video_ext.php?oid=-211232966&id=456239161&hash=9356502958f376bf&__ref=vk.admin_android&api_hash=1740694467f6690e011553d2f4be_GMZDANZRGM2TCOA,1,1,1,False,https://sun9-64.userapi.com/aeJkK-WUH0ZDAIpaT1BKSq3AMHUAgp37OhLHdQ/plDAetpm4C8.jpg
456239163,-211232966,Женский Форум - Женский Форум #7 | Марина Федункив,"Заказывайте смартфоны ZTE Blade по сниженной цене до 31 декабря: https://bit.ly/32azUnz

Новая Кредитная СберКарта - это 120 дней честного беспроцентного периода и оформление за 2 минуты. Подробности по ссылке https://sberbank.ru/v/r/?p=rQSRM

А зачем ждали? Можно было посмотреть выпуск раньше в нашем приложении The Hole: https://mediumquality.page.link/girls_v_the_hole

Варя Щербакова https://vk.com/varjauletela 
Наташа Борисова https://vk.com/natavshoke 
Оля Парфенюк https://vk.com/olya.parfenyuk 
Саша Муратова https://vk.com/maleksandrad

«Женский Форум» в телеграме https://t.me/zhenforum

Темы для обсуждения взяты с форума Woman.ru https://www.woman.ru/forum/
  
00:00 Начало
02:08 «Муж забыл обо мне во время секса»
10:50 «Замуж за уголовника»
21:51 гость – Марина Федункив
29:16 «Почему все хотят замуж за иностранцев?»
46:37 «Внезапное омоложение!»
52:22 «Муж схватил меня за волосы…»
55:44 «Хочу уйти жить в леса»

#easycom #женскийфорум #маринафедункив",3721,1674154726,2050028,62,7051,1789,https://vk.com/video_ext.php?oid=-211232966&id=456239163&hash=280b1dff23163d7d&__ref=vk.admin_android&api_hash=1740694467f70592643905acf51f_GMZDANZRGM2TCOA,1,1,1,False,https://sun9-12.userapi.com/Z_w6T3M2Fu6VFr1NjrxfwoHx2wCHfYcGKimppQ/5Kw8lkeU5zE.jpg
456239168,-211232966,Женский Форум - Женский форум #6 | Эвелина Гранд,"Исполняй мечты с Потребительским кредитом от Сбера: https://sber.me/?p=KfNtw

Уже более 500 тысяч человек округляет заказы и поездки в Яндекс Go, Еде, Лавке и Маркете, присоединяйся и ты: https://help.yandex.ru/givingtuesday2021

А зачем ждали? Можно было посмотреть выпуск раньше в нашем приложении The Hole: https://mediumquality.page.link/girls_v_the_hole

Варя Щербакова https://vk.com/varjauletela 
Наташа Борисова https://vk.com/natavshoke 
Оля Парфенюк https://vk.com/olya.parfenyuk 
Саша Муратова https://vk.com/maleksandrad

«Женский Форум» в телеграме https://t.me/zhenforum

Темы для обсуждения взяты с форума Woman.ru https://www.woman.ru/forum/
  
00:00 Начало
02:09 «Худые женщины популярны у нищих мужчин»
09:14 «По каким дням лучше бить мужа?»
22:41 гость – Эвелина Гранд
24:46 «Муж хочет носить платья… Но у нас сын»
32:52 «Хочу родить самую красивую девочку»
43:11 «Где оставить бельё?»
54:56 «Влюбилась в актёра и даёт всем, кто на него похож»

#easycom #женскийфорум #эвелинагранд",3733,1674154993,702664,89,5333,1091,https://vk.com/video_ext.php?oid=-211232966&id=456239168&hash=c5c8d731be004ea2&__ref=vk.admin_android&api_hash=17406944674a9b8d7d8471da37ed_GMZDANZRGM2TCOA,1,1,1,False,https://sun9-58.userapi.com/YGXLp722SiLwj7H-kKZbR1Y_FW8A2q_f92Bbeg/91eh1LNt8Xs.jpg
456239267,-211232966,Женский форум #5 | Чума Вечеринка,"Цветы, десерты и другие подарки на онлайн-платформе Flowwow. Используйте промокод FORUM со скидкой 10% в приложении или на сайте: http://flowwow.com/s/FORUM

Оформляйте дебетовую карту с бесплатным обслуживанием Кэшбэк 1-5-25 от Билайн и Альфа Банка. Получайте кэшбэк 25% за связь Билайн, 5% за покупки в Пятёрочке и Перекрёстке, а также 1% за все остальные покупки: https://alfa.link/W6RnZw

Ранние премьеры, эксклюзивы и лучшие шоу в нашем приложении The Hole: https://mediumquality.page.link/forum_hole  Смотрите выпуски в фоне и пробуйте остальные штуки — всё бесплатно. Заходить можно без стука!! 

Варя Щербакова https://vk.com/varjauletela 
Наташа Борисова https://vk.com/natavshoke 
Оля Парфенюк https://vk.com/olya.parfenyuk 
Саша Муратова https://vk.com/maleksandrad

«Женский Форум» в телеграме https://t.me/zhenforum

Темы для обсуждения взяты с форума Woman.ru https://www.woman.ru/forum/
  
00:00 Начало
01:53 «У меня есть воображаемый парень»
10:15 «Я милфа или нет?»
23:43 гость – Чума Вечеринка
27:58 «Холостяк шоу»
38:09 «Как одеваться, чтобы возбудить парня?»
46:04 «Стесняюсь показать парню свою музыку»
52:54 «Выгнала ребёнка с дня рождения. А как бы поступили вы?»

#easycom #женскийфорум #чумавечеринка",3701,1674158295,1423059,170,4602,1269,https://vk.com/video_ext.php?oid=-211232966&id=456239267&hash=4e2cbf67b041a370&__ref=vk.admin_android&api_hash=1740694467312cecfa4c1b0dd591_GMZDANZRGM2TCOA,1,1,1,False,https://sun9-15.userapi.com/mj6A3V7b8Iyl_-xX1Z9F6LzzDDzGT_5xjKKc2Q/D4316GeXrfs.jpg
456239160,-211232966,Женский Форум - Женский Форум #4 | Илья Макаров,"Заказывайте продукты в Яндекс.Еде и наслаждайтесь свободным временем: https://ya.cc/t/rAWH1z_SqhDes. До 10.11 по промокоду LETIM скидка на первый заказ - 500 рублей. Минимальная корзина 1500 рублей.

Ранние премьеры, эксклюзивы и лучшие шоу в нашем приложении The Hole: https://mediumquality.page.link/forum_hole  Смотрите выпуски в фоне и пробуйте остальные штуки — всё бесплатно. Заходить можно без стука!! 

Темы для обсуждения взяты с форума Woman.ru https://www.woman.ru/forum/

Варя Щербакова https://vk.com/varjauletela 
Наташа Борисова https://vk.com/natavshoke 
Оля Парфенюк https://vk.com/olya.parfenyuk 
Саша Муратова https://vk.com/maleksandrad
 
«Женский Форум» в телеграме https://t.me/zhenforum
 
00:00 Начало
01:51 «Муж не хочет детей, но есть возможность от любовника»
09:48 «Бесит, что кошка поднимает попу – она меня предала»
17:23 гость – Илья Макаров
23:22 «Крупные мужчины-медведи – кому нравятся»
39:23 «Ваш муж готовит? А у него хорошо стоит? Выявила связь между готовкой и низким либидо/плохой эрекцией. Разубедите»
46:15 «Сколько пива на первом свидании?»

#easycom #женскийфорум #ильямакаров",3655,1674154525,1253713,25,5444,901,https://vk.com/video_ext.php?oid=-211232966&id=456239160&hash=a0939a5999f61167&__ref=vk.admin_android&api_hash=1740694467bcf8d58314840b653a_GMZDANZRGM2TCOA,1,1,1,False,https://sun9-60.userapi.com/foh5gB2eQaL3nRf2Odr-mxvAeNTVyejKtqEx2A/UXZN1Qq3mIs.jpg
456239159,-211232966,Женский Форум - Женский форум #3 | Гурам Амарян,"🔥 Кликай: https://clc.to/0bcNeA
–45% на профессию моушн-дизайнер в 2D и в 3D в онлайн школе дизайна Contented до 24.10

Ранние премьеры, эксклюзивы и лучшие шоу в нашем приложении The Hole: https://mediumquality.page.link/forum_hole  Смотрите выпуски в фоне и пробуйте остальные штуки — всё бесплатно. Заходить можно без стука!! 

Темы для обсуждения взяты с форума Woman.ru https://www.woman.ru/forum/

Варя Щербакова https://vk.com/varjauletela 
Наташа Борисова https://vk.com/natavshoke 
Оля Парфенюк https://vk.com/olya.parfenyuk 
Саша Муратова https://vk.com/maleksandrad
 
«Женский Форум» в телеграме https://t.me/zhenforum

00:00 Начало
01:44 «Сижу плачу»
12:28 «Я красивее всех знаменитостей»
19:47 гость – Гурам Амарян
21:59 «Мужчина слишком меня обеспечивает»
32:38 «Грязные разговоры на русском»
40:17 «Моя девушка меня раздражает своими месячными!»

#easycom #женскийфорум #гурамамарян",3183,1674154350,1486510,64,4901,1299,https://vk.com/video_ext.php?oid=-211232966&id=456239159&hash=47c291b29aea2281&__ref=vk.admin_android&api_hash=17406944674f11bcfd9685289c5b_GMZDANZRGM2TCOA,1,1,1,False,https://sun9-28.userapi.com/JdsHQgm5y3WhgfKDtiaHbbDZ7kq7IQAChG-63w/ytQUkw9VnTM.jpg
456239158,-211232966,Женский Форум - Женский Форум #2 | Саша Ваш,"Зацени скорость подачи в Яндекс Go: https://ya.cc/t/QQ_QTrUJp7HcG  

Ранние премьеры, эксклюзивы и лучшие шоу в нашем приложении The Hole: https://mediumquality.page.link/forum_hole  Смотрите выпуски в фоне и пробуйте остальные штуки — всё бесплатно. Заходить можно без стука!! 
 
Варя Щербакова https://vk.com/varjauletela 
Наташа Борисова https://vk.com/natavshoke 
Оля Парфенюк https://vk.com/olya.parfenyuk 
Саша Муратова https://vk.com/maleksandrad
 
«Женский Форум» в телеграме https://t.me/zhenforum
 
00:00 Начало
03:09 «Бывший поднялся»
17:08 «Наела на 2 тыщи»
23:13 гость – Саша Ваш
26:16 «Не хочу брать фамилию мужа»
33:39 «Чистка картофеля возбуждает?»
44:01 «Мне нравятся его усы»

#easycom #женскийфорум #сашаваш",3110,1674154350,1272264,26,5198,888,https://vk.com/video_ext.php?oid=-211232966&id=456239158&hash=c93f5e9cb9d6d154&__ref=vk.admin_android&api_hash=17406944672393121e1abebbaaf9_GMZDANZRGM2TCOA,1,1,1,False,https://sun9-77.userapi.com/QOGyf_NZa7FPDCcCvYQ6mGV0GBy4iaUFtzPkaQ/5lIRqbaS-5g.jpg
456239156,-211232966,Женский Форум - Женский Форум #1 | Эмир Кашоков,"СберКарта с повышенными бонусами, кино, музыка и скидки от партнёров Сбера - всё это подписка СберПрайм+. Оформляйте по ссылке: https://sber.me/?p=2XRPm 

Ранние премьеры, эксклюзивы и лучшие шоу в нашем приложении The Hole: https://mediumquality.page.link/forum_hole  Смотрите выпуски в фоне и пробуйте остальные штуки — всё бесплатно. Заходить можно без стука!! 

Варя Щербакова https://vk.com/varjauletela 
Наташа Борисова https://vk.com/natavshoke 
Оля Парфенюк https://vk.com/olya.parfenyuk 
Саша Муратова https://vk.com/maleksandrad

«Женский Форум» в телеграме https://t.me/zhenforum

00:00 Начало
02:27 «Собираюсь отдавать сына в детский дом, но не знаю, как ему об этом сказать»
11:02 «Ура! Я изменила!»
24:18 гость – Эмир Кашоков
26:17 «Хочу кавказца»
33:38 «Парень говорит пословицами, поговорками»
38:45 «Во время секса»

#easycom #женскийфорум #эмиркашоков",2938,1674154200,1466608,64,6056,1210,https://vk.com/video_ext.php?oid=-211232966&id=456239156&hash=5d305650e7d2c27f&__ref=vk.admin_android&api_hash=1740694467d53babc4f37644ec3d_GMZDANZRGM2TCOA,1,1,1,False,https://sun9-31.userapi.com/IFkSO6pUzNGT3hYlVPr0QndSLUxo-LxCmFAY8g/L4vl3d1DmVs.jpg
456240632,-209976560,[Анонс] Стыдно знать | Амарян vs Дедищев,"Сервис РОЛЬФ Автогарант поможет проверить автомобиль с рук и защитит продавца и покупателя от обмана и подлога. 

Стоимость 6 930 руб фиксированная и не зависит от марки автомобиля.
Подробнее о сервисе: https://dplnk.ru/stydnoznat 
erid: 2VtzqvZfsav 

Скачать Приложение VK Музыка: https://vk.cc/cIKEmA 
erid: 2VtzqwZjAUN

Флагман HONOR Magic7 Pro — это революционная скорость и совершенство каждого кадра. Попробуйте в деле камеру AI HONOR Falcon и другие инновации, которые меняют привычное представление о смартфонах. https://vk.cc/cIBp9V

Стыдно знать - викторина, где два приглашенных гостя соревнуются в постыдных знаниях. 

Эксклюзивно в VK видео.",32,1740571200,1350,2,9,1,https://vk.com/video_ext.php?oid=-209976560&id=456240632&hash=362e9bffc30ef0ba&__ref=vk.admin_android&api_hash=17406944691b792f520995e30424_GMZDANZRGM2TCOA,1,1,1,False,https://sun9-11.userapi.com/impg/-YCcScJkWydgrloyZnOoINULXx_duN5tY6Ksjg/_jCJCdqtqtM.jpg?size=130x96&quality=95&keep_aspect_ratio=1&background=000000&sign=ac0c072ed1addf4c2b6bc2209d704b5c&c_uniq_tag=25-x2GrfmOneoF7s9ZdqOnj5blxPXaRN9LKIXTnyXs4&type=video_thumb
456240631,-209976560,Стыдно знать | Амарян vs Дедищев,"Сервис РОЛЬФ Автогарант поможет проверить автомобиль с рук и защитит продавца и покупателя от обмана и подлога. 

Стоимость услуги фиксированная - 6 930 руб. Не зависит от марки и стоимости автомобиля.
Подробнее о сервисе: https://dplnk.ru/stydnoznat
erid: 2VtzqvZfsav 

Скачать Приложение VK Музыка: https://vk.cc/cIKEmA 
erid: 2VtzqwZjAUN

Флагман HONOR Magic7 Pro — это революционная скорость и совершенство каждого кадра. Попробуйте в деле камеру AI HONOR Falcon и другие инновации, которые меняют привычное представление о смартфонах. https://vk.cc/cIBp9V

Стыдно знать - викторина, где два приглашенных гостя соревнуются в постыдных знаниях. 

Эксклюзивно в VK видео.",2822,1740571200,635423,242,6847,1130,https://vk.com/video_ext.php?oid=-209976560&id=456240631&hash=01c1d1526e0e4129&__ref=vk.admin_android&api_hash=1740694469160d3efc126bf049f0_GMZDANZRGM2TCOA,1,1,1,False,https://sun9-11.userapi.com/impg/-YCcScJkWydgrloyZnOoINULXx_duN5tY6Ksjg/XKQY-4gTDQk.jpg?size=130x96&quality=95&keep_aspect_ratio=1&background=000000&sign=8b2e6125b68978a87d8a822e596667bb&c_uniq_tag=8P2EJqPANu9qyxAC5CDn5b_vSNALO7plsEWambiS6KE&type=video_thumb
456240625,-209976560,"Шов про звуки #2 / Бутусов, Гришечкина, Бурдашев, Шальнов","Флагман HONOR Magic7 Pro — это революционная скорость и совершенство каждого кадра. Попробуйте в деле камеру AI HONOR Falcon и другие инновации, которые меняют привычное представление о смартфонах. https://vk.cc/cIBoFz
erdi: 2Vtzqxkk2XF

«Шов про звуки» - это шоу, где участники зарабатывают баллы, изображая разные звуки. Звуки могут варьироваться и превращаться в небольшие сценки.

Эксклюзивно в VK Видео.",2815,1740387600,301931,130,2061,277,https://vk.com/video_ext.php?oid=-209976560&id=456240625&hash=9f0cbf29c2fe2154&__ref=vk.admin_android&api_hash=174069446911bac842e51e4b52b5_GMZDANZRGM2TCOA,1,1,1,False,https://sun9-60.userapi.com/impg/DTJEZ4-0amPItQVYELlX-EAijt70ZGm1zCsqeg/QT3ySikyQYY.jpg?size=130x96&quality=95&keep_aspect_ratio=1&background=000000&sign=b9c1a3dc01d5abfa52dc7b0195eb4675&c_uniq_tag=wSYEQRuTeHhICCqkoaE7M7FWN7WB12-AUAxs1JQAlyk&type=video_thumb
456240614,-209976560,ПВН. #30 Стас Асафьев х Денис Михеев х Дмитрий Шпеньков х Денис Дорохов,"Это выпуск новостей, которые нигде и никогда не происходили. Эксклюзивно в VK Видео.",1916,1740042000,2245804,1093,24044,6370,https://vk.com/video_ext.php?oid=-209976560&id=456240614&hash=d47f2bf12bc53d48&__ref=vk.admin_android&api_hash=1740694469fa6d324998a1314086_GMZDANZRGM2TCOA,1,1,1,False,https://sun9-25.userapi.com/impg/nBh2sFgT0B2nInUfBKdSTlvi8wH40EokmkXfzw/5MVdcR54F04.jpg?size=130x96&quality=95&keep_aspect_ratio=1&background=000000&sign=449f96f0b28ee4a5d43a36e8812e68f7&c_uniq_tag=44z1X_mOcHOyEgZoZS-fsWrTlqdsSlZAN8709dzWayc&type=video_thumb
456240601,-209976560,"Звездный дурак #7 - Журавлев, Джабраилов, Муратов, Гараев, Савенко","ВАМ СЮДА https://mediumsport.ru

Джабраилов и Журавлев пригласили в гости ребят из «Студии Союз»!

Дмитрий Журавлев 
https://vk.com/zhuravl_zhuravl
https://t.me/files_zhuravlya

Игорь Джабраилов 
https://vk.com/igordzhabrailov
https://t.me/dzhabrakadabra

Артём Муратов  
https://vk.com/artmuratov
https://t.me/ARTEMuratov

Айдар Гараев 
https://vk.com/idargaraev
https://t.me/myGrammy

https://vk.com/sscow",3690,1739782800,636445,157,5150,688,https://vk.com/video_ext.php?oid=-209976560&id=456240601&hash=b4cf911b58821421&__ref=vk.admin_android&api_hash=1740694469b1ccf8b7266241529b_GMZDANZRGM2TCOA,1,1,1,False,https://sun9-11.userapi.com/impg/Oy4drq7PlPf4Zce8di675xowFcP5CxiwN3abug/5yWnH4oH-7Y.jpg?size=130x96&quality=95&keep_aspect_ratio=1&background=000000&sign=b29c3bcfb1313210433d091ad08252d0&c_uniq_tag=MQPAUq6ECNSA2RJLJSO8_5eXCrJ2RURYL7waa2XnSOc&type=video_thumb
456240595,-209976560,Разговор с Антоном Остерниковым - Паша ТЕХНИК,"Это просто разговор, в котором Антон Константинович общается с гостями о их жизни. Сегодня узнаем больше о Павле Ивлеве. 

Антон Остерников 
https://vk.com/osternikow 

Паша Техник
https://vk.com/kunteynir_alive

Эксклюзивно в VK видео!",2495,1739523600,487136,449,2495,1719,https://vk.com/video_ext.php?oid=-209976560&id=456240595&hash=3692109e57a1d9db&__ref=vk.admin_android&api_hash=17406944694e9e71f1b3ef511afb_GMZDANZRGM2TCOA,1,1,1,False,https://sun9-22.userapi.com/impg/xKlEnWzl5DLOrLp5hep088Mv3F5bo9W4iPprBg/fyGwp_a2Lzo.jpg?size=130x96&quality=95&keep_aspect_ratio=1&background=000000&sign=63588f53a41093701197574d0ccfffde&c_uniq_tag=fHyM0lU4KL789cj6sastU6K6wGEOL2GUhf_SQoYLKDQ&type=video_thumb
456240584,-209976560,Стыдно знать | Горох vs Косицын,"До 19 февраля на Ozon проходит Фантазируй! Распродажа. Скидки до 85% и безграничный выбор подарков - от стильной одежды до электроники: https://ozon.ru/t/Oeg0D9 

erid: 2VtzqwDx5cq

Детали мероприятия и билеты на сайте:
https://opera-knyazvladimir.ru

Erid: 2Vtzqx5Qw5D 

Стыдно знать - викторина, где два приглашенных гостя соревнуются в постыдных знаниях. 

Эксклюзивно в VK видео.",4084,1739350800,1066571,339,11688,1159,https://vk.com/video_ext.php?oid=-209976560&id=456240584&hash=6d1a30958657aaf1&__ref=vk.admin_android&api_hash=1740694469903384444aabc01ab8_GMZDANZRGM2TCOA,1,1,1,False,https://sun9-67.userapi.com/impg/W5yo3QWyYBcU7wbOMlv9uygFUO2y1m_v3I9D2g/nB3HTQKpQLg.jpg?size=130x96&quality=95&keep_aspect_ratio=1&background=000000&sign=3535eb2b0e0b749c4fd771d10d4a461a&c_uniq_tag=sHLyczhoUdlx6jy1Bwnrtj8uyndXSeOHw8xNiJklZE8&type=video_thumb
456240564,-209976560,«Большая прожарка» Отара Кушанашвили,"подключай билайн и получи безлимит на видео бесплатно. даже при нуле!
https://vk.cc/cI4hPA

В новом выпуске «Большой прожарки» легендарный музыкальный критик, журналист и провокатор Отар Кушанашвили станет главной мишенью лучших комиков страны.

Отар Кушанашвили https://vk.com/club223272534
Азамат Мусагалиев https://vk.com/azamatmusagaliev 
Саша Ваш https://vk.com/sasavash
Сатир https://vk.com/satyrchannel
Роман Косицын https://vk.com/roman_kositsyn
Динара Курбанова https://vk.com/maminadinara
Иван Абрамов https://vk.com/ivan_abramov_standup
Надя Джабраилова https://vk.com/electronadyacomm
Сергеич https://vk.com/yogris
Виктория Складчикова https://vk.com/vikaskladchikova

Эксклюзивно в VK Видео.",4454,1738580400,9555406,3836,62173,19853,https://vk.com/video_ext.php?oid=-209976560&id=456240564&hash=4917025b567b85d9&__ref=vk.admin_android&api_hash=1740694469980dce4927cddb1892_GMZDANZRGM2TCOA,1,1,1,False,https://sun9-64.userapi.com/impg/H1AWOnFaLXd9OrpEGTlM7zO9DlXRPhYCGnNAJw/uX9Fgt2ZKfw.jpg?size=130x96&quality=95&keep_aspect_ratio=1&background=000000&sign=b859a690cb027c9b6959b53ae58fd02a&c_uniq_tag=a9qweKLYJjgjFcMVq64lHT8RUrELcvdznqBiMMiK-xg&type=video_thumb
456240559,-209976560,Стыдно знать | Карцев vs Big Russian Boss,"Первая серия сериала ""Министерство Всего Хорошего"" доступна бесплатно в ВК онлайн-кинотеатра Okko: https://vk.cc/cGQgMZ
Весь сериал можно посмотреть в онлайн-кинотеатре Okko: https://vk.cc/cGD0NJ

Erid: 2VtzqxgmaZr

подключай билайн и получи безлимит на видео бесплатно. даже при нуле! https://vk.cc/cHYKgY

erid: 2VtzqwdeXSU

Стыдно знать - викторина, где два приглашенных гостя соревнуются в постыдных знаниях. 

Эксклюзивно в VK видео.",3795,1738400400,1500151,532,13144,1845,https://vk.com/video_ext.php?oid=-209976560&id=456240559&hash=b4e4dcbea490c479&__ref=vk.admin_android&api_hash=17406944691656e206f82b2e17a8_GMZDANZRGM2TCOA,1,1,1,False,https://sun9-47.userapi.com/impg/92JIOWltm_LRoV2fovu3ZfdMSUuj8UNKyDfgog/zts2MT2pV0o.jpg?size=130x96&quality=95&keep_aspect_ratio=1&background=000000&sign=13afb36d018a4dffdb2fe5dc0f2bc235&c_uniq_tag=SI2_TMNi5YQqsAMSYOgL7zxgEbIbfaDPbbtVER37yFQ&type=video_thumb
456240555,-209976560,ПВН. #29 Амина Тендерлибае х Динара Курбанова х Денис Дорохов х Яна Кошкина,"Это выпуск новостей, которые нигде и никогда не происходили. Эксклюзивно в VK Видео.",1656,1738227600,2821923,1095,21236,5595,https://vk.com/video_ext.php?oid=-209976560&id=456240555&hash=423423e54f69452b&__ref=vk.admin_android&api_hash=17406944699ed17554493eaba933_GMZDANZRGM2TCOA,1,1,1,False,https://sun9-2.userapi.com/impg/lnUnvywzj73_flHdulm5pgF9i2RpnAlb1wXt1w/GfIT9FxN69E.jpg?size=130x96&quality=95&keep_aspect_ratio=1&background=000000&sign=3c13c551d74abdecd65b061deb578f9b&c_uniq_tag=cg48FOluPekDl-dl-cvut4a7S8BDw76suK9YKK9PeO4&type=video_thumb
456240547,-209976560,«Откуда ты?» Игорь Джабраилов Х Илья Куруч,"Технологии флагманов, премиальный дизайн, невероятная выносливость — и все это по доступной цене. Переходите на HONOR X9c — смартфон, который проверен Россией! https://vk.cc/cHHe4B
erid: 2VtzqubcoFA

На Ozon Travel выгодные цены, удобный и простой интерфейс, а еще есть мильная программа! Переходите по ссылке и планируйте свой отдых легко - https://ozon.ru/t/rOLR2Kz
erid: 2VtzqxFNzFE

Шутка зашла так далеко, что стала дропом, КСТАТИ. 
Лови дроп с вайбом шоу в VK Store: https://vk.com/vkstore
Erid: 2VtzqvsLNjL

«Откуда ты?» - это тревел-шоу, где Игорь Джабраилов ездит по городам, в которых родились известные люди и сам водит их по знаковым для них местам.

Подписывайтесь на соцсети Игоря и Ильи:

https://vk.com/igordzhabrailov

https://vk.com/kuruchbro

Эксклюзивно в VK Видео.",4153,1738054800,1576170,352,7238,1608,https://vk.com/video_ext.php?oid=-209976560&id=456240547&hash=9f0d6a008221587f&__ref=vk.admin_android&api_hash=174069446964686ca05a59ca2205_GMZDANZRGM2TCOA,1,1,1,False,https://sun9-9.userapi.com/impg/27ZaAeOi6kJDGZbpS2AB-YHSw69SwC4mKQ0J1g/DuPkHBmCgzw.jpg?size=130x96&quality=95&keep_aspect_ratio=1&background=000000&sign=41ada4cc639745843a0d5ccf0a886314&c_uniq_tag=90k6YiHCMt7m_C5GUDExPWn20DxJn5hr5JdTEImxhrg&type=video_thumb
456240541,-209976560,"Звездный дурак #6 - Журавлев, Джабраилов, Андриенко, Гридин, Савенко","ВАМ СЮДА https://mediumsport.ru

Дмитрий Журавлев 
https://vk.com/zhuravl_zhuravl
https://t.me/files_zhuravlya

Игорь Джабраилов 
https://vk.com/igordzhabrailov 
https://t.me/dzhabrakadabra

Никита Андриенко
https://vk.com/cantwo95
https://t.me/andrienko_nikita
https://vk.com/yugunion

Слава Гридин
https://vk.com/grdnslv
https://vk.com/yugunion",3950,1737882000,927990,193,5287,810,https://vk.com/video_ext.php?oid=-209976560&id=456240541&hash=9b68397fea54c2cc&__ref=vk.admin_android&api_hash=1740694469a02cfac16b434ca015_GMZDANZRGM2TCOA,1,1,1,False,https://sun9-45.userapi.com/impg/032xn8cON2zyD8wfbUG7kiSezfF0RfuReP7KCQ/-6Hy85oYc8M.jpg?size=130x96&quality=95&keep_aspect_ratio=1&background=000000&sign=e56dfc2da837d4290430d11a20268170&c_uniq_tag=k-ScGfki8z1jjcPViTPuDmj3nwbCJOyzyr8R84Od6Wc&type=video_thumb
456240533,-209976560,"Шов про звуки #1 / Муратов, Щетков, Ваш, Шальнов","Шутка зашла так далеко, что стала дропом, КСТАТИ. 
Лови дроп с вайбом шоу в VK Store: https://vk.com/vkstore
Erid: 2VtzqvsLNjL

«Шов про звуки» - это шоу, где участники зарабатывают баллы, изображая разные звуки. Звуки могут варьироваться и превращаться в небольшие сценки.

Эксклюзивно в VK Видео.",2427,1737709200,747403,326,5909,987,https://vk.com/video_ext.php?oid=-209976560&id=456240533&hash=fcf68621b4aa8ae3&__ref=vk.admin_android&api_hash=174069446903c115322300af4bef_GMZDANZRGM2TCOA,1,1,1,False,https://sun9-20.userapi.com/impg/yofT5-8sAHaiLjwtwwOJ8_HkUVVq_ctVjcGfig/lj3GcVih_hY.jpg?size=130x96&quality=95&keep_aspect_ratio=1&background=000000&sign=1c29b4761d3d631a4c70680d359cfa7e&c_uniq_tag=eQgArv-efs55-V6swSEhBnM9fWyMxBFnX_kMbODPs6s&type=video_thumb
456240523,-209976560,"Звездный дурак #5 - Журавлев, Джабраилов, Курбанова, Бурдашев, Савенко","ВАМ СЮДА https://mediumsport.ru

Дмитрий Журавлев 
https://vk.com/zhuravl_zhuravl
https://t.me/files_zhuravlya

Игорь Джабраилов 
https://vk.com/igordzhabrailov 
https://t.me/dzhabrakadabra

Александр Бурдашев 
https://vk.com/aleksandrburdashev
https://t.me/burdashev1

Динара Курбанова 
https://vk.com/maminadinara
https://t.me/mamina_dinara

Джабраилов и Журавлев пригласили в гости Динару Курбанову и Сашу Бурдашева!",4131,1737104400,1066809,388,7400,1064,https://vk.com/video_ext.php?oid=-209976560&id=456240523&hash=d34d5316080fd170&__ref=vk.admin_android&api_hash=1740694469e50a95d3ef4faf6a83_GMZDANZRGM2TCOA,1,1,1,False,https://sun9-24.userapi.com/impg/kieLRjQL-1v5qGaZ0Nx7eV_AijSXgdH4vReQxA/RSnaWauwTcU.jpg?size=130x96&quality=95&keep_aspect_ratio=1&background=000000&sign=08722dab25c4a877150ed70d95832c37&c_uniq_tag=0B0mI1yAwQBFfm3TZWvDYgNVk5-QKcY941b2UpxVM7k&type=video_thumb
456240501,-209976560,ПВН. #28 Отар Кушанашвили х Оля Малащенко х Денис Дорохов х Яна Кошкина,"Это выпуск новостей, которые нигде и никогда не происходили. Эксклюзивно в VK Видео.",2894,1736326800,4713005,1477,31082,8253,https://vk.com/video_ext.php?oid=-209976560&id=456240501&hash=b69f291905dbbb15&__ref=vk.admin_android&api_hash=17406944696f6c7c73252f9224aa_GMZDANZRGM2TCOA,1,1,1,False,https://sun9-66.userapi.com/impg/C9fEIheRQmL4mOIimPvrq90tws6z7vJQDq1k5w/oOUnFkKDC-Y.jpg?size=130x96&quality=95&keep_aspect_ratio=1&background=000000&sign=4b250afabca0ce9f07ba4fc79af6f998&c_uniq_tag=i2NJXoddvkSGvjfpIAynR5lZgDlKzr2xt0KpGjwCn48&type=video_thumb
456240495,-209976560,ВОВА ИЗ АТАМАНОВО. «НОВОГОДНИЕ».,"Здорова, всем покоцаным!🌲С новой годай всех!🥂 Зазырьте, как мы в новогодние деньки кувыркались!🫣 Если было, пиши в комментах «Я - такая же коляска»!🙌

Эксклюзивно в VK Видео.",1384,1735981200,1576574,397,7769,8340,https://vk.com/video_ext.php?oid=-209976560&id=456240495&hash=869da10ffb5d97fb&__ref=vk.admin_android&api_hash=1740694469f8460999d49e5b6f4a_GMZDANZRGM2TCOA,1,1,1,False,https://sun9-25.userapi.com/impg/nsoN9J6DVzIFTq1ycaOr-a3ZPW6DfKnkreygog/s25uiU40Fnc.jpg?size=130x96&quality=95&keep_aspect_ratio=1&background=000000&sign=659cdd6f4d15e171e562086ec2dd643f&c_uniq_tag=Ll63kanyKUlFdy_Qnd7J-GVk6dgYD2V130r6-1YZ6o0&type=video_thumb
456240490,-209976560,«Большая новогодняя прожарка» Джигана,"Еще больше полезных новостей в сообществе Ozon Банка: https://vk.cc/cFKP1K 
Оформляйте карту Ozon Банка и выбирайте выгоду для себя: https://s.ozon.ru/QOWKXPn?erid=2VtzqwCLi82 
erid: 2VtzqwCLi82 
 
С безлимитным интернетом по выходным и праздникам от t2 — вам хватит! Успейте подключить тариф ""Хватит"" от t2 до 31.01 https://vk.cc/cFPIf5 
erid: 2VtzqvqroC5 
 
Третий и новогодний выпуск «Большой прожарки», в котором популярного рэпера и фитнес-энтузиаста Джигана, будут безжалостно «прожаривать» лучшие комики страны. 
 
Джиган https://vk.com/officialgroupgeegun 
Азамат Мусагалиев https://vk.com/azamatmusagaliev 
Зоя Яровицына https://vk.com/zoyazoo 
Роман Косицын https://vk.com/roman_kositsyn 
Сатир https://vk.com/satyrchannel 
Женя Синяков https://vk.com/id19311 
Саша Ваш https://vk.com/sasavash
Игорь Джабраилов https://vk.com/igordzhabrailov
Гурам Амарян https://vk.com/am_gur 
Кирилл Мазур https://vk.com/mazurkiril 
 
Эксклюзивно в VK Видео.",4798,1735542000,9069296,2219,48318,16182,https://vk.com/video_ext.php?oid=-209976560&id=456240490&hash=1197b23022dc8821&__ref=vk.admin_android&api_hash=17406944698317ee086f588c67ef_GMZDANZRGM2TCOA,1,1,1,False,https://sun9-41.userapi.com/impg/wRwJsXUmB5s87p0Lapzypi9Sdc4a1yhG0U14SA/-36-o0b0Po0.jpg?size=130x96&quality=95&keep_aspect_ratio=1&background=000000&sign=e5cf5d85871f81ef0fb49eaf9bea7c54&c_uniq_tag=1Zb0k-bUCA1HtYCz1-trgsjQ8FNKFMGBsPJIGo9Db14&type=video_thumb
456240482,-209976560,ПВН. #27 Джиган х Амир Гурбанов х Денис Дорохов х Яна Кошкина,"Это выпуск новостей, которые нигде и никогда не происходили. Эксклюзивно в VK Видео.",2308,1735290000,4290806,826,26883,7676,https://vk.com/video_ext.php?oid=-209976560&id=456240482&hash=e253c62a84a19710&__ref=vk.admin_android&api_hash=1740694469e29b007f9a2e04b189_GMZDANZRGM2TCOA,1,1,1,False,https://sun9-37.userapi.com/impg/Ka17-UX45OVam5j5K3mkMiO5hLMI93uEXEEKqw/D_PTWI2x0qc.jpg?size=130x96&quality=95&keep_aspect_ratio=1&background=000000&sign=bea5274126b0582d68dd02690e1f944c&c_uniq_tag=9-OjUI_mEMv0DvpavQV9GtN6beP0OvSya8-3s9zLhQ0&type=video_thumb
456240476,-209976560,НОВОГОДНИЙ «СКОЛЬКО?!» #21 Джабраилов. Сапрыкин. VooDooSh.,"Ваш новый Samsung Galaxy S24FE уже ждет вас в сети магазинов DNS: https://bit.ly/4epJT7W
Erid: 2Vtzqx6RTfF

Предновогодние лучи добра летят всем, кто смотрит этот выпуск. В нём сразу несколько подарков для зрителей: Лёша Сапрыкин, Саша Voodoosh, Игорь Джабраилов, запах мандаринов, гирлянды и куча смешных объявлений. С наступающим! 

Наш аккаунт на сайте объявлений:
https://www.avito.ru/brands/dd37d209e9524c3fff62bba81827e49f?src=sharing
ВАШИ ПРЕДЛОЖЕНИЯ ПО ОБМЕНУ ПРИНИМАЕМ РОВНО НЕДЕЛЮ С МОМЕНТА ВЫХОДА ВИДЕО.

Ссылки:

Игорь Джабраилов
https://vk.com/igordzhabrailov

Алексей Сапрыкин
https://vk.com/vsratology

Александр Voodosh
https://vk.com/publicvoodoosh

Эксклюзивно в VK Видео.",3177,1735117200,1543370,134,3053,385,https://vk.com/video_ext.php?oid=-209976560&id=456240476&hash=f5f7010b962d67f4&__ref=vk.admin_android&api_hash=1740694469a32a82d72133f7a4e4_GMZDANZRGM2TCOA,1,1,1,False,https://sun9-80.userapi.com/impg/98fazh9yNMtu2zrBeTxAT--XOaU7WPneO8lHIg/MrDzBeHt2nc.jpg?size=130x96&quality=95&keep_aspect_ratio=1&background=000000&sign=cf69c52571605c45c89054957dfdf59e&c_uniq_tag=BQD3qHy0vsX7i79p3fQ4IDMESavnq0YPKf-wun2FQQc&type=video_thumb
456240472,-209976560,Павел Дедищев х Зоя Яровицына | Roast Battle Labelcom ТУРНИР #8,"Roast Battle – формат, в котором молодые комики бьются за денежный приз ""прожаривая"" друг друга эксклюзивно в VK Видео. 

Победитель большого турнира заберет самый большой денежный приз за всю историю проекта! 

Ведущая - Зоя Яровицына: https://vk.com/zoyazoo

Гость - Павел Дедищев: https://vk.com/paveldedishchev

Комики:

Кирилл Мазур - https://vk.com/mazur_fan
Роман Мамедов - https://vk.com/id84305729
Дмитрий Юдин - https://vk.com/dmitri_yudin1
Сергей Лесовой - https://vk.com/lesoboy_standup
Салават Дюсенгалиев - https://vk.com/salcomik
Алексей Кузнецов - https://vk.com/alexey_me
Вадим Малюк - https://vk.com/vmalyukv
Анастасия Па - https://vk.com/anastasiia_pa",3225,1734944400,839349,226,3618,607,https://vk.com/video_ext.php?oid=-209976560&id=456240472&hash=50b5ab624d4990a3&__ref=vk.admin_android&api_hash=174069446996123ab18d149ac420_GMZDANZRGM2TCOA,1,1,1,False,https://sun9-53.userapi.com/impg/ssbLYvzivaKRdK6YjFNl5UsFdo8E_Z12Za_QBw/nmJOa0qX05g.jpg?size=130x96&quality=95&keep_aspect_ratio=1&background=000000&sign=d215527e093a68a62fa5981a06345281&c_uniq_tag=enlQDhzCY1Bi-2qf-e9N-Ocuz-CgKeS_yUOUcwdlQMs&type=video_thumb
456240467,-209976560,КОЛЕЧНЫЙ ВЛАДЫКА | КЛИККЛАК x Куруч x Дудиков Филмс,"Финальная в этом году работа от Дудиков Филмс.

То, что Питер Джексон растянул на 12 часов, пацаны сняли на 30 минут! А донесли ли хоббиты своё кольцо до роковой горы, узнаете в фильме! Приятного просмотра.

Отдельная благодарность Антону Прошину за создание начального мультика, он крут, вот здесь можно познакомиться с его работами: https://vk.com/cutout2d

Эксклюзивно в VK Видео.",1813,1734688800,1033586,156,2093,1048,https://vk.com/video_ext.php?oid=-209976560&id=456240467&hash=2ed9c8975f6901ac&__ref=vk.admin_android&api_hash=174069446993198c6a6f2d68769a_GMZDANZRGM2TCOA,1,1,1,False,https://sun9-58.userapi.com/impg/T_uljeIQ0JadF4V6ObTX_pLd4MBjtpphHC1Eeg/ZKwu171yo58.jpg?size=130x96&quality=95&keep_aspect_ratio=1&background=000000&sign=a89ec69767da787ebe62d8442e95c5f8&c_uniq_tag=g8WFAqvGjswe2PvP9miwMzMvdcOpJbvsxtpH1VxR1FU&type=video_thumb
456240459,-209976560,СКОЛЬКО?! #20 Джабраилов. Дедищев. Горох.,"Паша, Сережа, Игорь. Дедищев, Горох, Джабраилов. Собрались вместе, чтобы разнести все объявления в мире и назвать точную цену. В этом выпуске есть тайный гость-стендапер.

Наш аккаунт на сайте объявлений:
https://www.avito.ru/brands/dd37d209e9524c3fff62bba81827e49f?src=sharing

ВАШИ ПРЕДЛОЖЕНИЯ ПО ОБМЕНУ ПРИНИМАЕМ РОВНО НЕДЕЛЮ С МОМЕНТА ВЫХОДА ВИДЕО.

Ссылки:

Игорь Джабраилов
https://vk.com/igordzhabrailov

Павел Дедищев
https://vk.com/paveldedishchev

Серёжа Горох
https://vk.com/ggoorroohh

Эксклюзивно в VK Видео.",2487,1734516000,486708,77,3225,333,https://vk.com/video_ext.php?oid=-209976560&id=456240459&hash=83164cf9e0a0e17e&__ref=vk.admin_android&api_hash=1740694469398938df5ce0a5b07c_GMZDANZRGM2TCOA,1,1,1,False,https://sun9-18.userapi.com/impg/ViocTRN2DN06b8Gk-TMuJjXsRcwtIKoFhCn-JA/bztQ2bPdkaU.jpg?size=130x96&quality=95&keep_aspect_ratio=1&background=000000&sign=eac1e2b8422804ed256ef179e5a10db5&c_uniq_tag=YGBtK8ZrgYtdadALl1j_HCFjNosLvvdGGjC7kzIpveQ&type=video_thumb
456240450,-209976560,Стыдно знать | Матвиенко vs Вяликова,"Приобретай подарки к Новому Году в ""Золотом Яблоке"" со скидкой 10% при покупке от 5000 рублей по промокоду STYDNO до 20.12 
*есть бренды исключения
https://goldapple.onelink.me/jLXC/x9cyujjp
erid: 2VtzqvhNxcq

Открывайте Вклад Лучший % по выгодной ставке: https://s.sber.ru/j3j336
erid: 2Vtzqxb2ind

Как сделать вечер ещё теплее?
Додо Пицца – хороший момент остановиться и подумать о важном https://dodopizza.onelink.me/YlkM/sz
erid: 2Vtzqvm7epQ

Стыдно знать - викторина, где два приглашенных гостя соревнуются в постыдных знаниях. 

Эксклюзивно в VK видео.",3489,1734348600,1807936,299,14407,1879,https://vk.com/video_ext.php?oid=-209976560&id=456240450&hash=8eb20c9dfb82a0d3&__ref=vk.admin_android&api_hash=17406944699d870b64b5c98e7478_GMZDANZRGM2TCOA,1,1,1,False,https://sun9-62.userapi.com/impg/v-7n0ZKvYHP2SHpfzkqO0RB28lpMaGULmAam_Q/bCjRuJa0PPo.jpg?size=130x96&quality=95&keep_aspect_ratio=1&background=000000&sign=2eccbb3bc991170ecaf94c6a22c27da3&c_uniq_tag=cXov5GypQE5oUDAteGJAz4yAfTITo668Lqnujz-y1d8&type=video_thumb
456240443,-209976560,СКОЛЬКО?! #19 Джабраилов. 50 вопросов. Макарена.,"До 27 декабря проходит Финальная распродажа года на Ozon. Чудо-скидки до 80% и блестящий выбор подарков — от одежды до электроники: https://ozon.ru/t/dPB2gLX
Erid: 2VtzqwAs3nh

Встретились как-то Карен Макарена и Карен Макарена в гостях у Игорь(Карена) Джабраилова…
Карен Адамян и Карен Акопян. Битва Каренов в телеальманахе. «Сколько?!».

Наш аккаунт на сайте объявлений:
https://www.avito.ru/brands/dd37d209e9524c3fff62bba81827e49f?src=sharing
ВАШИ ПРЕДЛОЖЕНИЯ ПО ОБМЕНУ ПРИНИМАЕМ РОВНО НЕДЕЛЮ С МОМЕНТА ВЫХОДА ВИДЕО.

Ссылки:

Игорь Джабраилов
https://vk.com/igordzhabrailov

Карен Адамян
https://vk.com/makarena50q

Карен Акопян
https://vk.com/karena_macaren

Эксклюзивно в VK Видео.",3318,1734084000,1539435,92,2346,322,https://vk.com/video_ext.php?oid=-209976560&id=456240443&hash=14d6a4608ebc1b44&__ref=vk.admin_android&api_hash=1740694469ba6d899a451e4b6474_GMZDANZRGM2TCOA,1,1,1,False,https://sun9-79.userapi.com/impg/8wkmBn_7v4f2raWeuq475eKJThPmPU01d8KLeg/4k5yq4F_wsw.jpg?size=130x96&quality=95&keep_aspect_ratio=1&background=000000&sign=d1cbf9811bc70b2d479b708672f82391&c_uniq_tag=DXTKU-vT09cXxd93S5Nr6DbwLfbYERr4FJe6-UhY4W4&type=video_thumb
456240438,-209976560,Сатир х Зоя Яровицына | Roast Battle Labelcom ТУРНИР #7,"До 27 декабря проходит Финальная распродажа года на Ozon. Чудо-скидки до 80% и блестящий выбор подарков — от одежды до электроники: https://ozon.ru/t/bvzpAxx
Erid: 2Vtzqv2dcmE

Впусти в жизнь мамбические перемены! Качай приложение Мамба и начни знакомиться прямо сегодня! https://vk.cc/cFK1hP

Roast Battle – формат, в котором молодые комики бьются за денежный приз ""прожаривая"" друг друга. 
Победитель большого турнира заберет самый большой денежный приз за всю историю проекта! 

Ведущая - Зоя Яровицына: https://vk.com/zoyazoo

Гость - Сатир: https://vk.com/satyrchannel

Комики:

Макс Ко - https://vk.com/zagadka95
Никита Некрасов - https://vk.com/club211630602
Кирилл Ясенок - https://vk.com/kirillyasenok
Лиза Найден - https://vk.com/nayyyden
Вадим Постильный - https://vk.com/postilny
Ольга Мокеева - https://vk.com/id5624952
Иван Бобровников - https://vk.com/ibobrovnikov
Сергей Ужахов - https://vk.com/mruzhakh

Эксклюзивно в VK Видео.",3415,1733907600,1860818,191,3195,654,https://vk.com/video_ext.php?oid=-209976560&id=456240438&hash=8f6a85588c93c531&__ref=vk.admin_android&api_hash=174069446978acb4e2d491159c23_GMZDANZRGM2TCOA,1,1,1,False,https://sun9-57.userapi.com/impg/KBSreH--dWg0hWanfDjY8j6I6LlLSoZ9aAbDfw/TR0W38Zbhmk.jpg?size=130x96&quality=95&keep_aspect_ratio=1&background=000000&sign=18bbafe2c7abaca9607560184498cb8e&c_uniq_tag=cpvkVBHZm49K289DEHGo2h31JKxyACSSq_JTH9JMSMY&type=video_thumb
456240432,-209976560,ШАЛЬНОВ - МОЙ ПЕРВЫЙ РЭП #4 | МУРАТОВ feat. МЦ Похоронил & Alphavite,"До 27 декабря проходит Финальная распродажа года на Ozon. Чудо-скидки до 80% и блестящий выбор подарков — от одежды до электроники: https://ozon.ru/t/xZQzaDg 
Реклама. erid: 2VtzqxXduMA
________________________________
Мой Первый Рэп - шоу, в котором звезды записывают свой первый рэп-трек, а помогают им в этом рэперы МЦ Похоронил и Alphavite. Гость также ответит на вопросы самой андеграундной рэп-викторины от ведущего Артема Муратова. 

Первый рэп Алексея Шальнова aka MC Задурившегося скоро на всех площадках. 

Гость - Алексей Шальнов https://vk.com/aleshashalnov
Ведущий - Артем Муратов https://vk.com/artmuratov

Рэп эксперты: 
Alphavite - https://vk.com/alphavite
МЦ Похоронил - https://vk.com/kbkmc",3537,1733734800,1138749,129,2415,371,https://vk.com/video_ext.php?oid=-209976560&id=456240432&hash=0b9007855192b5f1&__ref=vk.admin_android&api_hash=174069446985547d96dc1a3afdaa_GMZDANZRGM2TCOA,1,1,1,False,https://sun9-23.userapi.com/impg/mwCmghtJmLtslOw1KDfVBD6lQI8m6hlIv38f6w/xlw4GLpXZ4c.jpg?size=130x96&quality=95&keep_aspect_ratio=1&background=000000&sign=3cc049b28c332811e0abc358b604d436&c_uniq_tag=FOIh32qIeWyQYNTkXKjzMTYrHhw8C9SLf8xKRwvrerU&type=video_thumb
456240427,-209976560,Стыдно знать | Бустер vs Шальнов,"Крутите колесо призов на Яндекс Маркете https://clck.ru/3F5N6v
Erid: 2VtzqxEFE7r

Участвуй в розыгрышах за покупки готовой еды «Пятёрочка Кафе» с картой Х5 Клуба! Регистрируй чеки и получи шанс выиграть автомобиль и другие призы! https://clck.ru/3F3wps
Erid: 2Vtzqvqv5yS 

Новый сериал о противоречивых 90-х. Смотрите «Дети перемен» на Wink! https://vk.cc/cFAmI0

Стыдно знать - викторина, где два приглашенных гостя соревнуются в постыдных знаниях. 

Эксклюзивно в VK видео.",3047,1733562000,1689581,273,10442,1577,https://vk.com/video_ext.php?oid=-209976560&id=456240427&hash=89579d57c545ce4d&__ref=vk.admin_android&api_hash=1740694469127c54d9f15b60e6d3_GMZDANZRGM2TCOA,1,1,1,False,https://sun9-9.userapi.com/impg/s6afY_HpvUGmkui5xcgAhEBxZHzrcGcs8NjPOw/lQt9XfQuSTM.jpg?size=130x96&quality=95&keep_aspect_ratio=1&background=000000&sign=f444b4bb3f31f43bd040105654a9f242&c_uniq_tag=WzW7MijPmD75sDi9QmxOVsngrFM2dsT7rQvibK78brM&type=video_thumb
456240421,-209976560,ПВН. #26 Анна Седокова х Юрий Музыченко х Денис Дорохов х Ульяна Пылаева,"Это выпуск новостей, которые нигде и никогда не происходили. Эксклюзивно в VK Видео.",1678,1733389200,3786576,1441,25058,7027,https://vk.com/video_ext.php?oid=-209976560&id=456240421&hash=c90756d1e66f7465&__ref=vk.admin_android&api_hash=1740694469ff1109b295be515dc6_GMZDANZRGM2TCOA,1,1,1,False,https://sun9-31.userapi.com/impg/fthrLLUEBnxPsQftbAbLHEMZDDnnKae1bwnESA/dE4bdbinylo.jpg?size=130x96&quality=95&keep_aspect_ratio=1&background=000000&sign=326b07e0ffdafa34a9a5c68d8f2e4284&c_uniq_tag=V_7Ng3iAXlUbCEbQ0UxCz6qhgb3a3HoxGEoJF1V8dlE&type=video_thumb
456240416,-209976560,СКОЛЬКО?! #18 Джабраилов. Лебедев. Жидковский.,"Та самая кофемашина Tuvio на Яндекс Маркете https://clck.ru/3EyNeF
erid: 2Vtzqvy1poS

Новый сериал о противоречивых 90-х. Смотрите «Дети перемен» на Wink! https://vk.cc/cFAmAo

Стиль. Стиль - это всё! Артемий Лебедев и Алексей Жидковский поборются за золотую корону шоу ""Сколько?!"". Эксклюзивно в VK Видео.

Наш аккаунт на сайте объявлений:
https://www.avito.ru/brands/dd37d209e9524c3fff62bba81827e49f?src=sharing 
ВАШИ ПРЕДЛОЖЕНИЯ ПО ОБМЕНУ ПРИНИМАЕМ РОВНО НЕДЕЛЮ С МОМЕНТА ВЫХОДА ВИДЕО.

Ссылки:

Игорь Джабраилов
https://vk.com/igordzhabrailov

Артемий Лебедев
https://vk.com/temalebedev

Алексей Жидковский
https://vk.com/zhidkovskiy_vk",2630,1733220000,1696493,428,6210,1208,https://vk.com/video_ext.php?oid=-209976560&id=456240416&hash=88758315da9df318&__ref=vk.admin_android&api_hash=1740694469955260958968b89819_GMZDANZRGM2TCOA,1,1,1,False,https://sun9-61.userapi.com/impg/wXjG-XKUxD62aGNkSh6aZXtOdLvNqs7KzB9Lug/u71iPyecN64.jpg?size=130x96&quality=95&keep_aspect_ratio=1&background=000000&sign=3e4da0c03a016049ae4dab3a1e95578e&c_uniq_tag=aZ-47tX31SL1inR8RHisQV7hyD7T266vkSneKkhVNcc&type=video_thumb
456240411,-209976560,МУЖИК-МЫШЬ ПРОТИВ ЖОКЕРА | Шальнов/Мазур X Дудиков Филмс,"Со всех российских платформ удаляют шедевры кинематографа, но Дудиков Филмс не хочет чтобы вы в выходные просто сидели на стуле и поэтому переснимает эти картины. В этой части ребятам помогут, Шальнов Алексей и Мазур Кирилл.

Сценария нет, а денег на реквизит, далее цитата ребят:  «чисто на ход ноги, но и вы это бесплатно смотрите, так что наслаждайтесь». Эксклюзивно в VK Видео.

Алексей Шальнов - https://vk.com/aleshalnov
Кирилл Мазур - https://vk.com/mazurkiril
Дудиков Филмс - https://vk.com/t_o_dudikovy",1897,1733043600,959590,183,3171,1924,https://vk.com/video_ext.php?oid=-209976560&id=456240411&hash=1fc578a43428b7d3&__ref=vk.admin_android&api_hash=174069446988ba78f266cdf49db6_GMZDANZRGM2TCOA,1,1,1,False,https://sun9-65.userapi.com/impg/07oFRYaMS-N-nTvKckz_RwjdxZs0nyjxekaAnQ/3gvs186G92A.jpg?size=130x96&quality=95&keep_aspect_ratio=1&background=000000&sign=e66e8b73f4562c24aef6e219847d84c1&c_uniq_tag=nv9Sr2TFcvpX6v-PGCuh_OFDMvwRT8Qxu_Zp-NV6eec&type=video_thumb
456240405,-209976560,«Откуда ты?» Игорь Джабраилов Х Гурам Амарян,"Авито Путешествия. Всё пройдёт как забронировано. Теперь и в отелях! https://commercial.link/kq3

Реклама. Рекламодатель ООО «КЕХ еКоммерц». Erid: 2Vtzqx6uzNj 12+

​​​​​​​Авито Путешествия. Всё пройдёт как забронировано. Теперь и в отелях! - https://clck.ru/3EMiXQ?erid=2VtzqxGez8F

«Откуда ты?» - это тревел-шоу, где Игорь Джабраилов ездит по городам, в которых родились известные люди и сам водит их по знаковым для них местам. Эксклюзивно в VK Видео.

Подписывайтесь на соцсети Игоря и Гурама:

https://vk.com/igordzhabrailov

https://vk.com/am_gur",3868,1732881600,1650046,207,5463,1302,https://vk.com/video_ext.php?oid=-209976560&id=456240405&hash=2633ea7d56c550c5&__ref=vk.admin_android&api_hash=174069446940161d3a4826e7d92a_GMZDANZRGM2TCOA,1,1,1,False,https://sun9-44.userapi.com/impg/CfjtnU9t5kO4z89sDI-1dzgVtSS2sFsjCpYw0g/s4mP0Y0pyl0.jpg?size=130x96&quality=95&keep_aspect_ratio=1&background=000000&sign=1496edd85b6f7f90c9c3292a48309e96&c_uniq_tag=7iLyV0xSkUaXkQPOar0ARqa4PeYNInA2QFMuPwRsRQg&type=video_thumb
456240399,-209976560,Янгер х Зоя Яровицына | Roast Battle Labelcom ТУРНИР #6,"С 15 ноября по 3 декабря Чёрная пятница на Ozon. Магия скидок до 95%, а выбор товаров — нереально большой: одежда, электроника, косметика и многое другое. Настоящее волшебство: https://ozon.ru/t/XznW2Ga
Реклама. ООО «Интернет Решения», 123112, г. Москва, Пресненская наб., д. 10 эт. 41 пом I, комн. 6; ОГРН 1027739244741, erid: 2VtzqxduKoB

Roast Battle – формат, в котором молодые комики бьются за денежный приз ""прожаривая"" друг друга эксклюзивно в VK Видео. 

Победитель большого турнира заберет самый большой денежный приз за всю историю проекта! 

Ведущая - Зоя Яровицына: https://vk.com/zoyazoo

Гость - Леша Янгер: https://vk.com/youunger

Комики:

Камиль Зулфугаров - https://vk.com/club13362117
Андрей Серебренников - https://vk.com/andrey_serebrnnkov
Эд Дородний - https://vk.com/eddorodni
Егор Котыченко - https://vk.com/id23178733
Сергей Скоревич - https://vk.com/scorevich
Тимур Хамадуллин - https://vk.com/id125171764
Алексей Юрьянов - https://vk.com/club226976639
Антон Горбенко - https://vk.com/apostol_anton",3969,1732698000,1836811,1608,2618,404,https://vk.com/video_ext.php?oid=-209976560&id=456240399&hash=8ee19744d1dca801&__ref=vk.admin_android&api_hash=17406944690d5620585eea2914fc_GMZDANZRGM2TCOA,1,1,1,False,https://sun9-78.userapi.com/impg/ooos2G_H0NscXOxA5SflNCUh9ZkXc6imju4QKQ/6RqAaSVvy9Q.jpg?size=130x96&quality=95&keep_aspect_ratio=1&background=000000&sign=126b36c9c18e371870f6166ac52013eb&c_uniq_tag=INdK49eop22BOmMxGBfwv_JCO1TLUp3cECsAOFVje6E&type=video_thumb
456240394,-209976560,СКОЛЬКО?! #17 Джабраилов. Фауст. Косицын.,"Дебетовая карта «Твой кешбэк» от Банка ПСБ – бесплатная навсегда и без условий. Только для новых клиентов кешбэк 25% на все. Успейте оформить карту до 31.12.24.
https://vk.cc/cFh94A
Erid: 2VtzqwChscT

На Ozon Travel выгодные цены, удобный и простой интерфейс, а еще есть мильная программа! Переходите по ссылке и планируйте свой отдых легко - https://ozon.ru/t/eZ8Mxnv
Erid: 2VtzqvS5Wdu

Игорь Джабраилов нашел необычные объявления и потрясающих гостей в новый выпуск шоу «Сколько?». True Crime vs Stand Up. Логика против юмора. Битва умов: Вася «Фауст» Бейнарович и Рома «Кос» Косицын.

Наш аккаунт на сайте объявлений:
https://www.avito.ru/brands/dd37d209e9524c3fff62bba81827e49f
ВАШИ ПРЕДЛОЖЕНИЯ ПО ОБМЕНУ ПРИНИМАЕМ РОВНО НЕДЕЛЮ С МОМЕНТА ВЫХОДА ВИДЕО.

Ссылки:

Игорь Джабраилов
https://vk.com/igordzhabrailov

Вася Фауст
https://vk.com/21psk

Рома Косицын
https://vk.com/roman_kositsyn

Эксклюзивно в VK Видео.",3137,1732528800,1581474,88,4183,504,https://vk.com/video_ext.php?oid=-209976560&id=456240394&hash=97cb474a9c08510a&__ref=vk.admin_android&api_hash=1740694469da1ca060d5f1081841_GMZDANZRGM2TCOA,1,1,1,False,https://sun9-53.userapi.com/impg/JCE1G4H-NbyK3nBlbYZMoQ4FahpAp68wQE-GBw/hH9DrR5F-mg.jpg?size=130x96&quality=95&keep_aspect_ratio=1&background=000000&sign=101a9d5adee2e0fa9990634d51821e20&c_uniq_tag=MMAXX0ODjKdTsXX9vAjR1WfHZ8mHn7QI4z2K2v5fC_0&type=video_thumb
456240386,-209976560,Стыдно знать | Сатир vs Жидковский,"DOSTAЕВСКИЙ — это 320 горячих блюд от 45 минут. Круглосуточная  доставка от 45 минут блд разных кухонь в Санкт-Петербурге и Москве.  Для всех новых пользователей в Москве для первого заказа от 1500 ₽ действует промокод «DOSTA24» на скидку 20% в приложении и на сайте https://dostaevsky.ru/
erid: 2VtzqvEPfY3 

С 15 ноября по 3 декабря Чёрная пятница на Ozon. Магия скидок до 95%, а выбор товаров — нереально большой: одежда, электроника, косметика и многое другое. Настоящее волшебство: https://ozon.ru/t/zzee7wm
erid: 2Vtzqx4mQ1L

Стыдно знать - викторина, где два приглашенных гостя соревнуются в постыдных знаниях. 

Эксклюзивно в VK видео.",3684,1732266000,2182933,869,13837,4073,https://vk.com/video_ext.php?oid=-209976560&id=456240386&hash=c4ad2573c04fc7c4&__ref=vk.admin_android&api_hash=174069446986dd9f75e7e4aa7893_GMZDANZRGM2TCOA,1,1,1,False,https://sun9-77.userapi.com/impg/dvqPhwiE8ubOj7RWCtQNsun-GGvBOwoh_Ef_Qg/6FyHJMdItzM.jpg?size=130x96&quality=95&keep_aspect_ratio=1&background=000000&sign=be4e5aa3e87a1bd71360c189f77bb149&c_uniq_tag=OzqmEuvjUdeCxTs05-n92G1YxcdJBXeDiGaoIPbMnkU&type=video_thumb
456240380,-209976560,ЯРОВИЦЫНА - МОЙ ПЕРВЫЙ РЭП #3 | Муратов feat. МЦ Похоронил & Alphavite,"С 15 ноября по 3 декабря Чёрная пятница на Ozon. Магия скидок до 95%, а выбор товаров — нереально большой: одежда, электроника, косметика и многое другое. Настоящее волшебство: https://ozon.ru/t/x1amaBK 
Реклама. erid: 2Vtzqvqg1st

Скорее ищи друзей с помощью Blink https://blinkmap.com/trk/rm8sp5
Реклама. erid: 2Vtzqve7WKx 
_________________________________________

Мой Первый Рэп - шоу, в котором звезды записывают свой первый рэп-трек, а помогают им в этом рэперы МЦ Похоронил и Alphavite. Гость также ответит на вопросы самой андеграундной рэп-викторины от ведущего Артема Муратова. 

Первый рэп Зои Яровицыной скоро на всех площадках. 

Гостья - Зоя Яровицына https://vk.com/zoyazoo

Ведущий - Артем Муратов https://vk.com/artmuratov

Рэп эксперты: 
Alphavite - https://vk.com/alphavite
МЦ Похоронил - https://vk.com/kbkmc",3228,1732093200,1325314,157,3142,398,https://vk.com/video_ext.php?oid=-209976560&id=456240380&hash=65876deb8e6dd078&__ref=vk.admin_android&api_hash=17406944692a7578a486963c2cff_GMZDANZRGM2TCOA,1,1,1,False,https://sun9-70.userapi.com/impg/RC3B8MhJeg4zWiwWwF7thuUfpNhygYj-3yr1MA/_rG9Z8uC8so.jpg?size=130x96&quality=95&keep_aspect_ratio=1&background=000000&sign=a246fea02533f56d39d9e7ee3584217e&c_uniq_tag=FxEiTZwxDmPXZfWmfvRe6y73e1tCTZEYzHJDLMKDRoQ&type=video_thumb
456240374,-209976560,#9. ВОВА ИЗ АТАМАНОВО. «BONUS».,"Гес хус бэк, пацантре!🤟😆

Еще чуть-чуть оралова вам подъехало!🐺🤪

Эксклюзивно в VK Видео.",532,1731924000,1488918,178,5439,3815,https://vk.com/video_ext.php?oid=-209976560&id=456240374&hash=a478e980daf1bef1&__ref=vk.admin_android&api_hash=1740694469a28de797b91646f114_GMZDANZRGM2TCOA,1,1,1,False,https://sun9-80.userapi.com/impg/umyf-FRX1vPdeYDfz5D8kN8NoOdTw6FFujE8-w/fFEJ26b0qjU.jpg?size=130x96&quality=95&keep_aspect_ratio=1&background=000000&sign=b55d0eac8124be4beca469b063f9dd97&c_uniq_tag=wxWFJ6TAkBYhDG7nrtOypi9L8yxCZaStzaEyI5Hmdzo&type=video_thumb
456240363,-209976560,ПВН. #25 Александр Ревва х Аня Покров х Денис Дорохов х Катя Вяликова,"На Ozon огромный выбор товаров для строительства и ремонта: инструменты, освещение, сантехника, строительные материалы и многое другое по выгодным ценам и с удобной доставкой: https://ozon.ru/t/NW1aVAb

Реклама. ООО «Интернет Решения», 123112, г. Москва, Пресненская наб., д. 10 эт. 41 пом I, комн. 6; ОГРН 1027739244741, erid: 2Vtzqxb5oEt

Это выпуск новостей, которые нигде и никогда не происходили. Эксклюзивно в VK Видео.",1748,1731661200,5516614,2291,26110,6352,https://vk.com/video_ext.php?oid=-209976560&id=456240363&hash=be9adf25b8ffdd6e&__ref=vk.admin_android&api_hash=1740694469b552559ca8eef2fe16_GMZDANZRGM2TCOA,1,1,1,False,https://sun9-77.userapi.com/impg/q57PX8TGdZIRR0UOvLXy1zzS__dYqNISuzP1-Q/LuLUvczzoqI.jpg?size=130x96&quality=95&keep_aspect_ratio=1&background=000000&sign=1f738f9d208365462244ff0ef909b2d6&c_uniq_tag=NGBZqYd-kVwlRIFf05CqBLb83FTaOC28bFAibqtyank&type=video_thumb
456240357,-209976560,"Прощай, Легенда #6 Артемий Лебедев","Шесть комиков в разных образах пришли попрощаться с легендой. Сегодня это Артемий Лебедев.

Эксклюзивно в VK Видео.",1490,1731488400,3892487,1477,25428,9877,https://vk.com/video_ext.php?oid=-209976560&id=456240357&hash=75fbfc4d551efd48&__ref=vk.admin_android&api_hash=1740694469fa9b3326b39c0dcea6_GMZDANZRGM2TCOA,1,1,1,False,https://sun9-31.userapi.com/impg/hDrQUln3cl0Bkoxo7IkrquRq6zxkpazj18ISpg/fETH3xlIRPc.jpg?size=130x96&quality=95&keep_aspect_ratio=1&background=000000&sign=ee4b5b0bb5536912587807a249e540e9&c_uniq_tag=royNZKA3WWziyCkuZ7cvJq2j72mw9eZS_S3F43CYCP8&type=video_thumb
456240351,-209976560,#8. ВОВА ИЗ АТАМАНОВО. «СВАДЬБА. ФИНАЛ СЕЗОНА».,"Ну, всё! 8-ая…

Ниче не хочу тут клацать по клавиатуре…Вот такая лайф🙌

Эксклюзивно в VK Видео.",843,1731315600,1981549,242,6411,4387,https://vk.com/video_ext.php?oid=-209976560&id=456240351&hash=1becf7c2f5a2edf8&__ref=vk.admin_android&api_hash=1740694469493ed92f125bb95853_GMZDANZRGM2TCOA,1,1,1,False,https://sun9-7.userapi.com/impg/xV6IKgzZDEPNM1hRyIVM4Z6BuOk2Md4G4KZdkw/mKiwnf7aw9c.jpg?size=130x96&quality=95&keep_aspect_ratio=1&background=000000&sign=35b8ddc75d5764af91dbe8e5c785c1d0&c_uniq_tag=hRDxZ5crTnzFqIacTOSDUAA_hHFXDkMZhU_N0urQtgc&type=video_thumb
456240345,-209976560,СКОЛЬКО?! #16 Джабраилов. Ахмедова. Парфенюк.,"Те самые наушники Commo Immersive с шумоподавлением - покупаем на Яндекс Маркете https://clck.ru/3EUc6L
Erid: 2Vtzqx2MHXb

Красивый и элегантный выпуск «Сколько?!», а всё потому, что в гостях Юлия Ахмедова и Оля Парфенюк. Они проверят свою интуицию и поборются за звание «Королевы объявлений». 
Новый сезон. Новые гости. Новые объявления. Новый(на самом деле тот же) Игорь Джабраилов. 

Наш аккаунт на сайте объявлений:
https://www.avito.ru/brands/dd37d209e9524c3fff62bba81827e49f
ВАШИ ПРЕДЛОЖЕНИЯ ПО ОБМЕНУ ПРИНИМАЕМ РОВНО НЕДЕЛЮ С МОМЕНТА ВЫХОДА ВИДЕО.

Ссылки:

Игорь Джабраилов 
https://vk.com/igordzhabrailov

Юлия Ахмедова
https://vk.com/yulia_akhmedova

Оля Парфенюк
https://vk.com/oparfenyuk

Эксклюзивно в VK Видео.",2600,1731060000,1647752,229,5037,780,https://vk.com/video_ext.php?oid=-209976560&id=456240345&hash=56ebe7e6b348d35f&__ref=vk.admin_android&api_hash=174069446955c70fc75fbb34b75f_GMZDANZRGM2TCOA,1,1,1,False,https://sun9-19.userapi.com/impg/3zDpB5hh5EW-Aa_gDQeESOn95Hhl-fz2yld1Iw/YhxzGi6vi_A.jpg?size=130x96&quality=95&keep_aspect_ratio=1&background=000000&sign=aaa634f13a5efae6176f7fd879356929&c_uniq_tag=pnWXkYREgQoz5EzK-CJtwuqCbkW8iNL_2fzY1oWuask&type=video_thumb
456240339,-209976560,Фауст х Зоя Яровицына | Roast Battle Labelcom ТУРНИР #5,"До 14 ноября проходит главная распродажа 11.11 на Ozon. Исключительные скидки до 95% и суперогромный выбор желанного — от косметики до электроники. Главное — вовремя купить: https://ozon.ru/t/kwabrvJ

Реклама. ООО «Интернет Решения», 123112, г. Москва, Пресненская наб., д. 10 эт. 41 пом I, комн. 6; ОГРН 1027739244741, erid: 2Vtzqub2K2t

Roast Battle – формат, в котором молодые комики бьются за денежный приз ""прожаривая"" друг друга эксклюзивно в VK Видео. 

Победитель большого турнира заберет самый большой денежный приз за всю историю проекта! 

Ведущая - Зоя Яровицына: https://vk.com/id57723105

Гость - Василий Бейнарович: https://vk.com/faust21century

Комики:

Динара Курбанова - https://vk.com/maminadinara
Дмитрий Птицин - https://vk.com/d.ptitsin
Андрей Хорев - https://vk.com/andrey_horev
Глеб Капелюх - https://vk.com/clovergleb
Егор Свирский - https://vk.com/egorsvirski
Настя Веневитина - https://vk.com/club224686630
Макс Береснев - https://vk.com/beresnev_maks
Даша Тузовская - https://vk.com/dasha_tuzovskaya",4080,1730883600,1858288,406,6297,1340,https://vk.com/video_ext.php?oid=-209976560&id=456240339&hash=34cbbd87e7d3cb4a&__ref=vk.admin_android&api_hash=1740694469842ecf05e1375bbfcd_GMZDANZRGM2TCOA,1,1,1,False,https://sun9-51.userapi.com/impg/D5uYNUsjTwph7aaimnXeKYogq5meE7C6N6Awrw/ACY6loO_Lyc.jpg?size=130x96&quality=95&keep_aspect_ratio=1&background=000000&sign=091c5aab414f39ac7fd94f7fce648e8d&c_uniq_tag=BzTK6cawQIxIPaSYTj3i9WElSpAq6SmpHN-Gv3U5Hhs&type=video_thumb
456240332,-209976560,#7. ВОВА ИЗ АТАМАНОВО. «НЕКИЕ ПЕРЕМЕНЫ».,"Пау! 7-ая на районе!

Короче, Юрец, лыжи из дома нафакстротил. Пришлось, узнать, какой Гена тугой долбан. Перемены началась трясучие….в общем, зацениваем. Если читаешь это, пиши в комментах «Вова, Жигани еще»!

Эксклюзивно в VK Видео.",659,1730710800,2131204,186,6706,4071,https://vk.com/video_ext.php?oid=-209976560&id=456240332&hash=bd19cb1ebb76dcef&__ref=vk.admin_android&api_hash=17406944697b10e481d007345e7c_GMZDANZRGM2TCOA,1,1,1,False,https://sun9-33.userapi.com/impg/2Z8S7H5gVTFvulhorWsFW8c-LrCwQBMoG25m3Q/MCmwrRDZ4IQ.jpg?size=130x96&quality=95&keep_aspect_ratio=1&background=000000&sign=8fb7dac9122c99c0cc9da855b109e936&c_uniq_tag=93t8lYi9gP_OXo1ncFzf46YfmV3FrfHxCaQGdrfbfig&type=video_thumb
456240325,-209976560,ФАУСТ - МОЙ ПЕРВЫЙ РЭП #2 | Муратов feat. МЦ Похоронил & Alphavite,"Мой Первый Рэп - шоу, в котором звезды записывают свой первый рэп-трек, а помогают им в этом рэперы МЦ Похоронил и Alphavite. Гость также ответит на вопросы самой андерграундной рэп-викторины от ведущего Артема Муратова. Эксклюзивно в VK Видео.

Первый рэп Фауст скоро на всех площадках. 

Гость - Василий Бейнарович https://vk.com/faust21century

Ведущий - Артем Муратов https://vk.com/artmuratov

Рэп эксперты: 
Alphavite - https://vk.com/alphavite
МЦ Похоронил - https://vk.com/kbkmc",3424,1730538000,561442,327,4857,694,https://vk.com/video_ext.php?oid=-209976560&id=456240325&hash=7d02a3538e1a64bc&__ref=vk.admin_android&api_hash=1740694469c9255366d28c8c1cdd_GMZDANZRGM2TCOA,1,1,1,False,https://sun9-73.userapi.com/impg/UItcI_L5t49dTQ1CAcrFkAPGV8ab_pT6bqu9Xw/0in2B2kFjLs.jpg?size=130x96&quality=95&keep_aspect_ratio=1&background=000000&sign=6e941e17d989789d0352ffda915684d6&c_uniq_tag=I8i-cqKyaS90396nWGwfjd66Xl1VwpigOH4P-SISn34&type=video_thumb
456240319,-209976560,Стыдно знать | Позов vs Позова,"Переходите по ссылке в приложение Самоката: https://clck.ru/3EK3TF

С 31 августа по 31 декабря в онлайн-магазине действует промокод СТЫДНО, который дает скидку 150 рублей на любой заказ от 800 рублей.
erid: 2VtzqwRypYU

До 14 ноября проходит главная распродажа 11.11 на Ozon. Исключительные скидки до 85% и суперогромный выбор желанного — от косметики до электроники. Главное — вовремя купить: https://ozon.ru/t/66aLDae
erid: 2VtzqxcGHRe

Стыдно знать - викторина, где два приглашенных гостя соревнуются в постыдных знаниях. 

Эксклюзивно в VK видео.",3292,1730379600,1914903,452,16602,2412,https://vk.com/video_ext.php?oid=-209976560&id=456240319&hash=b57a75386068aa62&__ref=vk.admin_android&api_hash=174069446966f678cf8641581f25_GMZDANZRGM2TCOA,1,1,1,False,https://sun9-53.userapi.com/impg/lY3ebrKwtQrszM6I_k3t0QP4lASS1Pqa6Eqhsw/J00KfdY8S84.jpg?size=130x96&quality=95&keep_aspect_ratio=1&background=000000&sign=a3c523359eee261b32df9a7ebfb7d927&c_uniq_tag=sS8MW_aDHUglCjp4_I5H3ao_jAdTExMoasu1P_hDJbI&type=video_thumb
456240312,-209976560,#6. ВОВА ИЗ АТАМАНОВО. «ЗДОРОВЬЕ».,"Тэ-тэц! 6-ая в здании!

Туловище после 30-ти в отказ потопало! Долбасит всего! Двинули в больничку ремонтироваться. Потом залетел Вадик-дуболом и все закрешелось. Пиши в комментах «Вова, добавки!»

Эксклюзивно в VK Видео.",611,1730106000,2397508,224,7565,6709,https://vk.com/video_ext.php?oid=-209976560&id=456240312&hash=ac23803bfb45efb5&__ref=vk.admin_android&api_hash=17406944697c9bb7fd7f4d243c1b_GMZDANZRGM2TCOA,1,1,1,False,https://sun9-78.userapi.com/impg/y-sq26pIps5McLA6kz4RLPLBEHHjntwH9URO4Q/NABeExmN15E.jpg?size=130x96&quality=95&keep_aspect_ratio=1&background=000000&sign=f3de614145a9e7436c21377f769b90a8&c_uniq_tag=NW6LGmgkWvDE14hIt3HAG2OYt5We7xHWnRoW-HbfGrQ&type=video_thumb
456240303,-209976560,ПВН. #24 Алексей Жидковский х Кирилл Мазур х Денис Дорохов х Яна Кошкина,"Это выпуск новостей, которые нигде и никогда не происходили. Эксклюзивно в VK Видео.",1549,1729767434,4334125,2048,24605,11343,https://vk.com/video_ext.php?oid=-209976560&id=456240303&hash=6f8d21c8e852248e&__ref=vk.admin_android&api_hash=1740694469ae75f2739c402d839e_GMZDANZRGM2TCOA,1,1,1,False,https://sun9-61.userapi.com/impg/XRRyTcbkBLN39JiaFvmGdVwurAAv_h6KOFkHgQ/L3BJ_ywTpt4.jpg?size=130x96&quality=95&keep_aspect_ratio=1&background=000000&sign=f51351e84463c4e8a7745a9c498ade64&c_uniq_tag=O9t14t5ssc97CbP_D9IxrpK5e-sw1qlKkak7vQhXx-k&type=video_thumb
456240294,-209976560,#5. ВОВА ИЗ АТАМАНОВО. «НЕДВИГА».,"Заноси 5-ую🤟😆 Решили с Юрой переезжать из этой дуры деревяной в ЖК фешенебельный. Втарабанились в одну проблемку. Ну, у вас такая же коляска, я думаю.🤪🙌

Эксклюзивно в VK Видео.",618,1729504800,2502242,242,7654,6183,https://vk.com/video_ext.php?oid=-209976560&id=456240294&hash=ccd2f24202bd1846&__ref=vk.admin_android&api_hash=174069446940788857b42b21984c_GMZDANZRGM2TCOA,1,1,1,False,https://sun9-1.userapi.com/impg/e2KATESxI-vNrNRkE--CLgIY19GP8C2j9dUz2Q/L0G9rbNZ-is.jpg?size=130x96&quality=95&keep_aspect_ratio=1&background=000000&sign=4b82e7c47e7794520cdaae60bcdc533c&c_uniq_tag=46DIPmq5YIpy3OavgOkv8qrNkzYZMtWz5YW8WnD1Ghk&type=video_thumb
456240285,-209976560,ИВАН АБРАМОВ - МОЙ ПЕРВЫЙ РЭП #1 | Муратов feat. МЦ Похоронил & Alphavite,"Мой Первый Рэп - шоу, в котором звезды записывают свой первый рэп-трек, а помогают им в этом рэперы МЦ Похоронил и Alphavite. Гость также ответит на вопросы самой андерграундной рэп-викторины от ведущего Артема Муратова. 
 
Первый рэп Ивана Абрамова скоро на всех площадках. 

Гость - Иван Абрамов https://vk.com/ivan_abramov_standup

Ведущий - Артем Муратов https://vk.com/artmuratov

Рэп эксперты: 
Alphavite - https://vk.com/alphavite
МЦ Похоронил - https://vk.com/kbkmc

Эксклюзивно в VK Видео.",3555,1729155600,1407259,537,8570,1932,https://vk.com/video_ext.php?oid=-209976560&id=456240285&hash=0228636d58c207a3&__ref=vk.admin_android&api_hash=17406944696fb900779eb3eb3a9f_GMZDANZRGM2TCOA,1,1,1,False,https://sun9-2.userapi.com/impg/xewrYtO0ma59dPYJTKARyNRT_O8nygRWhyhFhg/SP1jIvm5008.jpg?size=130x96&quality=95&keep_aspect_ratio=1&background=000000&sign=b69e82cf5b07f4180848e7bf0a8e306b&c_uniq_tag=_lP7thuNNbS36PziF5JqTY_l5htSZqy1eSigpQVCjTc&type=video_thumb
456240274,-209976560,#4. ВОВА ИЗ АТАМАНОВО. «ДНЮХА».,"Пэц! 4-ая серия запарковалась. 
Буду днюху карабасить, Атаманово крошить!🤪 Поздравления в комменты!🤘

Эксклюзивно в VK Видео.",560,1728896400,2635978,285,8038,7516,https://vk.com/video_ext.php?oid=-209976560&id=456240274&hash=2a017f0f190fcd60&__ref=vk.admin_android&api_hash=1740694469812a9c36a52c4d52df_GMZDANZRGM2TCOA,1,1,1,False,https://sun9-58.userapi.com/impg/9_CaI7Ypf-ZVNVz52rSDYIKdDJGCx8WdbA8njQ/5jZHDAe3cug.jpg?size=130x96&quality=95&keep_aspect_ratio=1&background=000000&sign=e099c3cb54f8e7820810fb49b16e642d&c_uniq_tag=beuDa3yNYCslTij2_R_jRgUYhdL0Od0CWLiyZxdht3I&type=video_thumb
456240267,-209976560,Стыдно знать | Ковальчук vs Mary Gu,"Много лосося – лучше один раз попробовать! 
Скидка на первый заказ 25% в приложении по промокоду proba — https://ml.onelink.me/pOkU/q7p73vbg 
Акция действует с 10.10 по 31.10 
Erid: 2VtzquyJii6

Товары для дома с выгодой на Мегамаркете: https://vk.cc/cCdDOC 
Erid: 2Vtzqxamtre

Совершенно новая VK Музыка за 0 рублей на 3 месяца: https://vk.cc/cBIYPJ
erid: 2Vtzqv41QhY

Стыдно знать - викторина, где два приглашенных гостя соревнуются в постыдных знаниях. 

Эксклюзивно в VK видео.",4152,1728554400,1810743,333,6505,1248,https://vk.com/video_ext.php?oid=-209976560&id=456240267&hash=0e2c158708e9ca48&__ref=vk.admin_android&api_hash=174069446987f909bffe046d5145_GMZDANZRGM2TCOA,1,1,1,False,https://sun9-78.userapi.com/impg/HWymbCU1GUSIqpaHApLayHVo-SbPYeefABNUtA/ARCZxkGPB3Q.jpg?size=130x96&quality=95&keep_aspect_ratio=1&background=000000&sign=d58d25388972ed852a9a8d75f6263d52&c_uniq_tag=Gji78nX33j16sLH05T0WqRXZDekKqaExPX4Bq4dYbB4&type=video_thumb
456240256,-209976560,#3. ВОВА ИЗ АТАМАНОВО. «КАМИЛЛА».,"Третья серия вот щас!  Нафаршировали, как в лучших ресторанах! Короче, знакомьтесь - Камилла. Ну, такая одноклассница, которая жизнь выиграла! Пиши в комментах имя такой твоей!😆

Эксклюзивно в VK Видео.",709,1728291600,1076558,430,8909,8196,https://vk.com/video_ext.php?oid=-209976560&id=456240256&hash=5d988f634eaeed43&__ref=vk.admin_android&api_hash=1740694469c1d2f365b2376aa961_GMZDANZRGM2TCOA,1,1,1,False,https://sun9-69.userapi.com/impg/NgiwiMElqWTRk2hnycmwdJd8mH6a_pqGGyTutA/91cWGesB8Yw.jpg?size=130x96&quality=95&keep_aspect_ratio=1&background=000000&sign=454d300bbf4f097b77f6b061b2dea568&c_uniq_tag=RkyA4tAS8J5qp0_p18pcxFmY9k-DTmRqokwRMFsZGxE&type=video_thumb
456240249,-209976560,ВОВА ИЗ АТАМАНОВО. 1 и 2 СЕРИИ.,"Ну, здарова! Как настр пацаны? Пока доезжает третья серия, давайте по свежему прибалдеем, как мы сияли, как мы джазу давали, как Юра тупого гнал.

Если кайф, то пишите в комментах «Мы рождены сиять!». «Когда третья серия» не пишите. Писали уже.

Эксклюзивно в VK Видео.",837,1728118800,1425365,171,3642,7630,https://vk.com/video_ext.php?oid=-209976560&id=456240249&hash=850bd2fd056b8c07&__ref=vk.admin_android&api_hash=17406944690e62957be6245246b6_GMZDANZRGM2TCOA,1,1,1,False,https://sun9-39.userapi.com/impg/nUGhhrtWv0-6uMQz82HtYENm9Zlt-6m3c8neEA/KUPflFXT9YE.jpg?size=130x96&quality=95&keep_aspect_ratio=1&background=000000&sign=a4deb1d35fb94903eb88240179dd3beb&c_uniq_tag=k1KKhrR21bATAbk8I_350EgTB8CL3BhWgHlGGCkoxDQ&type=video_thumb
456240244,-209976560,ПВН. #23 Luxury Girl х Даша Дошик х Денис Дорохов х Яна Кошкина,"На Ozon проходит Вау-распродажа со скидками до 80% на множество товаров — от одежды и обуви до электроники и товаров для дома! Поторопитесь, чтобы успеть купить товары на Вау-распродаже: https://ozon.ru/t/py4G3jZ

Реклама. ООО «Интернет Решения», 123112, г. Москва, Пресненская наб., д. 10 эт. 41 пом I, комн. 6; ОГРН 1027739244741, erid: 2Vtzqw5cWvk

Это выпуск новостей, которые нигде и никогда не происходили. Эксклюзивно в VK Видео.",1953,1727946000,7867068,1620,37927,19105,https://vk.com/video_ext.php?oid=-209976560&id=456240244&hash=8f7f6f073a6d982c&__ref=vk.admin_android&api_hash=1740694469e7f50020becdb34a9c_GMZDANZRGM2TCOA,1,1,1,False,https://sun9-74.userapi.com/impg/J0_MtMMUKXrAXCyLFvtktB5VsrNpMMKT1ul5EQ/o3tpJU0paHg.jpg?size=130x96&quality=95&keep_aspect_ratio=1&background=000000&sign=277f5db6a4e7b2542cbaa340d4e25aac&c_uniq_tag=pnuAy9kDeZ5kimtUtIdp-AP1iHmTXA1aZ_4T9kBcHFI&type=video_thumb
456240236,-209976560,Разговор с Антоном Остерниковым - Лёша ЯНГЕР,"Это просто разговор, в котором Антон Константинович общается с гостями о их жизни. Сегодня узнаем больше  о Леше Янгере и он себе узнает больше. 

Эксклюзивно в VK видео!",2297,1727773200,1076759,358,2963,1597,https://vk.com/video_ext.php?oid=-209976560&id=456240236&hash=99daf1898738bc81&__ref=vk.admin_android&api_hash=174069446935c9a0c402bde7fe58_GMZDANZRGM2TCOA,1,1,1,False,https://sun9-77.userapi.com/impg/WY5WQh8LCYAuJHFe2XGxYkFsAvm0zoqmdVE2UA/p6Ym_JlFvjA.jpg?size=130x96&quality=95&keep_aspect_ratio=1&background=000000&sign=0e2555a961a5494867c7e273524d3a6a&c_uniq_tag=PlOYafqhahJaU0EMqk_uQeW-b7lvIQl_nc8lE9cNPic&type=video_thumb
456240230,-209976560,Стыдно знать | Мейханаджян vs Мейханаджян,"На Ozon Travel выгодные цены, удобный и простой интерфейс, а еще есть мильная программа! Переходите по ссылке и планируйте свой отдых легко - https://ozon.ru/t/akB7Bw7
erid: 2Vtzqx3RVM2 

Ozon Банк разыгрывает айфон, плейстейшн, 1 млн ₽ на шопинг, целых две тысячи призов на 10 млн ₽ за покупки по карте вне Ozon. Подробности и условия по ccылке: https://s.ozon.ru/Dyd6d1E 
erid=2VtzquctzJu

Стыдно знать - викторина, где два приглашенных гостя соревнуются в постыдных знаниях. 

Эксклюзивно в VK видео.",3559,1727694000,1976425,302,8463,1478,https://vk.com/video_ext.php?oid=-209976560&id=456240230&hash=eae99c48140c8d68&__ref=vk.admin_android&api_hash=174069446928c80e80bea3d36f48_GMZDANZRGM2TCOA,1,1,1,False,https://sun9-2.userapi.com/impg/pEOdzFVK0oQe8vBAbg6dc3nCIUdfgVWzQeMg5A/VodvJv5wxW8.jpg?size=130x96&quality=95&keep_aspect_ratio=1&background=000000&sign=685f4d7f27bcb994bbd24e7c1da4c413&c_uniq_tag=t0iCxQPMPfRSVFeahSxZwbvEeLKWw2PvvSoD93A0bv4&type=video_thumb
456240220,-209976560,"Прощай, Легенда #5 Лолита","Ozon – безопасное и выгодное место для покупки электроники и техники. Широкий ассортимент, большие распродажи и акции от популярных брендов, удобная доставка до дома или в пункт выдачи – всё для выгодных покупок: https://ozon.ru/t/rPqEl1Y

Реклама. ООО «Интернет Решения», 123112, г. Москва, Пресненская наб., д. 10 эт. 41 пом I, комн. 6; ОГРН 1027739244741, erid: 2Vtzqvfgdh2

Для вас мы теперь t2, и это новые технологии, новые решения, новые возможности. Подробнее: https://vk.cc/cATtom
erid: 2Vtzqw3YBW8

Шесть комиков в разных образах пришли попрощаться с легендой. Сегодня это Лолита.

Эксклюзивно в VK Видео.",1957,1727523000,5101353,1556,32507,14104,https://vk.com/video_ext.php?oid=-209976560&id=456240220&hash=9f6996ec544f6248&__ref=vk.admin_android&api_hash=1740694469abcba3e3e2d4cbd126_GMZDANZRGM2TCOA,1,1,1,False,https://sun9-71.userapi.com/impg/5FBlPu43jLPhgci4GTW9ibyk2s3L-aY0w0Cp6A/3U8CX4Z4cro.jpg?size=130x96&quality=95&keep_aspect_ratio=1&background=000000&sign=670076d75a63e17325d15cb24cebab17&c_uniq_tag=Nqn9Z9SQL2cBkKpd0QmPuN8umNXourvU1-4UaGAjxbQ&type=video_thumb
456240206,-209976560,ШТА #10: Гузеевой не понравился жених / Новые сережки Журавлева / Абрамов придумал шутку про мушкетеров,"В сентябре покупайте одежду, обувь и аксессуары с повышенным кешбэком до 60% бонусами Спасибо на Мегамаркете - https://vk.cc/cBmupq  

Также используйте промокод ВТРЕНДЕ и получите дополнительную скидку 1 000 рублей при первом заказе от 4 000 рублей! Правила использования промокода: https://vk.cc/cBmutC
Erid: 2VtzqvXq8dN

Шутки типа АСМР. Это как АСМР, но с шутками. Эксклюзивно в VK Видео.

Оля Малащенко https://vk.com/malaschenkoolya 
Карина Мейханаджян https://vk.com/karinameyhanajyan 
Саша Муратова https://vk.com/muratovasasha 

Дмитрий Журавлёв https://vk.com/zhuravl_zhuravl 
Алексей Шальнов https://vk.com/aleshalnov 
Юсиф Юсифов https://vk.com/talishok 

Роман Косицын https://vk.com/roman_kositsyn 
Андрей Атлас https://vk.com/atlasstandup 
Руслан Мухаметов https://vk.com/iamrussmukhametovclub 

Вадим Постильный https://vk.com/postilny 
Настя Веневитина https://vk.com/club224686630 
Зоя Куулар https://vk.com/id101104362 

Катя Вяликова https://vk.com/kaatyy 
Андрей Жмыхов https://vk.com/id_999999997 
Давид Шахраманян https://vk.com/d_shahra",1166,1727337600,1667859,72,1145,222,https://vk.com/video_ext.php?oid=-209976560&id=456240206&hash=d60893fbd15a9d49&__ref=vk.admin_android&api_hash=1740694469ac7b3e834cfec3cbdb_GMZDANZRGM2TCOA,1,1,1,False,https://sun9-20.userapi.com/impg/uKGqHlLFDcXMmQoCWs_T0iqxLqRuplGVdB1rpg/MiruDiJc3BU.jpg?size=130x96&quality=95&keep_aspect_ratio=1&background=000000&sign=670f28bec6525f9c42401bbcc9139d53&c_uniq_tag=XOS1nySRyRfbIvyX6zoKUFqHBs4cEt2MRX3CcIiq3ow&type=video_thumb
456240201,-209976560,"Звездный дурак #4 - Журавлев, Джабраилов, Стогниенко, Пташенчук, Савенко","Авито Селект — ваш личный помощник в покупке авто
https://vk.cc/cAZpfY
Реклама. erid: 2VtzqwZeStY

Ozon Банк разыгрывает айфон, плейстейшн, 1 млн ₽ на шопинг, целых две тысячи призов на 10 млн ₽ за покупки по карте вне Ozon. Подробности и условия по ccылке: https://s.ozon.ru/BDo1N3X?erid=2VtzqwQpHJQ
erid: 2VtzqwQpHJQ

На Ozon представлены товары-нарасхват - это популярные товары на каждый день по максимально низким ценам. Покупайте нужное выгодно: https://ozon.ru/t/0lKZRRP

Реклама. ООО «Интернет Решения», 123112, г. Москва, Пресненская наб., д. 10 эт. 41 пом I, комн. 6; ОГРН 1027739244741, erid: 2VtzqwLFto1

Джабраилов и Журавлев пригласили в гости Михаила Стогниенко и Александра Пташенчука. 

Эксклюзивно в VK видео!",3499,1727168400,1553539,201,8387,1574,https://vk.com/video_ext.php?oid=-209976560&id=456240201&hash=b367373b6d3579bd&__ref=vk.admin_android&api_hash=174069446987e92dc46ccdceeef6_GMZDANZRGM2TCOA,1,1,1,False,https://sun9-20.userapi.com/impg/gRy5Lb5LqabX-W2Eepn_iYM7fnRVcDFv6dY3gA/A4JugayqoQ4.jpg?size=130x96&quality=95&keep_aspect_ratio=1&background=000000&sign=5f97a520e0e5212f0e48b1eb281fdf7c&c_uniq_tag=_rZavUjvixV7-pssyfiNb2P8PJDy6tGQtmrlfgh1n-g&type=video_thumb
456240195,-209976560,Стыдно знать | Абрамов vs Куруч,"На Ozon представлены товары-нарасхват – это популярные товары на каждый день по максимально низким ценам. Покупайте нужное выгодно: https://ozon.ru/t/jY6eLen
erid: 2Vtzqw4wuEP 

Скидка 10% в Ситилинке на первый заказ до 300 000 руб. на сайте или в мобильном приложении до 20.10.2024: https://vk.cc/cB0BQ7
Erid: 2VtzqxBA8wS

Стыдно знать - викторина, где два приглашенных гостя соревнуются в постыдных знаниях. 

Вопросы пишите на почту beburlord@gmail.com

Эксклюзивно в VK видео.",4077,1726833600,2252352,459,15996,2938,https://vk.com/video_ext.php?oid=-209976560&id=456240195&hash=6081582056f8a7a7&__ref=vk.admin_android&api_hash=17406944694c55a82515980ecab5_GMZDANZRGM2TCOA,1,1,1,False,https://sun9-24.userapi.com/impg/9-klLT8ESjIklxpkbqRZOzSgRfjUdXLVq1N8FQ/l9Z5vR_AaMU.jpg?size=130x96&quality=95&keep_aspect_ratio=1&background=000000&sign=b5f7eadd22d90e998d2df853e8639688&c_uniq_tag=D8H2Lp8qGhygFRGExUCbk2DbmGIyj2YDy08pVt-2VtY&type=video_thumb
456240185,-209976560,ШТА #9: Джиган похвалил сам себя / Бьюти процедуры Иришки Чики-Пики / Сексисткие шутки,"Если все надоело и накатила усталость, замешай перерыв и прокачай бодрость вместе с MONARCH 3в1. Тактическая пауза поднимет настроение и позволит тащить в каждой катке. 

Подписывайся на сообщество Monarch ВКонтакте, чтобы всегда быть в курсе новостей от бренда https://vk.cc/cAycWw 
Реклама. erid: 2VtzqvDDF9p

На Ozon Travel выгодные цены, удобный и простой интерфейс, а еще есть мильная программа! Переходите по ссылке и планируйте свой отдых легко - https://ozon.ru/t/QlbZ1k1
Реклама. erid: 2VtzquvYbB5

Шутки типа АСМР. Это как АСМР, но с шутками. Эксклюзивно в VK Видео.

Оля Малащенко https://vk.com/malaschenkoolya 
Карина Мейханаджян https://vk.com/karinameyhanajyan 
Саша Муратова https://vk.com/muratovasasha 

Дмитрий Журавлёв https://vk.com/zhuravl_zhuravl 
Алексей Шальнов https://vk.com/aleshalnov 
Юсиф Юсифов https://vk.com/talishok 

Роман Косицын https://vk.com/roman_kositsyn 
Андрей Атлас https://vk.com/atlasstandup 
Руслан Мухаметов https://vk.com/iamrussmukhametovclub 

Вадим Постильный https://vk.com/postilny 
Настя Веневитина https://vk.com/club224686630 
Зоя Куулар https://vk.com/id101104362 

Катя Вяликова https://vk.com/kaatyy 
Андрей Жмыхов https://vk.com/id_999999997 
Давид Шахраманян https://vk.com/d_shahra",1085,1726560000,1382621,51,1018,214,https://vk.com/video_ext.php?oid=-209976560&id=456240185&hash=465ad78e00b7c043&__ref=vk.admin_android&api_hash=1740694469ca962125885f3cde5e_GMZDANZRGM2TCOA,1,1,1,False,https://sun9-64.userapi.com/impg/xMOHbEC1Fjb4R801N5r96UUhPHhIoNRJX215rQ/Xzwy7BO6om0.jpg?size=130x96&quality=95&keep_aspect_ratio=1&background=000000&sign=64a13bc7269bae1eafc4d4bb994259a5&c_uniq_tag=kXs3p2cEDjwlBbwxyDVGBpTnQWi8YEWenP0n8Vx1Dwg&type=video_thumb
456240181,-209976560,"Звездный дурак #3 - Журавлев, Джабраилов, Мазур, Шальнов, Савенко","Карбонад «Черный кабан» — аргумент для настоящего мужика! https://vk.cc/czyHGe
Реклама. erid: 2VtzqvfbBC3

Новые Cheesl's чипсы со 100% настоящим сыром внутри, ищите в своем городе: https://vk.cc/cAzcsK
erid: 2VtzqxWch7M

Джабраилов и Журавлев пригласили в гости Кирилла Мазура и Алексея Шальнова. 

Эксклюзивно в VK видео!",3391,1726304400,1584639,770,12207,2294,https://vk.com/video_ext.php?oid=-209976560&id=456240181&hash=8897448bdccdf4c6&__ref=vk.admin_android&api_hash=17406944695b7cf0f30e9afde809_GMZDANZRGM2TCOA,1,1,1,False,https://sun9-2.userapi.com/impg/SvRS7pfxPshNg7GhR2ZE62OTkJDw14CBTG5JsA/cQL42c9kwHA.jpg?size=130x96&quality=95&keep_aspect_ratio=1&background=000000&sign=3032a3a859722265bfb223dd66bb21d2&c_uniq_tag=1hBg1GEXoLqxvBdT8YTrlfjoQnRz1ijkb4Y4WG5LIbs&type=video_thumb
456240177,-209976560,ПВН. #22 Григорий Лепс х Гарик Харламов х Денис Дорохов х Яна Кошкина,"Можно долго смеяться над плохими выдуманными новостями в хорошей компании с Velkopopovický Kozel светлое безалкогольное. Чешское с долгой историей.
erid: 2VtzqubT8cV

На Ozon можно обновить гардероб и выбрать трендовые образы на осень. На маркетплейсе удобная доставка, оплата после примерки в пункте выдачи и бесплатный возврат: https://ozon.ru/t/G39kK1j

Реклама. ООО «Интернет Решения», 123112, г. Москва, Пресненская наб., д. 10 эт. 41 пом I, комн. 6; ОГРН 1027739244741, erid: 2Vtzquikc15

Это выпуск новостей, которые нигде и никогда не происходили. Эксклюзивно в VK Видео.",1699,1726131600,6815706,997,34128,14312,https://vk.com/video_ext.php?oid=-209976560&id=456240177&hash=7cf67c9479900134&__ref=vk.admin_android&api_hash=17406944693a0d611df0da132d61_GMZDANZRGM2TCOA,1,1,1,False,https://sun9-27.userapi.com/impg/jbuT1Z-q_wLRQoyu3EEjXsiJPc5GqIA-fcfurQ/xJOSiyB9_0E.jpg?size=130x96&quality=95&keep_aspect_ratio=1&background=000000&sign=9270c7015209338ff868eb7df19048a3&c_uniq_tag=tqu0oNzP6obGgZ-BalghcIahnJmvk_k0eYOu3-gGzKc&type=video_thumb
456240167,-209976560,Стыдно знать | Пьеха vs Стахович,"Ozon запустил мощную выгоду на Большой распродаже электроники до 24 сентября! Турбоскидки до 80% на множество товаров — ноутбуки, посудомойки, фены, стайлеры: https://ozon.ru/t/gY62aXb
erid: 2Vtzqx3oyhQ

Стыдно знать - викторина, где два приглашенных гостя соревнуются в постыдных знаниях. 

Эксклюзивно в VK видео.",3295,1725962400,1357549,232,9192,1412,https://vk.com/video_ext.php?oid=-209976560&id=456240167&hash=3362f9de9980a8b7&__ref=vk.admin_android&api_hash=1740694469953750d50b0a6b9b39_GMZDANZRGM2TCOA,1,1,1,False,https://sun9-51.userapi.com/impg/dQV5k8xv5IEjrF6vYop8nzjkRGh4QguO562MBg/dnG_qqeHpQ0.jpg?size=130x96&quality=95&keep_aspect_ratio=1&background=000000&sign=c98b79c4d3da54dca9d93e5737ae3840&c_uniq_tag=BkDNBGpw8EntJ5qgfKtKbyen0Yc7fcrMtoS5DzZip0c&type=video_thumb
456240144,-209976560,«Большая Прожарка» Артемия Лебедева,"t2. Другие правила. Новый уровень. Подробнее: https://vk.cc/cAewIk
Erid: 2VtzqwcCsY2

Открывайте Россию вместе с яркой авиакомпанией Smartavia и авиапутешествуйте выгодно! Билеты и подписка Smart Up для заядлых путешественников на сайте: flysmartavia.com
erid: 2VtzqxfR2qs

Балтика 8 Безалкогольное - безупречное пшеничное! 
Чтобы раскрыть все грани освежающего многогранного вкуса, необходимо правильно налить пшеничное:
1. Налейте 2/3 в бокал под углом 45 градусов
2. Взболтайте бутылку
3. Долейте остаток в бокал

И безупречный вкус раскроется! 
https://vk.cc/cA3Ax5
Erid: 2VtzqvwnFhg

С 11 по 24 сентября Ozon запускает мощную выгоду на Большой распродаже электроники! Турбоскидки до 80% на множество товаров — ноутбуки, посудомойки, фены, стайлеры: https://ozon.ru/t/X8MXR5a
Реклама. ООО «Интернет Решения», 123112, г. Москва, Пресненская наб., д. 10 эт. 41 пом I, комн. 6; ОГРН 1027739244741, erid: 2VtzqxgpZmQ

Найди того, с кем можно вместе смеяться над «Большой прожаркой», в приложении VK Знакомства: https://trk.mail.ru/c/u381g8 erid: 2VtzqwNxn4J

Второй выпуск «Большой прожарки», на этот раз всю правду о себе услышит Артемий Лебедев. Список комиков снова впечатляет.

Артемий Лебедев https://vk.com/temalebedev
Азамат Мусагалиев https://vk.com/azamatmusagaliev
Зоя Яровицына https://vk.com/zoyazoo
Иван Абрамов https://vk.com/ivan_abramov_standup
Михаил Стогниенко https://vk.com/club219077241
Денис Дорохов https://vk.com/doroxovdenis
Олеся Иванченко https://vk.com/club221829791
Роман Косицын https://vk.com/roman_kositsyn
Сатир https://vk.com/satyrchannel
Женя Синяков https://vk.com/id19311

Эксклюзивно в VK Видео.",5484,1725444000,13273467,4518,94183,31952,https://vk.com/video_ext.php?oid=-209976560&id=456240144&hash=ec689e671a8b367a&__ref=vk.admin_android&api_hash=17406944698cf58b20ebefcf5378_GMZDANZRGM2TCOA,1,1,1,False,https://sun9-77.userapi.com/impg/UTaH2c8Bcu7e5Tn-5Xw8MWirroGkqUKuFEhecw/znvmqvzJGf4.jpg?size=130x96&quality=95&keep_aspect_ratio=1&background=000000&sign=292b902a32c8fd5d19aa2e0405f7e29f&c_uniq_tag=7gqlo8J8JIxAUEZHDNPCz71h1lG6usbyOuQ5hctQsTA&type=video_thumb
456240131,-209976560,ЧУВАКИ-ПАУКИ | Денис Дорохов х Дудиков филмс,"Фильм, который изменил всё. И потом ещё немножко. Эксклюзивно в VK Видео.

Денис Дорохов - https://vk.com/doroxovdenis

Сергей Мясоедов - https://vk.com/myasoedovv
Давид Шахраманян - https://vk.com/d_shahra
Андрей Жмыхов - https://vk.com/id_999999997
Чермен Царукаев - https://vk.com/c.tsarukaev",1392,1725181200,4343254,872,15633,24801,https://vk.com/video_ext.php?oid=-209976560&id=456240131&hash=6f4404651ad023d0&__ref=vk.admin_android&api_hash=174069446933b4e7051f0109c14a_GMZDANZRGM2TCOA,1,1,1,False,https://sun9-44.userapi.com/impg/L9iMUkVS6qE5udmofLoloU870HKKuSvlTxfutw/Vbsi60-yLHA.jpg?size=130x96&quality=95&keep_aspect_ratio=1&background=000000&sign=789d1fe8279cdf0c14bbf4babd6aa3f7&c_uniq_tag=jeTmyhYHmjPFSJBFdxrsnuBu2LQWjZO4g6yijnKr9dM&type=video_thumb
456240127,-209976560,Стыдно знать | Джабраилов vs Бьянка,"Балтика 8 Безалкогольное - безупречное пшеничное! Чтобы раскрыть все грани освежающего многогранного вкуса, взболтайте бутылку, прежде чем наполнить бокал до конца - https://vk.cc/cA3A1k 
Erid: 2VtzqxUmXRY

Мобильное приложение Travelata.ru - https://travelata.onelink.me/3923694069/hz7r4bhq 
Удобный и надежный сервис для бронирования туров и отелей
Erid: 2VtzqwQP81T

В августе покупайте товары для дома с повышенным кешбэком до 60% бонусами Спасибо на Мегамаркете — https://vk.cc/cA2K29

Также используйте промокод МЕГАКОМФОРТ и получите скидку 500 рублей при первом заказе от 2 500 рублей! Правила использования промокода: https://vk.cc/cA2K6m
erid: 2VtzqwAyYKw

Стыдно знать - викторина, где два приглашенных гостя соревнуются в постыдных знаниях. 

Эксклюзивно в VK видео.",4510,1725012000,2594675,409,11826,2005,https://vk.com/video_ext.php?oid=-209976560&id=456240127&hash=282289ff3807536e&__ref=vk.admin_android&api_hash=1740694469559efed1426b1ddd67_GMZDANZRGM2TCOA,1,1,1,False,https://sun9-61.userapi.com/impg/tgrSLnitUTbbrdx-Nuq2lztxRelSwkXsUGB5Eg/S-3y0gCqn8Y.jpg?size=130x96&quality=95&keep_aspect_ratio=1&background=000000&sign=d1ac3a53d1a558ba1b07ea997fde3c50&c_uniq_tag=ahFDWdHuETh1zGmodzWZ7tADuf2l1e32jn_MnEdnQVM&type=video_thumb
456240121,-209976560,"#Cозвон Невошедшее: Антон Шастун, Сергей Матвиенко, Александр Забродин","#Созвон - шоу, в котором комик звонит в случайное место с заданием, которое ему даёт соперник и во время разговора вворачивает в разговор случайные фразы.

В этом выпуске мы хотим показать вам звонки, которые по тем или иным причинам не попали в основные выпуски!

В сезон не попали, но круто позвонили:

Антон Шастун:
https://vk.com/shastoon.channel

Сергей Матвиенко:
https://vk.com/club_276560

Александр Забродин:
https://vk.com/id3351910

Приятного просмотра эксклюзивно в VK Видео!",1374,1724666400,645987,39,2775,352,https://vk.com/video_ext.php?oid=-209976560&id=456240121&hash=d09f0bdb44169746&__ref=vk.admin_android&api_hash=1740694469e2a4439bebbe54c547_GMZDANZRGM2TCOA,1,1,1,False,https://sun9-10.userapi.com/impg/83er0jInoJYqPOvU3RkAjkE-vqL3b6mSWh73dA/mJLJDDeltLc.jpg?size=130x96&quality=95&keep_aspect_ratio=1&background=000000&sign=e437b1911e7daef3e041229f82c529d5&c_uniq_tag=_mkZnJ7SpxysGZsmwUcPHT2l88wZSzt5Bw8JCuUk7A4&type=video_thumb
456240106,-209976560,Стыдно знать | Чебатков vs Адамян,"Стыдно знать - викторина, где два приглашенных гостя соревнуются в постыдных знаниях. 

Эксклюзивно в VK видео.",3017,1724148000,1565017,223,10112,1192,https://vk.com/video_ext.php?oid=-209976560&id=456240106&hash=d4cfe003ed0065c3&__ref=vk.admin_android&api_hash=17406944696c12aaba3d7c1de5fd_GMZDANZRGM2TCOA,1,1,1,False,https://sun9-50.userapi.com/impg/FS2_pdOGdTPm3HsyUjm9PUKk10ChzQf-HY3Mkg/SFS45aW7ff4.jpg?size=130x96&quality=95&keep_aspect_ratio=1&background=000000&sign=5b63ead74d759abbeffcd7ee60c40695&c_uniq_tag=VnHCJseH-vdG9bwwx272BDHI89uE-J_ql4cP1E1xfjg&type=video_thumb
456240100,-209976560,Роман Косицын х Карен Адамян | Roast Battle Labelcom ТУРНИР #4,"На Ozon Travel началась Travel-мания! С 15 по 22 августа погружайтесь в мир путешествий со скидками до 25%!  Не упустите возможность выиграть 10 000 баллов каждый день в период акции! 
Планируйте свой отдых легко и удобно! Просто кликните на кнопку “Билеты и отели” на главной странице приложения Ozon и начните свое путешествие прямо сейчас! 
Переходите по ссылке и открывайте новые горизонты с Ozon Travel! - https://ozon.ru/t/ZL5odRB
Erid: 2VtzqxVA86G
____________________

Roast Battle – формат, в котором молодые комики бьются за денежный приз ""прожаривая"" друг друга эксклюзивно в VK Видео.

В этом сезоне мы начинаем большой турнир, победитель которого заберет самый большой денежный приз за всю историю проекта! 

Ведущая - Зоя Яровицына: https://vk.com/zoyazoo

Гости:

Роман Косицын - https://vk.com/roman_kositsyn
Карен Адамян - https://vk.com/makarena50q

Комики:

Макс Береснев - https://vk.com/beresnev_maks
Зоя Куулар - https://vk.com/id101104362
Алексей Кузнецов - https://vk.com/alexey_me
Никита Некрасов - https://vk.com/nekrasavaaaa
Сергей Ужахов - https://vk.com/mruzhakh
Сергей Лесовой - https://vk.com/lesoboy
Макс Ко - https://vk.com/zagadka95
Вадим Постильный - https://vk.com/postilny",3844,1723716000,2818113,258,4930,788,https://vk.com/video_ext.php?oid=-209976560&id=456240100&hash=94dbefbda964c12f&__ref=vk.admin_android&api_hash=17406944698c9ffd1289726027de_GMZDANZRGM2TCOA,1,1,1,False,https://sun9-49.userapi.com/impg/RRvI2RhyLmuvloyc6zgqXXhtILSEhvg3VVrMLA/ztKxo7BRdIU.jpg?size=130x96&quality=95&keep_aspect_ratio=1&background=000000&sign=54da4fadeafa330c818414fd64c65f75&c_uniq_tag=sVnG_AbKOww8yfVVjxqqFwadV8mG60QzJl8YsBBih44&type=video_thumb
456240092,-209976560,ПВН. #21 Роман Каграманов х Роман Косицын х Денис Дорохов х Яна Кошкина,"На Туту можно купить билеты на самолёт, поезд, автобус, чтобы уехать в отпуск или на выходные. Путешествуйте с Туту https://tutu.onelink.me/FnMv/aztjddna
erid: 2Vtzqux6bF9

Это выпуск новостей, которые нигде и никогда не происходили. Эксклюзивно в VK Видео.",1820,1723453200,10422077,621,25616,7365,https://vk.com/video_ext.php?oid=-209976560&id=456240092&hash=e1c9480402db4e47&__ref=vk.admin_android&api_hash=17406944693f6030f30f51c270b1_GMZDANZRGM2TCOA,1,1,1,False,https://sun9-80.userapi.com/impg/d2hzvJsgcz51S1SCC7dP2HRuRMZjUTYKSNCrAA/HGerRu4DCU0.jpg?size=130x96&quality=95&keep_aspect_ratio=1&background=000000&sign=2585d2ba6f63307c5cf15999dc1e65aa&c_uniq_tag=J2VMsWh9-ZaCfvDVkDkUFnTn1QKkxkY726UMxRQjX2Y&type=video_thumb
456240088,-209976560,Стыдно знать | Кушанашвили vs Ваш,"На Туту можно купить билеты на самолёт, поезд, автобус, чтобы уехать в отпуск или на выходные. Путешествуйте с Туту https://tutu.onelink.me/FnMv/oi2ky4ir
erid: 2Vtzqw3vmLF

Стыдно знать - викторина, где два приглашенных гостя соревнуются в постыдных знаниях. 

Эксклюзивно в VK видео.",3769,1723284000,3758778,488,12893,2620,https://vk.com/video_ext.php?oid=-209976560&id=456240088&hash=72cced89c5bc5d8e&__ref=vk.admin_android&api_hash=1740694469f76d34cefedf9c5f33_GMZDANZRGM2TCOA,1,1,1,False,https://sun9-27.userapi.com/impg/q2xsVQa6WKgziRazJNgnLrVO8e-6B2U7fKNV_w/NVcSNr00GdI.jpg?size=130x96&quality=95&keep_aspect_ratio=1&background=000000&sign=bdca3db58125d7611e7ac53c3c9a65cc&c_uniq_tag=FvXEmCwR08JTQbL0fzZYAMc3fDxJS-JHwwnrHLzGXVg&type=video_thumb
456240081,-209976560,«Откуда ты?» Игорь Джабраилов Х Алексей Шальнов,"Используй промокод Ооооо! на скидку 5% на бронирование отелей и квартир на Островке и получи шанс выиграть 100% кешбэк за летний отдых реальными деньгами! https://bit.ly/3LMllu1 
erid: 2Vtzqw1zTwh

«Откуда ты?» - это тревел-шоу, где Игорь Джабраилов ездит по городам, в которых родились известные люди и сам водит их по знаковым для них местам.

Подписывайтесь на соцсети Игоря и Лехи:

https://vk.com/igordzhabrailov

https://vk.com/aleshalnov",5690,1723111200,2717947,375,8815,1738,https://vk.com/video_ext.php?oid=-209976560&id=456240081&hash=8d4d89a10eed9bd4&__ref=vk.admin_android&api_hash=17406944695ec993e2cfc6abba2f_GMZDANZRGM2TCOA,1,1,1,False,https://sun9-47.userapi.com/impg/8Afa0WzKpKhZcQp9TYyjkC04GQe-rVDUUhkSNA/VZExllnkGE8.jpg?size=130x96&quality=95&keep_aspect_ratio=1&background=000000&sign=8a35cbb93596e944185a6cd2058baf39&c_uniq_tag=I1hG-nxho_PIRz8CVv67SFMC_OWfrvk-9mYBZbQeYzc&type=video_thumb
456240076,-209976560,"#Созвон: Валерий Равдин, Сергей Горох","СберМаркет теперь Купер. Доставка — супер!
Привезем всё, что нужно, от 25 минут: https://vk.cc/cz0LLf
Erid: 2VtzqwS1pWw

#Созвон - шоу в котором комику надо куда-то дозвониться, и сказать в разговоре какие-то слова. И это смешно, представляете?

Эксклюзивно в VK Видео.",1666,1722938400,2183254,83,2517,543,https://vk.com/video_ext.php?oid=-209976560&id=456240076&hash=6fae88290dc40cb9&__ref=vk.admin_android&api_hash=17406944699b5a9b2da09114e970_GMZDANZRGM2TCOA,1,1,1,False,https://sun9-77.userapi.com/impg/-_sYRCxEP1MVT-3ZVPjFR4Km8gdae-3vLFo6TA/ao81XfemvLk.jpg?size=130x96&quality=95&keep_aspect_ratio=1&background=000000&sign=c5fcdd5e0bfed0879688d6e75182915e&c_uniq_tag=Jkhmjit7je0z8QLzoax7iAkm7DI04OSBI4MvFysrQH0&type=video_thumb
456240071,-209976560,Стыдно знать | Иванченко vs Воронин,"Стыдно знать - викторина, где два приглашенных гостя соревнуются в постыдных знаниях. 

Андрей Бебуришвили — https://vk.com/andrewcomedy

Олеся Иванченко — https://vk.com/public221829791

Филипп Воронин — https://vk.com/filippvoronin

Эксклюзивно в VK Видео.",3917,1722420000,4538061,770,24096,6499,https://vk.com/video_ext.php?oid=-209976560&id=456240071&hash=19916029673b7393&__ref=vk.admin_android&api_hash=1740694469bd0bbefaf0d58da77b_GMZDANZRGM2TCOA,1,1,1,False,https://sun9-28.userapi.com/impg/3Yu0LDHIWCd_oLaLw3GMx6Rj7bWQREc4orcXcQ/OQfbJ9bO6wQ.jpg?size=130x96&quality=95&keep_aspect_ratio=1&background=000000&sign=ef8c05177e8280a1a0e7319ef71ca24f&c_uniq_tag=It6QLVx6YUndu6zBPIwTEXcOsRsAVVXuv_8IfsE-_zQ&type=video_thumb
456240067,-209976560,«Откуда ты?» Игорь Джабраилов Х Дмитрий Журавлев. Часть 2.,"Черный кабан-деликатесы с мужским характером!
Вкуснейший сырокопченый бекон можно купить по ссылке: https://vk.cc/cysTia
erid: 2VtzqvJxpi5

«Откуда ты?» - это тревел-шоу, где Игорь Джабраилов ездит по городам, в которых родились известные люди и сам водит их по знаковым для них местам. Эксклюзивно в VK Видео.

Подписывайтесь на соцсети Игоря и Димы:

Игорь Джабраилов - https://vk.com/igordzhabrailov
Дмитрий Журавлёв - https://vk.com/zhuravl_zhuravl",4765,1722243600,3353705,1333,39871,4953,https://vk.com/video_ext.php?oid=-209976560&id=456240067&hash=075984b206cc80e1&__ref=vk.admin_android&api_hash=1740694469400235125feffc0041_GMZDANZRGM2TCOA,1,1,1,False,https://sun9-18.userapi.com/impg/u41VHvazkreWS7A7EvGuEtbbgsG_67zpoee9Yw/wC8nEnWx8O0.jpg?size=130x96&quality=95&keep_aspect_ratio=1&background=000000&sign=f231e1b3ee9fe38df86bdf9442144e26&c_uniq_tag=GifKtRN4pDPGvky4cTlYpYjePqc1f3R4ZqqNzzcGZpM&type=video_thumb
456240064,-209976560,«Откуда ты?» Игорь Джабраилов Х Дмитрий Журавлев. Часть 1.,"Используй промокод Ооооо! на скидку 5% на бронирование отелей и квартир на Островке и получи шанс выиграть 100% кешбэк за летний отдых реальными деньгами!
https://bit.ly/3LrznBk 
Erid: 2Vtzqwtjrdg

Свежие продукты каждый день с быстрой доставкой и для любого повода на Ozon fresh - https://bit.ly/Otkudati_2507 
Реклама. ООО «Интернет Решения», ИНН 7704217370, Erid: 2VtzqvQoGHx

«Откуда ты?» - это тревел-шоу, где Игорь Джабраилов ездит по городам, в которых родились известные люди и сам водит их по знаковым для них местам. Эксклюзивно в VK Видео.

Подписывайтесь на соцсети Игоря и Димы:

Игорь Джабраилов - https://vk.com/igordzhabrailov
Дмитрий Журавлёв - https://vk.com/zhuravl_zhuravl",5456,1722074400,4654525,1788,38804,10623,https://vk.com/video_ext.php?oid=-209976560&id=456240064&hash=aa17c99636282114&__ref=vk.admin_android&api_hash=1740694469e0d7791b808a6b8d9c_GMZDANZRGM2TCOA,1,1,1,False,https://sun9-37.userapi.com/impg/Evkla75yr2n-MXpgCdTqQaZvlNnt4iYI1dLVKQ/Pzf-RgOazk8.jpg?size=130x96&quality=95&keep_aspect_ratio=1&background=000000&sign=355f6d219dd6779b6824984beec1c959&c_uniq_tag=fZmIJi9py78d0fS6Bw9d8-KxNUdcODLnfQy3GQ5tvXs&type=video_thumb
456240051,-209976560,"#Cозвон: Гурам Амарян, Расул Чабдаров","Заказывайте еду и продукты на любой вкус и повод в Яндекс Еде. Промокод SOZVON – скидка 20% на первый заказ по ссылке: https://clck.ru/3Bw6qQ
erid: 2VtzqushCdY

Забирай бесплатный мессенджер + AI для бизнеса и совместной работы от Битрикс24: https://www.bitrix24.ru/~dh3KE

Реклама. ООО «1С-Битрикс» ИНН 7717586110 Erid: 2Vtzqw26ZCW

#Созвон - шоу в котором комику надо куда-то дозвониться, и сказать в разговоре какие-то слова. И это смешно, представляете?

На связи:

Гурам Амарян
https://vk.com/public220893324

Расул Чабдаров
https://vk.com/chabdarrr

Приятного просмотра эксклюзивно в VK Видео!",1065,1721728800,1473491,60,3237,938,https://vk.com/video_ext.php?oid=-209976560&id=456240051&hash=54076057b5a80ffa&__ref=vk.admin_android&api_hash=17406944699becf815989ede9ea0_GMZDANZRGM2TCOA,1,1,1,False,https://sun9-44.userapi.com/impg/dmLHdxkooTl4h_ANI7fwKrNGOSbkW_ckmsJrlA/M9ayHYXqzGk.jpg?size=130x96&quality=95&keep_aspect_ratio=1&background=000000&sign=9b7d6b36548be921e70a917abdd023c3&c_uniq_tag=DVNkPpO2o1xVadPUeJ2rHxWENRAiinMrcB-xaq7wDcQ&type=video_thumb
456240046,-209976560,ШТА #8: Мерч Паши Техника / Когда впервые осталась у парня дома / Русские туристы на шведском столе,"https://trk.mail.ru/c/ipqjr5 - покупай товары из раздела Одна цена на AliExpress🔥
erid: 2VtzqvcvxFt

Шутки типа АСМР. Это как АСМР, но с шутками. Эксклюзивно в VK Видео.

Оля Малащенко https://vk.com/malaschenkoolya 
Карина Мейханаджян https://vk.com/karinameyhanajyan 
Саша Муратова https://vk.com/muratovasasha 

Дмитрий Журавлёв https://vk.com/zhuravl_zhuravl 
Алексей Шальнов https://vk.com/aleshalnov 
Юсиф Юсифов https://vk.com/talishok 

Роман Косицын https://vk.com/roman_kositsyn 
Андрей Атлас https://vk.com/atlasstandup 
Руслан Мухаметов https://vk.com/iamrussmukhametovclub 

Вадим Постильный https://vk.com/postilny 
Настя Веневитина https://vk.com/club224686630 
Зоя Куулар https://vk.com/id101104362 

Катя Вяликова https://vk.com/kaatyy 
Андрей Жмыхов https://vk.com/id_999999997 
Давид Шахраманян https://vk.com/d_shahra",1039,1721548800,4013842,79,1859,446,https://vk.com/video_ext.php?oid=-209976560&id=456240046&hash=6710545a99ee3559&__ref=vk.admin_android&api_hash=1740694469c7b50a999477916f97_GMZDANZRGM2TCOA,1,1,1,False,https://sun9-72.userapi.com/impg/KSKkBoqPqv7txs5LhD8Ge2gFOs76xY6-MLs72w/ObbWKYCADWE.jpg?size=130x96&quality=95&keep_aspect_ratio=1&background=000000&sign=83bb38611dc49629ad3c63e80ed5ad4d&c_uniq_tag=wDczp96yEiaguLvcNMhYlpWgPz3ke7S22maQXT80dNY&type=video_thumb
456240039,-209976560,Надя Джабраилова х Саша Ваш | Roast Battle Labelcom ТУРНИР #3,"В июле покупайте товары для красоты и ухода с повышенным кешбэком до 50% бонусами СберСпасибо на Мегамаркете - https://vk.cc/cyuUie
Правила акции: https://vk.cc/cyuUmV 

Также используйте промокод РОАСТБАТЛ и получите дополнительную скидку 1 000 рублей при первом заказе от 3 000 рублей! Правила использования промокода: https://vk.cc/cyuUov
Erid: 2Vtzqx3Ney8
_________________________________________

Roast Battle – формат, в котором молодые комики бьются за денежный приз ""прожаривая"" друг друга эксклюзивно в VK Видео. 
В этом сезоне мы начинаем большой турнир, победитель которого заберет самый большой денежный приз за всю историю проекта! 

Ведущая - Зоя Яровицына: https://vk.com/zoyazoo

Гости:

Надя Джабраилова - https://vk.com/electronadyacomm
Саша Ваш - https://vk.com/sasavash

Комики:

Руслан Мухаметов - https://vk.com/iamrussmukhametov
Вадим Малюк - https://vk.com/malyuk_vadim
Сергей Скоревич - https://vk.com/scorevich
Роман Мамедов - https://vk.com/id84305729
Лиза Найден - https://vk.com/nayyyden
Даша Тузовская - https://vk.com/dasha_tuzovskaya
Алексей Юрьянов - https://vk.com/iurianov
Кирилл Ясенок - https://vk.com/kirillyasenok",4246,1721388600,2135962,222,5579,1167,https://vk.com/video_ext.php?oid=-209976560&id=456240039&hash=497946d3cec5d29e&__ref=vk.admin_android&api_hash=1740694469a3f2071c64c1b5798a_GMZDANZRGM2TCOA,1,1,1,False,https://sun9-24.userapi.com/impg/grscTVjmnw2IBSvZcrTtP9O9_ILzvZFlca1pOQ/T38UezImBE0.jpg?size=130x96&quality=95&keep_aspect_ratio=1&background=000000&sign=e0221be19a6c4192efc82b93253c203d&c_uniq_tag=foK4RNmkg1hAWgGaQlzh3MzS49YtINIsSIKSnvqDUo4&type=video_thumb
456240029,-209976560,"Звездный дурак #2 - Журавлев, Джабраилов, Малащенко, Джабраилова, Савенко","С 28 июня и весь июль в магазинах ЛЭТУАЛЬ ЧЕРНАЯ ПЯТНИЦА!  
Товары со скидкой до 80% в 1000 магазинах ЛЭТУАЛЬ и мобильном приложении. А, если вы хотите получить еще кэшбэк 50% бонусами на счёт, то совершайте покупку на сумму от 4 500 рублей и используйте промокод СУПЕРКОТ. https://vk.cc/cyg26V
erid: 2VtzqxKnbLM

Свежие продукты каждый день с быстрой доставкой и для любого повода на Ozon fresh - https://vk.cc/cypoto
Erid: 2VtzqwWEMdb

Джабраилов и Журавлев пригласили в гости Надю Джабраилову и Олю Малащенко. 

Эксклюзивно в VK видео!",2692,1721120400,2533385,271,15103,3722,https://vk.com/video_ext.php?oid=-209976560&id=456240029&hash=143fec655e0a2f18&__ref=vk.admin_android&api_hash=1740694469e5df21445767b66cd5_GMZDANZRGM2TCOA,1,1,1,False,https://sun9-12.userapi.com/impg/67IJnhhbSAag5Bc8IjWPzNybn2MHQ6l5LWM2Lw/oTOmk_JbXUc.jpg?size=130x96&quality=95&keep_aspect_ratio=1&background=000000&sign=2685e819f018978117f88b5f1f00dfd4&c_uniq_tag=2vPUs_0ym0TA-82bIwUaneyIA8VRF4MaDhZAWDrHZcc&type=video_thumb
456240008,-209976560,"#Cозвон: Александр Забродин, Сергей Горох","СберМаркет теперь Купер. Доставка — супер!
Привезем всё, что нужно, от 25 минут: https://vk.cc/cy4VHs
Erid: 2Vtzqx21XcU

#Созвон - шоу с телефоном, комиками, людьми, до которых они дозваниваются и дурацкими словами, которые комики вворачивают в разговор когда дозваниваются до людей по телефону. Легендарная штука короче!

Легендами были и остаются:

Александр Забродин:
https://vk.com/id3351910

Сергей Горох:
https://vk.com/ggoorroohh

Приятного просмотра эксклюзивно в VK Видео!",1095,1720346400,4923145,48,1895,351,https://vk.com/video_ext.php?oid=-209976560&id=456240008&hash=ffd8454b8b87c846&__ref=vk.admin_android&api_hash=1740694469f3d4bccbd1fbc66fbe_GMZDANZRGM2TCOA,1,1,1,False,https://sun9-40.userapi.com/impg/uHdNl6tl_fAIiO2pxTPAE8BXGCIGfY4xhRyDEg/V6iqSGjdSSo.jpg?size=130x96&quality=95&keep_aspect_ratio=1&background=000000&sign=3cd3e1395b4ce174d26cc179816dc4e7&c_uniq_tag=90Gy9NqkpAhUXujvqJecIVCNQAae55Yh-9s2ZWCrM4k&type=video_thumb
456240004,-209976560,«Большая Прожарка» Гарика Харламова.,"«Большая Прожарка» - настоящее событие в мире большого юмора. Все участники 7го сезона «Большого шоу» собрались для того, чтобы дать ответ «Купцу». Самый смелый и масштабный проект этого лета.

Гарик Харламов - https://vk.com/kharlamovgarik
Азамат Мусагалиев - https://vk.com/azabraza1984
Игорь Джабраилов - https://vk.com/club220892414
Евгений Чебатков - https://vk.com/chbtkv_official
Надя Джабраилова - https://vk.com/electronadya
3оя Яровицына - https://vk.com/zoyazoo
Денис Дорохов - https://vk.com/club221160665
Алексей Сапрыкин - https://vk.com/vsratology
Иван Абрамов - https://vk.com/ivan_abramov_standup
Саша Ваш - https://vk.com/club220809742
Филипп Воронин - https://vk.com/filippvoronin
Андрей Бебуришвили - https://vk.com/andrewcomedy

Эксклюзивно в VK Видео.",6371,1720101600,22393644,4074,107652,43769,https://vk.com/video_ext.php?oid=-209976560&id=456240004&hash=d514bd2f8b28e39b&__ref=vk.admin_android&api_hash=17406944690e9d15633deb0da052_GMZDANZRGM2TCOA,1,1,1,False,https://sun9-8.userapi.com/impg/a_82xAnTBmYAoVJOwY-1yOzwTnzndyCzmu9jwg/PNuUY03tHY8.jpg?size=130x96&quality=95&keep_aspect_ratio=1&background=000000&sign=97b7a52a6b1aafdea61c00c6fc04281f&c_uniq_tag=TYRnflU7YQHDNVAMNN_H3jg0fbavC5Jjl9NCHzS5XbY&type=video_thumb
456240000,-209976560,Большая Прожарка Гарика Харламова. Премьера 4 июля,"Большая Прожарка Гарика Харламова. Премьера 4 июля.
В сообществе Labelcom - https://vk.com/labelcom",66,1719828000,1200319,77,2338,503,https://vk.com/video_ext.php?oid=-209976560&id=456240000&hash=6833abf7c187615a&__ref=vk.admin_android&api_hash=1740694469ea331fa308f1248b9d_GMZDANZRGM2TCOA,1,1,1,False,https://i.mycdn.me/getVideoPreview?id=6960305408623&idx=5&type=39&tkn=J5jMoYi6mGjgademTt6jriNL8cI&fn=vid_s
456239995,-209976560,"Звездный дурак #1 - Журавлев, Джабраилов, Ваш, Яровицына","Мы совместно с Мегамаркетом собрали крутую подборку товаров от российских брендов — https://vk.cc/cy3Hu1

Выбирайте, что по душе, и используйте промокод ЖУРАВЛЕВ на скидку 1 000 рублей при первом заказе от 3 000 рублей. Правила применения промокода — https://vk.cc/cy3Hy1
Erid: 2VtzqumN7di

Джабраилов и Журавлев пригласили в гости Сашу Ваша и Зою Яровицыну. 

Эксклюзивно в VK видео!",1926,1719824400,3606613,385,17587,4020,https://vk.com/video_ext.php?oid=-209976560&id=456239995&hash=b3101284475ffede&__ref=vk.admin_android&api_hash=1740694469b418a486f7f79071c4_GMZDANZRGM2TCOA,1,1,1,False,https://sun9-62.userapi.com/impg/dXF-1AwRMrK6R6PpVaZGEWcrq0TB-go6DBSzXA/euhG9WtRS-4.jpg?size=130x96&quality=95&keep_aspect_ratio=1&background=000000&sign=374ce463b25d2fbaac95d8b0782530b3&c_uniq_tag=yjrVpmPeVmAX5o-bb5gYyWN-BOhNYgz7DozBl5Edq4E&type=video_thumb
456239992,-209976560,#Cозвон: Расул Чабдаров х Сергей Матвиенко,"Подключайте новый тариф МТС 24 и получайте до 30 ГБ мобильного интернета, которые можно перенести на следующий месяц, а также 300 минут связи, которые можно обменять на поездки на самокатах Urent. Попробуйте первый месяц за 399 рублей: https://vk.cc/cxWU4P
erid: 2VtzqxjgV3v

#Созвон - шоу, в котором комики решаются на самый отчаяный шаг в своей жизни - позвонить незнакомому человеку и долго говорить с ним вживую вворачивая в разговор странные слова!

Странные разговоры ведут:

Расул Чабдаров:
https://vk.com/chabdarrr

Сергей Матвиенко:
https://vk.com/club_276560

Приятного просмотра эксклюзивно в VK Видео!",1264,1719655200,1871050,86,5150,1026,https://vk.com/video_ext.php?oid=-209976560&id=456239992&hash=230ef04bd007aa91&__ref=vk.admin_android&api_hash=17406944694254f2dc951b40fcf2_GMZDANZRGM2TCOA,1,1,1,False,https://sun9-79.userapi.com/impg/4mUaMGOM3eOOy-pYAvJemmQq8VC5BOGpYTxAuA/4zzONnHrYak.jpg?size=130x96&quality=95&keep_aspect_ratio=1&background=000000&sign=641bf87fff52b5e37b765024c36fc7fe&c_uniq_tag=4k23ExeFiVWYSSHkEabAa-_QKxMva8wHx_cUn36QbJs&type=video_thumb
456239987,-209976560,ПВН. #20 Маш Милаш х Сергей Матвиенко х Денис Дорохов х Яна Кошкина,"Это выпуск новостей, которые нигде и никогда не происходили. Эксклюзивно в VK Видео.",1528,1719478800,7133844,648,28746,8507,https://vk.com/video_ext.php?oid=-209976560&id=456239987&hash=85044a1783cb359a&__ref=vk.admin_android&api_hash=1740694469c84fb229d3f64ac517_GMZDANZRGM2TCOA,1,1,1,False,https://sun9-51.userapi.com/impg/7gwJ9wOz6ajNsonrNGdu1xk7KLd9L1V6OpEYEA/gX0wr7jScGU.jpg?size=130x96&quality=95&keep_aspect_ratio=1&background=000000&sign=7c6d60d11a3bd8863264a7a2518c243e&c_uniq_tag=UZ6SEHEgRPEXL3dA1UtbUBGFiHY12FGqP6aWTELrqcU&type=video_thumb
456239981,-209976560,Дмитрий Позов х Женя Синяков | Roast Battle Labelcom ТУРНИР #2,"Roast Battle – формат, в котором молодые комики бьются за денежный приз ""прожаривая"" друг друга. 

В этом сезоне мы начинаем большой турнир, победитель которого заберет самый большой денежный приз за всю историю проекта! Эксклюзивно в VK Видео.

Ведущая - Зоя Яровицына: https://vk.com/zoyazoo

Гости:

Дмитрий Позов - https://vk.com/pozov.channel 
Женя Синяков - https://vk.com/id19311 

Комики:

Динара Курбанова - https://vk.com/club226207749 
Егор Котыченко - https://vk.com/id23178733 
Андрей Хорев - https://vk.com/andrey_horev 
Антон Горбенко - https://vk.com/apostol_anton 
Настя Па - https://vk.com/anastasiia_pa
Дмитрий Юдин - https://vk.com/dmitri_yudin1 
Камиль Зулфугаров - https://vk.com/kamacomedia
Егор Свирский - https://vk.com/egorsvirski",4229,1719136800,3089651,337,6564,1267,https://vk.com/video_ext.php?oid=-209976560&id=456239981&hash=b304bfa34c152832&__ref=vk.admin_android&api_hash=1740694469bd0eaa27bb1e53b394_GMZDANZRGM2TCOA,1,1,1,False,https://sun9-12.userapi.com/impg/g_0vauaIs-l3gtRzxsOouEcHrRQh7gv0S8pIrw/7EQsZvA4rvM.jpg?size=130x96&quality=95&keep_aspect_ratio=1&background=000000&sign=b0548815ce15ce4ad244b45356092ff0&c_uniq_tag=nT17SAoIuPX2C9jN35Cmdyx8cL-PoUTwqG3xYtlbhBA&type=video_thumb
456239978,-209976560,СКОЛЬКО?! 2. #9 Джабраилов. Муратов vs Драгни,"Этот выпуск рекомендуется к просмотру под бутылочку светлого безалкогольного Velkopopovický Kozel. Чешское с долгой историей.
Реклама. Рекламодатель АО «АБ ИнБев Эфес», Erid: 2VtzqwKr67R

Т-Банк. Он такой один — https://l.tbank.ru/skolkornjun
Erid: 2VtzqwFetEj

Сколько стоит убогий велосипед? Что такое жуки знахарь? Какой у кого бусинес? Ответы на эти вопросы вы найдете в этом выпуске. Артем Муратов против Сережи Драгни.
Го смотреть! Эксклюзивно в VK Видео.

Наш аккаунт на сайте объявлений:
https://www.avito.ru/user/7c1bc3f371a117bec8670b16edf11e72/profile/
ВАШИ ПРЕДЛОЖЕНИЯ ПО ОБМЕНУ ПРИНИМАЕМ РОВНО НЕДЕЛЮ С МОМЕНТА ВЫХОДА ВИДЕО.

Ссылки:

Игорь Джабраилов
https://vk.com/igordzhabrailov

Артем Муратов
https://vk.com/artmuratov

Драгни
https://vk.com/dragni_music",2700,1718964000,1614535,72,2946,471,https://vk.com/video_ext.php?oid=-209976560&id=456239978&hash=986e604fcbbeca02&__ref=vk.admin_android&api_hash=1740694469abf00cbd6cefe6f1d2_GMZDANZRGM2TCOA,1,1,1,False,https://sun9-53.userapi.com/impg/Kbv62_22zTcLi_msoEuuYSjUUnjg27cUDkCgdw/7nZX9bQYuWg.jpg?size=130x96&quality=95&keep_aspect_ratio=1&background=000000&sign=23b5af9d20442fcdb0db0eb283af57eb&c_uniq_tag=Zpj9UeXPKc3opxCw7SfaSi9XaZOrXlZ2p6pd_gcaKfM&type=video_thumb
456239972,-209976560,ШТА #7: Как звучат шансы на секс / Пальто из “Слово пацана” повзрослел / Фразы после которых могут послать,"Шутки типа АСМР. Это как АСМР, но с шутками. Эксклюзивно в VK Видео.

Оля Малащенко https://vk.com/malaschenkoolya 
Карина Мейханаджян https://vk.com/karinameyhanajyan 
Саша Муратова https://vk.com/muratovasasha 

Дмитрий Журавлёв https://vk.com/zhuravl_zhuravl 
Алексей Шальнов https://vk.com/aleshalnov 
Юсиф Юсифов https://vk.com/talishok 

Роман Косицын https://vk.com/roman_kositsyn 
Андрей Атлас https://vk.com/atlasstandup 
Руслан Мухаметов https://vk.com/iamrussmukhametovclub 

Вадим Постильный https://vk.com/postilny 
Настя Веневитина https://vk.com/club224686630 
Зоя Куулар https://vk.com/id101104362 

Катя Вяликова https://vk.com/kaatyy 
Андрей Жмыхов https://vk.com/id_999999997 
Давид Шахраманян https://vk.com/d_shahra",1070,1718697600,874311,57,2046,377,https://vk.com/video_ext.php?oid=-209976560&id=456239972&hash=98dff3893420e881&__ref=vk.admin_android&api_hash=1740694469a2da03003842fdde78_GMZDANZRGM2TCOA,1,1,1,False,https://sun9-37.userapi.com/impg/wIa5toiYsyCAcBhS96E3JoRjVNtnvnT7F5c_sA/Q0s4HTCA0g4.jpg?size=130x96&quality=95&keep_aspect_ratio=1&background=000000&sign=09290ef275fca2389869df0cf025fdb4&c_uniq_tag=kJXv6nIQjLEjh2Gez5FS-G8TlXUKAi8HZKrmhI32Lbw&type=video_thumb
456239968,-209976560,"Прощай, Легенда #4 Иван Абрамов","Наконец-то не стало Вани Абрамова. Очень неожиданно, что кто-то пришёл попрощаться. Прощай, Легенда!

Эксклюзивно в VK Видео.",1734,1718528400,6666358,1256,37308,11078,https://vk.com/video_ext.php?oid=-209976560&id=456239968&hash=c82b5e4b37da7fad&__ref=vk.admin_android&api_hash=174069446986b9ea449d3e261590_GMZDANZRGM2TCOA,1,1,1,False,https://sun9-76.userapi.com/impg/eQHmHgGAh4eqF5uaoA24Y6ZTndKcqT1047DEkA/1R-ekl6ocIA.jpg?size=130x96&quality=95&keep_aspect_ratio=1&background=000000&sign=bcbb034cb5724f85acace448363dad3b&c_uniq_tag=1eJ8CeU-A_NNE212IU3Qltfr2FvHlnnm-hDrQFi42TY&type=video_thumb
456239963,-209976560,СКОЛЬКО?! 2. #8 Джабраилов. Швецов vs Шальнов,"Оформляйте  Дебетовую Сберкарту и получайте еще больше выгоды с обновленной программой лояльности СберСпасибо!
Подробнее:  https://s.sber.ru/SrC1s7
Реклама. ПАО Сбербанк. ИНН 7707083893
Erid: 2VtzquyWQqD

Илья Швецов против Алексея Шальнова. Опыт против молодости. Хоккей против самбо. Смотри и узнаешь, кто подарил резиновую обувь для купания. Эксклюзивно в VK Видео.

Наш аккаунт Авито:
https://www.avito.ru/user/dd37d209e9524c3fff62bba81827e49f/profile
ВАШИ ПРЕДЛОЖЕНИЯ ПО ОБМЕНУ ПРИНИМАЕМ РОВНО НЕДЕЛЮ С МОМЕНТА ВЫХОДА ВИДЕО.

Ссылки:

Игорь Джабраилов https://vk.com/igordzhabrailov

Илья Швецов
https://vk.com/ilyashvetsov

Алексей Шальнов
https://vk.com/aleshashalnov",2826,1718359200,1634813,76,3009,517,https://vk.com/video_ext.php?oid=-209976560&id=456239963&hash=3b503d63fe27317b&__ref=vk.admin_android&api_hash=1740694469e789ff0ff99f6c6a74_GMZDANZRGM2TCOA,1,1,1,False,https://sun9-65.userapi.com/impg/IE6CLwAcAO_N_UwEaR_wVg98AFjqaj_s0-yrmw/puwks56Toj0.jpg?size=130x96&quality=95&keep_aspect_ratio=1&background=000000&sign=62f62f580551ba2c1be9f22b84557e30&c_uniq_tag=0ICZOF0Rzr7GOemskk28k1oMjDHgaoIArcUU6bQYVRs&type=video_thumb
456239956,-209976560,#Созвон: Кирилл Мазур х Алексей Шальнов,"#Созвон - шоу, из-за которого вы скорее всего не дозвонились по услуге, потому что линия была занята комиками-приколистами! 

У аппарата:

Кирилл Мазур:
https://vk.com/mazurkiril

Алексей Шальнов:
https://vk.com/aleshashalnov

Приятного просмотра эксклюзивно в VK Видео!",845,1718100000,626829,71,1938,449,https://vk.com/video_ext.php?oid=-209976560&id=456239956&hash=67d23fe1c4d55687&__ref=vk.admin_android&api_hash=1740694469e0123f4f3d0e420a56_GMZDANZRGM2TCOA,1,1,1,False,https://sun9-17.userapi.com/impg/vfU5x1xPVvbIHO8isk5XAXD12kkC9D8Tdqf4dA/WFbOyLNbBjM.jpg?size=130x96&quality=95&keep_aspect_ratio=1&background=000000&sign=be4c319e237c0b7f6713da615e45c5a2&c_uniq_tag=4eLHKFbLsyqlSyCAzugoLZM1llFVTHL5ndqCyMPMG-8&type=video_thumb
456239950,-209976560,ПВН. #19 Гурам Амарян х Янгер х Денис Дорохов х Яна Кошкина,"Это выпуск новостей, которые нигде и никогда не происходили. Эксклюзивно в VK Видео.",1760,1717664400,5162126,800,20736,5900,https://vk.com/video_ext.php?oid=-209976560&id=456239950&hash=2e3b223c2a373df5&__ref=vk.admin_android&api_hash=1740694469675fdb949a6655588b_GMZDANZRGM2TCOA,1,1,1,False,https://sun9-53.userapi.com/impg/x_yw7n6kMR12CylGhzH2Q56pGuZQZ1mgXAplPg/ugVwQfFepoA.jpg?size=130x96&quality=95&keep_aspect_ratio=1&background=000000&sign=2a73108e897e271e378aaeae8c715912&c_uniq_tag=WzTI8RJoHJwa-fiGKs71Png8a2TQxiup4eeNdFluN0k&type=video_thumb
456239942,-209976560,Антон Шастун х Иван Абрамов | Roast Battle Labelcom ТУРНИР #1,"Roast Battle – формат, в котором молодые комики бьются за денежный приз ""прожаривая"" друг друга эксклюзивно в VK Видео. 

В этом сезоне мы начинаем большой турнир, победитель которого заберет самый большой денежный приз за всю историю проекта! 

Ведущая - Зоя Яровицына: https://vk.com/zoyazoo

Гости:

Антон Шастун - https://vk.com/shastoon.channel
Иван Абрамов - https://vk.com/ivan_abramov_standup

Комики:

Иван Бобровников - https://vk.com/ibobrovnikov
Андрей Серебряников - https://vk.com/dikzik
Эдуард Дородний - https://vk.com/eddorodni
Дмитрий Птицын - https://vk.com/d.ptitsin
Настя Веневитина - https://vk.com/venevito
Ольга Мокеева - https://vk.com/id5624952
Глеб Капелюх - https://vk.com/clovergleb
Тимур Хамадуллин -  https://vk.com/id125171764",3753,1717063200,3722258,420,13278,2479,https://vk.com/video_ext.php?oid=-209976560&id=456239942&hash=57e2a20a91fcfe79&__ref=vk.admin_android&api_hash=1740694469ba180c5c11989013de_GMZDANZRGM2TCOA,1,1,1,False,https://sun9-61.userapi.com/impg/cIBbITASBTMbk5M2evUSaCxgnkEVR_lcwLTooA/EVxZQXimkyM.jpg?size=130x96&quality=95&keep_aspect_ratio=1&background=000000&sign=c8dee72efbbaf99bd2ae745348efe79f&c_uniq_tag=jOWdO1c1MVFj4lleOANoSt29ZHGl5PIv3j7m6qAvKn0&type=video_thumb
456239939,-209976560,#Cозвон: Артём Муратов х Айдар Гараев,"А что для вас было первым ВКонтакте? Пишите в комментариях, присылайте фото, скрины ваших первых постов - https://vk.cc/cx3yW9?erid=2VtzqwQCJwd
Реклама. Erid: 2VtzqwQCJwd

#Созвон - шоу, которое вы бы сняли сами, потому что в детстве тоже звонили и дурацкие слова людям в трубку кричали, но это сделали мы!

У аппарата:

Артём Муратов:
https://vk.com/artmuratov

Айдар Гараев:
https://vk.com/idargaraev

Приятного просмотра эксклюзивно в VK Видео!",1191,1716890400,1429996,71,2352,448,https://vk.com/video_ext.php?oid=-209976560&id=456239939&hash=704b90687de32bf4&__ref=vk.admin_android&api_hash=174069446902f295f0c871e4053c_GMZDANZRGM2TCOA,1,1,1,False,https://sun9-12.userapi.com/impg/T-IfDrRR1NLkf8iQAMk28ggQ_KH9R613fGoCZA/0XPILSZzZbI.jpg?size=130x96&quality=95&keep_aspect_ratio=1&background=000000&sign=10dc9ddc42986bdfcf03a6ff0eda8aea&c_uniq_tag=yEPMXCdKqURoNroW74zqb9wEdWvWyEwvze_eB49ee9M&type=video_thumb
456239936,-209976560,ШТА #6: Женский стендап любит тру-крайм / Дед после похорон / Переписка с зеком,"Шутки типа АСМР. Это как АСМР, но с шутками. Эксклюзивно в VK Видео.

Оля Малащенко https://vk.com/malaschenkoolya
Карина Мейханаджян https://vk.com/karinameyhanajyan
Саша Муратова https://vk.com/muratovasasha

Дмитрий Журавлёв https://vk.com/zhuravl_zhuravl
Алексей Шальнов https://vk.com/aleshalnov
Юсиф Юсифов https://vk.com/talishok

Роман Косицын https://vk.com/roman_kositsyn
Андрей Атлас https://vk.com/atlasstandup
Руслан Мухаметов https://vk.com/iamrussmukhametovclub

Вадим Постильный https://vk.com/postilny
Настя Веневитина https://vk.com/club224686630
Зоя Куулар https://vk.com/id101104362

Катя Вяликова https://vk.com/kaatyy
Андрей Жмыхов https://vk.com/id_999999997
Давид Шахраманян https://vk.com/d_shahra",1205,1716710400,988472,78,2587,560,https://vk.com/video_ext.php?oid=-209976560&id=456239936&hash=2876b29872f19bef&__ref=vk.admin_android&api_hash=17406944691eb33f2b3eec66d575_GMZDANZRGM2TCOA,1,1,1,False,https://sun9-50.userapi.com/impg/7CZO7xwqIsg5PhKeJCVbUKzixdbfFaYA2ICK6w/vJiQEPke0BE.jpg?size=130x96&quality=95&keep_aspect_ratio=1&background=000000&sign=70203ca79ea442501575317ffd85c9dc&c_uniq_tag=5Yk0xe80eNac2xo4HLPOH1vDRgXCzXCjIHKmrNFoxoc&type=video_thumb
456239932,-209976560,СКОЛЬКО?! 2. #7 Джабраилов. Матвиенко vs Селиванов,"А что для вас было первым ВКонтакте? Пишите в комментариях, присылайте фото, скрины ваших первых постов - https://vk.cc/cx3yzZ?erid=2Vtzqwtotwd
Реклама. Erid: 2Vtzqwtotwd

Новый выпуск шоу ""Сколько?!"" уже здесь, прямо перед вами. Импровизация против Реальных пацанов. Серёжа против Вована. Матвиенко против Селиванова.

Смотри и угадывай цены вместе со звездными гостями эксклюзивно в VK Видео!

Наш аккаунт на сайте объявлений:
https://www.avito.ru/user/dd37d209e9524c3fff62bba81827e49f/profile
ВАШИ ПРЕДЛОЖЕНИЯ ПО ОБМЕНУ ПРИНИМАЕМ РОВНО НЕДЕЛЮ С МОМЕНТА ВЫХОДА ВИДЕО.

Ссылки:

Игорь Джабраилов https://vk.com/igordzhabrailov

Серёжа Матвиенко https://vk.com/club_276560

Вован Селиванов https://vk.com/selivanov_vladimir",2144,1716544800,2034516,91,5054,752,https://vk.com/video_ext.php?oid=-209976560&id=456239932&hash=696e6d45a9d7ba14&__ref=vk.admin_android&api_hash=1740694469231a0d71440cf8fdc4_GMZDANZRGM2TCOA,1,1,1,False,https://sun9-70.userapi.com/impg/E0_XbWTG3Gr8eEDFOY1L1Ag4A56y_PBwpvMrEQ/B4_RUjUevBE.jpg?size=130x96&quality=95&keep_aspect_ratio=1&background=000000&sign=855c8b26db24f80377ec359368ebc799&c_uniq_tag=6BoLvBT42JvP0jTsRGR7Ug2JJzx4xMhtN8ciF4yin-c&type=video_thumb
456239928,-209976560,ПВН. #18 Марина Федункив х Янчик х Денис Дорохов х Яна Кошкина,"Авито Авто: технологии спокойной покупки машины: https://bit.ly/4anBqAo

Это выпуск новостей, которые нигде и никогда не происходили. Эксклюзивно в VK Видео.",1654,1716282000,8188145,1095,25998,8918,https://vk.com/video_ext.php?oid=-209976560&id=456239928&hash=7144883929655006&__ref=vk.admin_android&api_hash=1740694469feacf25c5763feb727_GMZDANZRGM2TCOA,1,1,1,False,https://sun9-64.userapi.com/impg/sIo_DC_eebOnHrgkGL-fYbrD5ZLEoRw9GMzU2w/cnjN771XU0k.jpg?size=130x96&quality=95&keep_aspect_ratio=1&background=000000&sign=5f68427a5f892fad8ebbb6c1ba951eb2&c_uniq_tag=O9jYEXGd0Pnv7QbsaAkGC7uXJ_ralRe3ImZlycDnmqU&type=video_thumb
456239925,-209976560,#Cозвон: Кирилл Шуклин х Павел Дедищев,"#Созвон - шоу в котором комиков закрыли в подвале, дали им телефон, а они вместо вызова помощи начали звонить в разные места и вворачивать в разговор тупорылые фразы. Если вы это прочитали дайте знать в коментах!

В этом выпуске по телефону вещают:

Кирилл Шуклин:
https://vk.com/id31496304

Павел Дедищев:
https://vk.com/paveldedishchev

Приятного просмотра эксклюзивно в VK Видео!",806,1715680800,908239,39,1894,306,https://vk.com/video_ext.php?oid=-209976560&id=456239925&hash=1087bc75f82ce4de&__ref=vk.admin_android&api_hash=1740694469454321df902765fd17_GMZDANZRGM2TCOA,1,1,1,False,https://sun9-20.userapi.com/impg/-6dhTB2UPo0Fdy4UD-xYciMlEKI0p29HK5YaqQ/JSsVEja9y1A.jpg?size=130x96&quality=95&keep_aspect_ratio=1&background=000000&sign=f905fab17cd26633f40093e79caece3d&c_uniq_tag=-YZmfhZC5OrhdDLTmpZ-MR0JNhy5y_pmS3wz9TsLXHc&type=video_thumb
456239922,-209976560,СКОЛЬКО?! 2. #6 Джабраилов. Пылаева vs Каграманов.,"Нажав на ▷, вы можете быть собой. Подключайтесь к PREMIER и оставайтесь собой в компании любимых фильмов и сериалов. Всего за 1 рубль: https://vk.cc/cwCoUh

erid: 2VtzqxRdtqX

Новые гости, новые объявления, новые эмоции.
Ульяна Пылаева и Роман Каграманов проверять свою интуицию, логику, и удачу в новом выпуске шоу Игоря Джабраилова ""Сколько?!"". Эксклюзивно в VK Видео.

Наш аккаунт на сайте объявлений:
https://www.avito.ru/user/2aca3054dab19584ba6d39fd84a30a7f/profile
ВАШИ ПРЕДЛОЖЕНИЯ ПО ОБМЕНУ ПРИНИМАЕМ РОВНО НЕДЕЛЮ С МОМЕНТА ВЫХОДА ВИДЕО.

Ссылки:

Игорь Джабраилов https://vk.com/igordzhabrailov

Роман Каграманов https://vk.com/kagramanovr

Ульяна Пылаева https://vk.com/ulyanapilaeva",2507,1715335200,1896714,241,4263,714,https://vk.com/video_ext.php?oid=-209976560&id=456239922&hash=ca08b6645fc31ca1&__ref=vk.admin_android&api_hash=1740694469b69e46fe2894e893d9_GMZDANZRGM2TCOA,1,1,1,False,https://sun9-38.userapi.com/impg/UvEWMCL3m9jpDMQ7vJGPymAQGeGEEU4bV1zotQ/0Iemwsg07LY.jpg?size=130x96&quality=95&keep_aspect_ratio=1&background=000000&sign=f23662030fc8a9b08aaf015acd6f2352&c_uniq_tag=ix0kYBCIWuimfyjL4cZNRTcG3UeQ6LnAzsvMpT3KCpI&type=video_thumb
456239917,-209976560,СКОЛЬКО?! 2. #5 Джабраилов. Белла Малу vs Дмитрий Позов,"Новый выпуск шоу ""СКОЛЬКО?!"". Женский стендап против Импровизации. Женская логика против расчетливого ума. Белла Малу против Димы Позова. Эксклюзивно в VK Видео.

Наш аккаунт на сайте объявлений:
https://www.avito.ru/user/2aca3054dab19584ba6d39fd84a30a7f/profile
ВАШИ ПРЕДЛОЖЕНИЯ ПО ОБМЕНУ ПРИНИМАЕМ РОВНО НЕДЕЛЮ С МОМЕНТА ВЫХОДА ВИДЕО.

Ссылки:

Игорь Джабраилов https://vk.com/igordzhabrailov

Белла Малу в Женском стендапе https://vk.com/standupfemale

Дмитрий Позов https://vk.com/pozov.channel",2423,1714730400,1564889,155,8097,723,https://vk.com/video_ext.php?oid=-209976560&id=456239917&hash=70dc3d18e3269915&__ref=vk.admin_android&api_hash=17406944698ff67ee848ddf209e5_GMZDANZRGM2TCOA,1,1,1,False,https://sun9-54.userapi.com/impg/jcrykQeZuIRT-BLHM_SbPTYLwLbRTkj_kEc5dA/P3Gcw-5ngDo.jpg?size=130x96&quality=95&keep_aspect_ratio=1&background=000000&sign=1ff7f063b2ce308f40b7e431b1dc55cb&c_uniq_tag=lYahCvvkn-K3SG6d66GIHL8A-0wCFEXOI3s60O5n0KU&type=video_thumb
456239913,-209976560,"#Cозвон: Александр Забродин, Александр Ваш","Приобрести новый смартфон Samsung Galaxy S24 Ultra https://vk.cc/cwrwqC
erid: 2VtzquyVtr4

#Созвон - шоу в котором комики звонят по заданию в случайные места и вкручивают в разговор тупорылые фразы. Кто из комиков справился лучше - решаете вы в комментариях!

В этом выпуске дозваниваются:

Александр Забродин:
https://vk.com/id3351910

Александр Ваш:
https://vk.com/sasavash

Приятного просмотра эксклюзивно в VK Видео!",1328,1714467600,1432863,53,2196,406,https://vk.com/video_ext.php?oid=-209976560&id=456239913&hash=a5f155862f8facec&__ref=vk.admin_android&api_hash=1740694469b3390a6119be0618a3_GMZDANZRGM2TCOA,1,1,1,False,https://sun9-16.userapi.com/impg/9YTmITtZxXO8Ik2oF0LzPS7ktaDGd2Gf7xJWvw/Y55cDEOhH5g.jpg?size=130x96&quality=95&keep_aspect_ratio=1&background=000000&sign=2b5c59a4b1e670c2dd2033ecb0c329fa&c_uniq_tag=P0B787t42wJra9loqX9g2opltl7NNPbhmVwDSoYk6N8&type=video_thumb
456239910,-209976560,"Прощай, Легенда #3 Паша Техник",Комики в разных образах пришли попрощаться с легендой эксклюзивно в VK Видео. Сегодня это Паша Техник.,2559,1714035600,7811237,2098,44494,32878,https://vk.com/video_ext.php?oid=-209976560&id=456239910&hash=080bce417ea52d1f&__ref=vk.admin_android&api_hash=17406944697d4a22ee1f99f73d81_GMZDANZRGM2TCOA,1,1,1,False,https://sun9-27.userapi.com/impg/ywCNAeGBEVvsV-3dGJ3ORFjQk42Y4QS95d3oyg/whMstCO79D0.jpg?size=130x96&quality=95&keep_aspect_ratio=1&background=000000&sign=9d622ed576992a72b21564f50868e95a&c_uniq_tag=Z9ZU0xxLe3UzmyR1o2-CJcbzD0mn39yg3gnu1Ou4xnY&type=video_thumb
456239907,-209976560,СКОЛЬКО?! 2. #4 Джабраилов. Абрамов vs Михеева.,"Не откладывайте планы на потом, получите возобновляемый лимит денег на карту Ozon Банка.
Шаг 1 — Заполните анкету: https://s.ozon.ru/DlrpK3q. 
Шаг 2 — пользуйтесь деньгами, когда понадобится и возвращайте частями.
Шаг 3 — когда лимит восстановится → пользуйтесь снова.
erid: 2Vtzqv8daSj

Новый выпуск шоу ""СКОЛЬКО?!"". Мужчины против женщин. Человек, который не умеет проигрывать против неуправляемого потока харизмы. Иван Абрамов против Аллы Михеевой. Кто победит? Смотрите! Эксклюзивно в VK Видео.

Наш аккаунт на сайте объявлений:
https://www.avito.ru/user/2aca3054dab19584ba6d39fd84a30a7f/profile
ВАШИ ПРЕДЛОЖЕНИЯ ПО ОБМЕНУ ПРИНИМАЕМ РОВНО НЕДЕЛЮ С МОМЕНТА ВЫХОДА ВИДЕО.

Ссылки:

Игорь Джабраилов https://vk.com/igordzhabrailov

Иван Абрамов https://vk.com/ivan_abramov_standup

Алла Михеева https://vk.com/alla_mikheeva",2507,1713520800,1922992,180,4514,635,https://vk.com/video_ext.php?oid=-209976560&id=456239907&hash=759fbe8048b96160&__ref=vk.admin_android&api_hash=1740694469cbb76580c2070a7035_GMZDANZRGM2TCOA,1,1,1,False,https://sun9-19.userapi.com/impg/Of2MO_9NCHpE_r6p9TPcmZ5itpSOq02lqnastA/cdQpc8n5y7w.jpg?size=130x96&quality=95&keep_aspect_ratio=1&background=000000&sign=f8083c83930af81ddcfe12611dddae3d&c_uniq_tag=Fr_u3HJmMtTzka74Jz1yBLLePFBrw2HIdI6RTKdLWkc&type=video_thumb
456239903,-209976560,«Откуда ты?» Игорь Джабраилов Х Сергей Кутузов,"«Откуда ты?» - это тревел-шоу, где Игорь Джабраилов ездит по городам, в которых родились известные люди и сам водит их по знаковым для них местам. Эксклюзивно в VK Видео.

Подписывайтесь на соцсети Игоря и ФК 10:

https://vk.com/igordzhabrailov

https://vk.com/fc10is10",2718,1713258000,1662995,74,1842,263,https://vk.com/video_ext.php?oid=-209976560&id=456239903&hash=cb2e7097f513309b&__ref=vk.admin_android&api_hash=1740694469e9d00d0e827f33ac1f_GMZDANZRGM2TCOA,1,1,1,False,https://sun9-77.userapi.com/impg/UEiSHRjfgTgTv_F3rJav78x0N2H5dFcqgUl8Xg/ydOaW3-zMQI.jpg?size=130x96&quality=95&keep_aspect_ratio=1&background=000000&sign=16e1c527caac34b2ec050876733d3257&c_uniq_tag=4IlptEtF1oMNtp2a9utqN6IGJKcUYP0_a-Afp96Y_wA&type=video_thumb
456239899,-209976560,СКОЛЬКО?! 2. #3 Джабраилов. Дорохов vs Пташенчук,"Попробуйте геркулес ""Богатырский"" от Увелки! 
https://vk.cc/cw5aMN
Erid: 2VtzqwA3Uvz

Однажды в России, а если конкретнее, то в шоу ""СКОЛЬКО?!"" встретились Денис Дорохов и Александр Пташенчук и зарубились не на шутку. Кто станет обладателем золотой короны? Смотри и узнаешь!

Наш аккаунт на сайте объявлений:
https://www.avito.ru/user/5e0dfc3322ebb9c83639d64446766bc5/profile
ВАШИ ПРЕДЛОЖЕНИЯ ПО ОБМЕНУ ПРИНИМАЕМ РОВНО НЕДЕЛЮ С МОМЕНТА ВЫХОДА ВИДЕО.

Ссылки:

Игорь Джабраилов https://vk.com/igordzhabrailov

Денис Дорохов https://vk.com/doroxovdenis

Александр Пташенчук https://vk.com/sandroptaha",2425,1712916000,2022538,172,5450,880,https://vk.com/video_ext.php?oid=-209976560&id=456239899&hash=a1c8828f755246a1&__ref=vk.admin_android&api_hash=174069447090662a02425bdd5cf9_GMZDANZRGM2TCOA,1,1,1,False,https://sun9-59.userapi.com/impg/P8t_diwjhXj_9qpk7WjKZxyzkg76RI_BhJm-UA/8_YEqBDM0qc.jpg?size=130x96&quality=95&keep_aspect_ratio=1&background=000000&sign=5694f89d43f0496fc3296bc4ecdb688b&c_uniq_tag=3YIFaDEA1j2iayZfFxm1P05nBY96LCi3QsCqtZhoKvo&type=video_thumb
456239896,-209976560,ПВН. #17 Паша Техник x Игорь Джабраилов х Денис Дорохов х Яна Кошкина,"Это выпуск новостей, которые нигде и никогда не происходили эксклюзивно в VK Видео.",1485,1712826000,8651618,1098,36262,21767,https://vk.com/video_ext.php?oid=-209976560&id=456239896&hash=d115a586a201bf82&__ref=vk.admin_android&api_hash=17406944707ccfc99f90477411b0_GMZDANZRGM2TCOA,1,1,1,False,https://sun9-52.userapi.com/impg/O5p1XydCB1TmaNdtZQOvJp8NQvOwFGsQbCOLAg/ieOXPNE8Tuw.jpg?size=130x96&quality=95&keep_aspect_ratio=1&background=000000&sign=597c8c03c52f66400f4c08a5eab6a4cc&c_uniq_tag=N7MGa3mQ9ErJy7Ic0OwVbKNUtW-U0LAZIfVQc9fh9Go&type=video_thumb
456239888,-209976560,"#Cозвон: Гурам Амарян, Антон Шастун","#Созвон - шоу в котором комики звонят по заданию в случайные места и вкручивают в разговор тупорылые фразы. Кто из комиков справился лучше - решаете вы в комментариях!

В этом выпуске разговор ведут:

Гурам Амарян: https://vk.com/amaryan
Антон Шастун: https://vk.com/shastoon.channel

Приятного просмотра эксклюзивно в VK Видео!",929,1712131200,1398407,166,7670,1887,https://vk.com/video_ext.php?oid=-209976560&id=456239888&hash=523156f34a4f6623&__ref=vk.admin_android&api_hash=1740694470d9e299bda573e3d6b4_GMZDANZRGM2TCOA,1,1,1,False,https://sun9-55.userapi.com/impg/yWGPyf_O5q144kKx73SCKdMaJdDku7ZcFl77jQ/RYzNJtHh6B0.jpg?size=130x96&quality=95&keep_aspect_ratio=1&background=000000&sign=d32d788084566d0700c15ba1f084f594&c_uniq_tag=3Ne6s71uS83wWR7dfGYWBRmu3Iid_Z4Fy44cXXou8UM&type=video_thumb
456239885,-209976560,«Откуда ты?» Игорь Джабраилов Х Зоя Яровицына,"Работу ближе к дому ищите на hh.ru - https://clck.ru/39MKp6
Реклама. Рекламодатель ООО “Хэдхантер”, ИНН 7718620740, Erid: 2Vtzqxhx95e

Яндекс Еда теперь и в офлайне. Пользуйтесь новым умным разделом «Гид» для поиска ресторана на любой случай. Доступно во многих городах России: https://clck.ru/39jXet 
Erid: 2VtzqvN6qtZ

Хорошие машины ищите на Авто.ру: https://auto.ru/s/TQMmkx
Erid: 2VtzqvzjhST

«Откуда ты?» - это тревел-шоу, где Игорь Джабраилов ездит по городам, в которых родились известные люди и сам водит их по знаковым для них местам. Эксклюзивно в VK Видео.

Подписывайтесь на соцсети Игоря и Зои:

https://vk.com/igordzhabrailov

https://vk.com/zoyazoo",3883,1712048400,2343503,269,8793,1581,https://vk.com/video_ext.php?oid=-209976560&id=456239885&hash=984042590605405b&__ref=vk.admin_android&api_hash=1740694470b83e8cfce45659a7b6_GMZDANZRGM2TCOA,1,1,1,False,https://sun9-41.userapi.com/impg/5ozowyF73EG-Z2kHeVphrsFL4ZTZHt7a87hjuw/sxwi4b7DrH4.jpg?size=130x96&quality=95&keep_aspect_ratio=1&background=000000&sign=c53d053504776a011f1c3993fdd12b15&c_uniq_tag=mnqKjw17ZeLekU9JIGGjZgq7RMVqmCYp_WhUqAoIPI4&type=video_thumb
456239880,-209976560,СКОЛЬКО?! 2 сезон. #2 Джабраилов. Натальная Карта.,"https://vk.cc/cvCAy1
 
Не готовь этой весной вместе с Grow Food! 
Экономь время и деньги - закажи свой рацион полезного питания на 6 дней со скидкой целых 40%

По всем раскладам этот выпуск вам точно понравится. Олеся Иванченко и Дима Журавлев проверят, что сильнее интуиция или усы? Сколько правильных цен угадали вы? Пишите в комментариях.

Наш аккаунт на сайте объявлений:
https://www.avito.ru/user/5e0dfc3322ebb9c83639d64446766bc5/profile
ВАШИ ПРЕДЛОЖЕНИЯ ПО ОБМЕНУ ПРИНИМАЕМ РОВНО НЕДЕЛЮ С МОМЕНТА ВЫХОДА ВИДЕО.

Игорь Джабраилов https://vk.com/igordzhabrailov

Олеся Иванченко 
https://vk.com/club221829791

Дима Журавлев 
https://vk.com/zhuravl_zhuravl",2844,1711101600,2966870,357,15036,3933,https://vk.com/video_ext.php?oid=-209976560&id=456239880&hash=8788e268242c1a5b&__ref=vk.admin_android&api_hash=1740694470207b29de653a5b2e40_GMZDANZRGM2TCOA,1,1,1,False,https://sun9-55.userapi.com/impg/ijU_SQv-CtHRORbOgCsjFG7j1T7qaYEWOwaHGQ/Ssq16zfmOzo.jpg?size=130x96&quality=95&keep_aspect_ratio=1&background=000000&sign=1c8bf656aa642da2e8beb8c66f2fb7a9&c_uniq_tag=3OBe0CEYkNg8wo2uDglAeaWHhr4a-oH5Or0rhImnhWM&type=video_thumb
456239875,-209976560,#2. ВОВА ИЗ АТАМАНОВО. «ЮРИЙ».,"Ну, здарова! Вот и вторая коляска подъехала. Зацените моего кента Юру. Отвечаю, ворвется с двух ног. Мы напинаем соседа, перетрем за Юрину мамзель, но Юра так ниче и не вкурит.

Поднавалите лайкосов, а то от меня мать трубку не берет!

Эксклюзивно в VK Видео.",409,1710748800,3771641,573,11386,14967,https://vk.com/video_ext.php?oid=-209976560&id=456239875&hash=22611b73c224df40&__ref=vk.admin_android&api_hash=1740694470f0bb9db4d02d2ab820_GMZDANZRGM2TCOA,1,1,1,False,https://sun9-22.userapi.com/impg/q1LsX9dK6PwmkzNy4PTqVWx2UMs3-b4vPTyTIg/x37_S8uDS-Y.jpg?size=130x96&quality=95&keep_aspect_ratio=1&background=000000&sign=24fe36b18e85b05150a301bd17e158d6&c_uniq_tag=Pd_1cvPkZMXqtnYN7dHfV1-J5W9Q2YrqWL434guhZh8&type=video_thumb
456239871,-209976560,ПВН. #16 SATYR x Карена Макарена х Денис Дорохов х Яна Кошкина,"Это выпуск новостей, которые нигде и никогда не происходили эксклюзивно в VK Видео.",1651,1710406800,8460443,1047,43399,16336,https://vk.com/video_ext.php?oid=-209976560&id=456239871&hash=11d1ff06abce259a&__ref=vk.admin_android&api_hash=1740694470bc0a72b41ff647a180_GMZDANZRGM2TCOA,1,1,1,False,https://sun9-16.userapi.com/impg/RM6WP8rcgv5cajZpc3C5hR9ymaX7fGam0Fq1Wg/yxn23A1hc74.jpg?size=130x96&quality=95&keep_aspect_ratio=1&background=000000&sign=083e53ff4a96a0274b64738b6ac0511e&c_uniq_tag=FxgbpdWhfLX3VZ2qTqi3iY23zrSaMwOsB8-DCkRB4WY&type=video_thumb
456239867,-209976560,#1. ВОВА ИЗ АТАМАНОВО. «ПРОЛОГ».,"Ну, здарова! Вот небольшой видеоогрызок моей жизни - вам проугараться. В нем я буду шланговать по участку, кадрить помятых бабищ и кочегарить с кентом.

Если проорался, то пиши в комментах «Вова еще!»

Эксклюзивно в VK Видео.",474,1710144000,4637629,577,12054,25200,https://vk.com/video_ext.php?oid=-209976560&id=456239867&hash=92c5b1a87280d70b&__ref=vk.admin_android&api_hash=1740694470d4da8c867665ede167_GMZDANZRGM2TCOA,1,1,1,False,https://sun9-42.userapi.com/impg/hnAiym9suH7ZvjvPYdp_rFGafuprxVomabiiMw/PrrVlVp3yu0.jpg?size=130x96&quality=95&keep_aspect_ratio=1&background=000000&sign=3289a88fc99471acd4f8b3bc0218f79a&c_uniq_tag=zI1bcmqvcRWDAQMawglV6otV5c6toSDk1ouXU5vAgaU&type=video_thumb
456239863,-209976560,СКОЛЬКО?! 2 сезон. #1 Джабраилов. Шастун. Лагашкин.,"Ozon fresh – свежие, натуральные продукты (и не только) для всей семьи. Заказывайте подарки к 8 марта на Ozon fresh с доставкой за час или в удобный слот https://vk.cc/cvfJIt 
Erid: 2VtzqxWV3bR

DOSTAЕВСКИЙ. Этот корпоратив все запомнят! Приготовят и бесплатно доставят за 45 минут. Забирай свой ПОДАРОК при заказе в приложении от 1500 рублей по ссылке: https://clck.ru/39GVTk
Erid: 2Vtzqv5oHpo

Много подарков не бывает! В этот праздничный день Игорь Джабраилов тоже приготовил презент и пригласил к себе в гости Антона Шастуна и Максима Лагашкина... 
Харизматично? Да! Обаятельно? Конечно! Кто станет победителем? Смотрите и узнаете.

Новый сезон шоу ""СКОЛЬКО?!"" начинается прямо сейчас. Ждите новые выпуски и новых звездных гостей, они реально будут очень крутые! Эксклюзивно в VK Видео.

Наш аккаунт на сайте объявлений:
https://www.avito.ru/user/3a87aeafe9419f782cf3b24c5e2e17c1/profile
ВАШИ ПРЕДЛОЖЕНИЯ ПО ОБМЕНУ ПРИНИМАЕМ РОВНО НЕДЕЛЮ С МОМЕНТА ВЫХОДА ВИДЕО.

Ссылки:

Игорь Джабраилов https://vk.com/igordzhabrailov

Антон Шастун https://vk.com/shastoon.channel

Максим Лагашкин https://vk.com/id718491690",2690,1709892000,2029895,177,11355,1270,https://vk.com/video_ext.php?oid=-209976560&id=456239863&hash=8111ae6b3c7964ac&__ref=vk.admin_android&api_hash=174069447078e1fd1f4871c82c11_GMZDANZRGM2TCOA,1,1,1,False,https://sun9-53.userapi.com/impg/9awxZ6D5Swa5jboOwHhNLJFkvCc_zieO4B5OhQ/j9zDHNEWbrU.jpg?size=130x96&quality=95&keep_aspect_ratio=1&background=000000&sign=fef85133dcff974e356bce562b4468d2&c_uniq_tag=2PznHl4DZIu1D8jnJ607MkluoiQBrkxm1gYeiyhCRrk&type=video_thumb
456239855,-209976560,СКОЛЬКО?! #6. Джабраилов. Слуцкий. Брагин.,"Зимний шопинг станет выгоднее с Мегамаркетом! С 1 по 14 февраля на бытовую технику и электронику действует повышенный кешбэк до 50% бонусами: https://clck.ru/38uTYJ

Используйте промокод ЗИМАТЕХНИКА и получите скидку 3 000 рублей на первый заказ от 10 000 рублей! — https://clck.ru/38uTZ2

Правила акции: https://clck.ru/38uTaH
Erid: 2Vtzqx3rbMi

«Сколько?!» - это шоу Игоря Джабраилова, в которое он приглашает своих звездных друзей. И предлагает угадать стоимость самых разных товаров на популярном агрегаторе объявлений.
Леонид Слуцкий против Ивана Брагина. Шанхай Шэньхуа против Однажды в России. Футбол против юмора, хотя кого мы обманываем... Юмор против юмора. Леонид Викторович привел Ваню к прекрасному телу в проекте ""Бодинегатив"", но отдаст ли он ему победу здесь? Смотри и узнаешь!

Эксклюзивно в VK Видео.

Наш аккаунт на сайте объявлений:
https://bit.ly/skolko_avito
ВАШИ ПРЕДЛОЖЕНИЯ ПО ОБМЕНУ ПРИНИМАЕМ РОВНО НЕДЕЛЮ С МОМЕНТА ВЫХОДА ВИДЕО.

Ссылки:

Игорь Джабраилов https://vk.com/igordzhabrailov

Леонид Слуцкий в наших сердечках и соц.сетях запрещенных на территории РФ.

Ваня Брагин https://vk.com/bragin95",2137,1707472800,1578142,128,3874,502,https://vk.com/video_ext.php?oid=-209976560&id=456239855&hash=bf5ea9a6671947ae&__ref=vk.admin_android&api_hash=1740694470a421f2f23530f2a4f0_GMZDANZRGM2TCOA,1,1,1,False,https://sun9-37.userapi.com/aJCbtr936xEMlfWu6KVW0nf2p6YrKtrGD3mi_w/w5lfZX0Y760.jpg
456239852,-209976560,ШТА #5: Шалости Шастуна / Новая эмоция Мигеля / Фанаты Романа Косицына,"Выгодный январь на Мегамаркете! Покупайте автотовары и получайте кешбэк до 50% бонусами СберСпасибо. https://clck.ru/38NwK4 

Чтобы увеличить выгоду, используйте промокод АВТОЗИМА на дополнительную скидку 3 000 рублей при первом заказе от 15 000 рублей: https://clck.ru/38NwMi 

Erid:  2VtzqwwMNBh

Шутки типа АСМР. Это как АСМР, но с шутками. Эксклюзивно в VK Видео.

Варвара Щербакова https://vk.com/varjauletela_group
Наташа Борисова https://vk.com/natavshoke
Андрей Жмыхов https://vk.com/id_999999997

Олеся Иванченко https://vk.com/public221829791
Александр Бурдашев https://vk.com/shabanov7725512
Марк Сергиенко https://vk.com/sergienkomark

Игорь Джабраилов https://vk.com/igordzhabrailov
Валера Артюхов https://vk.com/artvalery_public
Кирилл Мазур https://vk.com/mazurkiril 

Алексей Сапрыкин https://vk.com/public219254159
Рустам Джибилов https://vk.com/rustam_dzhibilov
Артем Старков https://vk.com/artyomstarkov

Надя Джабраилова https://vk.com/electronadyacomm
Миша Лавров https://vk.com/ne_mishalavrov
Сергей Зорик https://vk.com/s_zorik",1119,1706601600,1412369,40,1494,377,https://vk.com/video_ext.php?oid=-209976560&id=456239852&hash=86f5c6f95012c455&__ref=vk.admin_android&api_hash=17406944701a723467d85a11955d_GMZDANZRGM2TCOA,1,1,1,False,https://sun9-36.userapi.com/3KqN2ZjbKWLXebm7YVsh_gLN4ZuigihL9OIsiw/Wht4JILcbvg.jpg
456239848,-209976560,СКОЛЬКО?! #5. Джабраилов. Герман Эль Классико. Виктор Щетков.,"До конца января на Мегамаркете действует повышенный кешбэк до 50% бонусами на бытовую технику и электронику. Возвращайте часть стоимости покупки бонусами СберСпасибо и оплачивайте ими до 99% от стоимости вашего следующего заказа на маркетплейсе. 

Переходите на Мегамаркет (https://clck.ru/387e5m)  и применяйте промокод ЗИМАТЕХНИКА, который дает дополнительную скидку 3 000 рублей на первый заказ от 10 000 рублей. Подробнее здесь: https://clck.ru/387e9e

Erid: 2Vtzqx6iuvv

«Сколько?!» - это шоу Игоря Джабраилова, в которое он приглашает своих звездных друзей. И предлагает угадать стоимость самых разных товаров на популярном агрегаторе объявлений. Эксклюзивно в VK Видео.

Витя Щетков против Германа Эль Классико. Баскетбол против футбола. MediumBasket против Амкала. Кто выиграет в этой битве?

Наш аккаунт на сайте объявлений:
https://bit.ly/skolko_avito
ВАШИ ПРЕДЛОЖЕНИЯ ПО ОБМЕНУ ПРИНИМАЕМ РОВНО НЕДЕЛЮ С МОМЕНТА ВЫХОДА ВИДЕО.

Ссылки:

Игорь Джабраилов https://vk.com/igordzhabrailov

Витя Щетков https://vk.com/viktor_shchetkov 

SlowSlowCow https://vk.com/sscow

Герман Эль Классико https://vk.com/german_el_classico",2468,1706263200,1466000,69,3440,459,https://vk.com/video_ext.php?oid=-209976560&id=456239848&hash=48b68c0af1ab0434&__ref=vk.admin_android&api_hash=1740694470207e7df02c3409ea8d_GMZDANZRGM2TCOA,1,1,1,False,https://sun9-80.userapi.com/ZD1V4CXG1OPWjKH-s6gHlAczvitLMOeIjlBh7A/1MdGGon0Wtc.jpg
456239842,-209976560,СКОЛЬКО?! #4. Джабраилов. Ира Мягкова. Александр Якушев.,"До конца января на Мегамаркете действует повышенный кешбэк до 50% бонусами на бытовую технику и электронику. Возвращайте часть стоимости покупки бонусами СберСпасибо и оплачивайте ими до 99% от стоимости вашего следующего заказа на маркетплейсе.

Переходите на Мегамаркет (https://clck.ru/37qYGv) и применяйте промокод ЗИМАТЕХНИКА, который дает дополнительную скидку 3 000 рублей на первый заказ от 10 000 рублей. Подробнее здесь: https://clck.ru/37qYMn
Erid: 2VtzqusU7kr

Розыгрыш квартиры, iPhone 15, Dyson и других призов в Большой игре! Скачивайте приложение Спортмастер, выполняйте задания и получите шанс выиграть призы. Главный приз – квартира от А101. Подробности по ссылке: https://vk.cc/ctYjmX

Реклама. Рекламодатель ООО ""Спортмастер"", Erid: 2VtzquiMj3L

«Сколько?!» - это новое шоу Игоря Джабраилова, в которое он приглашает своих звездных друзей. И предлагает угадать стоимость самых разных товаров на популярном агрегаторе объявлений. Эксклюзивно в VK Видео.

Ирина Мягкова против Александра Якушева. Кто получит золотую корону знатока объявлений? Смотрите и узнаете!

Наш аккаунт на сайте объявлений:
https://bit.ly/skolko_avito
ВАШИ ПРЕДЛОЖЕНИЯ ПО ОБМЕНУ ПРИНИМАЕМ РОВНО НЕДЕЛЮ С МОМЕНТА ВЫХОДА ВИДЕО.

Ссылки:

Игорь Джабраилов https://vk.com/igordzhabrailov

Ира Мягкова https://vk.com/irina_myagkova

Александр Якушев https://vk.com/joke_head",2210,1705658400,1466735,71,5069,654,https://vk.com/video_ext.php?oid=-209976560&id=456239842&hash=e083725840a55f36&__ref=vk.admin_android&api_hash=1740694470ab212be75279f75cdf_GMZDANZRGM2TCOA,1,1,1,False,https://sun9-51.userapi.com/kY4IY54dsq_f60ZvMl8zmszA_p1HCukWBpLtyA/huQOxVDTmoM.jpg
456239829,-209976560,ПВН. #15 Гарик Харламов х Антон Шастун х Денис Дорохов х Яна Кошкина,"Покупайте выгодно на Мегамаркете — в декабре товары бренда Умный выбор со скидкой до 45% - https://clck.ru/377GRV

Также используйте промокод МЕГАЗАКУПКИ и получите дополнительную скидку 500 руб при первом заказе от 1 500 руб!
Правила использования промокода: https://clck.ru/377GS2
Erid: 2Vtzqx7wznw

Это выпуск новостей, которые нигде и никогда не происходили эксклюзивно в VK Видео.",2768,1703754000,10150254,1838,50486,15825,https://vk.com/video_ext.php?oid=-209976560&id=456239829&hash=dfb1efad5f32ff91&__ref=vk.admin_android&api_hash=1740694470b837d408ccc6e7c861_GMZDANZRGM2TCOA,1,1,1,False,https://sun9-16.userapi.com/TjkuxkT3LOcMeuKASgg-AqEx3a861Ozm_0b9yw/V2n494w10nA.jpg
456239823,-209976560,"Прощай, Легенда #2 Андрей Бебуришвили",Пять комиков в разных образах пришли попрощаться с легендой эксклюзивно в VK Видео. Сегодня это Андрей Бебуришвили.,2001,1703581200,7168822,1333,39915,16189,https://vk.com/video_ext.php?oid=-209976560&id=456239823&hash=e3fe152c24fddc27&__ref=vk.admin_android&api_hash=1740694470dabc197d7f7f5d3580_GMZDANZRGM2TCOA,1,1,1,False,https://sun9-72.userapi.com/2zPPaTI6aPbZrMW40vMtZC-LwmPiqJP8SCjr2w/wrzF4ky_YyU.jpg
456239820,-209976560,ШТА #4: За что Дорохов извиняется перед супругой? / Пародия на Женский Форум / Что Прохор Шаляпин написал Джабраилову?,"Скачивайте приложение Яндекс с Алисой по ссылке: https://clck.ru/37Ea7H
Реклама. Рекламодатель ООО «Яндекс», Erid: 2VtzqwPFz2F

Чижик — это вкусные и качественные продукты по низким ценам. Узнайте, как покупать выгодно: https://vk.com/chizhik.club
Реклама. Рекламодатель АО «Продторг» ТС Чижик, ИНН 4345164751, erid: 2VtzquffLYT

Шутки типа АСМР. Это как АСМР, но с шутками. Эксклюзивно в VK Видео.

Варвара Щербакова https://vk.com/varjauletela_group
Наташа Борисова https://vk.com/natavshoke
Андрей Жмыхов https://vk.com/id_999999997

Олеся Иванченко https://vk.com/public221829791
Александр Бурдашев https://vk.com/shabanov7725512
Марк Сергиенко https://vk.com/sergienkomark

Игорь Джабраилов https://vk.com/igordzhabrailov
Валера Артюхов https://vk.com/artvalery_public
Кирилл Мазур https://vk.com/mazurkiril 

Алексей Сапрыкин https://vk.com/public219254159
Рустам Джибилов https://vk.com/rustam_dzhibilov
Артем Старков https://vk.com/artyomstarkov

Надя Джабраилова https://vk.com/electronadyacomm
Миша Лавров https://vk.com/ne_mishalavrov
Сергей Зорик https://vk.com/s_zorik",1176,1703491200,1304884,51,1361,333,https://vk.com/video_ext.php?oid=-209976560&id=456239820&hash=79c6ad17e4f00b0a&__ref=vk.admin_android&api_hash=1740694470a6d8aa75db518129c5_GMZDANZRGM2TCOA,1,1,1,False,https://sun9-76.userapi.com/M9b51OALaD5_grfSHcfF0nhRev23fCt-zHTb5Q/rbVydm886IU.jpg
456239817,-209976560,СКОЛЬКО?! #3. Джабраилов. Айдар Гараев. Саша Ваш.,"Дарите подарки за счет Tele2: https://clck.ru/37BkWa

Velkopopovický Kozel тёмный безалкогольный — по-настоящему мягкий, по-настоящему карамельный.

«Сколько?!» - это новое шоу Игоря Джабраилова, в которое он приглашает своих звездных друзей. И предлагает угадать стоимость самых разных товаров на популярном агрегаторе объявлений. 
В этом выпуске он проверит логику и удачу Айдара Гараева и Саши Ваша. Смотрите скорее!

Наш аккаунт на сайте объявлений:
https://bit.ly/skolko_avito
ВАШИ ПРЕДЛОЖЕНИЯ ПО ОБМЕНУ ПРИНИМАЕМ РОВНО НЕДЕЛЮ С МОМЕНТА ВЫХОДА ВИДЕО.

Ссылки:

Игорь Джабраилов https://vk.com/igordzhabrailov
Айдар Гараев https://vk.com/idargaraev
Саша Ваш https://vk.com/sasavash",1959,1703239200,1688399,79,5630,801,https://vk.com/video_ext.php?oid=-209976560&id=456239817&hash=2562bba730eb641e&__ref=vk.admin_android&api_hash=1740694470110be97e9b7b2065b0_GMZDANZRGM2TCOA,1,1,1,False,https://sun9-80.userapi.com/nbk5qZcUHdLUbDzOIsDnTcyy2iP3LR3YdTWnUg/rc4XMs7IbcY.jpg
456239814,-209976560,ПВН. #14 Варвара Щербакова х Расул Чабдаров х Денис Дорохов х Яна Кошкина,"Покупайте выгодно на Мегамаркете, например этот фен Dyson Supersonic со скидкой 24% всего за 41 390 рублей - https://clck.ru/377GQQ

Также используйте промокод ЗИМАТЕХНИКА и получите дополнительную скидку 3 000 руб при первом заказе от 10 000 руб!
Правила использования промокода: https://clck.ru/377GR5
Erid: 2VtzquySiXd

Это выпуск новостей, которые нигде и никогда не происходили эксклюзивно в VK Видео.",1782,1703149200,4869523,1533,26818,6236,https://vk.com/video_ext.php?oid=-209976560&id=456239814&hash=a325def29fc09a6c&__ref=vk.admin_android&api_hash=1740694470d49e3c928acc968600_GMZDANZRGM2TCOA,1,1,1,False,https://sun9-60.userapi.com/QztiLrwyqk4uUJbrldpjLD6RbLXBD8J80E2jfg/0DAFtdXoAHY.jpg
456239808,-209976560,ШТА #3: Как звучит Шастун / Конфликт Джабраилова и Артюхова / История про Якубовича,"Тик-так, время выгоды! Финальная распродажа года со скидками до 80% на Ozon c 1 по 25 декабря. Это удачный момент, чтобы порадовать себя и близких: https://vk.cc/csZCpJ
Реклама. Рекламодатель ООО ""Интернет Решения"", Erid: 2VtzqvcqKUe

Шутки типа АСМР. Это как АСМР, но с шутками. Эксклюзивно в VK Видео.

Варвара Щербакова https://vk.com/varjauletela_group
Наташа Борисова https://vk.com/natavshoke
Андрей Жмыхов https://vk.com/id_999999997

Олеся Иванченко https://vk.com/public221829791
Александр Бурдашев https://vk.com/shabanov7725512
Марк Сергиенко https://vk.com/sergienkomark

Игорь Джабраилов https://vk.com/igordzhabrailov
Валера Артюхов https://vk.com/artvalery_public
Кирилл Мазур https://vk.com/mazurkiril 

Алексей Сапрыкин https://vk.com/public219254159
Рустам Джибилов https://vk.com/rustam_dzhibilov
Артем Старков https://vk.com/artyomstarkov

Надя Джабраилова https://vk.com/electronadyacomm
Миша Лавров https://vk.com/ne_mishalavrov
Сергей Зорик https://vk.com/s_zorik",1107,1702281394,1120799,78,1814,401,https://vk.com/video_ext.php?oid=-209976560&id=456239808&hash=576ac624da63947e&__ref=vk.admin_android&api_hash=17406944703fe915b47116ea798e_GMZDANZRGM2TCOA,1,1,1,False,https://sun9-59.userapi.com/FLdBhZT4dtxZZJhg8HYxsPsl6WWEwP0VNNK34g/wVFjaT4fgtQ.jpg
456239804,-209976560,СКОЛЬКО?! #2. Джабраилов. Варя Щербакова. Зоя Яровицына.,"«Сколько?!» - это новое шоу Игоря Джабраилова, в которое он приглашает своих звездных друзей. И предлагает угадать стоимость самых разных товаров на популярном агрегаторе объявлений. Эксклюзивно в VK Видео.

Наш аккаунт на сайте объявлений:
https://bit.ly/skolko_avito
ВАШИ ПРЕДЛОЖЕНИЯ ПО ОБМЕНУ ПРИНИМАЕМ РОВНО НЕДЕЛЮ С МОМЕНТА ВЫХОДА ВИДЕО.

Ссылки:
Игорь Джабраилов https://vk.com/igordzhabrailov
Варя Щербакова https://vk.com/varjauletela_group
Зоя Яровицына https://vk.com/zoyazoo",1851,1702031834,1797706,134,8187,1326,https://vk.com/video_ext.php?oid=-209976560&id=456239804&hash=106669394f5f4df4&__ref=vk.admin_android&api_hash=1740694470cfc8f2d45b84ab67fb_GMZDANZRGM2TCOA,1,1,1,False,https://sun9-55.userapi.com/xso4zvPk4FRJyIg_j9CTagMcpki36WuN_SQH1w/C3DBDOdIye4.jpg
456239798,-209976560,СКОЛЬКО?! #1. Джабраилов. Бебуришвили. Складчикова.,"«Сколько?!» - это новое шоу Игоря Джабраилова, в которое он приглашает своих звездных друзей. И предлагает угадать стоимость самых разных товаров на популярном агрегаторе объявлений. Эксклюзивно в VK Видео.

Подпишись на нас - https://vk.com/labelcom

И на ребят:
Игорь Джабраилов - https://vk.com/igordzhabrailov
Вика Складчикова - https://vk.com/vikaskladchikova
Андрей Бебуришвили - https://vk.com/andrewcomedy

НАШ АККАУНТ В АВИТО - https://bit.ly/skolko_avito",2223,1701424800,2380104,247,12819,2751,https://vk.com/video_ext.php?oid=-209976560&id=456239798&hash=2d34e3fc1e4773be&__ref=vk.admin_android&api_hash=174069447076c252cf09d9c0f022_GMZDANZRGM2TCOA,1,1,1,False,https://sun9-40.userapi.com/-YtUfnYr4eDbbcGjjFPdIWRlj1IhmGMluZQOuw/94hMfIic5r4.jpg
456239793,-209976560,ПВН. #13 Гоша Карцев х Вова Селиванов х Денис Дорохов х Яна Кошкина,"Яндекс Браузер с Выгодой найдет промокоды за вас: https://clck.ru/36mZtu

На Мегамаркете вовсю идет Черная Пятница! До 30 ноября приобретайте товары по выгодным ценам, например, этот погружной блендер Moulinex всего за 2 999 рублей — https://clck.ru/36pMyb

Также используйте промокод ОСЕНЬТЕХНИКА и получите дополнительную скидку 3 000 руб при первом заказе от 10 000 руб!
Правила использования промокода: https://clck.ru/36pN2s
Erid: 2VtzquxLJi5

Это выпуск новостей, которые нигде и никогда не происходили эксклюзивно в VK Видео.",1513,1701334800,5050399,420,19944,5054,https://vk.com/video_ext.php?oid=-209976560&id=456239793&hash=6b8a2f9c0cbe7ac7&__ref=vk.admin_android&api_hash=174069447083f2c2b04b87efc6cd_GMZDANZRGM2TCOA,1,1,1,False,https://sun9-42.userapi.com/-4aaL_8Sd6SYDWmUK2UQsvJKT_UckNGcbtop0w/qlePw0UZ6vM.jpg
456239788,-209976560,ШТА #2: Джабраилов скандально про Василия Уткина / Рукопожатный Дзюба / Перфоманс Олеси Иванченко,"Шутки типа АСМР. Это как АСМР, но с шутками. Эксклюзивно в VK Видео.

Варвара Щербакова https://vk.com/varjauletela_group
Наташа Борисова https://vk.com/natavshoke
Андрей Жмыхов https://vk.com/id_999999997

Олеся Иванченко https://vk.com/public221829791
Александр Бурдашев https://vk.com/shabanov7725512
Марк Сергиенко https://vk.com/sergienkomark

Игорь Джабраилов https://vk.com/igordzhabrailov
Валера Артюхов https://vk.com/artvalery_public
Кирилл Мазур https://vk.com/mazurkiril 

Алексей Сапрыкин https://vk.com/public219254159
Рустам Джибилов https://vk.com/rustam_dzhibilov
Артем Старков https://vk.com/artyomstarkov

Надя Джабраилова https://vk.com/electronadyacomm
Миша Лавров https://vk.com/ne_mishalavrov
Сергей Зорик https://vk.com/s_zorik",1072,1700899200,928362,89,1831,503,https://vk.com/video_ext.php?oid=-209976560&id=456239788&hash=df4ee3a901a0c3a2&__ref=vk.admin_android&api_hash=1740694470bdde23d3be92d0b4ff_GMZDANZRGM2TCOA,1,1,1,False,https://sun9-75.userapi.com/bYZYLpgdW3oXMyMkjzTuRBPi7mYfp2JlJM03BQ/HbW5dqLCnTg.jpg
456239774,-209976560,ШТА #1: Чего боятся продюсеры «Беременна в 16» / Пуканы феминисток / Мокрый рот Олеси Иванченко и т.д.,"Шутки типа АСМР. Это как АСМР, но с шутками. Эксклюзивно в VK Видео.

Варвара Щербакова https://vk.com/varjauletela_group
Наташа Борисова https://vk.com/natavshoke
Андрей Жмыхов https://vk.com/id_999999997

Олеся Иванченко https://vk.com/public221829791
Александр Бурдашев https://vk.com/shabanov7725512
Марк Сергиенко https://vk.com/sergienkomark

Игорь Джабраилов https://vk.com/igordzhabrailov
Валера Артюхов https://vk.com/artvalery_public
Кирилл Мазур https://vk.com/mazurkiril 

Алексей Сапрыкин https://vk.com/public219254159
Рустам Джибилов https://vk.com/rustam_dzhibilov
Артем Старков https://vk.com/artyomstarkov

Надя Джабраилова https://vk.com/electronadyacomm
Миша Лавров https://vk.com/ne_mishalavrov
Сергей Зорик https://vk.com/s_zorik",1119,1699689600,2204672,221,4164,1346,https://vk.com/video_ext.php?oid=-209976560&id=456239774&hash=1b7a45b230ff8d00&__ref=vk.admin_android&api_hash=17406944702fefc9a96da0b75b9d_GMZDANZRGM2TCOA,1,1,1,False,https://sun9-23.userapi.com/lbrXPzvKh4C8vo4fU-VcVUaxagk0A-arKv4kBw/VP9fZ76XqFQ.jpg
456239771,-209976560,ПВН. #12 Надя Джабраилова х Белла х Денис Дорохов х Яна Кошкина,"Сегодня начался Зелёный день на Мегамаркете! С 9 по 12 ноября приобретайте товары выгодно, например, эту умную колонку Sber SberBoom Mini всего за 2 890 рублей — https://clck.ru/36USYL

Также используйте промокод ОСЕНЬТЕХНИКА и получите дополнительную скидку 3 000 руб при первом заказе от 10 000 руб!
Правила использования промокода: https://clck.ru/36USZT
Erid: 2VtzquYYAqm

Это выпуск новостей, которые нигде и никогда не происходили эксклюзивно в VK Видео.

Подпишись - https://vk.com/labelcom",1743,1699520400,7241181,1381,37409,11447,https://vk.com/video_ext.php?oid=-209976560&id=456239771&hash=155f79dc2e1fc4a9&__ref=vk.admin_android&api_hash=17406944707f6431b150339b4d5d_GMZDANZRGM2TCOA,1,1,1,False,https://sun9-60.userapi.com/7Tu_-aWCgx8oXg9x7_n54TVYeQWzn3Mjp7iWVQ/0Lp-UkTtVNQ.jpg
456239762,-209976560,"Прощай, Легенда #1 Денис Дорохов",Пять комиков в разных образах пришли попрощаться с легендой эксклюзивно в VK Видео. Сегодня это Денис Дорохов.,1712,1698742803,13151771,2755,58975,33585,https://vk.com/video_ext.php?oid=-209976560&id=456239762&hash=e52e927eb8dbbd35&__ref=vk.admin_android&api_hash=1740694470e507710089d2d81c27_GMZDANZRGM2TCOA,1,1,1,False,https://sun9-8.userapi.com/k7HA5jKbJC2VYz01YNZWvuknaDM8A2d5wZbmkQ/-2O5NL-nU6g.jpg
456239751,-209976560,ПВН. #11 Дмитрий Журавлёв х Олеся Иванченко х Денис Дорохов х Яна Кошкина,"Покупайте выгодно на Мегамаркете — в преддверии масштабной акции Зеленый день с 9 по 12 ноября приобретайте товары по скидкам и с повышенным кешбэком - https://clck.ru/367aGT

Также используйте промокод ОСЕНЬТЕХНИКА и получите дополнительную скидку 3 000 руб при первом заказе от 10 000 руб!
Правила использования промокода: https://clck.ru/367aHq
Erid: 2VtzqueMhqe

Это выпуск новостей, которые нигде и никогда не происходили эксклюзивно в VK Видео.

Подпишись - https://vk.com/labelcom",1849,1697706000,11593670,1227,47251,15276,https://vk.com/video_ext.php?oid=-209976560&id=456239751&hash=51c2bfe0e7d4c643&__ref=vk.admin_android&api_hash=1740694470414d5716c9fc445407_GMZDANZRGM2TCOA,1,1,1,False,https://sun9-64.userapi.com/S1Z6P5ArJtgqnTwvdFQD6IA0687aFNM2tlWNqw/KQ8Vf4I8DK4.jpg
456239720,-209976560,ПВН. #9 Витя АК х Андрей Бебуришвили х Денис Дорохов х Яна Кошкина,"Это выпуск новостей, которые нигде и никогда не происходили эксклюзивно в VK Видео.",1506,1694077200,12395217,685,32678,11405,https://vk.com/video_ext.php?oid=-209976560&id=456239720&hash=a10b155ec54fa262&__ref=vk.admin_android&api_hash=1740694470ea4162445493305489_GMZDANZRGM2TCOA,1,1,1,False,https://sun9-1.userapi.com/U3zZlcijAeMFpRS1ukvVckyth0ERxhRGpAFFGg/o1-CMWBCRXQ.jpg
456239721,-209976560,[Анонс] ПВН. #9 Витя АК х Андрей Бебуришвили х Денис Дорохов х Яна Кошкина,"Это выпуск новостей, которые нигде и никогда не происходили эксклюзивно в VK Видео.",45,1694077200,455386,4,630,215,https://vk.com/video_ext.php?oid=-209976560&id=456239721&hash=d5d7ab539d3c9dc5&__ref=vk.admin_android&api_hash=17406944706278dc85d844d37a02_GMZDANZRGM2TCOA,1,1,1,False,https://sun9-1.userapi.com/U3zZlcijAeMFpRS1ukvVckyth0ERxhRGpAFFGg/5qJnevOh1dw.jpg
456239716,-209976560,Roast Battle – Дмитрий Позов х Сергей Орлов | Roast Battle Labelcom #33,"Нежный мраморный бифштекс Абердин Ангус, пикантный Пармезан и незабываемый соус Пармеджано! А еще внутри салат, маринованный красный лучок и свежие томаты на мягкой булочке бриошь. Невероятно сырный и сочный Ангус Пармеджано — только в Бургер Кинг. https://clck.ru/35Cags  erid:2VtzquznLDL
_______________________________________
Roast Battle – формат, в котором молодые комики бьются за денежный приз ""прожаривая"" друг друга эксклюзивно в VK Видео. 

Ведущий Сергей Орлов: https://vk.com/id57723105
Гость Дмитрий Позов: https://vk.com/pozov85

Комики:
Константин Бутаков: https://vk.com/butakovkonst
Кирилл Мазур: https://vk.com/mazurkiril
Геворк Абрамян: https://vk.com/gevabramyan
Эрнест Таржуманян: https://vk.com/tarzhumanian
Дмитрий Юдин: https://vk.com/dmitri_yudin1
Юлия Демиденкова: https://vk.com/demidenkovau",4013,1693386000,2657868,240,4125,1150,https://vk.com/video_ext.php?oid=-209976560&id=456239716&hash=2d1fcd80477f2e21&__ref=vk.admin_android&api_hash=174069447014cabc95bc4f7208ce_GMZDANZRGM2TCOA,1,1,1,False,https://sun9-8.userapi.com/vAFlEgaV8RwiL5nuzYcb-fHwv2FXxhGNGfqxSA/sr5SLzWeYbg.jpg
456239717,-209976560,[Анонс] Roast Battle – Дмитрий Позов х Сергей Орлов | Roast Battle Labelcom #33,"Roast Battle – формат, в котором молодые комики бьются за денежный приз ""прожаривая"" друг друга эксклюзивно в VK Видео. 

Ведущий Сергей Орлов: https://vk.com/id57723105
Гость Дмитрий Позов: https://vk.com/pozov85

Комики:
Константин Бутаков: https://vk.com/butakovkonst
Кирилл Мазур: https://vk.com/mazurkiril
Геворк Абрамян: https://vk.com/gevabramyan
Эрнест Таржуманян: https://vk.com/tarzhumanian
Дмитрий Юдин: https://vk.com/dmitri_yudin1
Юлия Демиденкова: https://vk.com/demidenkovau",51,1693386000,163707,2,126,22,https://vk.com/video_ext.php?oid=-209976560&id=456239717&hash=f3cea69bc2390fab&__ref=vk.admin_android&api_hash=1740694470c1daef4eb17a913679_GMZDANZRGM2TCOA,1,1,1,False,https://sun9-8.userapi.com/vAFlEgaV8RwiL5nuzYcb-fHwv2FXxhGNGfqxSA/bVPToOsNYDM.jpg
456239692,-209976560,ПВН. #8 Максим Лагашкин х Слава Чепурченко х Денис Дорохов х Яна Кошкина,"Это выпуск новостей, которые нигде и никогда не происходили эксклюзивно в VK Видео.",1518,1692260645,10261835,629,33279,11674,https://vk.com/video_ext.php?oid=-209976560&id=456239692&hash=5b5cc7886a993e76&__ref=vk.admin_android&api_hash=1740694470b047e303a3776b3b9b_GMZDANZRGM2TCOA,1,1,1,False,https://sun9-64.userapi.com/YSvHFcbBVXcPaliDIdsETM4vbUdNWNSqL4aldg/Bnd5LCqYkLo.jpg
456239693,-209976560,[Анонс] ПВН. #8 Максим Лагашкин х Слава Чепурченко х Денис Дорохов х Яна Кошкина,"Это выпуск новостей, которые нигде и никогда не происходили эксклюзивно в VK Видео.",38,1692260924,272642,18,546,164,https://vk.com/video_ext.php?oid=-209976560&id=456239693&hash=2467e2db88de1e46&__ref=vk.admin_android&api_hash=174069447076aa760d4db3db373a_GMZDANZRGM2TCOA,1,1,1,False,https://sun9-64.userapi.com/YSvHFcbBVXcPaliDIdsETM4vbUdNWNSqL4aldg/xJ4ldJezOhY.jpg
456239688,-209976560,Roast Battle – Сергей Матвиенко х Сергей Орлов | Roast Battle Labelcom #32,"Булочка бриошь, котлета из мраморной говядины Black Angus, грибы, сыр и безграничное удовольствие! Встречайте Ангус Трюфель — новинку для гурманов от Бургер Кинг. https://clck.ru/35Cags  erid: 2VtzqvUvYTw
_________________________________
Roast Battle – формат, в котором молодые комики бьются за денежный приз ""прожаривая"" друг друга эксклюзивно в VK Видео. 

Ведущий Сергей Орлов: https://vk.com/id57723105
Гость Сергей Матвиенко: https://vk.com/id276560

Комики:
Настя Па - https://vk.com/anastasiia_pa
Салават Дюсенгалиев - https://vk.com/dsalavat
Алексей Юрьянов - https://vk.com/iurianov
Самер Самара - https://vk.com/samchik_mud
Скиф Бестаев - https://vk.com/skif_bestaev
Даниил Ковтун - https://vk.com/kovtun_daniel",4493,1692176607,2343178,214,4349,1098,https://vk.com/video_ext.php?oid=-209976560&id=456239688&hash=af2b2f3393bded99&__ref=vk.admin_android&api_hash=1740694470d96a466e56460a2207_GMZDANZRGM2TCOA,1,1,1,False,https://sun9-64.userapi.com/5Ztfiabb7MWHNWNJht6X091JhBnyManRbrQW5g/WQj1n5wIg8E.jpg
456239689,-209976560,[Анонс] Roast Battle – Сергей Матвиенко х Сергей Орлов | Roast Battle Labelcom #32,"Roast Battle – формат, в котором молодые комики бьются за денежный приз ""прожаривая"" друг друга эксклюзивно в VK Видео. 

Ведущий Сергей Орлов: https://vk.com/id57723105
Гость Сергей Матвиенко: https://vk.com/id276560

Комики:
Настя Па - https://vk.com/anastasiia_pa
Салават Дюсенгалиев - https://vk.com/dsalavat
Алексей Юрьянов - https://vk.com/iurianov
Самер Самара - https://vk.com/samchik_mud
Скиф Бестаев - https://vk.com/skif_bestaev
Даниил Ковтун - https://vk.com/kovtun_daniel",51,1692178853,130118,0,184,33,https://vk.com/video_ext.php?oid=-209976560&id=456239689&hash=b12250f52d0a1b89&__ref=vk.admin_android&api_hash=1740694470a5c2d3bf11cec78d24_GMZDANZRGM2TCOA,1,1,1,False,https://sun9-64.userapi.com/5Ztfiabb7MWHNWNJht6X091JhBnyManRbrQW5g/7sDgEXjjNlE.jpg
456239669,-209976560,Roast Battle – Надежда Сысоева х Сергей Орлов | Roast Battle Labelcom #31,"Roast Battle – формат, в котором молодые комики бьются за денежный приз ""прожаривая"" друг друга эксклюзивно в VK Видео. 

Ведущий Сергей Орлов: https://vk.com/id57723105
Гостья Надежда Сысоева: https://vk.com/comedynadenka

Комики:
Роман Мамедов https://vk.com/id84305729
Дима Птицин https://vk.com/d.ptitsin
Анастасия Чубарова https://vk.com/chuba_chuba
Иван Аникин https://vk.com/iv_anik
Андрей Хорев https://vk.com/andrey_horev
Сергей Скоревич https://vk.com/scorevich",4163,1690958223,1566469,203,3325,878,https://vk.com/video_ext.php?oid=-209976560&id=456239669&hash=0acaeb09c8247c1c&__ref=vk.admin_android&api_hash=1740694470c1729575b2c575852a_GMZDANZRGM2TCOA,1,1,1,False,https://sun9-58.userapi.com/U4GztBgIzWLAtM_bQGChPD0EtXk11SzLTCHSTQ/Eb_5xv5EiVk.jpg
456239670,-209976560,[Анонс] Roast Battle – Надежда Сысоева х Сергей Орлов | Roast Battle Labelcom #31,"Roast Battle – формат, в котором молодые комики бьются за денежный приз ""прожаривая"" друг друга эксклюзивно в VK Видео. 

Ведущий Сергей Орлов: https://vk.com/id57723105
Гостья Надежда Сысоева: https://vk.com/comedynadenka

Комики:
Роман Мамедов https://vk.com/id84305729
Дима Птицин https://vk.com/d.ptitsin
Анастасия Чубарова https://vk.com/chuba_chuba
Иван Аникин https://vk.com/iv_anik
Андрей Хорев https://vk.com/andrey_horev
Сергей Скоревич https://vk.com/scorevich",54,1690966326,140123,3,187,17,https://vk.com/video_ext.php?oid=-209976560&id=456239670&hash=49fc3fe69ae6ed88&__ref=vk.admin_android&api_hash=1740694470ec03853c67a0fc8e09_GMZDANZRGM2TCOA,1,1,1,False,https://sun9-58.userapi.com/U4GztBgIzWLAtM_bQGChPD0EtXk11SzLTCHSTQ/xW6otkIbLEE.jpg
456239662,-209976560,ПВН. #7 Михаил Стогниенко х Александр Пташенчук х Денис Дорохов х Яна Кошкина,"Это выпуск новостей, которые нигде и никогда не происходили эксклюзивно в VK Видео.",1215,1690442485,10968960,543,29627,8068,https://vk.com/video_ext.php?oid=-209976560&id=456239662&hash=6dfaca1fb7ebd02f&__ref=vk.admin_android&api_hash=174069447067bce70c50a113beff_GMZDANZRGM2TCOA,1,1,1,False,https://sun9-33.userapi.com/DLT-avkCgEIGYkChgOKjrw-U_d2U9efLtmNQiw/IM2Qm0R1_OA.jpg
456239663,-209976560,[Анонс] ПВН. #7 Михаил Стогниенко х Александр Пташенчук х Денис Дорохов х Яна Кошкина,"Это выпуск новостей, которые нигде и никогда не происходили эксклюзивно в VK Видео.",38,1690443749,252726,34,562,112,https://vk.com/video_ext.php?oid=-209976560&id=456239663&hash=5a2177e7b2a9f0eb&__ref=vk.admin_android&api_hash=1740694470d7b71d7318872777d5_GMZDANZRGM2TCOA,1,1,1,False,https://sun9-33.userapi.com/DLT-avkCgEIGYkChgOKjrw-U_d2U9efLtmNQiw/-IMn5zYNscA.jpg
456239643,-209976560,Roast Battle – Леонид Слуцкий х Сергей Орлов | Roast Battle Labelcom #30,"Закажите бесплатную Альфа-Карту с кэшбэком до 100% каждый месяц. В июле дополнительно 10% на супермаркеты: https://alfa.me/TqBHOC
erid: 2VtzqwtN9Ka
_________________________________
Roast Battle – формат, в котором молодые комики бьются за денежный приз ""прожаривая"" друг друга эксклюзивно в VK Видео.

Ведущий Сергей Орлов: https://vk.com/id57723105

Комики:
Юра Иванов https://vk.com/yuzivanov
Ольга Мокеева https://vk.com/id5624952
Роман Филин https://vk.com/filin_comedy
Константин Маласаев https://vk.com/malasajev
Ян Зубков https://vk.com/id535633485
Элдос Алмазов https://vk.com/eldos_almazov",3920,1689752226,2387441,235,3247,1246,https://vk.com/video_ext.php?oid=-209976560&id=456239643&hash=a6910b234fbda0f3&__ref=vk.admin_android&api_hash=174069447062a4242293d27c79be_GMZDANZRGM2TCOA,1,1,1,False,https://sun9-72.userapi.com/pKyPm7znOtq5fhTjwCZbx7sJKGAJvlJGQmbskw/JYZE8Tga-FE.jpg
456239644,-209976560,[Анонс] Roast Battle – Леонид Слуцкий х Сергей Орлов | Roast Battle Labelcom #30,"Roast Battle – формат, в котором молодые комики бьются за денежный приз ""прожаривая"" друг друга эксклюзивно в VK Видео.

Ведущий Сергей Орлов: https://vk.com/id57723105

Комики:
Юра Иванов https://vk.com/yuzivanov
Ольга Мокеева https://vk.com/id5624952
Роман Филин https://vk.com/filin_comedy
Константин Маласаев https://vk.com/malasajev
Ян Зубков https://vk.com/id535633485
Элдос Алмазов https://vk.com/eldos_almazov",51,1689754229,143113,4,149,22,https://vk.com/video_ext.php?oid=-209976560&id=456239644&hash=93e2cece23c4469d&__ref=vk.admin_android&api_hash=174069447049009f48c52395780d_GMZDANZRGM2TCOA,1,1,1,False,https://sun9-72.userapi.com/pKyPm7znOtq5fhTjwCZbx7sJKGAJvlJGQmbskw/baH4pj4gJ9A.jpg
456239627,-209976560,ПВН. #6 Саша Малой х Филипп Воронин х Денис Дорохов х Яна Кошкина,"Это выпуск новостей, которые нигде и никогда не происходили эксклюзивно в VK Видео!",1526,1688629936,10762527,1356,37845,15240,https://vk.com/video_ext.php?oid=-209976560&id=456239627&hash=90ba8cf14be885f2&__ref=vk.admin_android&api_hash=1740694470b21bef8027656c6784_GMZDANZRGM2TCOA,1,1,1,False,https://sun9-9.userapi.com/yU5LendtKg1MQzfSE2HZvFf5LvrDvrwOoRmHdw/SshlVTC0Id0.jpg
456239628,-209976560,[Анонс] ПВН. #6 Саша Малой х Филипп Воронин х Денис Дорохов х Яна Кошкина,"Это выпуск новостей, которые нигде и никогда не происходили эксклюзивно в VK Видео!",45,1688632527,314083,3,645,245,https://vk.com/video_ext.php?oid=-209976560&id=456239628&hash=e429a754581fa2af&__ref=vk.admin_android&api_hash=1740694470fb8fbd63798b498552_GMZDANZRGM2TCOA,1,1,1,False,https://sun9-9.userapi.com/yU5LendtKg1MQzfSE2HZvFf5LvrDvrwOoRmHdw/lDJGHy_FxdI.jpg
456239624,-209976560,Roast Battle – Виктория Складчикова х Сергей Орлов | Roast Battle Labelcom #29,"Roast Battle – формат, в котором молодые комики бьются за денежный приз ""прожаривая"" друг друга. Эксклюзивно в VK Видео!

Ведущий Сергей Орлов: https://vk.com/id57723105
Гостья Виктория Складчикова: https://vk.com/vikaskladchikova

Комики:
Иван Бобровников https://vk.com/ibobrovnikov
Андрей Серебряников https://vk.com/dikzik
Иван Федоров https://vk.com/id282031365
Эдуард Дородний https://vk.com/eddorodni
Анна Пашинина https://vk.com/anna_jaromira
Янина Герасимова https://vk.com/yaninagera",4138,1688539666,2733977,393,6561,4136,https://vk.com/video_ext.php?oid=-209976560&id=456239624&hash=65093b0c6795665a&__ref=vk.admin_android&api_hash=174069447066f77d1c0d219ccf08_GMZDANZRGM2TCOA,1,1,1,False,https://sun9-14.userapi.com/UaIAfO3uK8Ku4fcAOaQKjfE-mAvPsjPXcoCoFw/AmiwebnVYmA.jpg
456239625,-209976560,[Анонс] Roast Battle – Виктория Складчикова х Сергей Орлов | Roast Battle Labelcom #29,"Roast Battle – формат, в котором молодые комики бьются за денежный приз ""прожаривая"" друг друга. Эксклюзивно в VK Видео!

Ведущий Сергей Орлов: https://vk.com/id57723105
Гостья Виктория Складчикова: https://vk.com/vikaskladchikova

Комики:
Иван Бобровников https://vk.com/ibobrovnikov
Андрей Серебряников https://vk.com/dikzik
Иван Федоров https://vk.com/id282031365
Эдуард Дородний https://vk.com/eddorodni
Анна Пашинина https://vk.com/anna_jaromira
Янина Герасимова https://vk.com/yaninagera",46,1688545098,148660,6,260,36,https://vk.com/video_ext.php?oid=-209976560&id=456239625&hash=bd607db25cab3e8e&__ref=vk.admin_android&api_hash=1740694470c1da88253a41ca3835_GMZDANZRGM2TCOA,1,1,1,False,https://sun9-14.userapi.com/UaIAfO3uK8Ku4fcAOaQKjfE-mAvPsjPXcoCoFw/EyeHN3OEfU4.jpg
456239602,-209976560,Roast Battle – Игорь Джабраилов х Сергей Орлов | Roast Battle Labelcom #28,"Mir Pay – удобное приложение от платежной системы «Мир» для оплаты при помощи смартфона на ОС Android. Подробнее о Mir Pay по ссылке: https://clck.ru/34h7qf
Erid: 2VtzqwJPqRU
_____________________
Roast Battle – формат, в котором молодые комики бьются за денежный приз ""прожаривая"" друг друга. Эксклюзивно в VK Видео!
 
Ведущий Сергей Орлов: https://vk.com/id57723105
Гость Игорь Джабраилов: https://vk.com/dzhabrailov

Комики:
Никита Некрасов: https://vk.com/nekrasavaaaa
Антон Горбенко: https://vk.com/apostol_anton
Влад Онищенко: https://vk.com/vladislav.onischenko
Андрей Шумилов: https://vk.com/shumilov_andrey
Адис Маммо: https://vk.com/adismammo
Тимур Хамадуллин: https://vk.com/id125171764",3571,1687342724,2639146,387,3852,1582,https://vk.com/video_ext.php?oid=-209976560&id=456239602&hash=bc742b23cf9f1652&__ref=vk.admin_android&api_hash=1740694470244e43412480c09cf1_GMZDANZRGM2TCOA,1,1,1,False,https://sun9-47.userapi.com/pY7fdfHtRQ9JWov0lBDh05qn77uND1A8cHXmBw/4VPvCK2jPZs.jpg
456239603,-209976560,[Анонс] Roast Battle – Игорь Джабраилов х Сергей Орлов | Roast Battle Labelcom #28,"Roast Battle – формат, в котором молодые комики бьются за денежный приз ""прожаривая"" друг друга. Эксклюзивно в VK Видео!
 
Ведущий Сергей Орлов: https://vk.com/id57723105
Гость Игорь Джабраилов: https://vk.com/dzhabrailov

Комики:
Никита Некрасов: https://vk.com/nekrasavaaaa
Антон Горбенко: https://vk.com/apostol_anton
Влад Онищенко: https://vk.com/vladislav.onischenko
Андрей Шумилов: https://vk.com/shumilov_andrey
Адис Маммо: https://vk.com/adismammo
Тимур Хамадуллин: https://vk.com/id125171764",46,1687344765,147630,11,127,31,https://vk.com/video_ext.php?oid=-209976560&id=456239603&hash=98ce515a9aa3e8ee&__ref=vk.admin_android&api_hash=1740694470fdf85d861af0e55d61_GMZDANZRGM2TCOA,1,1,1,False,https://sun9-47.userapi.com/pY7fdfHtRQ9JWov0lBDh05qn77uND1A8cHXmBw/4VPvCK2jPZs.jpg
456239596,-209976560,ПВН. #5 Евгений Чебатков х Хетаг Хугаев х Денис Дорохов х Яна Кошкина,"Если хочешь быть сытым и счастливым, как Дорохов, бери свой Кинг Топ обед от Бургер Кинг. Всего 249,99 — выбери по вкусу или съешь сразу оба: https://burgerkingrus.ru/king-top-lunch?utm_source=YT&utm_medium=blogger_PN

Слушай новый трек Яны Кошкиной ""С неба ты сошла"" на всех музыкальных площадках - https://zvonko.link/15F1ADB

Это эксклюзивный в VK Видео выпуск новостей, которые нигде и никогда не происходили.",1363,1686817756,11317860,540,28048,7751,https://vk.com/video_ext.php?oid=-209976560&id=456239596&hash=724dcd182b69ac22&__ref=vk.admin_android&api_hash=17406944704eccf1dfb845239786_GMZDANZRGM2TCOA,1,1,1,False,https://sun9-80.userapi.com/DCvkhvy5eC0xGwnyMwPVHlodHg3PUkzqhFRy8Q/aNwBgFivubk.jpg
456239597,-209976560,[Анонс] ПВН. #5 Евгений Чебатков х Хетаг Хугаев х Денис Дорохов х Яна Кошкина,"Слушай новый трек Яны Кошкиной ""С неба ты сошла"" на всех музыкальных площадках - https://zvonko.link/15F1ADB

Это эксклюзивный в VK Видео выпуск новостей, которые нигде и никогда не происходили.",46,1686818613,270839,4,467,94,https://vk.com/video_ext.php?oid=-209976560&id=456239597&hash=a912f84e0f32e3a7&__ref=vk.admin_android&api_hash=17406944704f74ba0a50e5d7432d_GMZDANZRGM2TCOA,1,1,1,False,https://sun9-80.userapi.com/DCvkhvy5eC0xGwnyMwPVHlodHg3PUkzqhFRy8Q/aNwBgFivubk.jpg
456239573,-209976560,Премьеры новых выпусков LABELCOM - теперь эксклюзивно в VK Видео!,,14,1685624624,505983,30,760,31,https://vk.com/video_ext.php?oid=-209976560&id=456239573&hash=774e55954015b5ba&__ref=vk.admin_android&api_hash=1740694470c4656a068f7d91401c_GMZDANZRGM2TCOA,1,1,1,False,https://i.mycdn.me/getVideoPreview?id=4692597213911&idx=9&type=39&tkn=z5L4dTsydpPvkO5KIta0Q0sOJTg&fn=vid_s
456239570,-209976560,ПВН. #4 Илья Соболев х Стас Костюшкин х Денис Дорохов х Яна Кошкина,"Эксклюзивно в VK Видео! Это выпуск новостей, которые нигде и никогда не происходили.",1339,1685605671,15551953,1008,36235,14332,https://vk.com/video_ext.php?oid=-209976560&id=456239570&hash=efe6110df47c8300&__ref=vk.admin_android&api_hash=1740694470f4823dcb59fca69767_GMZDANZRGM2TCOA,1,1,1,False,https://sun9-23.userapi.com/iMStTyEuPaCWbkUEeA_rAFWhOBlRnqxZ2ry0lQ/nFMydMuEDug.jpg
456239571,-209976560,[Анонс] ПВН. #4 Илья Соболев х Стас Костюшкин х Денис Дорохов х Яна Кошкина,"Эксклюзивно в VK Видео! Это выпуск новостей, которые нигде и никогда не происходили.",45,1685607398,345225,11,567,181,https://vk.com/video_ext.php?oid=-209976560&id=456239571&hash=1ccceecee8235f16&__ref=vk.admin_android&api_hash=1740694470eeceb56f8ec407cc1c_GMZDANZRGM2TCOA,1,1,1,False,https://sun9-23.userapi.com/iMStTyEuPaCWbkUEeA_rAFWhOBlRnqxZ2ry0lQ/UotRMmNc8xE.jpg
456239552,-209976560,ПВН. #3 Зоя Яровицына х Дима Масленников х Денис Дорохов х Яна Кошкина,"Это выпуск новостей, которые нигде и никогда не происходили.",1385,1683793251,5559633,314,12089,3653,https://vk.com/video_ext.php?oid=-209976560&id=456239552&hash=eacfcca294f8c288&__ref=vk.admin_android&api_hash=1740694470c7f78c47a4dba1ea25_GMZDANZRGM2TCOA,1,1,1,False,https://sun9-49.userapi.com/lc3gxwg2utWD7WWPmlagleE_2659SLGleMtRcw/Hd0nTHpU7MQ.jpg
456239553,-209976560,[Анонс] ПВН. #3 Зоя Яровицына х Дима Масленников х Денис Дорохов х Яна Кошкина,"Это выпуск новостей, которые нигде и никогда не происходили.",46,1683794005,164897,9,358,69,https://vk.com/video_ext.php?oid=-209976560&id=456239553&hash=d5f7891ef8384e04&__ref=vk.admin_android&api_hash=1740694470d1747e8087cc14be4b_GMZDANZRGM2TCOA,1,1,1,False,https://sun9-49.userapi.com/lc3gxwg2utWD7WWPmlagleE_2659SLGleMtRcw/Hd0nTHpU7MQ.jpg
456239519,-209976560,ПВН. #2 Артем Дзюба х Леонид Слуцкий х Денис Дорохов х Яна Кошкина,"3 месяца подписки на VK Музыку бесплатно 
https://music.vk.com/promo?mt_link_id=l70hp2&utm_source=youtube&utm_campaign=bad_news_2&utm_medium=blogger&mt_campaign=bad_news_2

Это выпуск новостей, которые нигде и никогда не происходили.",1684,1681977758,5236311,218,11207,4780,https://vk.com/video_ext.php?oid=-209976560&id=456239519&hash=66a943015af53632&__ref=vk.admin_android&api_hash=1740694470eae29b480a870f631c_GMZDANZRGM2TCOA,1,1,1,False,https://sun9-30.userapi.com/mfS76-FOxPilw0b5O2YKXlFCDH4u8WX0bu3cNg/bIVTQx5UXnA.jpg
456239505,-209976560,ПВН. #1 Гарик Харламов x Анастасия Волочкова x Денис Дорохов х Яна Кошкина,"Альфа-Банк разыгрывает 5 000 000 денежных призов! Следуйте за котиком и выигрывайте деньги каждый день: https://alfa.me/9WN_4P

3 месяца подписки на VK Музыку бесплатно https://music.vk.com/promo?mt_link_id=l70hp2&utm_source=youtube&utm_campaign=bad_news_1&utm_medium=blogger&mt_campaign=bad_news_1

Это выпуск новостей, которые нигде и никогда не происходили!",1485,1680776572,6007373,333,14623,5351,https://vk.com/video_ext.php?oid=-209976560&id=456239505&hash=355ac678ebc94717&__ref=vk.admin_android&api_hash=17406944706528df14510e99efbd_GMZDANZRGM2TCOA,1,1,1,False,https://sun9-57.userapi.com/Nl-6fKjoc5UU_j2v-5XmQUAHnwwZVPJ9kCbHQA/aJEk0VoQXEQ.jpg
456239198,-209976560,Рекомендованные - HammAli & Navai x Братья Пономаренко | ЧТО БЫЛО ДАЛЬШЕ?,"Глубокое очищение и до 100% защиты от перхоти вместе с Head&Shoulders! https://clck.ru/QsmFG

На новых тарифах МегаФона мессенджеры работают даже при нуле. Оставайтесь на связи БезПереплат: https://bit.ly/2ZK1T9Q

Ранние премьеры, эксклюзивы и лучшие шоу в нашем приложении The Hole: https://mediumquality.page.link/chto_bilo_dalshe_hole Смотрите выпуски в фоне и пробуйте остальные штуки — всё бесплатно. Заходить можно без стука!! 

Мерч LABELCOM: http://mqpmerch.ru/labelcom 

SVMOSCOW: https://instagram.com/svmoscow

LABELCOM: https://instagram.com/labelcomedians
LABELCOM.VIDEO: https://instagram.com/labelcom.video

HammAli: https://instagram.com/hammali
Navai: https://instagram.com/navaib
Братья Пономаренко: https://vm.tiktok.com/ZSarVqhB/

Нурлан Сабуров: https://instagram.com/nurlan__saburov
Тамби Масаев: https://instagram.com/tambi_masaev
Сергей Детков: https://instagram.com/sergii_detkov
Рустам Рептилоид: https://instagram.com/rustreptiloid
Алексей Щербаков: https://instagram.com/shcherbakov_alexei

#чтобылодальше #нурлансабуров #labelcom",4611,1674292064,611960,84,1854,846,https://vk.com/video_ext.php?oid=-209976560&id=456239198&hash=d333942acb43ff00&__ref=vk.admin_android&api_hash=1740694470a7b1cdac28cb1af4ff_GMZDANZRGM2TCOA,1,1,1,False,https://sun9-43.userapi.com/V7rw5gNnz0AMzATCy2GuQVfgXU_vtcNR0-BBIg/vuiUBWEjR08.jpg
456239468,-209976560,Что было дальше? - ЧТО БЫЛО ДАЛЬШЕ? || ТИЗЕР НОВОГОДНЕГО ВЫПУСКА ЧБД,"ШЕСТЬ приколдесных вкусов энергетика TORNADO с доставкой на дом ждут тебя: https://shop.sns.ru/catalog/tornado_group65/ 

Трек «Эйфория» исполняет КАССЕТА
YT: https://clck.ru/SaHFU
IG: https://www.instagram.com/kasseta____/ 
VK: https://vk.com/kassetakaseta
СЛУШАТЬ: http://band.link/plenkuperemotai

EDIT
Турал Мирзаханлы: https://instagram.com/tural_natural
Петр Берноскуни: https://instagram.com/bernoskunipetia

Мерч LABELCOM: http://mqpmerch.ru/labelcom

По вопросам рекламы и сотрудничества: labelcom@mediumquality.ru

LABELCOM: https://instagram.com/labelcomedians
LABELCOM.VIDEO: https://instagram.com/labelcom.video

Нурлан Сабуров: https://instagram.com/nurlan__saburov
Тамби Масаев: https://instagram.com/tambi_masaev
Илья Макаров: https://instagram.com/ilia._.makarov
Рустам Рептилоид: https://instagram.com/rustreptiloid
Алексей Щербаков: https://instagram.com/shcherbakov_alexei

#чтобылодальше #нурлансабуров #labelcom",59,1674477367,199413,16,363,43,https://vk.com/video_ext.php?oid=-209976560&id=456239468&hash=f7643a944a607342&__ref=vk.admin_android&api_hash=1740694470758ca7a9a78e525bbf_GMZDANZRGM2TCOA,1,1,1,False,https://sun9-57.userapi.com/bb4xH1kPqXA7wWWHAFdFXFJoq23Ano_sZMBUBQ/PPEshDvMv5I.jpg
456239498,-209976560,Что было дальше? - DAVA х Паша Техник | ЧТО БЫЛО ДАЛЬШЕ? ЧБД,"Самая #ГромкаяРаспродажа года в новом приложении AliExpress! Кричи и получай супер скидки и подарки: https://trk.mail.ru/c/pp3b84

Участвуй в конкурсе на новую Tesla от LetyShops — https://letyshops.onelink.me/zrnH/9f2e52a3
Расширение для Aliexpress, динамика цены и рейтинг продавца - https://bit.ly/3bhKASJ

Ранние премьеры, эксклюзивы и лучшие шоу в нашем приложении The Hole: https://mediumquality.page.link/chto_bilo_dalshe_hole Смотрите выпуски в фоне и пробуйте остальные штуки — всё бесплатно. Заходить можно без стука!! 

LABELCOM: https://instagram.com/labelcomedians
LABELCOM.VIDEO: https://instagram.com/labelcom.video

Дава: https://instagram.com/dava_m
Паша Техник: https://instagram.com/techniquepasha84

Нурлан Сабуров: https://instagram.com/nurlan__saburov
Тамби Масаев: https://instagram.com/tambi_masaev
Илья Макаров: https://instagram.com/ilia._.makarov
Эмир Кашоков: https://www.instagram.com/emir_kashokov
Алексей Щербаков: https://instagram.com/shcherbakov_alexei

#чтобылодальше #нурлансабуров #labelcom",4399,1674479176,12083972,645,26601,12420,https://vk.com/video_ext.php?oid=-209976560&id=456239498&hash=db5b06cb0a0ee718&__ref=vk.admin_android&api_hash=1740694470df8f5810029e840c96_GMZDANZRGM2TCOA,1,1,1,False,https://sun9-55.userapi.com/FDNBo1SzXZQ6GQvhu_l8_6RvdlV-CXzXwrfsFA/7ReW3pQQbNI.jpg
456239497,-209976560,Что было дальше? - Павел Воля х Сергей Детков | ЧТО БЫЛО ДАЛЬШЕ? ЧБД,"Заказать бесплатную Альфа-Карту с кэшбэком до 2% на всё за 40 секунд и сразу начать пользоваться: https://alfa.link/g-qrOA
АО «Альфа-Банк», ген. лицензия ЦБ РФ №1326 от 16.01.2015. 18+

Бесплатная диагностика ходовой части в FIT SERVICE – https://fitservice.ru/eb 
Бесплатная замена любых тех. жидкостей – https://fitservice.ru/ec

Ранние премьеры, эксклюзивы и лучшие шоу в нашем приложении The Hole: https://mediumquality.page.link/chto_bilo_dalshe_hole Смотрите выпуски в фоне и пробуйте остальные штуки — всё бесплатно. Заходить можно без стука!! 

LABELCOM: https://instagram.com/labelcomedians
LABELCOM.VIDEO: https://instagram.com/labelcom.video

Павел Воля: https://www.instagram.com/pavelvolyaofficial
Сергей Детков: https://www.instagram.com/sergii_detkov

Нурлан Сабуров: https://instagram.com/nurlan__saburov
Тамби Масаев: https://instagram.com/tambi_masaev
Илья Макаров: https://instagram.com/ilia._.makarov
Эмир Кашоков: https://www.instagram.com/emir_kashokov
Алексей Щербаков: https://instagram.com/shcherbakov_alexei

#чтобылодальше #нурлансабуров #labelcom",6517,1674479169,5992748,293,14163,5818,https://vk.com/video_ext.php?oid=-209976560&id=456239497&hash=046fa6997d50ebf0&__ref=vk.admin_android&api_hash=17406944700c54933f30646e26e6_GMZDANZRGM2TCOA,1,1,1,False,https://sun9-75.userapi.com/X82Ul00VfSxEf-9_JnNMQ5tTv1Wge63FO4j5gw/9ToM9leIMEI.jpg
456239496,-209976560,"Что было дальше? - Моргенштерн х Артемий Лебедев | ЧТО БЫЛО ДАЛЬШЕ? (Сабуров, Щербаков, Рептилоид, Тамби, Детков) ЧБД","Ранние премьеры, эксклюзивы и лучшие шоу в нашем приложении The Hole: https://mediumquality.page.link/chto_bilo_dalshe_hole Смотрите выпуски в фоне и пробуйте остальные штуки — всё бесплатно. Заходить можно без стука!! 

LABELCOM: https://instagram.com/labelcomedians
LABELCOM.VIDEO: https://instagram.com/labelcom.video 

Моргенштерн: https://instagram.com/morgen_shtern
Артемий Лебедев: https://www.youtube.com/user/temalebedev

Нурлан Сабуров: https://instagram.com/nurlan__saburov
Тамби Масаев: https://instagram.com/tambi_masaev
Сергей Детков: https://instagram.com/sergii_detkov
Рустам Рептилоид: https://instagram.com/rustreptiloid
Алексей Щербаков: https://instagram.com/shcherbakov_alexei",4305,1674479135,7361747,319,14373,5523,https://vk.com/video_ext.php?oid=-209976560&id=456239496&hash=9f9f887ffbdb0c44&__ref=vk.admin_android&api_hash=1740694470a42ddb85c3b16f6535_GMZDANZRGM2TCOA,1,1,1,False,https://sun9-26.userapi.com/ESiZC_NgntEaFlMtHknKV4MNeWJ-BwpI3kXQkQ/1qDylq-lov4.jpg
456239495,-209976560,Что было дальше? - Витя АК х Митя Фомин | ЧТО БЫЛО ДАЛЬШЕ? ЧБД,"Связной представляет: Samsung Galaxy A31 + колонка в подарок https://www.svyaznoy.ru/catalog/phone/225/samsung/galaxy-a31

Зелье энергии из будущего с доставкой на дом https://clck.ru/MhH2i

Псс, преятель, подписывайся на пушечный инстаграм глубинной байкальской воды BAIKAL430 https://www.instagram.com/baikal430/

Ранние премьеры, эксклюзивы и лучшие шоу в нашем приложении The Hole: https://mediumquality.page.link/chto_bilo_dalshe_hole Смотрите выпуски в фоне и пробуйте остальные штуки — всё бесплатно. Заходить можно без стука!! 

LABELCOM: https://instagram.com/labelcomedians
LABELCOM.VIDEO: https://instagram.com/labelcom.video

Витя АК: https://instagram.com/vityaak
Митя Фомин: https://instagram.com/mf_agent

Нурлан Сабуров: https://instagram.com/nurlan__saburov
Тамби Масаев: https://instagram.com/tambi_masaev
Сергей Детков: https://instagram.com/sergii_detkov
Рустам Рептилоид: https://instagram.com/rustreptiloid
Алексей Щербаков: https://instagram.com/shcherbakov_alexei

#чтобылодальше #нурлансабуров #ДомаВместе",4043,1674479117,3531999,188,5890,1943,https://vk.com/video_ext.php?oid=-209976560&id=456239495&hash=10f69b07e4971fc4&__ref=vk.admin_android&api_hash=1740694470f10cdcc2ddec66bcc6_GMZDANZRGM2TCOA,1,1,1,False,https://sun9-69.userapi.com/8vXOHLAdjhAA2N4wpMDBmYlS3m91CqvJutW6KA/12a1R7Vs0SE.jpg
456239494,-209976560,"Что было дальше? - Вадим Галыгин х Джиган | ЧТО БЫЛО ДАЛЬШЕ? (Сабуров, Щербаков, Рептилоид, Тамби, Детков) ЧБД","У МегаФона есть еще и домашний интернет. Тарифный план «Объединяй!» сэкономит твои деньги: https://clck.ru/KLi4L

Ранние премьеры, эксклюзивы и лучшие шоу в нашем приложении The Hole: https://mediumquality.page.link/chto_bilo_dalshe_hole Смотрите выпуски в фоне и пробуйте остальные штуки — всё бесплатно. Заходить можно без стука!! 

LABELCOM: https://instagram.com/labelcomedians
LABELCOM. VIDEO: https://instagram.com/labelcom.video

Вадим Галыгин: https://instagram.com/vadimgalygin
Джиган: https://instagram.com/iamgeegun

Нурлан Сабуров: https://instagram.com/nurlan__saburov
Тамби Масаев: https://instagram.com/tambi_masaev
Сергей Детков: https://instagram.com/sergii_detkov
Рустам Рептилоид: https://instagram.com/rustreptiloid
Алексей Щербаков: https://instagram.com/shcherbakov_alexei",5686,1674479114,5598518,298,12693,4999,https://vk.com/video_ext.php?oid=-209976560&id=456239494&hash=41dd3552cf73f94c&__ref=vk.admin_android&api_hash=17406944705bab4bf2e67058acc9_GMZDANZRGM2TCOA,1,1,1,False,https://sun9-53.userapi.com/pKBQx7WmMopvMrsfQNA1wImbRzI8zGO8y9ZjTA/WE9sBeZKKPc.jpg
456239493,-209976560,Что было дальше? - Юрий Дудь х Лолита | ЧТО БЫЛО ДАЛЬШЕ? ЧБД,"Оставайтесь дома на период самоизоляции, а все подробности о программе лояльности узнайте онлайн на https://www.gpnbonus.ru/on_the_way

Смартфон Samsung Galaxy A51 уже ждет тебя на Эльдорадо.ру! Сделаем скидку 5% при онлайн-оплате, доставим бесплатно в удобное время https://clck.ru/Mk3tV 

Оставайся дома, воду мы привезем! Байкальская вода BAIKAL430 со скидкой 20% по промокоду BAIKALCBD тут https://clck.ru/MmKRF

Ранние премьеры, эксклюзивы и лучшие шоу в нашем приложении The Hole: https://mediumquality.page.link/chto_bilo_dalshe_hole Смотрите выпуски в фоне и пробуйте остальные штуки — всё бесплатно. Заходить можно без стука!! 

LABELCOM: https://instagram.com/labelcomedians
LABELCOM.VIDEO: https://instagram.com/labelcom.video

Юрий Дудь: https://instagram.com/yurydud
Лолита: https://instagram.com/lolitamilyavskaya

Нурлан Сабуров: https://instagram.com/nurlan__saburov
Тамби Масаев: https://instagram.com/tambi_masaev
Сергей Детков: https://instagram.com/sergii_detkov
Рустам Рептилоид: https://instagram.com/rustreptiloid
Алексей Щербаков: https://instagram.com/shcherbakov_alexei

#чтобылодальше #нурлансабуров #labelcom",5353,1674479110,5072831,270,11817,4233,https://vk.com/video_ext.php?oid=-209976560&id=456239493&hash=9ad8a4a7519d22b5&__ref=vk.admin_android&api_hash=174069447003ea155dbba4fe1103_GMZDANZRGM2TCOA,1,1,1,False,https://sun9-24.userapi.com/gKVSCjhTPplma4nwUno0iBR4C9a6W8K5yz4sFA/pqiBH5yJfFY.jpg
456239492,-209976560,Что было дальше? - Никита Джигурда x Павел Дедищев | ЧТО БЫЛО ДАЛЬШЕ? ЧБД,"Ту ордер фуд фор ёр лавли диннер, юз зыс промокод - SHERBOCOP - ор зыс линк - https://trk.mail.ru/c/ceoqu2
Ит вилл гив ю 30% офф фор зе фёрст ордер. THIS IS THE LAW!

Сухарики «Хрусteam» - ощути притяжение вкуса! Узнай больше на https://hrusteam.ru

Ранние премьеры, эксклюзивы и лучшие шоу в нашем приложении The Hole: https://mediumquality.page.link/chto_bilo_dalshe_hole Смотрите выпуски в фоне и пробуйте остальные штуки — всё бесплатно. Заходить можно без стука!! 

Мерч LABELCOM: http://mqpmerch.ru/labelcom

SVMOSCOW: https://instagram.com/svmoscow

LABELCOM: https://instagram.com/labelcomedians
LABELCOM.VIDEO: https://instagram.com/labelcom.video

Никита Джигурда: https://instagram.com/instadzhigurda
Павел Дедищев: https://instagram.com/amerikanec46

Нурлан Сабуров: https://instagram.com/nurlan__saburov
Тамби Масаев: https://instagram.com/tambi_masaev
Илья Макаров: https://instagram.com/ilia._.makarov
Рустам Рептилоид: https://instagram.com/rustreptiloid
Алексей Щербаков: https://instagram.com/shcherbakov_alexei

#чтобылодальше #нурлансабуров #labelcom",7483,1674479055,5996077,355,15306,7020,https://vk.com/video_ext.php?oid=-209976560&id=456239492&hash=fd2d30b48f2c532d&__ref=vk.admin_android&api_hash=174069447051a3cc426b3c6d10ec_GMZDANZRGM2TCOA,1,1,1,False,https://sun9-71.userapi.com/DgF4LTUjTNY1Rz0cON1ZLQCmS8GVOh44oZbKCg/cLYYUNSyDq8.jpg
456239491,-209976560,Что было дальше? - Павел Деревянко x Денис Дорохов | ЧТО БЫЛО ДАЛЬШЕ? ЧБД,"Бесплатная онлайн-конференция от Skillbox —  https://clc.to/LPRUDQ

Уникальный промокод на 20% «LCM21» до 14 декабря Мерч LABELCOM: http://mqpmerch.ru/labelcom

Ранние премьеры, эксклюзивы и лучшие шоу в нашем приложении The Hole: https://mediumquality.page.link/chto_bilo_dalshe_hole Смотрите выпуски в фоне и пробуйте остальные штуки — всё бесплатно. Заходить можно без стука!! 

SVMOSCOW: https://instagram.com/svmoscow

LABELCOM: https://instagram.com/labelcomedians
LABELCOM.VIDEO: https://instagram.com/labelcom.video

Павел Деревянко: https://instagram.com/pablo_derevyanko
Денис Дорохов: https://instagram.com/dorokhovdenisofficial

Нурлан Сабуров: https://instagram.com/nurlan__saburov
Тамби Масаев: https://instagram.com/tambi_masaev
Илья Макаров: https://instagram.com/ilia._.makarov
Рустам Рептилоид: https://instagram.com/rustreptiloid
Алексей Щербаков: https://instagram.com/shcherbakov_alexei

#чтобылодальше #нурлансабуров #labelcom",5186,1674479002,8535559,409,21665,8999,https://vk.com/video_ext.php?oid=-209976560&id=456239491&hash=2b491784252dcc28&__ref=vk.admin_android&api_hash=1740694470b6160a6ba0c031355c_GMZDANZRGM2TCOA,1,1,1,False,https://sun9-77.userapi.com/lqi-wcRThNNdKGnwbhFiv1V2pY3XXOwo5yQGlw/uN_Bb7U0fg4.jpg
456239490,-209976560,Что было дальше? - Дмитрий Губерниев х Настя Ивлеева х Олег Майами х Гарик Харламов х Джиган | ЧТО БЫЛО ДАЛЬШЕ? ЧБД,"РОЗЫГРЫШ 20 АЙФОНОВ! Оформи бесплатную дебетовую Альфа-Карту с кэшбэком, получи 500 Р после первой покупки и возможность выиграть 100 000 Р. А ещё разыграем 20 iPhone 12 256 гб среди всех, кто заказал карту по нашей ссылке: https://alfa.me/chbd
Правила - https://alfa.link/8Zt5nA

Получи доступ к секретной разработке МТС – НЕтарифу: https://clck.ru/Sbnui

обрети свой баланс в прогрессивных жилых кварталах balance – https://clck.ru/Sg7de

Получи скидку 20% на первый заказ по промокоду ЧБД. Скачивай приложение «Пятёрочка Доставка»: https://go.onelink.me/RJVj/7fabffdc

Ранние премьеры, эксклюзивы и лучшие шоу в нашем приложении The Hole: https://mediumquality.page.link/chto_bilo_dalshe_hole Смотрите выпуски в фоне и пробуйте остальные штуки — всё бесплатно. Заходить можно без стука!! 

Мерч LABELCOM: http://mqpmerch.ru/labelcom

LABELCOM: https://instagram.com/labelcomedians
LABELCOM.VIDEO: https://instagram.com/labelcom.video

Дмитрий Губерниев: https://instagram.com/guberniev_dmitry
Настя Ивлеева: https://instagram.com/_agentgirl_
Олег Майами: https://instagram.com/miamioleg_official
Гарик Харламов: https://instagram.com/garikkharlamov
Джиган: https://instagram.com/iamgeegun

Нурлан Сабуров: https://instagram.com/nurlan__saburov
Тамби Масаев: https://instagram.com/tambi_masaev
Илья Макаров: https://instagram.com/ilia._.makarov
Рустам Рептилоид: https://instagram.com/rustreptiloid
Алексей Щербаков: https://instagram.com/shcherbakov_alexei

#чтобылодальше #нурлансабуров #labelcom",10478,1674478959,7909085,440,21755,9394,https://vk.com/video_ext.php?oid=-209976560&id=456239490&hash=9dba0871525e8756&__ref=vk.admin_android&api_hash=174069447042b6a6528879b8cf82_GMZDANZRGM2TCOA,1,1,1,False,https://sun9-21.userapi.com/Ye9mmALYB9ubqy10fcDOimQfMURefUeeBWkFUA/oCEkKOrVdnk.jpg
456239489,-209976560,Что было дальше? - Алексей Смирнов x Михаил Шуфутинский | ЧТО БЫЛО ДАЛЬШЕ? ЧБД,"Старый добрый Warface! Получи подарки для новых игроков и ветеранов проекта - снаряжение ""Абсолют"" и ачивку ""Третье сентября"" по ссылке: http://bit.ly/WF_4BD

Сухарики «Хрусteam» - твоя победа над скукой! Узнай больше на http://hrusteam.ru

Закажи домой BAIKAL430 — чистейшую воду из глубин великого озера. Скидка 30% по промокоду BAIKALCBD3 https://instagram.com/baikal430

Ранние премьеры, эксклюзивы и лучшие шоу в нашем приложении The Hole: https://mediumquality.page.link/chto_bilo_dalshe_hole Смотрите выпуски в фоне и пробуйте остальные штуки — всё бесплатно. Заходить можно без стука!! 

Мерч LABELCOM: http://mqpmerch.ru/labelcom

SVMOSCOW: https://instagram.com/svmoscow

LABELCOM: https://instagram.com/labelcomedians
LABELCOM.VIDEO: https://instagram.com/labelcom.video

HOPHEAD STANDUP CLUB: https://instagram.com/hophead_standupclub

Смирняга: https://instagram.com/alesha_smirnov
Михаил Шуфутинский: https://instagram.com/mikhail.shufutinsky

Нурлан Сабуров: https://instagram.com/nurlan__saburov
Тамби Масаев: https://instagram.com/tambi_masaev
Сергей Детков: https://instagram.com/sergii_detkov
Рустам Рептилоид: https://instagram.com/rustreptiloid
Алексей Щербаков: https://instagram.com/shcherbakov_alexei

#чтобылодальше #нурлансабуров #labelcom",4812,1674478956,2697220,128,6160,1804,https://vk.com/video_ext.php?oid=-209976560&id=456239489&hash=c91182600886f7e5&__ref=vk.admin_android&api_hash=1740694470c9465c0bae3f9fcb99_GMZDANZRGM2TCOA,1,1,1,False,https://sun9-13.userapi.com/iUqn54DSkex33L6d3dnEfRP8FVU1Y-BMLxNVpg/2iN-nEjqqi0.jpg
456239488,-209976560,"Что было дальше? - Тимур Батрутдинов x Тимур Каргинов | ЧТО БЫЛО ДАЛЬШЕ? (Сабуров, Щербаков, Чапарян, Тамби, Рептилоид) ЧБД","Ранние премьеры, эксклюзивы и лучшие шоу в нашем приложении The Hole: https://mediumquality.page.link/chto_bilo_dalshe_hole Смотрите выпуски в фоне и пробуйте остальные штуки — всё бесплатно. Заходить можно без стука!! 

Информация о билетах на съемки в instagram LABELCOM: https://instagram.com/labelcomedians

Тимур Каргинов: https://instagram.com/timurkarginov
Тимур Батрутдинов: https://instagram.com/timurbatrutdinov

Нурлан Сабуров: https://instagram.com/nurlan__saburov
Тамби Масаев: https://instagram.com/tambi_masaev
Рустам Рептилоид: https://instagram.com/rustreptiloid
Алексей Щербаков: https://instagram.com/shcherbakov_alexei
Артур Чапарян: https://www.instagram.com/artur.chaparyan/

Шоу «Что было дальше?» - это шоу, в котором комики слушают истории, а потом пытаются угадать, что было дальше.",3008,1674478945,2065509,115,4804,1064,https://vk.com/video_ext.php?oid=-209976560&id=456239488&hash=84e40f17f9d82e1a&__ref=vk.admin_android&api_hash=1740694470103822bc421227831b_GMZDANZRGM2TCOA,1,1,1,False,https://sun9-46.userapi.com/FLm5X2ESqmczr3XcST9u0M9FTeoK1_v2wDBaRQ/3N4E5fqHniE.jpg
456239487,-209976560,Что было дальше? - HammAli &amp; Navai x Братья Пономаренко | ЧТО БЫЛО ДАЛЬШЕ? ЧБД,"Глубокое очищение и до 100% защиты от перхоти вместе с Head&Shoulders! https://clck.ru/QsmFG

На новых тарифах МегаФона мессенджеры работают даже при нуле. Оставайтесь на связи БезПереплат: https://bit.ly/2ZK1T9Q

Ранние премьеры, эксклюзивы и лучшие шоу в нашем приложении The Hole: https://mediumquality.page.link/chto_bilo_dalshe_hole Смотрите выпуски в фоне и пробуйте остальные штуки — всё бесплатно. Заходить можно без стука!! 

Мерч LABELCOM: http://mqpmerch.ru/labelcom 

SVMOSCOW: https://instagram.com/svmoscow

LABELCOM: https://instagram.com/labelcomedians
LABELCOM.VIDEO: https://instagram.com/labelcom.video

HammAli: https://instagram.com/hammali
Navai: https://instagram.com/navaib
Братья Пономаренко: https://vm.tiktok.com/ZSarVqhB/

Нурлан Сабуров: https://instagram.com/nurlan__saburov
Тамби Масаев: https://instagram.com/tambi_masaev
Сергей Детков: https://instagram.com/sergii_detkov
Рустам Рептилоид: https://instagram.com/rustreptiloid
Алексей Щербаков: https://instagram.com/shcherbakov_alexei

#чтобылодальше #нурлансабуров #labelcom",4611,1674478879,1742663,69,3862,1118,https://vk.com/video_ext.php?oid=-209976560&id=456239487&hash=630e46d8036cda97&__ref=vk.admin_android&api_hash=174069447039cd83974cbfabb94a_GMZDANZRGM2TCOA,1,1,1,False,https://sun9-33.userapi.com/nzGox2CLHa51dq8pi0GVE0RYSbdhzhQEo7loOA/Voy6xv1lTTg.jpg
456239486,-209976560,"Что было дальше? - Шура х Азамат х Дмитрий Губерниев | ЧТО БЫЛО ДАЛЬШЕ? (Сабуров, Щербаков, Рептилоид, Тамби, Детков) ЧБД","Купить билеты на концерты Нурлана Сабурова: https://nurlansaburov.com

Ранние премьеры, эксклюзивы и лучшие шоу в нашем приложении The Hole: https://mediumquality.page.link/chto_bilo_dalshe_hole Смотрите выпуски в фоне и пробуйте остальные штуки — всё бесплатно. Заходить можно без стука!! 

LABELCOM: https://instagram.com/labelcomedians
LABELCOM.VIDEO: https://instagram.com/labelcom.video 

Шура: https://www.instagram.com/shuramedvedev/
Азамат: https://www.instagram.com/azabraza1984/
Дмитрий Губерниев: https://www.instagram.com/guberniev_dmitry/

Нурлан Сабуров: https://instagram.com/nurlan__saburov
Тамби Масаев: https://instagram.com/tambi_masaev
Сергей Детков: https://instagram.com/sergii_detkov
Рустам Рептилоид: https://instagram.com/rustreptiloid
Алексей Щербаков: https://instagram.com/shcherbakov_alexei",4642,1674478871,3010960,421,7203,2841,https://vk.com/video_ext.php?oid=-209976560&id=456239486&hash=0d158d6560b3906a&__ref=vk.admin_android&api_hash=174069447049c2565e751342dfbd_GMZDANZRGM2TCOA,1,1,1,False,https://sun9-14.userapi.com/LTy54CWTi-0DF6y4ekVEKLJbH7h2HAFJ9ZCvfg/jSlGg5cCCZY.jpg
456239485,-209976560,Что было дальше? - Слава Комиссаренко x Отар Кушанашвили | ЧТО БЫЛО ДАЛЬШЕ? ЧБД,"Только топовая дискотека с МТС и бесплатной подпиской на 6 месяцев SPOTIFY Premium: https://bit.ly/2IMwDSg

Ранние премьеры, эксклюзивы и лучшие шоу в нашем приложении The Hole: https://mediumquality.page.link/chto_bilo_dalshe_hole Смотрите выпуски в фоне и пробуйте остальные штуки — всё бесплатно. Заходить можно без стука!! 

Мерч LABELCOM: http://mqpmerch.ru/labelcom

SVMOSCOW: https://instagram.com/svmoscow

LABELCOM: https://instagram.com/labelcomedians
LABELCOM.VIDEO: https://instagram.com/labelcom.video

Слава Комиссаренко: https://instagram.com/slavakomissarenko
Отар Кушанашвили: https://instagram.com/otar.kushanashvili

Нурлан Сабуров: https://instagram.com/nurlan__saburov
Тамби Масаев: https://instagram.com/tambi_masaev
Илья Макаров: https://instagram.com/ilia._.makarov
Рустам Рептилоид: https://instagram.com/rustreptiloid
Алексей Щербаков: https://instagram.com/shcherbakov_alexei

#чтобылодальше #нурлансабуров #labelcom",4271,1674478822,9129184,439,20810,8179,https://vk.com/video_ext.php?oid=-209976560&id=456239485&hash=18437a70ad686f73&__ref=vk.admin_android&api_hash=1740694470024a8b672e1c461f89_GMZDANZRGM2TCOA,1,1,1,False,https://sun9-27.userapi.com/4B9w9_YDuH6ZDkI11EjdipjRq1K5UnyDBwzbkw/GKHHpQQ5nxs.jpg
456239484,-209976560,"Что было дальше? - Николай Соболев x Тарзан | ЧТО БЫЛО ДАЛЬШЕ? (Сабуров, Щербаков, Чапарян, Тамби, Рептилоид) ЧБД","Ранние премьеры, эксклюзивы и лучшие шоу в нашем приложении The Hole: https://mediumquality.page.link/chto_bilo_dalshe_hole Смотрите выпуски в фоне и пробуйте остальные штуки — всё бесплатно. Заходить можно без стука!! 

LABELCOM: https://instagram.com/labelcomedians

Тарзан: https://instagram.com/tarzan___official
Николай Соболев: https://instagram.com/sobolevv

Нурлан Сабуров: https://instagram.com/nurlan__saburov
Тамби Масаев: https://instagram.com/tambi_masaev
Рустам Рептилоид: https://instagram.com/rustreptiloid
Алексей Щербаков: https://instagram.com/shcherbakov_alexei
Артур Чапарян: https://www.instagram.com/artur.chaparyan/",3343,1674478805,2706641,108,6302,1641,https://vk.com/video_ext.php?oid=-209976560&id=456239484&hash=0b53386ce8e963d5&__ref=vk.admin_android&api_hash=174069447067fbee090dfae601fe_GMZDANZRGM2TCOA,1,1,1,False,https://sun9-74.userapi.com/dQkaJ7JS9_C0CL3_xhZfOjNrA-wFnIOgJSMEdw/PFScWvEBiz0.jpg
456239483,-209976560,Что было дальше? - Евгений Понасенков x Александр Емельяненко | ЧТО БЫЛО ДАЛЬШЕ? ЧБД,"Скачивай приложения METRO https://clck.ru/Y3LW5  и СберМаркет https://sbermarket.onelink.me/90wZ/sm и получи скидку 300 рублей на первый заказ по промокоду: ЧБД

https://bit.ly/3uHZdaT - 30 дней подписки IVI по промокоду CHBD

Ранние премьеры, эксклюзивы и лучшие шоу в нашем приложении The Hole: https://mediumquality.page.link/chto_bilo_dalshe_hole Смотрите выпуски в фоне и пробуйте остальные штуки — всё бесплатно. Заходить можно без стука!! 

LABELCOM: https://instagram.com/labelcomedians
LABELCOM.VIDEO: https://instagram.com/labelcom.video

Евгений Понасенков: https://instagram.com/evgenii_ponasenkov
Александр Емельяненко: https://instagram.com/alexemelyanenko

Нурлан Сабуров: https://instagram.com/nurlan__saburov
Тамби Масаев: https://instagram.com/tambi_masaev
Илья Макаров: https://instagram.com/ilia._.makarov
Эмир Кашоков: https://www.instagram.com/emir_kashokov
Алексей Щербаков: https://instagram.com/shcherbakov_alexei

#чтобылодальше #нурлансабуров #labelcom",4501,1674478796,8515035,1034,24905,10030,https://vk.com/video_ext.php?oid=-209976560&id=456239483&hash=1c085b747a9a1ff6&__ref=vk.admin_android&api_hash=1740694470668f0bd26b18a4ff96_GMZDANZRGM2TCOA,1,1,1,False,https://sun9-8.userapi.com/kgen8HxgKX3FO-iX8lJJfW3UbCuOZc1FMhXI1g/-XJN4b3_pZI.jpg
456239482,-209976560,Что было дальше? - Анастасия Волочкова х Владимир Винокур | ЧТО БЫЛО ДАЛЬШЕ? ЧБД,"Простая и бесплатная регистрация бизнеса с Точкой https://tchk.me/egjahg 

Скидка 15% на модели OneBlade Pro по промокоду ChBD15 до 28.02.2022 по ссылке: https://clck.ru/aikSo

УЧАСТВОВАТЬ В КОНКУРСЕ ОТ «ЧТО БЫЛО ДАЛЬШЕ?»: https://www.instagram.com/p/CYlJOkMMtmU

LABELCOM: https://instagram.com/labelcomedians
LABELCOM.VIDEO: https://instagram.com/labelcom.video

Анастасия Волочкова: https://instagram.com/volochkova_art
Владимир Винокур: https://instagram.com/vladimir_vinokur

Нурлан Сабуров: https://instagram.com/nurlan__saburov
Тамби Масаев: https://instagram.com/tambi_masaev
Илья Макаров: https://instagram.com/ilia._.makarov
Эмир Кашоков: https://www.instagram.com/emir_kashokov
Алексей Щербаков: https://instagram.com/shcherbakov_alexei

#чтобылодальше #нурлансабуров #labelcom",6034,1674478702,5264916,312,13932,4993,https://vk.com/video_ext.php?oid=-209976560&id=456239482&hash=b61840d072152249&__ref=vk.admin_android&api_hash=174069447021c85ec00fd0acc9a5_GMZDANZRGM2TCOA,1,1,1,False,https://sun9-7.userapi.com/jiaN6muUyzlG11QQHEYetUAKC__VzzbW-ntQTQ/ekL49N1aZQM.jpg
456239481,-209976560,Что было дальше? - Александр Ревва х Сергей Орлов | ЧТО БЫЛО ДАЛЬШЕ? ЧБД,"Скидка на модели OneBlade Pro по промокоду ChBD15 до 28.02.2022 по ссылке: https://clck.ru/ZLviT

LABELCOM: https://instagram.com/labelcomedians
LABELCOM.VIDEO: https://instagram.com/labelcom.video

Александр Ревва: https://instagram.com/arthurpirozhkov
Сергей Орлов: https://instagram.com/orlov_skvz

Нурлан Сабуров: https://instagram.com/nurlan__saburov
Тамби Масаев: https://instagram.com/tambi_masaev
Илья Макаров: https://instagram.com/ilia._.makarov
Эмир Кашоков: https://www.instagram.com/emir_kashokov
Алексей Щербаков: https://instagram.com/shcherbakov_alexei

#чтобылодальше #нурлансабуров #labelcom",7074,1674478597,5115187,186,13734,5876,https://vk.com/video_ext.php?oid=-209976560&id=456239481&hash=3c326f9cc1315b5e&__ref=vk.admin_android&api_hash=1740694470655438e9bf34371f09_GMZDANZRGM2TCOA,1,1,1,False,https://sun9-4.userapi.com/2gEqI6Rdgq-91C2yCZwF8OCl0yz93tNsain21g/5Y7Du2jD4jc.jpg
456239480,-209976560,Что было дальше? - Иван Дорн х Заур Байцаев | ЧТО БЫЛО ДАЛЬШЕ? ЧБД,"Закажите кредитную карту Альфа-Банка 100 дней без % на всё с бесплатной доставкой по ссылке: https://alfa.link/F_RzWg

Прокачай свою уборку с беспроводным пылесосом Philips SpeedPro Max Aqua https://clck.ru/VgyDN
Промокод 4BD на модель XC8147/01 дает-15% и действует до конца июля на сайте https://www.shop.philips.ru

Ранние премьеры, эксклюзивы и лучшие шоу в нашем приложении The Hole: https://mediumquality.page.link/chto_bilo_dalshe_hole Смотрите выпуски в фоне и пробуйте остальные штуки — всё бесплатно. Заходить можно без стука!! 

LABELCOM: https://instagram.com/labelcomedians
LABELCOM.VIDEO: https://instagram.com/labelcom.video

Иван Дорн: https://instagram.com/dorn_ivan
Заур Байцаев: https://instagram.com/zaurbaytsaev

Нурлан Сабуров: https://instagram.com/nurlan__saburov
Тамби Масаев: https://instagram.com/tambi_masaev
Илья Макаров: https://instagram.com/ilia._.makarov
Эмир Кашоков: https://www.instagram.com/emir_kashokov
Алексей Щербаков: https://instagram.com/shcherbakov_alexei

#чтобылодальше #нурлансабуров #labelcom

100 дней начинаются в день образования 1-й задолженности и действуют при ежемесячном платеже не более 10% долга (не менее 300р) и полном погашении за 100 дней. Иначе проценты начисляются на задолженность с первого дня до полного погашения. 
Индивидуально определяются ставка (от 11,99%) и  бессрочный кредитный лимит (до 1 000 000₽). Снятие до 50 000₽ в месяц без комиссии, в пределах одобренного лимита. От категории карты зависит комиссия при снятии большей суммы (от 3,9% до 5,9%) и обслуживание карты (от 590₽).
Подробнее: alfabank.ru. Банк оставляет за собой право выдачи или отказа в кредите. АО «Альфа-Банк». Ген.лицензия ЦБ РФ № 1326 от 16.01.2015 г.",6264,1674478554,2931596,143,6832,2254,https://vk.com/video_ext.php?oid=-209976560&id=456239480&hash=72c6219993bff2f6&__ref=vk.admin_android&api_hash=1740694470429d69d95a9f7a6dd4_GMZDANZRGM2TCOA,1,1,1,False,https://sun9-45.userapi.com/4EUZjIwJesHanJ_dSo82zx3WwOB_R2n2HOdEJg/ccpTUKnOBtc.jpg
456239479,-209976560,"Что было дальше? - Kyivstoner x Михаил Шац | ЧТО БЫЛО ДАЛЬШЕ? (Сабуров, Щербаков, Чапарян, Тамби, Рептилоид) ЧБД","Читайте блог и ищите билеты на Авиасейлс: https://i.avs.io/qr2095

Ранние премьеры, эксклюзивы и лучшие шоу в нашем приложении The Hole: https://mediumquality.page.link/chto_bilo_dalshe_hole Смотрите выпуски в фоне и пробуйте остальные штуки — всё бесплатно. Заходить можно без стука!! 

LABELCOM: https://instagram.com/labelcomedians

Kyivstoner: https://www.instagram.com/kyivstoner
Михаил Шац: https://www.instagram.com/mikhailshats

Нурлан Сабуров: https://instagram.com/nurlan__saburov
Тамби Масаев: https://instagram.com/tambi_masaev
Рустам Рептилоид: https://instagram.com/rustreptiloid
Алексей Щербаков: https://instagram.com/shcherbakov_alexei
Артур Чапарян: https://www.instagram.com/artur.chaparyan/",2723,1674478400,3542449,143,6833,3102,https://vk.com/video_ext.php?oid=-209976560&id=456239479&hash=9b78ebf43829195a&__ref=vk.admin_android&api_hash=17406944704e0ca50bd7710090af_GMZDANZRGM2TCOA,1,1,1,False,https://sun9-65.userapi.com/fHsZ8pgQrU29gympdUkvJ-PmJ7VckC60wlMEZA/_5ess7w7xb8.jpg
456239478,-209976560,Что было дальше? - Антон Лапенко х Александр Гудков | ЧТО БЫЛО ДАЛЬШЕ? ЧБД,"Сервис «Циан.Ипотека»: https://clck.ru/Sns5c Заполните одну заявку онлайн, отправьте сразу в 7 банков, получите решение за 2 минуты и выберите то, которое подойдет вам!

Заказывай подарки от Old Spice для настоящих мужчин: https://clck.ru/So3EL

Ранние премьеры, эксклюзивы и лучшие шоу в нашем приложении The Hole: https://mediumquality.page.link/chto_bilo_dalshe_hole Смотрите выпуски в фоне и пробуйте остальные штуки — всё бесплатно. Заходить можно без стука!! 

Мерч LABELCOM: http://mqpmerch.ru/labelcom

LABELCOM: https://instagram.com/labelcomedians
LABELCOM.VIDEO: https://instagram.com/labelcom.video

Антон Лапенко: https://instagram.com/anton_lapenko
сериал ВНУТРИ ЛАПЕНКО 3: https://youtube.com/playlist?list=PLiB9Q66T9Rtk4zPcqKGi8mEbqOf4WKY9S
Александр Гудков: https://instagram.com/gudokgudok

Нурлан Сабуров: https://instagram.com/nurlan__saburov
Тамби Масаев: https://instagram.com/tambi_masaev
Илья Макаров: https://instagram.com/ilia._.makarov
Рустам Рептилоид: https://instagram.com/rustreptiloid
Алексей Щербаков: https://instagram.com/shcherbakov_alexei

#чтобылодальше #нурлансабуров #labelcom #SponsorPG #OldSpice",5865,1674477963,3440689,206,11862,4810,https://vk.com/video_ext.php?oid=-209976560&id=456239478&hash=236628480ef15df1&__ref=vk.admin_android&api_hash=1740694470c6ae3c76ec740407ba_GMZDANZRGM2TCOA,1,1,1,False,https://sun9-22.userapi.com/CPWYtodp9Pu5Q7-IcqqZPluUEswMgfbuew_OoA/1tgYYRZCB9E.jpg
456239477,-209976560,"Понты - ПОНТЫ – Вики Одинцова, Тамби Масаев, Илья Макаров","Благодарим за площадку для съемок Pure Hype Moscow:
https://www.instagram.com/purehypemoscow/
https://www.youtube.com/сложносостилем

Ранние премьеры, эксклюзивы и лучшие шоу в нашем приложении The Hole: https://mediumquality.page.link/ponti_hole  Смотрите выпуски в фоне и пробуйте остальные штуки — всё бесплатно. Заходить можно без стука!! 

Подпишись на комиков в Instagram: 
Илья Макаров - https://www.instagram.com/iliamakar0v/
Тамби Масаев - https://www.instagram.com/tambi_masaev/

Наша гостья:
Вики Одинцова - https://www.instagram.com/viki_odintcova/

Instagram канала: 
https://www.instagram.com/labelcomedians/

А так же, если хочешь смотреть смешные нарезки из наших шоу - https://www.instagram.com/labelcom.video/

По вопросом рекламы и сотрудничества: labelcom@mediumquality.ru

Правила шоу:
Импровизационное шоу, где 2 комика кидают понты на случайные темы. Кто смешнее – уходит с девушкой.",819,1674477875,246162,31,615,185,https://vk.com/video_ext.php?oid=-209976560&id=456239477&hash=e43250240b9433ad&__ref=vk.admin_android&api_hash=17406944707b8c132a434941e894_GMZDANZRGM2TCOA,1,1,1,False,https://sun9-56.userapi.com/Xt0iy-i5_WYgekZxiY4-ausectHqWpXHb7YJmA/xAkw0ZS2u0U.jpg
456239476,-209976560,"Кто Здесь Комик - Кто здесь комик? Руслан Белый, Андрей Бебуришвили и Павел Дедищев","Ранние премьеры, эксклюзивы и лучшие шоу в нашем приложении The Hole: https://mediumquality.page.link/kto_komik_hole  Смотрите выпуски в фоне и пробуйте остальные штуки — всё бесплатно. Заходить можно без стука!! 

Кто Здесь Комик? – полностью импровизационное standup шоу, в котором три комика решают кто из них самый смешной. 

Три комика играют в две импровизационные игры. «Сет-лист» и «Дуэль». После каждой игры зрители в зале голосуют за комика, который по их мнению оказался наиболее не смешным и он покидает шоу. Комик, который выигрывает признается самым смешным и получает 30 000 рублей.

Руслан Белый:
https://www.instagram.com/rusbel_official/

Андрей Бебуришвили:
https://www.instagram.com/andrew_beburishvili/

Павел Дедищев:
https://www.instagram.com/amerikanec46/

Виктор Комаров:
https://www.instagram.com/v.komarov86

LABELCOM
https://www.instagram.com/labelcomedians

По вопросам рекламы и сотрудничества: labelcom@mediumquality.ru",1752,1674477797,60855,15,175,21,https://vk.com/video_ext.php?oid=-209976560&id=456239476&hash=2334134bd4326fd0&__ref=vk.admin_android&api_hash=1740694470877cd0e449394a081c_GMZDANZRGM2TCOA,1,1,1,False,https://sun9-2.userapi.com/-z5VJnFTI6zjVgHqf6RaE6VJtZUYcszZlKbk6w/znjwqg5Youg.jpg
456239475,-209976560,"Кто Здесь Комик - Кто здесь комик? Руслан Белый, Гурам Амарян и Игорь Тарлецкий","https://rckb.co/kzk — заказывай бесплатную карту Рокетбанка и принимай участие в розыгрыше AirPods Pro!

Ранние премьеры, эксклюзивы и лучшие шоу в нашем приложении The Hole: https://mediumquality.page.link/kto_komik_hole  Смотрите выпуски в фоне и пробуйте остальные штуки — всё бесплатно. Заходить можно без стука!! 

Кто Здесь Комик? – полностью импровизационное stand up шоу, в котором три комика решают кто из них самый смешной. 

Три комика играют в две импровизационные игры. «Сет-лист» и «Дуэль». После каждой игры зрители в зале голосуют за комика, который по их мнению оказался наиболее не смешным и он покидает шоу. Комик, который выигрывает признается самым смешным и получает 30 000 рублей.

Руслан Белый: https://www.instagram.com/rusbel_official/
Гурам Амарян: https://www.instagram.com/gur_am/
Игорь Тарлецкий: https://www.instagram.com/igorekovich/
Виктор Комаров: https://www.instagram.com/v.komarov86
LABELCOM https://www.instagram.com/labelcomedians

По вопросам рекламы и сотрудничества: labelcom@mediumquality.ru

#Комаров #Белый #Амарян #Тарлецкий",2264,1674477692,37245,7,96,15,https://vk.com/video_ext.php?oid=-209976560&id=456239475&hash=9d64afeccb287356&__ref=vk.admin_android&api_hash=17406944709d80518c1ffd5a82b1_GMZDANZRGM2TCOA,1,1,1,False,https://sun9-27.userapi.com/4Vu7_dTDHqNoac00pTjiOSN8H0VAdyh0106ALA/w-lpHkSTTM8.jpg
456239474,-209976560,"Лена Кука - ЛЕНА КУКА #4 (Щербаков, Рептилоид, Тамби, Эмир, Макар)","Бросить клич жёлтым плащам - в приложении Яндекс.Еда: http://bit.ly/2PADBu0

Полные условия по карте рассрочки «Свобода» Банка Хоум Кредит: https://clck.ru/LCU4T

Благодарим за сотрудничество Культура бар 
https://instagram.com/kultura.bar

Ранние премьеры, эксклюзивы и лучшие шоу в нашем приложении The Hole: https://mediumquality.page.link/Lena-Kuka-crew_hole  Смотрите выпуски в фоне и пробуйте остальные штуки — всё бесплатно. Заходить можно без стука!! 

LABELCOM: https://instagram.com/labelcomedians
LABELCOM.VIDEO: https://instagram.com/labelcom.video

Рустам Рептилоид: https://instagram.com/rustreptiloid
Тамби Масаев: https://instagram.com/tambi_masaev
Эмир Кашоков: https://instagram.com/emir_kashokov_fan_official
Илья Макаров: https://instagram.com/iliamakar0v
Алексей Щербаков: https://instagram.com/shcherbakov_alexei",1200,1674477618,110333,16,300,100,https://vk.com/video_ext.php?oid=-209976560&id=456239474&hash=2b2370b9e26b4ff0&__ref=vk.admin_android&api_hash=1740694470001412af0634e2a5b4_GMZDANZRGM2TCOA,1,1,1,False,https://sun9-33.userapi.com/P7c0jKqGUPBDxpUjyx7u7QJrdu_7WJxPBm2T_A/Ovju_iRsrK4.jpg
456239473,-209976560,"Что было дальше? - Баста x Прохор Шаляпин | ЧТО БЫЛО ДАЛЬШЕ? (Сабуров, Щербаков, Чапарян, Тамби, Рептилоид) ЧБД","Ранние премьеры, эксклюзивы и лучшие шоу в нашем приложении The Hole: https://mediumquality.page.link/chto_bilo_dalshe_hole Смотрите выпуски в фоне и пробуйте остальные штуки — всё бесплатно. Заходить можно без стука!! 

LABELCOM: https://instagram.com/labelcomedians

Баста: https://instagram.com/bastaakanoggano
Прохор Шаляпин: https://instagram.com/shalyapin_official

Нурлан Сабуров: https://instagram.com/nurlan__saburov
Тамби Масаев: https://instagram.com/tambi_masaev
Рустам Рептилоид: https://instagram.com/rustreptiloid
Алексей Щербаков: https://instagram.com/shcherbakov_alexei
Артур Чапарян: https://www.instagram.com/artur.chaparyan/",1457,1674477617,2713717,264,5822,1655,https://vk.com/video_ext.php?oid=-209976560&id=456239473&hash=52bf48844456b768&__ref=vk.admin_android&api_hash=1740694470de78004d88a33aea7b_GMZDANZRGM2TCOA,1,1,1,False,https://sun9-39.userapi.com/lIAdEn751NUA0XcMghR0jOHQuFLrrnEEkaGA8g/aZqUCLQVo3s.jpg
456239472,-209976560,"Лена Кука - ЛЕНА КУКА #3 (Рептилоид, Тамби, Эмир, Макар)","Настоящие билеты в любую точку мира на Aviasales: https://i.avs.io/l5m80d

Полные условия по дебетовой карте «Польза»  Банка Хоум Кредит: https://clck.ru/KfX4U

Ранние премьеры, эксклюзивы и лучшие шоу в нашем приложении The Hole: https://mediumquality.page.link/Lena-Kuka-crew_hole Смотрите выпуски в фоне и пробуйте остальные штуки — всё бесплатно. Заходить можно без стука!! 

По вопросам рекламы и сотрудничества: labelcom@mediumquality.ru

LABELCOM: https://instagram.com/labelcomedians
LABELCOM.VIDEO: https://instagram.com/labelcom.video

Рустам Рептилоид: https://instagram.com/rustreptiloid
Тамби Масаев: https://instagram.com/tambi_masaev
Эмир Кашоков: https://instagram.com/emir_kashokov_fan_official
Илья Макаров: https://instagram.com/iliamakar0v",900,1674477597,66867,3,202,54,https://vk.com/video_ext.php?oid=-209976560&id=456239472&hash=6dfc13a8c4409de8&__ref=vk.admin_android&api_hash=174069447064a00ba845c2b5c857_GMZDANZRGM2TCOA,1,1,1,False,https://sun9-31.userapi.com/MUb2OhleCjJ12ci1-s7JJOxuKm7-OPM2jG41jQ/xQgjBwVJ_gI.jpg
456239471,-209976560,"Понты - ПОНТЫ – Софья Таюрская (Little Big), Илья Макаров, Женя Чебатков","Новые кроссовки Reebok Classic Leather Legacy – это современная версия культового силуэта Classic Leather с элементами дизайна будущего. Cоздай свое наследие! Кроссовки доступны на сайте по ссылке https://clck.ru/PyAMe и во всех официальных магазинах Reebok. #СоздайСвоеНаследие #ClassicLeatherLegacy #ReebokRussia

Aviasales — поиск дешёвых авиабилетов https://i.avs.io/mqzt1d

Ранние премьеры, эксклюзивы и лучшие шоу в нашем приложении The Hole: https://mediumquality.page.link/ponti_hole  Смотрите выпуски в фоне и пробуйте остальные штуки — всё бесплатно. Заходить можно без стука!! 

Подпишись на комиков в Instagram:
Илья Макаров - https://www.instagram.com/ilia._.makarov/?hl=ru
Евгений Чебатков - https://www.instagram.com/chebatkov_yevgeniy/

LABELCOM: https://instagram.com/labelcomedians
LABELCOM. VIDEO: https://instagram.com/labelcom.video
 
Наша гостья:
Софья Таюрская - https://www.instagram.com/sonyatayurskaya/

По вопросам рекламы и сотрудничества: labelcom@mediumquality.ru
 
#Littlebig #Понты #Таюрская",908,1674477530,129257,18,378,82,https://vk.com/video_ext.php?oid=-209976560&id=456239471&hash=58b7fefa96ba85e1&__ref=vk.admin_android&api_hash=1740694470dc54104f77694ec437_GMZDANZRGM2TCOA,1,1,1,False,https://sun9-21.userapi.com/KNh4uXFHblXpNxYXX9Gw5mlvJPZ0y5Ub2Z9CNw/iugMNj0qsmE.jpg
456239470,-209976560,"Кто Здесь Комик - Кто здесь комик? Сергей Детков, Алексей Шамутило и Артем Винокур","Станция Мини исполнит все ваши желания: https://ya.cc/84WLc

Ранние премьеры, эксклюзивы и лучшие шоу в нашем приложении The Hole: https://mediumquality.page.link/kto_komik_hole  Смотрите выпуски в фоне и пробуйте остальные штуки — всё бесплатно. Заходить можно без стука!! 

Кто Здесь Комик? – полностью импровизационное stand up шоу, в котором три комика решают кто из них самый смешной. 

Три комика играют в две импровизационные игры. «Сет-лист» и «Дуэль». После каждой игры зрители в зале голосуют за комика, который по их мнению оказался наиболее не смешным и он покидает шоу. Комик, который выигрывает признается самым смешным и получает 30 000 рублей.

Сергей Детков: https://www.instagram.com/sergii_detkov/
Алексей Шамутило: https://www.instagram.com/shamutilo/
Артем Винокур: https://www.instagram.com/artemvinokur/
Виктор Комаров: https://www.instagram.com/v.komarov86
LABELCOM https://www.instagram.com/labelcomedians

По вопросам рекламы и сотрудничества: labelcom@mediumquality.ru

#Комаров #Детков #Шамутило #Винокур",2292,1674477444,33852,3,74,13,https://vk.com/video_ext.php?oid=-209976560&id=456239470&hash=afb51342a8c0831c&__ref=vk.admin_android&api_hash=17406944708b4496b1f4d0e4f9f5_GMZDANZRGM2TCOA,1,1,1,False,https://sun9-78.userapi.com/2fz5FwWvcs39eQ-3KH1WT3MvOCczVKlO-z6C6w/fYdpDimrVrs.jpg
456239469,-209976560,"Кто Здесь Комик - Кто здесь комик? Алексей Щербаков, Сергей Детков и Филипп Воронин","Ранние премьеры, эксклюзивы и лучшие шоу в нашем приложении The Hole: https://mediumquality.page.link/kto_komik_hole  Смотрите выпуски в фоне и пробуйте остальные штуки — всё бесплатно. Заходить можно без стука!! 

Кто Здесь Комик? – полностью импровизационное standup шоу, в котором три комика решают кто из них самый смешной. 

Три комика играют в две импровизационные игры. «Сет-лист» и «Дуэль». После каждой игры зрители в зале голосуют за комика, который по их мнению оказался наиболее не смешным и он покидает шоу. Комик, который выигрывает признается самым смешным и получает 30 000 рублей.

Алексей Щербаков:
https://www.instagram.com/shcherbakov_alexei/
https://www.youtube.com/channel/UCbvXcK_Yu6E42Y3MLHNfKiw

Сергей Детков:
https://www.instagram.com/sergii_detkov

Филипп Воронин:
https://www.instagram.com/f1lipp

Виктор Комаров:
https://www.instagram.com/v.komarov86

По вопросам рекламы и сотрудничества: labelcom@mediumquality.ru",1485,1674477402,36802,9,103,30,https://vk.com/video_ext.php?oid=-209976560&id=456239469&hash=dc593c98c02541be&__ref=vk.admin_android&api_hash=1740694470a2dae395fd693e4a48_GMZDANZRGM2TCOA,1,1,1,False,https://sun9-20.userapi.com/l6KiMS3nuzWpurwQrmYqitnEiaQBNqscp2kPFQ/rNbPhT6zeZQ.jpg
456239467,-209976560,"Кто Здесь Комик - Кто здесь комик? Илья Соболев, Алексей Щербаков и Нурлан Сабуров","Ранние премьеры, эксклюзивы и лучшие шоу в нашем приложении The Hole: https://mediumquality.page.link/kto_komik_hole  Смотрите выпуски в фоне и пробуйте остальные штуки — всё бесплатно. Заходить можно без стука!! 

Кто Здесь Комик? – полностью импровизационное standup шоу, в котором три комика решают кто из них самый смешной. 

Три комика играют в две импровизационные игры. «Сет-лист» и «Дуэль». После каждой игры зрители в зале голосуют за комика, который по их мнению оказался наиболее не смешным и он покидает шоу. Комик, который выигрывает признается самым смешным и получает 30 000 рублей.

LABELcom
https://www.instagram.com/labelcomedians/

Алексей Щербаков:
https://www.instagram.com/shcherbakov_alexei/
https://www.youtube.com/channel/UCbvXcK_Yu6E42Y3MLHNfKiw

Илья Соболев: 
https://www.instagram.com/sobolev_tut/
https://www.youtube.com/channel/UCuOyP59Q8OiqetsjABP8Hhw

Нурлан Сабуров:
https://www.instagram.com/nurlan__saburov

Виктор Комаров:
https://www.instagram.com/v.komarov86

По вопросам рекламы и сотрудничества: labelcom@mediumquality.ru",1696,1674477323,139058,18,390,148,https://vk.com/video_ext.php?oid=-209976560&id=456239467&hash=7ed19609475119a2&__ref=vk.admin_android&api_hash=1740694470a67d5493418e8991b7_GMZDANZRGM2TCOA,1,1,1,False,https://sun9-66.userapi.com/w7zDMlbSWfUQbK1RNGIzK2x_ebn6kSAQVZOR5A/MJqwxcyJTNg.jpg
456239466,-209976560,Что было дальше? - ЧТО БЫЛО ДАЛЬШЕ? || ТИЗЕР НОВОГОДНИХ ВЫПУСКОВ ЧБД,"http://rckb.co/label — закажи бесплатную карту Рокетбанка и участвуй в розыгрыше iPhone 11 Pro Max!

По вопросам рекламы и сотрудничества: labelcom@mediumquality.ru

LABELCOM: https://instagram.com/labelcomedians
LABELCOM.VIDEO: https://instagram.com/labelcom.video

Нурлан Сабуров: https://instagram.com/nurlan__saburov
Тамби Масаев: https://instagram.com/tambi_masaev
Сергей Детков: https://instagram.com/sergii_detkov
Рустам Рептилоид: https://instagram.com/rustreptiloid
Алексей Щербаков: https://instagram.com/shcherbakov_alexei",119,1674477319,106990,33,96,5,https://vk.com/video_ext.php?oid=-209976560&id=456239466&hash=873716bdb1c7fe73&__ref=vk.admin_android&api_hash=1740694470a6aa5b1394713f5e95_GMZDANZRGM2TCOA,1,1,1,False,https://i.mycdn.me/getVideoPreview?id=3622508104331&idx=13&type=39&tkn=CQw6DcCwrQVFW08M6B2t1Gv0GbA&fn=vid_s
456239465,-209976560,"Блиц-крик - Блиц-крик: Евгений Чебатков, Денис Косяков, Марк Сергиенко и Рустам Рептилоид","Ранние премьеры, эксклюзивы и лучшие шоу в нашем приложении The Hole: https://mediumquality.page.link/blitz_krik_hole  Смотрите выпуски в фоне и пробуйте остальные штуки — всё бесплатно. Заходить можно без стука!! 

Второй выпуск нового шоу Рустама и Эмира Блиц-крик. Вторые гости Евгений Чебатков, Денис Косяков и Марк Сергиенко . Если понравилось шоу, то ставь лайк и подписывайся на канал. Можешь так же подписаться на инстаграмы ребят!

По вопросам рекламы и сотрудничества: labelcom@mediumquality.ru 

Рустам Рептилоид: https://www.instagram.com/rustreptiloid/
Евгений Чебатков: https://www.instagram.com/chebatkov_yevgeniy
Денис Косяков: https://www.instagram.com/kosyakovdg
Марк Сергиенко: https://www.instagram.com/sergienkomark/",2177,1674477310,172803,16,657,113,https://vk.com/video_ext.php?oid=-209976560&id=456239465&hash=552ea22ed31b0fbf&__ref=vk.admin_android&api_hash=1740694470a26c6e0ecc6c9c1e31_GMZDANZRGM2TCOA,1,1,1,False,https://sun9-9.userapi.com/tOQKhjjzKZrouKmsPUa4h5FQEEdRapJ0_v2DhA/3eg2gCxL9hw.jpg
456239464,-209976560,"Блиц-крик - Блиц-крик: Сергей Детков, Расул Чабдаров, Артем Винокур и Рустам Рептилоид","Ранние премьеры, эксклюзивы и лучшие шоу в нашем приложении The Hole: https://mediumquality.page.link/blitz_krik_hole  Смотрите выпуски в фоне и пробуйте остальные штуки — всё бесплатно. Заходить можно без стука!! 

Третий выпуск нового шоу Рустама и Эмира Блиц-крик. Гости третьего выпуска ЕСергей Детков, Расул Чабдаров, Артем Винокур . Если понравилось шоу, то ставь лайк и подписывайся на канал. Можешь так же подписаться на инстаграмы ребят!

По вопросам рекламы и сотрудничества: labelcom@mediumquality.ru 

Рустам Рептилоид: https://www.instagram.com/rustreptiloid/
Сергей Детков: https://www.instagram.com/sergii_detkov
Расул Чабдаров:  https://www.instagram.com/chabdarrr
Артем Винокур: https://www.instagram.com/artemvinokur/",1528,1674477297,113048,18,462,86,https://vk.com/video_ext.php?oid=-209976560&id=456239464&hash=ab7d2e02e79f74a7&__ref=vk.admin_android&api_hash=1740694470964aa5fb9452794277_GMZDANZRGM2TCOA,1,1,1,False,https://sun9-16.userapi.com/-DbMV8G210vb2c2rCNmfup0JUlowmh5yFOEFTA/gxWQTN4LQJM.jpg
456239463,-209976560,Что было дальше? - ЧТО БЫЛО ДАЛЬШЕ? || ТИЗЕР НОВОГО СЕЗОНА ЧБД,"ШЕСТЬ приколдесных вкусов энергетика TORNADO с доставкой на дом ждут тебя: https://clck.ru/MhH2i

Трек «ЧТО БЫЛО ДАЛЬШЕ?» исполняет группа КАЗУСКОМА
YT: https://clck.ru/QmQf3
IG: https://instagram.com/kazuskoma
VK: https://vk.com/kazuskoma

Режиссер тизера: https://instagram.com/pashachelovek

Мерч LABELCOM: http://mqpmerch.ru/labelcom

По вопросам рекламы и сотрудничества: labelcom@mediumquality.ru

LABELCOM: https://instagram.com/labelcomedians
LABELCOM.VIDEO: https://instagram.com/labelcom.video

Нурлан Сабуров: https://instagram.com/nurlan__saburov
Тамби Масаев: https://instagram.com/tambi_masaev
Сергей Детков: https://instagram.com/sergii_detkov
Рустам Рептилоид: https://instagram.com/rustreptiloid
Алексей Щербаков: https://instagram.com/shcherbakov_alexei

#чтобылодальше #нурлансабуров #labelcom",72,1674477286,84259,1,102,13,https://vk.com/video_ext.php?oid=-209976560&id=456239463&hash=9c1ec5fd59ef48ea&__ref=vk.admin_android&api_hash=174069447073e68db0ae7bd2c19e_GMZDANZRGM2TCOA,1,1,1,False,https://i.mycdn.me/getVideoPreview?id=3624616528588&idx=0&type=39&tkn=JRDlfUpn7tYxeocc3ZiyUWuTDF8&fn=vid_s
456239462,-209976560,Что было дальше? - ЧТО БЫЛО ДАЛЬШЕ? || ТИЗЕР ЛЕТНИХ ВЫПУСКОВ ЧБД,"Смотри новые выпуски «Что было дальше?» на YouTube с 18/06/20

ШЕСТЬ приколдесных вкусов энергетика TORNADO с доставкой на дом ждут тебя: https://shop.sns.ru/catalog/tornado_group65/

Музыка: https://www.instagram.com/skemtabronx/
Режиссер тизера: https://instagram.com/pashachelovek

LABELCOM: https://instagram.com/labelcomedians
LABELCOM.VIDEO: https://instagram.com/labelcom.video

По вопросам рекламы и сотрудничества: labelcom@mediumquality.ru

Нурлан Сабуров: https://instagram.com/nurlan__saburov
Тамби Масаев: https://instagram.com/tambi_masaev
Сергей Детков: https://instagram.com/sergii_detkov
Рустам Рептилоид: https://instagram.com/rustreptiloid
Алексей Щербаков: https://instagram.com/shcherbakov_alexei

#чтобылодальше #нурлансабуров #labelcom",103,1674477282,99819,6,143,25,https://vk.com/video_ext.php?oid=-209976560&id=456239462&hash=6f8a87c3ba5951f9&__ref=vk.admin_android&api_hash=1740694472680b16033e4bbc708b_GMZDANZRGM2TCOA,1,1,1,False,https://i.mycdn.me/getVideoPreview?id=3676341013199&idx=0&type=39&tkn=vceTJCShyml1W_F7BvQKn5qAg9w&fn=vid_s
456239461,-209976560,"МИЛЛИОНЫ - МИЛЛИОНЫ - Амарян, Чабдаров, Бентли, шубы, дворец, Сосо Павлиашвили","Яндекс.Станция Мини — лучший подарок на Новый год: https://ya.cc/t/OUAFNC8IGX2vw
Кайфуй вместе с энергетиком TORNADO и ты! заказывай с доставкой на дом https://shop.sns.ru/catalog/tornado_group65/

«Миллионы» - шоу, в котором комики Расул Чабдаров и Гурам Амарян пробуют роскошную жизнь за счет продюсеров. Цель шоу: показать, что деньги - это не главное (особенно, когда они не твои).

Инста:
Гурам Амарян https://instagram.com/gur_am
Расул Чабдаров https://instagram.com/chabdarrr
Сосо Павлиашвили https://instagram.com/soso_pavliashvili_official

Благодарности:
 ⁃ Команда Alibi за помощь в организации сцены вечеринки
 ⁃ Шоурум Undo Concept https://instagram.com/undo_concept
 ⁃ Brooklands Detailing https://instagram.com/brooklands_detailing
 ⁃ Опасным латиносам из скетча:
Анна Мария https://instagram.com/xmariamw
Чико https://instagram.com/mishalibertee
Хектор https://instagram.com/v.gabidze

Музлоделы:
https://instagram.com/daamnthatsderesh
https://vk.com/vovawufwuf
https://instagram.com/gc_pingus
https://vk.com/mr_chess
https://instagram.com/homerockstar
https://vk.com/seagxll

LABELCOM: https://instagram.com/labelcomedians
LABELCOM. VIDEO: https://instagram.com/labelcom.video
Мерч LABELCOM: https://mqpmerch.ru/labelcom

#Labelcom #Миллионы",1575,1674477208,111108,15,309,92,https://vk.com/video_ext.php?oid=-209976560&id=456239461&hash=a8f933dcc5410dff&__ref=vk.admin_android&api_hash=17406944729a8ba621d939138150_GMZDANZRGM2TCOA,1,1,1,False,https://sun9-52.userapi.com/aLqACb8Hu4y_UajNxHfNRlnqmB4U-dyN9UJGHA/ui6yIC1i1Qo.jpg
456239460,-209976560,"Понты - ПОНТЫ – Анна Седокова, Рептилоид, Бебуришвили","Получи скидку в «Много Мебели» по промокоду «ПОНТЫ»
 
https://mnogomebeli.com/?utm_source=youtube&utm_medium=cpo&utm_campaign=labelcom 

Благодарим за площадку для съемок Pure Hype Moscow:
https://www.instagram.com/purehypemoscow/
https://www.youtube.com/сложносостилем
 

Ранние премьеры, эксклюзивы и лучшие шоу в нашем приложении The Hole: https://mediumquality.page.link/ponti_hole  Смотрите выпуски в фоне и пробуйте остальные штуки — всё бесплатно. Заходить можно без стука!! 

Подпишись на комиков в Instagram:
Рустам Рептилоид - https://www.instagram.com/rustreptiloid/ 
Андрей Бебуришвили - https://www.instagram.com/andrew_beburishvili/ 

Все фотографии из рекламы можно будет посмотреть в Instagram Гурама https://www.instagram.com/gur_am/ 
 
Наша гостья:
Анна Седокова - https://www.instagram.com/annasedokova/ 

Instagram канала: https://www.instagram.com/labelcomedians/
https://www.instagram.com/labelcom.video/

 
По вопросам рекламы и сотрудничества: labelcom@mediumquality.ru
 
 
Правила шоу: Импровизационное шоу, где 2 комика кидают понты на случайные темы. Кто смешнее – уходит с девушкой.

#LabelCom #Рептилоид #Бебуришвили #Седокова",806,1674477207,203368,28,514,158,https://vk.com/video_ext.php?oid=-209976560&id=456239460&hash=94ebd298fd6d0a47&__ref=vk.admin_android&api_hash=17406944724f45a07359ecb5c836_GMZDANZRGM2TCOA,1,1,1,False,https://sun9-21.userapi.com/zLiWjGW_esXicv7IwPuO__9NRzUKE7It0eZnKQ/mAOIXSON1MQ.jpg
456239459,-209976560,"МИЛЛИОНЫ - МИЛЛИОНЫ - Амарян, Чабдаров, спорткар, мак, модный шоурум, стрипуха","Стильные смартфоны vivo V21 и V21e с 44 Мп селфи-камерой, стабилизацией и 64 Мп ночной камерой для качественной съемки днем и ночью https://clc.am/AImjug

«Миллионы» - шоу, в котором комики Расул Чабдаров и Гурам Амарян пробуют роскошную жизнь за счет продюсеров. Цель шоу: показать, что деньги - это не главное (особенно, когда они не твои).

Инста:
Гурам Амарян https://instagram.com/gur_am
Расул Чабдаров https://instagram.com/chabdarrr

Благодарности:
Шоурум Spin4Spin https://instagram.com/spin4spin
Стрипклуб Roxbury https://clubroxbury.ru/
Аренда спорткаров https://sportcar.moscow/ https://instagram.com/sportcar.moscow
Актерам из скетча:
https://instagram.com/samvel_ginovyan
 https://instagram.com/v.gabidze
https://instagram.com/margo.goose

Музлоделы:
https://instagram.com/daamnthatsderesh
https://vk.com/vovawufwuf
https://instagram.com/gc_pingus
https://vk.com/mr_chess
https://instagram.com/homerockstar
https://vk.com/seagxll

По вопросам рекламы и сотрудничества: labelcom@mediumquality.ru

LABELCOM: https://instagram.com/labelcomedians
LABELCOM. VIDEO: https://instagram.com/labelcom.video
Мерч LABELCOM: https://mqpmerch.ru/labelcom

#Labelcom #Миллионы",1517,1674477206,48720,7,174,51,https://vk.com/video_ext.php?oid=-209976560&id=456239459&hash=4fba0f0d2f996c07&__ref=vk.admin_android&api_hash=1740694472dd9ac3e7dfd23467fe_GMZDANZRGM2TCOA,1,1,1,False,https://sun9-10.userapi.com/NlwKqLgJzVstlqNT3BlS5yA6SB9ieLkJVDjr0A/unCf0mVc4Oo.jpg
456239458,-209976560,"Понты - ПОНТЫ – Юлианна Караулова, Гурам Амарян, Александр Забродин","Все профи на PROFI.RU
Приложение для специалистов, которые ищут новых клиентов:
https://backoffice-react-app.onelink.me/Isnn/f3996e6e
Приложение для клиентов, которые ищут отличных специалистов:
https://profi-client.onelink.me/3205134365/7ba36d25

Найти билеты на Aviasales
https://i.avs.io/bmmjx2

Ранние премьеры, эксклюзивы и лучшие шоу в нашем приложении The Hole: https://mediumquality.page.link/ponti_hole  Смотрите выпуски в фоне и пробуйте остальные штуки — всё бесплатно. Заходить можно без стука!! 

Наша гостья: Юлианна Караулова  
https://www.youtube.com/channel/UCDGjJgCgyrbMfyjBzuo1xiA
https://vm.tiktok.com/ZSPkMm3D/
https://instagram.com/yulianna_karaulova?igshid=9fv701772map

Подпишись на комиков в Instagram: 
Гурам Амарян - https://www.instagram.com/gur_am/
Александр Забродин - https://www.instagram.com/zabast/

LABELCOM: https://instagram.com/labelcomedians 
LABELCOM. VIDEO: https://instagram.com/labelcom.video 

#Караулова #Понты #Labelcom",755,1674477206,72062,5,225,36,https://vk.com/video_ext.php?oid=-209976560&id=456239458&hash=ad805341755b747a&__ref=vk.admin_android&api_hash=1740694472a1ec7cee5824413d39_GMZDANZRGM2TCOA,1,1,1,False,https://sun9-78.userapi.com/t715YI2I-57a74_ZF8IJ2vS8xkAsX0kleF4DSw/4V-dagXnXBA.jpg
456239457,-209976560,"Понты - ПОНТЫ – Анна Романовская (CREAM SODA), Сергей Детков, Павел Дедищев","Самый понтовый энергетик с доставкой на дом
https://shop.sns.ru/catalog/tornado_group65/

Сравнить и тут же купить на Яндекс.Маркете: https://clck.ru/RqH7q

Aviasales — поиск дешёвых авиабилетов https://i.avs.io/6ltpke

Слушай мощнейший альбом группы Cream Soda тут http://wmr.lnk.to/Intergalaktik

Ранние премьеры, эксклюзивы и лучшие шоу в нашем приложении The Hole: https://mediumquality.page.link/ponti_hole  Смотрите выпуски в фоне и пробуйте остальные штуки — всё бесплатно. Заходить можно без стука!! 

LABELCOM: https://instagram.com/labelcomedians
LABELCOM. VIDEO: https://instagram.com/labelcom.video
 
Наша гостья:
Анна Романовская - https://www.instagram.com/annaromemusic/?hl=ru
 
По вопросам рекламы и сотрудничества: labelcom@mediumquality.ru
 
#CreamSoda #Понты #Детков",1582,1674477206,50852,11,143,23,https://vk.com/video_ext.php?oid=-209976560&id=456239457&hash=cbb59611e5483321&__ref=vk.admin_android&api_hash=1740694472813d21be0574abf837_GMZDANZRGM2TCOA,1,1,1,False,https://sun9-16.userapi.com/8BWLOE4tbDCtqI5tWmZKDBw6qKEgHYbbDwtwrw/WM1bU93SONI.jpg
456239456,-209976560,"Что было дальше? - Гарик Харламов x Мигель | ЧТО БЫЛО ДАЛЬШЕ? (Сабуров, Щербаков, Чапарян, Тамби, Рептилоид) ЧБД","Ранние премьеры, эксклюзивы и лучшие шоу в нашем приложении The Hole: https://mediumquality.page.link/chto_bilo_dalshe_hole Смотрите выпуски в фоне и пробуйте остальные штуки — всё бесплатно. Заходить можно без стука!! 

LABELCOM: https://instagram.com/labelcomedians

Шоу «Что было дальше?» - это шоу, в котором комики слушают истории, а потом пытаются угадать, что было дальше.

Мигель https://www.instagram.com/migelshow/
Гарик Харламов https://www.instagram.com/garikkharlamov/

Нурлан Сабуров: https://instagram.com/nurlan__saburov
Тамби Масаев: https://instagram.com/tambi_masaev
Рустам Рептилоид: https://instagram.com/rustreptiloid
Алексей Щербаков: https://instagram.com/shcherbakov_alexei
Артур Чапарян: https://www.instagram.com/artur.chaparyan/",2319,1674477206,4937275,204,13973,3942,https://vk.com/video_ext.php?oid=-209976560&id=456239456&hash=7ff9a7414e0d82fc&__ref=vk.admin_android&api_hash=1740694472d399ef953cfda14299_GMZDANZRGM2TCOA,1,1,1,False,https://sun9-53.userapi.com/TZVmZiTywfqVhlBadBwfmhMEAJ5igshXGFICew/G0hekGyUeOo.jpg
456239455,-209976560,"Что было дальше? - Jah Khalib x Иосиф Пригожин | ЧТО БЫЛО ДАЛЬШЕ? (Сабуров, Щербаков, Чапарян, Тамби, Рептилоид) ЧБД","Ранние премьеры, эксклюзивы и лучшие шоу в нашем приложении The Hole: https://mediumquality.page.link/chto_bilo_dalshe_hole Смотрите выпуски в фоне и пробуйте остальные штуки — всё бесплатно. Заходить можно без стука!! 

LABELCOM: https://instagram.com/labelcomedians

По вопросам рекламы и сотрудничества: labelcom@mediumquality.ru 

Иосиф Пригожин: https://www.instagram.com/prigozhin_iosif/
Jah Khalib: https://www.instagram.com/jahkhalib/

Нурлан Сабуров: https://instagram.com/nurlan__saburov
Тамби Масаев: https://instagram.com/tambi_masaev
Рустам Рептилоид: https://instagram.com/rustreptiloid
Алексей Щербаков: https://instagram.com/shcherbakov_alexei
Артур Чапарян: https://www.instagram.com/artur.chaparyan/",1456,1674477205,1374495,81,3569,694,https://vk.com/video_ext.php?oid=-209976560&id=456239455&hash=6e411c938f0c1dce&__ref=vk.admin_android&api_hash=17406944726d1e0892dfe90335e9_GMZDANZRGM2TCOA,1,1,1,False,https://sun9-10.userapi.com/1P--B5Y6VU4mcFyCgUgbWVdsrwO9dXAI2eJx0A/YwYympfFNkM.jpg
456239454,-209976560,"Что было дальше? - Крид х Азамат x Белый х Сергеич | ЧТО БЫЛО ДАЛЬШЕ? (Сабуров, Щербаков, Чапарян, Тамби, Рептилоид) ЧБД","Лети куда угодно вместе с Авиасейлс: https://i.avs.io/l5m80d

https://rckb.co/labelcom - закажи бесплатную карту и выиграй MacBook Pro!

Вам больше не придется тратить время и нервы на поиски профессионала. PROFI.RU - 700+ видов услуг в приложении и на сайте: https://profi-client.onelink.me/Bkv8/8b023c9e

Покупай ЦЕЛУЮ КОРОБКУ B-Pop от ChupaChups по СУПЕР ЦЕНЕ: https://clck.ru/HH5BQ

Ранние премьеры, эксклюзивы и лучшие шоу в нашем приложении The Hole: https://mediumquality.page.link/chto_bilo_dalshe_hole Смотрите выпуски в фоне и пробуйте остальные штуки — всё бесплатно. Заходить можно без стука!! 

LABELСOM: https://instagram.com/labelcomedians

Егор Крид: https://www.instagram.com/egorkreed/
Азамат: https://www.instagram.com/azabraza1984/
Белый: https://www.instagram.com/rusbel_official/
Сергеич: https://www.instagram.com/sergeichcomedy/

Нурлан Сабуров: https://instagram.com/nurlan__saburov
Тамби Масаев: https://instagram.com/tambi_masaev
Рустам Рептилоид: https://instagram.com/rustreptiloid
Алексей Щербаков: https://instagram.com/shcherbakov_alexei
Артур Чапарян: https://www.instagram.com/artur.chaparyan/",6123,1674477205,6183763,374,14249,7338,https://vk.com/video_ext.php?oid=-209976560&id=456239454&hash=9a2c39db5184e033&__ref=vk.admin_android&api_hash=1740694472956034d3cb0243eeca_GMZDANZRGM2TCOA,1,1,1,False,https://sun9-24.userapi.com/4YPHlC1SLTkcYT6wClYl0O-8HZMtckmkqSiXuQ/PCvH126Sstk.jpg
456239453,-209976560,"Что было дальше? - Стас Костюшкин x Семён Слепаков | ЧТО БЫЛО ДАЛЬШЕ? (Сабуров, Щербаков, Рептилоид, Тамби, Детков) ЧБД","Заказывай карту Тинькофф, выполни условия акции и получи крутой кардхолдер: https://l.tinkoff.ru/4bd

Закажи домой BAIKAL430 — чистейшую воду из глубин великого озера: https://bit.ly/labelcomedians

Ранние премьеры, эксклюзивы и лучшие шоу в нашем приложении The Hole: https://mediumquality.page.link/chto_bilo_dalshe_hole Смотрите выпуски в фоне и пробуйте остальные штуки — всё бесплатно. Заходить можно без стука!! 

LABELCOM: https://instagram.com/labelcomedians

Стас Костюшкин: https://instagram.com/stas_kostyushkin_official
Семен Слепаков: https://instagram.com/slepakovsemyon

Нурлан Сабуров: https://instagram.com/nurlan__saburov
Тамби Масаев: https://instagram.com/tambi_masaev
Сергей Детков: https://instagram.com/sergii_detkov
Рустам Рептилоид: https://instagram.com/rustreptiloid
Алексей Щербаков: https://instagram.com/shcherbakov_alexei

Благодарим за сотрудничество проект KIXBOX - https://kixbox.ru",4830,1674477204,2193527,108,4685,1512,https://vk.com/video_ext.php?oid=-209976560&id=456239453&hash=3076d3d0e628f42f&__ref=vk.admin_android&api_hash=1740694472b3b48ab5b057299cd5_GMZDANZRGM2TCOA,1,1,1,False,https://sun9-15.userapi.com/zP8RpZPHOd8RLyfDaA2Bhg_fhMUplPG6i5b9XQ/zKLmi9zYzM8.jpg
456239452,-209976560,"Что было дальше? - Гарик Мартиросян х Олег Майами | ЧТО БЫЛО ДАЛЬШЕ? (Сабуров, Щербаков, Рептилоид, Тамби, Детков) ЧБД","Присоединяйтесь к движению Чупа&Чок и подписывайтесь на Chupa Chups в Instagram: https://clck.ru/J99D9
AliExpress Fashion Sale с 16 по 30 сентября, а по промокоду LABELCOM
скидка 3$ при покупке от 30$: http://s.click.aliexpress.com/e/cBuvrUzp

Ранние премьеры, эксклюзивы и лучшие шоу в нашем приложении The Hole: https://mediumquality.page.link/chto_bilo_dalshe_hole Смотрите выпуски в фоне и пробуйте остальные штуки — всё бесплатно. Заходить можно без стука!! 

STAND-UP тур ГАРИКА МАРТИРОСЯНА:

27.09/28.09 - Сочи
03.10 - Краснодар
04.10 - Ростов-на-Дону
05.10 - Воронеж
22.10 - Минск
23.10 - Рига
25.10 - Питер
18.11 - Казань
19.11 - Самара
15.12 - Нижний-Новгород

ССЫЛКА НА БИЛЕТЫ:
https://standupbilet.ru/

LABELCOM: https://instagram.com/labelcomedians

""God Bless AliExpress"" by SLIL TRVCK aka RVSUL CHVBDAROV: https://www.instagram.com/chabdarrr/

Канал Олега Майами : https://youtube.com/c/ZAMES-tv
Гарик Мартиросян: https://instagram.com/martirosian_official

Нурлан Сабуров: https://instagram.com/nurlan__saburov
Тамби Масаев: https://instagram.com/tambi_masaev
Сергей Детков: https://instagram.com/sergii_detkov
Рустам Рептилоид: https://instagram.com/rustreptiloid
Алексей Щербаков: https://instagram.com/shcherbakov_alexei

Благодарим за сотрудничество проект KIXBOX - https://kixbox.ru",4048,1674477204,6164642,486,14391,6759,https://vk.com/video_ext.php?oid=-209976560&id=456239452&hash=8633f6dc2b0bb053&__ref=vk.admin_android&api_hash=1740694472f208613ae607b00048_GMZDANZRGM2TCOA,1,1,1,False,https://sun9-63.userapi.com/ISkIObZxzvr4PaE3e406o2wkyXi0t9rmfR2nOg/XzCX6SAcgIw.jpg
456239451,-209976560,"Что было дальше? - Илья Соболев х Давидыч  | ЧТО БЫЛО ДАЛЬШЕ? (Сабуров, Щербаков, Рептилоид, Тамби, Детков) ЧБД","Оформите бизнес-карту Модульбанка и получите рекордный кэшбэк 5% на ВСЁ по промокоду LABELCOM http://mdl.bz/LDZ05

Этому городу доставляет новый герой! Вызвать просто — в приложении Яндекс.Еда: https://clck.ru/JY5sW

Благодарим за сотрудничество дизайн-квартал Флакон
https://flacon.ru/

Ранние премьеры, эксклюзивы и лучшие шоу в нашем приложении The Hole: https://mediumquality.page.link/chto_bilo_dalshe_hole Смотрите выпуски в фоне и пробуйте остальные штуки — всё бесплатно. Заходить можно без стука!! 

LABELCOM: https://instagram.com/labelcomedians

Илья Соболев: https://instagram.com/sobolev_tut
Давидыч: https://instagram.com/eric_davidich

Нурлан Сабуров: https://instagram.com/nurlan__saburov
Тамби Масаев: https://instagram.com/tambi_masaev
Сергей Детков: https://instagram.com/sergii_detkov
Рустам Рептилоид: https://instagram.com/rustreptiloid
Алексей Щербаков: https://instagram.com/shcherbakov_alexei

Благодарим за сотрудничество проект KIXBOX - https://kixbox.ru",4433,1674477204,3286664,165,6427,2087,https://vk.com/video_ext.php?oid=-209976560&id=456239451&hash=06267fa4429ed35a&__ref=vk.admin_android&api_hash=174069447274a60fc82beda7de27_GMZDANZRGM2TCOA,1,1,1,False,https://sun9-68.userapi.com/BH2bCiKTEaG7Er7OHmVQkUH5Buq72xz-Ed5ViQ/X38C0v8wCQM.jpg
456239450,-209976560,"Что было дальше? - Александр Шпак х Сергей Минаев | ЧТО БЫЛО ДАЛЬШЕ? (Сабуров, Щербаков, Рептилоид, Тамби, Детков) ЧБД","Легко путешествуйте куда захотите вместе с Aviasales: https://i.avs.io/l5m80d

Оформи карту MTS CASHBACK и зарегистрируй ее в акции на https://mtsbank.ru/icashback, соверши покупку по карте до 30 ноября и выиграй новый iPhone 11.
Победители акции будут объявлены 1 декабря в официальных группах МТС Банка: https://vk.com/mtsbankru; https://facebook.com/mtsbank; https://ok.ru/group/54564585799926/

Ранние премьеры, эксклюзивы и лучшие шоу в нашем приложении The Hole: https://mediumquality.page.link/chto_bilo_dalshe_hole Смотрите выпуски в фоне и пробуйте остальные штуки — всё бесплатно. Заходить можно без стука!! 

LABELCOM: https://instagram.com/labelcomedians

Александр Шпак: https://www.instagram.com/sashashpakofficial
Сергей Минаев: https://www.instagram.com/sergeiminaev

Нурлан Сабуров: https://instagram.com/nurlan__saburov
Тамби Масаев: https://instagram.com/tambi_masaev
Сергей Детков: https://instagram.com/sergii_detkov
Рустам Рептилоид: https://instagram.com/rustreptiloid
Алексей Щербаков: https://instagram.com/shcherbakov_alexei

Благодарим магазин Ашан за предоставленную съемочную локацию! https://www.instagram.com/auchan.ru",3474,1674477204,2104540,120,5218,2079,https://vk.com/video_ext.php?oid=-209976560&id=456239450&hash=c01cdd0605f24a6e&__ref=vk.admin_android&api_hash=1740694472e1de0490fa5aa62fdd_GMZDANZRGM2TCOA,1,1,1,False,https://sun9-64.userapi.com/fhcyEWHX9t69tYz23coNb_-K-S8sqF3ZW6kAnA/nnb3Cc2tIHw.jpg
456239449,-209976560,"Что было дальше? - Анатолий Цой х КраСава | ЧТО БЫЛО ДАЛЬШЕ? (Сабуров, Щербаков, Рептилоид, Тамби, Детков) ЧБД","Билеты в места, о которых вы даже не мечтали — на Aviasales: https://i.avs.io/l5m80d

Приобрести систему безопасности Ajax со скидкой 10%: http://bit.ly/ajax_labelcom

Ранние премьеры, эксклюзивы и лучшие шоу в нашем приложении The Hole: https://mediumquality.page.link/chto_bilo_dalshe_hole Смотрите выпуски в фоне и пробуйте остальные штуки — всё бесплатно. Заходить можно без стука!! 

LABELCOM: https://instagram.com/labelcomedians

Анатолий Цой: https://www.instagram.com/anatoliytsoy_official/
Евгений Савин: https://www.instagram.com/sava9/

Нурлан Сабуров: https://instagram.com/nurlan__saburov
Тамби Масаев: https://instagram.com/tambi_masaev
Сергей Детков: https://instagram.com/sergii_detkov
Рустам Рептилоид: https://instagram.com/rustreptiloid
Алексей Щербаков: https://instagram.com/shcherbakov_alexei

#ЧтоБылоДальше #Цой #КраСава",4783,1674477204,2068944,122,4613,1256,https://vk.com/video_ext.php?oid=-209976560&id=456239449&hash=8c2b16cd2bfeb330&__ref=vk.admin_android&api_hash=1740694472434ffb8da772ac1336_GMZDANZRGM2TCOA,1,1,1,False,https://sun9-35.userapi.com/YytKBZgNfeZ7o3NMkwrTTHSXynbnfXI_6dz4ZQ/wrrqhQfCxP0.jpg
456239448,-209976560,Что было дальше? - Мигель х Сарик Андреасян х Артур Чапарян | ЧТО БЫЛО ДАЛЬШЕ? ЧБД,"Безграничный Galaxy A51 уже в продаже в фирменном магазине Samsung: https://bit.ly/2R5MUSf

Приходите в бургерную # FARШ, называйте промокод ЧТОБЫЛОДАЛЬШЕ и получайте скидку 15% на всё основное меню. Срок действия промокода до 05.03.2020. Скидка не суммируется с другими акциями и спец.предложениями: http://farshburger.ru

Активируй промокод JOOMCOM с 14 по 19 января по ссылке: https://ad.joom.com/labelcom-promo
Промокод действует в течение одного дня после активации.

Ранние премьеры, эксклюзивы и лучшие шоу в нашем приложении The Hole: https://mediumquality.page.link/chto_bilo_dalshe_hole Смотрите выпуски в фоне и пробуйте остальные штуки — всё бесплатно. Заходить можно без стука!! 

LABELCOM: https://instagram.com/labelcomedians
LABELCOM. VIDEO: https://instagram.com/labelcom.video

Мигель: https://instagram.com/migelshow
Сарик Андреасян: https://instagram.com/sarik_andreasyan
Сарик Live: https://www.youtube.com/channel/UCDimOKtoSq8g4MUPCdtghyg
Артур Чапарян: https://instagram.com/artur.chaparyan

Нурлан Сабуров: https://instagram.com/nurlan__saburov
Тамби Масаев: https://instagram.com/tambi_masaev
Сергей Детков: https://instagram.com/sergii_detkov
Рустам Рептилоид: https://instagram.com/rustreptiloid
Алексей Щербаков: https://instagram.com/shcherbakov_alexei
#чтобылодальше",5356,1674477202,3096405,134,6055,2006,https://vk.com/video_ext.php?oid=-209976560&id=456239448&hash=f282cb6351b9cf48&__ref=vk.admin_android&api_hash=1740694472d4772bf3b5c85a578e_GMZDANZRGM2TCOA,1,1,1,False,https://sun9-14.userapi.com/5XmL3A_Be8Huiqivv3aAloVuB04Iosz3ht34Gg/5GVnnHPlbqk.jpg
456239446,-209976560,Что было дальше? - Незлобин х Вассерман | ЧТО БЫЛО ДАЛЬШЕ? ЧБД,"Купи мужичайший Old Spice по ссылке: https://cutt.ly/SyyJk1x

Samsung Galaxy A71 с суперстабилизацией видео в Связном. Можно в рассрочку https://clck.ru/N6uAv

Сидишь дома? Мы доставим https://goods.ru/sh/Y2E2XXW/ Настоящий маркетплейс goods.ru с кэшбэком и вот это вот всё!

Оставайся дома, воду мы привезем! Байкальская вода BAIKAL430 со скидкой 35% по промокоду BAIKALCBD2 тут https://clck.ru/N6XB3

Смотри фильм «Sasha From Russia»: https://youtu.be/7ING6lGQd8I

Ранние премьеры, эксклюзивы и лучшие шоу в нашем приложении The Hole: https://mediumquality.page.link/chto_bilo_dalshe_hole Смотрите выпуски в фоне и пробуйте остальные штуки — всё бесплатно. Заходить можно без стука!! 

LABELCOM: https://instagram.com/labelcomedians
LABELCOM.VIDEO: https://instagram.com/labelcom.video

Незлобин: https://instagram.com/nezlobinofficial

Нурлан Сабуров: https://instagram.com/nurlan__saburov
Тамби Масаев: https://instagram.com/tambi_masaev
Сергей Детков: https://instagram.com/sergii_detkov
Рустам Рептилоид: https://instagram.com/rustreptiloid
Алексей Щербаков: https://instagram.com/shcherbakov_alexei

#чтобылодальше #нурлансабуров #labelcom #СпонсорPG",4639,1674477202,2528917,230,5289,2094,https://vk.com/video_ext.php?oid=-209976560&id=456239446&hash=e33ab34f5da9a1ea&__ref=vk.admin_android&api_hash=17406944725a2763420435a5e4da_GMZDANZRGM2TCOA,1,1,1,False,https://sun9-27.userapi.com/iAVFTdDqIYzzL1ppWyn3bkC1HU5vuLxfc5FqQw/SJkyoyLiIxU.jpg
456239445,-209976560,Что было дальше? - Настя Ивлеева x Тимати | ЧТО БЫЛО ДАЛЬШЕ? ЧБД,"Чудо-машина Черемшанцева для питья воды тут https://clck.ru/P3mZX 
Скидка 30% по промокоду CHEREMSHANCEV на глубинную байкальскую воду BAIKAL430 с доставкой на дом https://clck.ru/P3mCr 

Ранние премьеры, эксклюзивы и лучшие шоу в нашем приложении The Hole: https://mediumquality.page.link/chto_bilo_dalshe_hole Смотрите выпуски в фоне и пробуйте остальные штуки — всё бесплатно. Заходить можно без стука!! 

LABELCOM: https://instagram.com/labelcomedians
LABELCOM.VIDEO: https://instagram.com/labelcom.video

Spin: https://instagram.com/spin4spin
ZNY: https://instagram.com/zny_worldwide

Настя Ивлеева: https://instagram.com/_agentgirl_
Тимати: https://instagram.com/timatiofficial

Нурлан Сабуров: https://instagram.com/nurlan__saburov
Тамби Масаев: https://instagram.com/tambi_masaev
Сергей Детков: https://instagram.com/sergii_detkov
Рустам Рептилоид: https://instagram.com/rustreptiloid
Алексей Щербаков: https://instagram.com/shcherbakov_alexei

#чтобылодальше #нурлансабуров #labelcom",6771,1674477202,5327147,265,11546,3976,https://vk.com/video_ext.php?oid=-209976560&id=456239445&hash=afc423c59d6f0329&__ref=vk.admin_android&api_hash=17406944725e1ffd2782fff419c0_GMZDANZRGM2TCOA,1,1,1,False,https://sun9-23.userapi.com/lSy1t18Oc2psJAqxkZvI_5f7aKy-_0bFocUNsA/sI8BSVy8YR8.jpg
456239444,-209976560,Что было дальше? - Джиган x Ваня Усович | ЧТО БЫЛО ДАЛЬШЕ? ЧБД,"Купи мужичайший Old Spice со скидкой: https://www.wildberries.ru/brands/old-spice?sort=popular

Закажи домой BAIKAL430  https://instagram.com/baikal430

Ещё один день Ваня Усович https://youtu.be/yh6NYuc9gC0 Концерт 

Ранние премьеры, эксклюзивы и лучшие шоу в нашем приложении The Hole: https://mediumquality.page.link/chto_bilo_dalshe_hole Смотрите выпуски в фоне и пробуйте остальные штуки — всё бесплатно. Заходить можно без стука!! 

LABELCOM: https://instagram.com/labelcomedians
LABELCOM.VIDEO: https://instagram.com/labelcom.video

Джиган: https://instagram.com/iamgeegun
Ваня Усович: https://instagram.com/vanya.usovich

Нурлан Сабуров: https://instagram.com/nurlan__saburov
Тамби Масаев: https://instagram.com/tambi_masaev
Сергей Детков: https://instagram.com/sergii_detkov
Рустам Рептилоид: https://instagram.com/rustreptiloid
Алексей Щербаков: https://instagram.com/shcherbakov_alexei

#чтобылодальше #нурлансабуров #labelcom

Данное видео носит исключительно юмористический характер.  Любое упоминание алкогольных и наркотических средств направлено на демонстрацию вреда их употребления для здоровья граждан.",4777,1674477201,6717663,193,15823,7045,https://vk.com/video_ext.php?oid=-209976560&id=456239444&hash=95599a23a98c99c5&__ref=vk.admin_android&api_hash=1740694472314264ecc3acbcd767_GMZDANZRGM2TCOA,1,1,1,False,https://sun9-33.userapi.com/poF0QPnKrh3NctBEQEkGvkzykOYhMg-Sno1CYw/MDU2vKDvBRI.jpg
456239443,-209976560,Что было дальше? - Антон Шастун x NILETTO | ЧТО БЫЛО ДАЛЬШЕ? ЧБД,"Перепевай хит Алексея Ковбоева, подписывайся на https://instagram.com/indilight_official , отведай сочную индейку от Индилааайт!

Закажи домой BAIKAL430 — чистейшую воду из глубин великого озера. Скидка 30% по промокоду BAIKALCBD3 https://instagram.com/baikal430

Спасибо за одежду:
SVMOSCOW: https://instagram.com/svmoscow
ОтВинтаж: https://instagram.com/otvintagshop

Ранние премьеры, эксклюзивы и лучшие шоу в нашем приложении The Hole: https://mediumquality.page.link/chto_bilo_dalshe_hole Смотрите выпуски в фоне и пробуйте остальные штуки — всё бесплатно. Заходить можно без стука!! 

LABELCOM: https://instagram.com/labelcomedians
LABELCOM.VIDEO: https://instagram.com/labelcom.video

Антон Шастун: https://www.youtube.com/c/ШАСТУН
NILETTO: https://instagram.com/niletto_official

Нурлан Сабуров: https://instagram.com/nurlan__saburov
Тамби Масаев: https://instagram.com/tambi_masaev
Сергей Детков: https://instagram.com/sergii_detkov
Рустам Рептилоид: https://instagram.com/rustreptiloid
Алексей Щербаков: https://instagram.com/shcherbakov_alexei

#чтобылодальше #нурлансабуров #labelcom",5547,1674477201,3599334,232,9836,3370,https://vk.com/video_ext.php?oid=-209976560&id=456239443&hash=2d6d4da7f9a57bca&__ref=vk.admin_android&api_hash=17406944726ab735f19c0a3438cf_GMZDANZRGM2TCOA,1,1,1,False,https://sun9-43.userapi.com/5cw9mR7r0-jcb3ejPCvotNemkAfrfhlL37ikZg/43xe900EBHg.jpg
456239442,-209976560,Что было дальше? - Доминик Джокер x Виталий Милонов | ЧТО БЫЛО ДАЛЬШЕ? ЧБД,"Чтобы выгодно продать квартиру, сначала иди на Циан — https://clck.ru/QQY2b
Попробуй дебетовую карту Tinkoff Black и верни 1000₽ с покупок — https://l.tinkoff.ru/cbd

Закажи домой BAIKAL430 — чистейшую воду из глубин великого озера. Скидка 30% по промокоду BAIKALCBD3 https://instagram.com/baikal430

Ранние премьеры, эксклюзивы и лучшие шоу в нашем приложении The Hole: https://mediumquality.page.link/chto_bilo_dalshe_hole Смотрите выпуски в фоне и пробуйте остальные штуки — всё бесплатно. Заходить можно без стука!! 

SVMOSCOW: https://instagram.com/svmoscow
ОтВинтаж: https://instagram.com/otvintagshop

LABELCOM: https://instagram.com/labelcomedians
LABELCOM.VIDEO: https://instagram.com/labelcom.video

Доминик Джокер: https://instagram.com/dominickjocker
Виталий Милонов: https://www.youtube.com/channel/UCXsOO_IJTeZHfs3EzvuSl8Q

Нурлан Сабуров: https://instagram.com/nurlan__saburov
Тамби Масаев: https://instagram.com/tambi_masaev
Сергей Детков: https://instagram.com/sergii_detkov
Рустам Рептилоид: https://instagram.com/rustreptiloid
Алексей Щербаков: https://instagram.com/shcherbakov_alexei

#чтобылодальше #нурлансабуров #labelcom",4888,1674477201,2300449,138,4649,1704,https://vk.com/video_ext.php?oid=-209976560&id=456239442&hash=41475aaa99160af7&__ref=vk.admin_android&api_hash=1740694472e68470d5a6ce3370e6_GMZDANZRGM2TCOA,1,1,1,False,https://sun9-59.userapi.com/keqRq2gAb-SM1OSY_bDUlaHQ2hk68Lf1cnjLzg/rCeWMFHXznA.jpg
456239441,-209976560,Что было дальше? - Богдан Титомир x Василий Уткин | ЧТО БЫЛО ДАЛЬШЕ? ЧБД,"Купи мужичайший Old Spice по ссылке: https://www.wildberries.ru/brands/old-spice

Заказать бесплатную Альфа-Карту Mastercard с кэшбэком до 2% на всё: https://alfa.link/84q8

Ранние премьеры, эксклюзивы и лучшие шоу в нашем приложении The Hole: https://mediumquality.page.link/chto_bilo_dalshe_hole Смотрите выпуски в фоне и пробуйте остальные штуки — всё бесплатно. Заходить можно без стука!! 

Мерч LABELCOM: http://mqpmerch.ru/labelcom

SVMOSCOW: https://instagram.com/svmoscow

LABELCOM: https://instagram.com/labelcomedians
LABELCOM.VIDEO: https://instagram.com/labelcom.video

БОГДАН ТИТОМИР:
https://instagram.com/bogdantitomir_official
https://vk.com/bogdantitomir_official
https://www.youtube.com/c/BogdanTitomir_official

ВАСИЛИЙ УТКИН:
https://instagram.com/realradioutkin
https://www.youtube.com/c/utkin

Нурлан Сабуров: https://instagram.com/nurlan__saburov
Тамби Масаев: https://instagram.com/tambi_masaev
Сергей Детков: https://instagram.com/sergii_detkov
Рустам Рептилоид: https://instagram.com/rustreptiloid
Алексей Щербаков: https://instagram.com/shcherbakov_alexei

#чтобылодальше #нурлансабуров #labelcom",4975,1674477200,5709177,427,9245,4147,https://vk.com/video_ext.php?oid=-209976560&id=456239441&hash=720141d18a84b3a0&__ref=vk.admin_android&api_hash=1740694472780a98567d5d6918d3_GMZDANZRGM2TCOA,1,1,1,False,https://sun9-47.userapi.com/45AkQaaadUp5yFJKWH7e1Pdlrjp1zeXc1xbg4g/e2Oa6SVYUuw.jpg
456239440,-209976560,Что было дальше? - Даня Милохин х Иван Абрамов | ЧТО БЫЛО ДАЛЬШЕ? ЧБД,"Оформите кредитную карту Альфа-Банка 100 дней без % онлайн. Кредитку привезут бесплатно уже завтра: https://alfa.link/oHjmYg

Попробуй Spotify Premium — слушай музыку без перерывов на рекламу и скачивай треки в офлайн! Успей оформить до конца апреля и получи 2 месяца бесплатно: https://is.gd/vWvB4R

Ранние премьеры, эксклюзивы и лучшие шоу в нашем приложении The Hole: https://mediumquality.page.link/chto_bilo_dalshe_hole Смотрите выпуски в фоне и пробуйте остальные штуки — всё бесплатно. Заходить можно без стука!! 

LABELCOM: https://instagram.com/labelcomedians
LABELCOM.VIDEO: https://instagram.com/labelcom.video

Даня Милохин: https://instagram.com/danya_milokhin
Иван Абрамов: https://instagram.com/abramov_ivan

Нурлан Сабуров: https://instagram.com/nurlan__saburov
Тамби Масаев: https://instagram.com/tambi_masaev
Илья Макаров: https://instagram.com/ilia._.makarov
Эмир Кашоков: https://www.instagram.com/emir_kashokov
Алексей Щербаков: https://instagram.com/shcherbakov_alexei

#чтобылодальше #нурлансабуров #labelcom",7075,1674477200,4201877,272,11307,3787,https://vk.com/video_ext.php?oid=-209976560&id=456239440&hash=a29309861f4bac75&__ref=vk.admin_android&api_hash=1740694472eee60a8d90b0f69d00_GMZDANZRGM2TCOA,1,1,1,False,https://sun9-73.userapi.com/8zY743O_dB0Ie0Ci7vLs2r0Lil-KJNDVsSWzKw/0x60zdq8Nqw.jpg
456239438,-209976560,Что было дальше? - Амиран Сардаров х Расул Чабдаров | ЧТО БЫЛО ДАЛЬШЕ? ЧБД,"Покупай Gillette и King C. Gillette в Магнит Косметик и Магнит у Дома https://www.instagram.com/magnitcosmetic/

Спи с beyosa и высыпайся https://clck.ru/Z84Uo

LABELCOM: https://instagram.com/labelcomedians
LABELCOM.VIDEO: https://instagram.com/labelcom.video

Амиран Сардаров: https://instagram.com/amiran495
Расул Чабдаров: https://instagram.com/chabdarrr

Нурлан Сабуров: https://instagram.com/nurlan__saburov
Тамби Масаев: https://instagram.com/tambi_masaev
Илья Макаров: https://instagram.com/ilia._.makarov
Эмир Кашоков: https://www.instagram.com/emir_kashokov
Алексей Щербаков: https://instagram.com/shcherbakov_alexei

#чтобылодальше #нурлансабуров #labelcom #gillette #sponsorpg",7512,1674477199,6533036,218,11761,4534,https://vk.com/video_ext.php?oid=-209976560&id=456239438&hash=417393a00575e6d4&__ref=vk.admin_android&api_hash=17406944722f5d1b51044841c95e_GMZDANZRGM2TCOA,1,1,1,False,https://sun9-9.userapi.com/twULlNfm6aHwqE505So8gxMXcpdSkYHr4fTj9w/KP-LfV6wXPI.jpg
456239439,-209976560,Что было дальше? - Михаил Галустян х Григорий Лепс | ЧТО БЫЛО ДАЛЬШЕ? ЧБД,"Откройте бесплатный счёт для бизнеса в Альфа-Банке: https://alfa.link/3AUBrA

Для любой задачи есть профи. Установи приложение и профи будут всегда под рукой: https://profi-client.onelink.me/3205134365/956776e7

Если ты профи, то скачивай приложение для специалистов и получай больше клиентов: https://backoffice-react-app.onelink.me/Isnn/3a86484f

Ранние премьеры, эксклюзивы и лучшие шоу в нашем приложении The Hole: https://mediumquality.page.link/chto_bilo_dalshe_hole Смотрите выпуски в фоне и пробуйте остальные штуки — всё бесплатно. Заходить можно без стука!! 

LABELCOM: https://instagram.com/labelcomedians
LABELCOM.VIDEO: https://instagram.com/labelcom.video

Михаил Галустян: https://instagram.com/m_galustyan
Григорий Лепс: https://instagram.com/gvleps

Нурлан Сабуров: https://instagram.com/nurlan__saburov
Тамби Масаев: https://instagram.com/tambi_masaev
Илья Макаров: https://instagram.com/ilia._.makarov
Эмир Кашоков: https://www.instagram.com/emir_kashokov
Алексей Щербаков: https://instagram.com/shcherbakov_alexei

#чтобылодальше #нурлансабуров #labelcom

АО «Альфа-Банк». Ген. лицензия ЦБ РФ №1326 от 16.01.2015. Подробные условия и тарифы на alfabank.ru",6189,1674477200,3924893,134,10946,3957,https://vk.com/video_ext.php?oid=-209976560&id=456239439&hash=ef67de1e1eb3b243&__ref=vk.admin_android&api_hash=1740694472758ca5c42a7f403967_GMZDANZRGM2TCOA,1,1,1,False,https://sun9-49.userapi.com/qp2vlnzAd_EjTcr3A958laE78bybPqm0dctoeA/OHCgJ4tCawE.jpg
456239437,-209976560,Что было дальше? - Юрий Лоза х Андрей Бебуришвили | ЧТО БЫЛО ДАЛЬШЕ? ЧБД,"Циан.Ипотека: https://clck.ru/WdnRc — 1 анкета, 6 банков, предварительные решения за 2 минуты. Попробуйте) 

Новая мультимедийная система LADA Enjoy Pro с Яндекс.Авто. Пора сделать апгрейд ваших ощущений, прокачать любимые треки и добавить красок! https://www.lada.ru/enjoy-pro

Ранние премьеры, эксклюзивы и лучшие шоу в нашем приложении The Hole: https://mediumquality.page.link/chto_bilo_dalshe_hole Смотрите выпуски в фоне и пробуйте остальные штуки — всё бесплатно. Заходить можно без стука!! 

LABELCOM: https://instagram.com/labelcomedians
LABELCOM.VIDEO: https://instagram.com/labelcom.video

Юрий Лоза: https://instagram.com/lozayury
Андрей Бебуришвили: https://instagram.com/hooba_bebur

Нурлан Сабуров: https://instagram.com/nurlan__saburov
Тамби Масаев: https://instagram.com/tambi_masaev
Илья Макаров: https://instagram.com/ilia._.makarov
Эмир Кашоков: https://www.instagram.com/emir_kashokov
Алексей Щербаков: https://instagram.com/shcherbakov_alexei

#чтобылодальше #нурлансабуров #labelcom",5443,1674477199,4903914,319,12502,4305,https://vk.com/video_ext.php?oid=-209976560&id=456239437&hash=da49a21ee0a4c5d0&__ref=vk.admin_android&api_hash=1740694472883f1692d56ae825c9_GMZDANZRGM2TCOA,1,1,1,False,https://sun9-8.userapi.com/rBNvZ1yOwv1y2_a8NJt5QZ_QrT0q5XWuUUcezw/PVWxrAn27KM.jpg
456239436,-209976560,Что было дальше? - Евгений Чебатков х Big Russian Boss | ЧТО БЫЛО ДАЛЬШЕ? ЧБД,"Получай дополнительный доход в мобильном приложении «Альфа-Инвестиции» в течение 100 дней без риска: https://adirect.onelink.me/8NPE/aa2c5a48

TORNADO ENERGY - невероятный заряд энергии. Заказывай с доставкой на дом: https://clck.ru/MhH2i

Ранние премьеры, эксклюзивы и лучшие шоу в нашем приложении The Hole: https://mediumquality.page.link/chto_bilo_dalshe_hole Смотрите выпуски в фоне и пробуйте остальные штуки — всё бесплатно. Заходить можно без стука!! 

LABELCOM: https://instagram.com/labelcomedians
LABELCOM.VIDEO: https://instagram.com/labelcom.video

Евгений Чебатков: https://instagram.com/chebatkov_yevgeniy
Big Russian Boss: https://instagram.com/the_boss_hhf

Нурлан Сабуров: https://instagram.com/nurlan__saburov
Тамби Масаев: https://instagram.com/tambi_masaev
Илья Макаров: https://instagram.com/ilia._.makarov
Эмир Кашоков: https://www.instagram.com/emir_kashokov
Алексей Щербаков: https://instagram.com/shcherbakov_alexei

#чтобылодальше #нурлансабуров #labelcom",6117,1674477199,4214616,176,12690,3924,https://vk.com/video_ext.php?oid=-209976560&id=456239436&hash=fc2828d16a4c4bd6&__ref=vk.admin_android&api_hash=1740694472e8c1c041cf1b29a684_GMZDANZRGM2TCOA,1,1,1,False,https://sun9-31.userapi.com/AnFTdHrBlw9EtdL98AY98g8ttP6n4fuy9Exf-w/TOyiDcHuOZI.jpg
456239435,-209976560,Что было дальше? - Рустам Рептилоид х Богдан Титомир х Азамат Мусагалиев х Денис Дорохов х Джиган | ЧБД,"Забирай новогодние бонусы и танкуй в World of Tanks - https://tanks.ly/4BD

Бесплатная кредитная карта Альфа-Банка 100 дней без % с кэшбэком 1500 рублей на первую покупку. Оформите онлайн и карту доставят бесплатно в удобное место: https://alfa.me/okRxCQ

Скачайте мобильное приложение hh.ru (0+) и выбирайте подходящие вакансии: https://my.hh.ru/7S

Бренд «Сладкая ягода» - разрушающие стереотипы о томатах. Еще больше вкуса: https://www.instagram.com/rost.companygroup

Тариф МТС, который ранее был доступен только «для своих», теперь открыт для всех новых абонентов - всего 250 р/мес! Успей подключить до 31.01.2022 - https://clck.ru/ZRATV

Специальные агенты теперь выбирают автомобили по подписке Hyundai Mobility - https://clc.to/HyundaiMobility

LABELCOM: https://instagram.com/labelcomedians
LABELCOM.VIDEO: https://instagram.com/labelcom.video

Богдан Титомир: https://instagram.com/bogdantitomir_official
Азамат Мусагалиев: https://instagram.com/azabraza1984
Денис Дорохов: https://instagram.com/dorokhovdenisofficial
Джиган: https://instagram.com/iamgeegun

Нурлан Сабуров: https://instagram.com/nurlan__saburov
Тамби Масаев: https://instagram.com/tambi_masaev
Илья Макаров: https://instagram.com/ilia._.makarov
Эмир Кашоков: https://www.instagram.com/emir_kashokov
Рустам Рептилоид: https://instagram.com/rustreptiloid
Алексей Щербаков: https://instagram.com/shcherbakov_alexei

#чтобылодальше #нурлансабуров #labelcom",12204,1674477199,9904092,470,26746,11319,https://vk.com/video_ext.php?oid=-209976560&id=456239435&hash=b6001235bafc58c0&__ref=vk.admin_android&api_hash=174069447216d4143a495213cfc9_GMZDANZRGM2TCOA,1,1,1,False,https://sun9-49.userapi.com/quU3-2zy47pmlpMtFXxn35Tpf2D9_B35kQkwPw/WXi-Qm5IByc.jpg
456239434,-209976560,"Лена Кука - ЛЕНА КУКА #1 (Рептилоид, Тамби, Эмир, Макар)","Путешествия куда угодно проще с Aviasales: https://i.avs.io/kz5lvc

Благодарим за сотрудничество лаунж бар Dymzavod: https://instagram.com/dymzavod

Ранние премьеры, эксклюзивы и лучшие шоу в нашем приложении The Hole: https://mediumquality.page.link/Lena-Kuka-crew_hole Смотрите выпуски в фоне и пробуйте остальные штуки — всё бесплатно. Заходить можно без стука!! 

По вопросам рекламы и сотрудничества: labelcom@mediumquality.ru

LABELCOM: https://instagram.com/labelcomedians

Рустам Рептилоид: https://instagram.com/rustreptiloid
Тамби Масаев: https://instagram.com/tambi_masaev
Эмир Кашоков: https://instagram.com/emir_kashokov_fan_official
Илья Макаров: https://instagram.com/iliamakar0v

#LabelCom #ЛенаКука #Скетч  #Рептилоид #Масаев #Кашоков #Макаров",912,1674477199,111328,8,349,159,https://vk.com/video_ext.php?oid=-209976560&id=456239434&hash=073c37c3fc448792&__ref=vk.admin_android&api_hash=1740694472d7d06c82d3d886d056_GMZDANZRGM2TCOA,1,1,1,False,https://sun9-74.userapi.com/Fpy_H55de9nJn38Q7lM13K3YuT9PjuJwCp6Qsg/zctyaTrwFC4.jpg
456239433,-209976560,"Лена Кука - ЛЕНА КУКА #2 (Сабуров, Рептилоид, Тамби, Эмир, Макар)","Скидки и розыгрыш годового запаса путешествий на Чёрную пятницу от Aviasales: https://i.avs.io/pmzt58

Бесплатно открыть счёт и получить скидку при авансовой оплате обслуживания  в ДелоБанке: http://bit.ly/2QA5IL7

Благодарим за предоставленную локацию «Русалочка Суши» в пространстве ONE DOOR COMMUNITY: https://instagram.com/rusalochka_sushi | https://instagram.com/onedoorcommunity

Благодарим за сотрудничество лаунж бар Dymzavod: https://instagram.com/dymzavod

Ранние премьеры, эксклюзивы и лучшие шоу в нашем приложении The Hole: https://mediumquality.page.link/Lena-Kuka-crew_hole Смотрите выпуски в фоне и пробуйте остальные штуки — всё бесплатно. Заходить можно без стука!! 

По вопросам рекламы и сотрудничества: labelcom@mediumquality.ru

LABELCOM: https://instagram.com/labelcomedians
LABELCOM.VIDEO: https://instagram.com/labelcom.video

Рустам Рептилоид: https://instagram.com/rustreptiloid
Тамби Масаев: https://instagram.com/tambi_masaev
Эмир Кашоков: https://instagram.com/emir_kashokov_fan_official
Илья Макаров: https://instagram.com/iliamakar0v
Нурлан Сабуров: https://instagram.com/nurlan__saburov",990,1674477199,96747,9,315,103,https://vk.com/video_ext.php?oid=-209976560&id=456239433&hash=7acb975bf3a9d693&__ref=vk.admin_android&api_hash=17406944725db3c0424b8f6ce9be_GMZDANZRGM2TCOA,1,1,1,False,https://sun9-21.userapi.com/xjWlprIHE2EWNQDmN8h6DdMQaocCjOi3toOm-w/zltjcVaDZmQ.jpg
456239432,-209976560,"Кто Здесь Комик - Кто здесь комик? Алексей Стахович, Роман Косицын и Алексей Щербаков","Приходите в бургерную #FARШ, называйте промокод ЗАФАРШУЙСЯ и получайте скидку 15% на всё основное меню.
Срок действия промокода до 15.01.2020. Скидка не суммируется с другими акциями и спец.предложениями. http://farshburger.ru

Ранние премьеры, эксклюзивы и лучшие шоу в нашем приложении The Hole: https://mediumquality.page.link/kto_komik_hole  Смотрите выпуски в фоне и пробуйте остальные штуки — всё бесплатно. Заходить можно без стука!! 

Кто Здесь Комик? – полностью импровизационное stand up шоу, в котором три комика решают кто из них самый смешной. 

Три комика играют в две импровизационные игры. «Сет-лист» и «Дуэль». После каждой игры зрители в зале голосуют за комика, который по их мнению оказался наиболее не смешным и он покидает шоу. Комик, который выигрывает признается самым смешным и получает 30 000 рублей.

Алексей Стахович: https://www.instagram.com/stakh2/
Роман Косицын: https://www.instagram.com/roman_kositsyn/
Алексей Щербаков: https://www.instagram.com/shcherbakov_alexei/
Виктор Комаров: https://www.instagram.com/v.komarov86
LABELCOM https://www.instagram.com/labelcomedians

По вопросам рекламы и сотрудничества: labelcom@mediumquality.ru

#Комаров #Щербаков #Косицын #Стахович",2067,1674477197,70641,10,133,21,https://vk.com/video_ext.php?oid=-209976560&id=456239432&hash=1d517eb98a8c1da2&__ref=vk.admin_android&api_hash=17406944720f9501ccaa59593756_GMZDANZRGM2TCOA,1,1,1,False,https://sun9-58.userapi.com/7eTpV-ZRshsatdx_3-24IoQQFEA_k6IhJSLzTw/DMMzjw3I4oc.jpg
456239431,-209976560,Roast Battle - Wylsacom x Алексей Щербаков | Roast Battle LC #20,"Закажи Tinkoff Black и получи бесплатное обслуживание навсегда — https://l.tinkoff.ru/roastbattleoct
Забирай бонусы и начинай танковать в World of Tanks: https://tanks.ly/RoastBattle

Узнай, куда уже можно https://i.avs.io/mopcwp

Смотри премьеры любимых шоу первым в приложении The Hole: https://cutt.ly/3b9O69J

Roast Battle – формат, в котором молодые комики бьются за денежный приз ""прожаривая"" друг друга. Выпуск 20.
 
Ведущий: Алексей Щербаков https://www.instagram.com/shcherbakov_alexei/
https://www.youtube.com/channel/UCbvXcK_Yu6E42Y3MLHNfKiw

Гость: Wylsacom https://www.instagram.com/wylsacom/
https://www.youtube.com/channel/UCt7sv-NKh44rHAEb-qCCxvA

Комики:
Салават Дюсенгалиев https://www.instagram.com/sala_v_at/
Борис Зелигер https://www.instagram.com/zeligerboris/
Валера Артюхов https://www.instagram.com/artvalery/
Макс Ко https://www.instagram.com/maxko1/
Настя Веневитина https://www.instagram.com/venevito/
Алексей Шамутило https://www.instagram.com/shamutilo/

Отдельное спасибо группе ""Смех"" за музыку в выпуске!
https://instagram.com/smexband
https://vk.com/smehband
http://www.facebook.com/smexrussia
 
LABELCOM: https://instagram.com/labelcomedians
LABELCOM. VIDEO: https://instagram.com/labelcom.video
 
#LabelCom #Щербаков #Wylsacom",3768,1674462876,82986,10,350,97,https://vk.com/video_ext.php?oid=-209976560&id=456239431&hash=9608531f7cfeb5de&__ref=vk.admin_android&api_hash=174069447259daafd89da6707e80_GMZDANZRGM2TCOA,1,1,1,False,https://sun9-2.userapi.com/EOB4dTcwP81BNMsA-aj7-EufzoSiJGH5pq9QoA/ChMxMqNaTkg.jpg
456239430,-209976560,Roast Battle - Джавид x Алексей Щербаков | Roast Battle LC #23,"Модуль с Яндекс.ТВ и Алисой превратит ваш обычный телевизор в умный. До 5 января промокод ROAST даёт скидку 1000 рублей на Маркете: https://ya.cc/t/dgbjQvmG36mXYX

Выигрывайте 100 000 денежных призов в мобильном приложении Альфа-Банка: https://alfa.link/ny_RoastBattle

Узнай, куда уже можно https://i.avs.io/mopcwp

Подобрать автомобиль на Авито: https://clc.to/avito_labelcom

Этот выпуск можно было посмотреть раньше в нашем приложении The Hole: https://mediumquality.page.link/roast_new
Бесплатные премьеры без рекламы и всего такого

Roast Battle – формат, в котором молодые комики бьются за денежный приз ""прожаривая"" друг друга. Выпуск 23.
 
Ведущий: Алексей Щербаков https://www.instagram.com/shcherbakov_alexei/
https://www.youtube.com/channel/UCbvXcK_Yu6E42Y3MLHNfKiw

Гость: Джавид https://instagram.com/rustam_mayer
https://www.youtube.com/channel/UCe9pVmC9VWLON835WSevAiQ

Комики:
Валера Артюхов https://www.instagram.com/artvalery/
Ирина Приходько https://www.instagram.com/irinozavr/
Марк Сергиенко https://www.instagram.com/sergienkomark/
Миша Лавров https://www.instagram.com/lavrov_m/
Сева Ловкачёв https://www.instagram.com/sevalovkachev/
Юра Мишаев https://www.instagram.com/mishaev_yura/

Отдельное спасибо группе ""Смех"" за музыку в выпуске!
https://instagram.com/smexband
https://vk.com/smehband
http://www.facebook.com/smexrussia
 
LABELCOM: https://instagram.com/labelcomedians
LABELCOM. VIDEO: https://instagram.com/labelcom.video
 
#LabelCom #Щербаков #Джавид",3209,1674462869,65629,16,247,53,https://vk.com/video_ext.php?oid=-209976560&id=456239430&hash=2a1e7297abcee772&__ref=vk.admin_android&api_hash=17406944728d86c8312ab6796196_GMZDANZRGM2TCOA,1,1,1,False,https://sun9-41.userapi.com/lbs6noRnlc8DWGuNY7tptQv9T-cMTHvfEtZnoQ/B_gX5k3AJhU.jpg
456239429,-209976560,Roast Battle - Щербаков х Бебуришвили х Яровицына. Roast Battle Frendlyfire. Специальный выпуск.,"Кунг-фу – хорошо, но исправная тачка – еще лучше!

Бесплатная диагностика ходовой части в FIT SERVICE – https://fitservice.ru/mc
Бесплатная диагностика системы кондиционирования в FIT SERVICE – https://fitservice.ru/mb

Макароны с сахаром. Мороженное с картошкой фри. Шоколад с авокадо. Курьеры в желтом доставят абсолютно всё, что тебе нравится в еде - https://ya.cc/t/tv56CTO9YdMiY

Смотри премьеры любимых шоу первым в приложении The Hole: https://cutt.ly/3b9O69J

Roast Battle Friendly Fire – специальный выпуск, в котором пары старых друзей бьются за денежный приз. 

Ведущий: Алексей Щербаков https://www.instagram.com/shcherbakov_alexei/
https://www.youtube.com/channel/UCbvXcK_Yu6E42Y3MLHNfKiw

Комики:
Андрей Бебуришвили https://www.instagram.com/hooba_bebur/
Зоя Яровицына https://www.instagram.com/zoya_zoo/
Ира Приходько https://www.instagram.com/irinozavr/
Алексей Шамутило https://www.instagram.com/shamutilo/
Вася Габышев https://www.instagram.com/v.gabidze/
Валера Артюхов https://www.instagram.com/artvalery/

Отдельное спасибо группе ""Смех"" за музыку в выпуске!
https://instagram.com/smexband
https://vk.com/smehband
http://www.facebook.com/smexrussia
 
LABELCOM: https://instagram.com/labelcomedians
LABELCOM. VIDEO: https://instagram.com/labelcom.video
 
#LabelCom #Щербаков #Бебуришвили #Яровицына",2386,1674462864,76047,16,425,116,https://vk.com/video_ext.php?oid=-209976560&id=456239429&hash=156f4709c4e1d482&__ref=vk.admin_android&api_hash=17406944728b118f91032e06585d_GMZDANZRGM2TCOA,1,1,1,False,https://sun9-71.userapi.com/MfC9aC-gT3xw-IJjzPB8H2GvvT5i3sSkNkijdw/a6koFuSej9c.jpg
456239428,-209976560,Roast Battle - Михаил Стогниенко x Алексей Щербаков | Roast Battle LC #24,"Заказать бесплатную Альфа-Карту с кэшбэком до 33%: https://alfa.me/SH5pDg
 
Бургер Кинг уже не тот, он стал лучше! Классические блюда стали вкуснее, сочнее, насыщеннее.  
Скорее заказывайте и наслаждайтесь новым вкусом: https://clck.ru/apTAK
 
Узнай, куда уже можно https://i.avs.io/mopcwp
 
Этот выпуск можно было посмотреть раньше в нашем приложении The Hole: https://mediumquality.page.link/roast_new
Бесплатные премьеры без рекламы и всего такого
 
Roast Battle – формат, в котором молодые комики бьются за денежный приз ""прожаривая"" друг друга. Выпуск 24.
 
Ведущий: Алексей Щербаков https://www.instagram.com/shcherbakov_alexei/
https://www.youtube.com/channel/UCbvXcK_Yu6E42Y3MLHNfKiw
 
Гость: Михаил Стогниенко https://www.instagram.com/stognienko/
https://www.youtube.com/c/ovrshow/videos
 
Комики:
Кирилл Ясенок https://www.instagram.com/kirill.yasenok/
Макс Ко https://www.instagram.com/maxko1/
Настя Веневитина https://www.instagram.com/venevito/
Зоя Куулар https://www.instagram.com/zorro_zanyat/
Илья Коваль https://www.instagram.com/ikovaal/
Дима Колыбелкин https://www.instagram.com/dmitriyvinyard/
https://www.youtube.com/playlist?list=PLavA-mcfvMBSv4W0bisO952MK0kWiM4Zl
 
Отдельное спасибо группе ""Смех"" за музыку в выпуске!
https://instagram.com/smexband
https://vk.com/smehband
http://www.facebook.com/smexrussia
 
LABELCOM: https://instagram.com/labelcomedians
LABELCOM. VIDEO: https://instagram.com/labelcom.video
 
#LabelCom #Щербаков #Стогниенко",3182,1674462855,84030,8,329,60,https://vk.com/video_ext.php?oid=-209976560&id=456239428&hash=42830db8e969f608&__ref=vk.admin_android&api_hash=174069447205cca744eda7c3f9fa_GMZDANZRGM2TCOA,1,1,1,False,https://sun9-26.userapi.com/gmTcC8tqoDUR7AAUcl9MpQJ27zZSI-tgzblA5g/so5KsurpcBI.jpg
456239427,-209976560,Roast Battle - Щербаков х Макаров x Дедищев. Roast Battle Friendlyfire. Специальный выпуск,"Смотри премьеры любимых шоу первым в приложении The Hole: https://cutt.ly/3b9O69J

Roast Battle Friendly Fire – специальный выпуск, в котором пары старых друзей бьются за денежный приз. 

Ведущий: Алексей Щербаков https://www.instagram.com/shcherbakov_alexei/
https://www.youtube.com/channel/UCbvXcK_Yu6E42Y3MLHNfKiw

Комики:
Макс Ко https://www.instagram.com/maxko1/
Кирилл Ясенок https://www.instagram.com/kirill.yasenok/
Настя Веневитина https://www.instagram.com/venevito/
Марк Сергиенко https://www.instagram.com/sergienkomark/
Илья Макаров https://www.instagram.com/ilia._.makarov/
Паша Дедищев https://www.instagram.com/amerikanec46/

Отдельное спасибо группе ""Смех"" за музыку в выпуске!
https://instagram.com/smexband
https://vk.com/smehband
http://www.facebook.com/smexrussia
 
LABELCOM: https://instagram.com/labelcomedians
LABELCOM. VIDEO: https://instagram.com/labelcom.video
 
#LabelCom #Щербаков #Макаров #Дедищев",2703,1674462847,152368,15,675,156,https://vk.com/video_ext.php?oid=-209976560&id=456239427&hash=cab59019d4f0a0af&__ref=vk.admin_android&api_hash=17406944726c0ab323b90fc61896_GMZDANZRGM2TCOA,1,1,1,False,https://sun9-77.userapi.com/jMcCNGaFlKwRmCZMYpYtZFBgv1-QDKNmToM7-w/cWpVc_O6PnA.jpg
456239426,-209976560,Roast Battle - Заур Байцаев x Алексей Щербаков | Roast Battle LC #21,"Проверяйте автомобили на Авито через Автотеку: https://clc.to/autoteka.labelcom
Отчёт со скидкой 30% по промокоду RBLC (действителен до 30 ноября)
 
Чтобы мир оставался в фокусе, регистрируйся в приложение MyACUVUE, участвуй в акции и выигрывай крутые призы: https://myacuvue.onelink.me/o8U8/roastbattle
 
Узнай, куда уже можно https://i.avs.io/mopcwp
 
Этот выпуск можно было посмотреть раньше в нашем приложении The Hole: https://mediumquality.page.link/roast_new
Бесплатные премьеры без рекламы и всего такого
 
Roast Battle – формат, в котором молодые комики бьются за денежный приз ""прожаривая"" друг друга. Выпуск 21.
 
Ведущий: Алексей Щербаков https://www.instagram.com/shcherbakov_alexei/
https://www.youtube.com/channel/UCbvXcK_Yu6E42Y3MLHNfKiw
 
Гость: Заур Байцаев https://www.instagram.com/zaurbaytsaev/
 
Комики:
Расул Гахраманов https://www.instagram.com/rasul.gahra/
Турал Мирзанханлы https://www.instagram.com/tural_natural/
Семён Деяк https://www.instagram.com/semyonjr/
Женя Замотаев https://www.instagram.com/zamotamota/
Юля Демиденкова https://www.instagram.com/demidenkova.u/
Настя Чубарова https://www.instagram.com/an.chubarova/
 
Отдельное спасибо группе ""Смех"" за музыку в выпуске!
https://instagram.com/smexband
https://vk.com/smehband
http://www.facebook.com/smexrussia
  
LABELCOM: https://instagram.com/labelcomedians
LABELCOM. VIDEO: https://instagram.com/labelcom.video
 
#LabelCom #Щербаков #Байцаев",3725,1674462836,75096,5,276,44,https://vk.com/video_ext.php?oid=-209976560&id=456239426&hash=3633ba68837cf9a3&__ref=vk.admin_android&api_hash=1740694472a082252a55c17a417b_GMZDANZRGM2TCOA,1,1,1,False,https://sun9-58.userapi.com/wXk2iZQS6kPDPO3CE5BrGRD98vauboKQElE6Ew/JxNMHSrvRPg.jpg
456239425,-209976560,Roast Battle - Тимур Батрутдинов x Алексей Щербаков | Roast Battle LC #10,"Купить игровое кресло VIKING можно по ссылке:
https://www.citilink.ru/search/?text=Viking

Ранние премьеры, эксклюзивы и лучшие шоу в нашем приложении The Hole: https://mediumquality.page.link/roast_hole Смотрите выпуски в фоне и пробуйте остальные штуки — всё бесплатно. Заходить можно без стука!! 

Roast Battle – формат, в котором молодые комики бьются за денежный приз ""прожаривая"" друг друга. Выпуск 10. 

Ведущий: Алексей Щербаков https://www.instagram.com/shcherbakov_alexei/
https://www.youtube.com/channel/UCbvXcK_Yu6E42Y3MLHNfKiw
Гость: Тимур Батрутдинов https://instagram.com/timurbatrutdinov
https://www.youtube.com/c/ОшуительноеХоу

Комики:
Алексей Шамутило https://www.instagram.com/shamutilo/
Дима Колыбелкин https://www.instagram.com/dmitriyvinyard/
Семён Голубь https://www.instagram.com/sema_golub/
Иван Ильин https://instagram.com/iljin.ivan
Олег Боярский https://www.instagram.com/boyarishnik9684/
Марк Сергиенко https://www.instagram.com/sergienkomark/

Отдельное спасибо группе ""Смех"" за музыку в выпуске! 
https://instagram.com/smexband
https://vk.com/smehband
http://www.facebook.com/smexrussia
 
LABELCOM: https://instagram.com/labelcomedians
LABELCOM. VIDEO: https://instagram.com/labelcom.video

#LabelCom #Щербаков #Батрутдинов",3433,1674462834,67228,8,240,39,https://vk.com/video_ext.php?oid=-209976560&id=456239425&hash=611d5e812b24ad5f&__ref=vk.admin_android&api_hash=174069447240d6646f7bc8faaebf_GMZDANZRGM2TCOA,1,1,1,False,https://sun9-67.userapi.com/Hz3PYMWxKB-3qxp-AWQb4qeOxeCT7yFb4oTs2g/p5IKJmPthbk.jpg
456239424,-209976560,Roast Battle - Дима Масленников x Алексей Щербаков | Roast Battle LC #9,"Roast Battle – формат, в котором молодые комики бьются за денежный приз ""прожаривая"" друг друга. Выпуск 9. 

Ранние премьеры, эксклюзивы и лучшие шоу в нашем приложении The Hole: https://mediumquality.page.link/roast_hole Смотрите выпуски в фоне и пробуйте остальные штуки — всё бесплатно. Заходить можно без стука!! 

Ведущий: Алексей Щербаков https://www.instagram.com/shcherbakov_alexei/
https://www.youtube.com/channel/UCbvXcK_Yu6E42Y3MLHNfKiw
Гость: Дима Масленников https://www.instagram.com/dima_maslen/
https://www.youtube.com/channel/UCwipTluVS2mjuhPtx2WU7eQ

Комики:
Андрей Атлас https://www.instagram.com/atlastandup/
Настя Веневитина  https://www.instagram.com/venevito/
Вася Габышев https://www.instagram.com/v.gabidze/
Саша Ваш https://www.instagram.com/sashka_vash/
Сергей Горох https://www.instagram.com/gorohsergei/
Максим Заяц https://www.instagram.com/maxzajac/

Отдельное спасибо группе ""Смех"" за музыку в выпуске! 
https://instagram.com/smexband
https://vk.com/smehband
http://www.facebook.com/smexrussia
 
LABELCOM: https://instagram.com/labelcomedians
LABELCOM. VIDEO: https://instagram.com/labelcom.video

#LabelCom #Щербаков #Масленников",3248,1674462830,94476,23,407,178,https://vk.com/video_ext.php?oid=-209976560&id=456239424&hash=1f1b8cdb88453af3&__ref=vk.admin_android&api_hash=1740694472ff1e9018fdfa33462f_GMZDANZRGM2TCOA,1,1,1,False,https://sun9-21.userapi.com/LOWaGJGpXHxh6gFLlB35tvthTsPiSrTOR53U8w/rW3S5oQ6fQk.jpg
456239423,-209976560,Roast Battle - Азамат Мусагалиев x Алексей Щербаков | Roast Battle LC #7,"Оформите предзаказ на HUAWEI Y8p до 04 июня по ссылке: https://bit.ly/3c1kYaA , воспользуйтесь купоном AY8P2000K и получите скидку 2 000 ₽ и HUAWEI Band 4 Pro стоимостью 3 990 ₽ в подарок!

В рамках специального предложения покупатели, оформившие предзаказ на Y8p, могут скачать мобильное приложение ZAYCEV.NET из магазина приложений HUAWEI AppGallery и получить бесплатную подписку на шесть месяцев! Подробности: https://bit.ly/3d0enPj

Ранние премьеры, эксклюзивы и лучшие шоу в нашем приложении The Hole: https://mediumquality.page.link/roast_hole Смотрите выпуски в фоне и пробуйте остальные штуки — всё бесплатно. Заходить можно без стука!! 

Roast Battle – формат, в котором молодые комики бьются за денежный приз ""прожаривая"" друг друга. Выпуск 7. 

Ведущий: Алексей Щербаков https://www.instagram.com/shcherbakov_alexei/
https://www.youtube.com/channel/UCbvXcK_Yu6E42Y3MLHNfKiw
Гость: Азамат Мусагалиев https://www.instagram.com/azabraza1984/
https://www.youtube.com/channel/UCLGnG6SffG60QKqw-PuCjng/videos

Комики: 
Андрей Атлас https://www.instagram.com/atlastandup/
Гурам Амарян https://www.instagram.com/gur_am/
Денис Косяков https://www.instagram.com/kosyakovdg/
https://www.youtube.com/channel/UClZEtNynvaBxCaq6aQtu6fA
Илья Макаров https://www.instagram.com/ilia._.makarov/
Паша Дедищев https://www.instagram.com/amerikanec46/
Саша Забродин https://www.instagram.com/zabast/

Отдельное спасибо группе ""Смех"" за музыку в выпуске! 
https://instagram.com/smexband
https://vk.com/smehband
http://www.facebook.com/smexrussia

LABELCOM: https://instagram.com/labelcomedians
LABELCOM. VIDEO: https://instagram.com/labelcom.video

#LabelCom #Щербаков #Азамат",3070,1674462828,149769,11,640,153,https://vk.com/video_ext.php?oid=-209976560&id=456239423&hash=39aee423a54d18f4&__ref=vk.admin_android&api_hash=174069447246ffd37dce62e63f02_GMZDANZRGM2TCOA,1,1,1,False,https://sun9-35.userapi.com/xFb6Cg9Tugc7H9krhUo4M8uxiQezFl-5J6hPfg/fdAKZSnb4CM.jpg
456239422,-209976560,Roast Battle - Иван Абрамов x Алексей Щербаков | Roast Battle LC #22,"Космически выгодная карта с повышенным процентом на остаток —
https://l.tinkoff.ru/labelcomroastbattlenov
 
TORNADO ENERGY - 9 невероятных вкусов энергии с доставкой на дом: https://shop.sns.ru/catalog/tornado_group65/
 
Узнай, куда уже можно https://i.avs.io/mopcwp
 
Этот выпуск можно было посмотреть раньше в нашем приложении The Hole: https://mediumquality.page.link/roast_new
Бесплатные премьеры без рекламы и всего такого
 
Roast Battle – формат, в котором молодые комики бьются за денежный приз ""прожаривая"" друг друга. Выпуск 22.
 
Ведущий: Алексей Щербаков https://www.instagram.com/shcherbakov_alexei/
https://www.youtube.com/channel/UCbvXcK_Yu6E42Y3MLHNfKiw
 
Гость: Иван Абрамов https://www.instagram.com/abramov_ivan/?hl=ru
https://www.youtube.com/channel/UC_1O5w8-Gv812YiZwxd1qSw
 
Комики:
Андрей Атлас https://www.instagram.com/atlastandup/?hl=ru
https://www.youtube.com/channel/UC7QECeQ4V7KiF1oQacDOvzg
Анатолий Бороздин https://www.instagram.com/borozdinanatoly/?hl=ru
Алексей Шамутило https://www.instagram.com/shamutilo/?hl=ru
Ярослава Тринадцатко https://www.instagram.com/yaska13/?hl=ru
Вадим Постильный https://www.instagram.com/postilny.v/?hl=ru
Ира Приходько https://www.instagram.com/irinozavr/?hl=ru
 
Отдельное спасибо группе ""Смех"" за музыку в выпуске!
https://instagram.com/smexband
https://vk.com/smehband
http://www.facebook.com/smexrussia
  
LABELCOM: https://instagram.com/labelcomedians
LABELCOM. VIDEO: https://instagram.com/labelcom.video
 
#LabelCom #Щербаков #Абрамов",3353,1674462827,105695,10,395,84,https://vk.com/video_ext.php?oid=-209976560&id=456239422&hash=98bfa310b1a90812&__ref=vk.admin_android&api_hash=17406944726ba64d8bdf35887509_GMZDANZRGM2TCOA,1,1,1,False,https://sun9-80.userapi.com/xa_mByAMJX2FClPTEz2j1t8J4JDGPgnmS9r2VA/ZB8jeSeKr5E.jpg
456239421,-209976560,Roast Battle - Алексей Смирнов x Алексей Щербаков | Roast Battle LC #11,"Ранние премьеры, эксклюзивы и лучшие шоу в нашем приложении The Hole: https://mediumquality.page.link/roast_hole Смотрите выпуски в фоне и пробуйте остальные штуки — всё бесплатно. Заходить можно без стука!! 

Roast Battle – формат, в котором молодые комики бьются за денежный приз ""прожаривая"" друг друга. Выпуск 11. 

Ведущий: Алексей Щербаков https://www.instagram.com/shcherbakov_alexei/
https://www.youtube.com/channel/UCbvXcK_Yu6E42Y3MLHNfKiw
Гость: Алексей Смирнов https://www.instagram.com/alesha_smirnov/
https://www.youtube.com/channel/UC3P2xNP1eppZFwCYUS7qD7Q

Комики:
Андрей Хопкинс https://www.instagram.com/xop.gop.stop/
Саша Забродин https://www.instagram.com/zabast/
Алексей Стахович https://www.instagram.com/stakh2/
https://www.youtube.com/channel/UCi4YJUsR-UQK2HdcyX3iBjA
Рома Сидорчик https://www.instagram.com/roma_sidorchik/
Настя Веневитина https://www.instagram.com/venevito/
Стоун https://www.instagram.com/lp.show/
https://www.instagram.com/comedylm/

Отдельное спасибо группе ""Смех"" за музыку в выпуске! 
https://instagram.com/smexband
https://vk.com/smehband
http://www.facebook.com/smexrussia
 
LABELCOM: https://instagram.com/labelcomedians
LABELCOM. VIDEO: https://instagram.com/labelcom.video

#LabelCom #Щербаков #Смирнов",2198,1674462813,74944,10,238,46,https://vk.com/video_ext.php?oid=-209976560&id=456239421&hash=0ebc92ae6fa761eb&__ref=vk.admin_android&api_hash=17406944727e47b02ff1151dcecc_GMZDANZRGM2TCOA,1,1,1,False,https://sun9-27.userapi.com/JbrvMMUNpPTyWcXujAwP1z9yfqiQh_Q_7KCYlw/ytLPMQponxQ.jpg
456239420,-209976560,Roast Battle - Николай Соболев x Алексей Щербаков | Roast Battle LC #17,"https://wtplay.link/labelcom — качай War Thunder бесплатно, забирай свой бонус при регистрации: техника на выбор и 3 дня премиума аккаунта!

Покупай в Ситилинк: https://bit.ly/32WCLh4

Узнай, куда уже можно https://i.avs.io/mopcwp

Ранние премьеры, эксклюзивы и лучшие шоу в нашем приложении The Hole: https://mediumquality.page.link/roast_hole Смотрите выпуски в фоне и пробуйте остальные штуки — всё бесплатно. Заходить можно без стука!! 

Roast Battle – формат, в котором молодые комики бьются за денежный приз ""прожаривая"" друг друга. Выпуск 17.
 
Ведущий: Алексей Щербаков https://www.instagram.com/shcherbakov_alexei/
https://www.youtube.com/channel/UCbvXcK_Yu6E42Y3MLHNfKiw

Гость: Николай Соболев https://www.instagram.com/sobolevv/
https://www.youtube.com/channel/UCNb2BkmQu3IfQVcaPExHkvQ

Комики:
Вася Габышев https://www.instagram.com/v.gabidze/
Настя Веневитина https://www.instagram.com/venevito/
Макс Заяц https://www.instagram.com/maxzajac/
Оля Парфенюк https://www.instagram.com/parfenyuk_olya/
Руслан Гасанов https://www.instagram.com/gasanov035/
Макс Ко https://www.instagram.com/maxko1/

Отдельное спасибо группе ""Смех"" за музыку в выпуске!
https://instagram.com/smexband
https://vk.com/smehband
http://www.facebook.com/smexrussia
 
LABELCOM: https://instagram.com/labelcomedians
LABELCOM. VIDEO: https://instagram.com/labelcom.video
 
#LabelCom #Щербаков #Соболев",3307,1674462807,68420,14,246,54,https://vk.com/video_ext.php?oid=-209976560&id=456239420&hash=3f93ad278b5d44d7&__ref=vk.admin_android&api_hash=17406944721e19c25e6659478bca_GMZDANZRGM2TCOA,1,1,1,False,https://sun9-21.userapi.com/jPdwSxnfE-kp-XaRbrdzw5fu0otQOVayr7luhA/sjpGZtHUnLI.jpg
456239419,-209976560,Roast Battle - Илья Макаров x Алексей Щербаков | Roast Battle LC #19,"Попробуй бесплатно расчетный счет для твоего бизнеса — https://www.tinkoff.ru/business/account/form?utm_source=sme_blogger&utm_medium=dsp.cpv&utm_campaign=sme_roast_battle_07

Роллтон выручит горячим обедом: http://rollton.ru/?utm_source=youtube&utm_medium=roast_battle&utm_campaign=promo

Узнай, куда уже можно https://i.avs.io/mopcwp

Смотри премьеры любимых шоу первым в приложении The Hole: https://cutt.ly/3b9O69J

Roast Battle – формат, в котором молодые комики бьются за денежный приз ""прожаривая"" друг друга. Выпуск 19.
 
Ведущий: Алексей Щербаков https://www.instagram.com/shcherbakov_alexei/
https://www.youtube.com/channel/UCbvXcK_Yu6E42Y3MLHNfKiw

Гость: Илья Макаров https://www.instagram.com/ilia._.makarov/

Комики:
Саша Ни https://www.instagram.com/nee_ae/
Салават Дюсенгалиев https://www.instagram.com/sala_v_at/
Макс Евдокимов https://www.instagram.com/evdokimov_makson/
https://youtube.com/channel/UCJrXW0Z0zDfiFiz3y8ih3nQ
Саша Гришаев https://www.instagram.com/grishaevsash/
Вадим Постильный https://www.instagram.com/postilny.v/
Миша Лавров https://www.instagram.com/lavrov_m/

Отдельное спасибо группе ""Смех"" за музыку в выпуске!
https://instagram.com/smexband
https://vk.com/smehband
http://www.facebook.com/smexrussia
 
LABELCOM: https://instagram.com/labelcomedians
LABELCOM. VIDEO: https://instagram.com/labelcom.video
 
#LabelCom #Щербаков #Макаров",3189,1674462804,73688,13,298,54,https://vk.com/video_ext.php?oid=-209976560&id=456239419&hash=baaa3d050b5ee51a&__ref=vk.admin_android&api_hash=1740694472059f9795a679ee693f_GMZDANZRGM2TCOA,1,1,1,False,https://sun9-80.userapi.com/2Kx6sAWsIilnMOsUk1gVN631ovpYp8q_zzfF8Q/zOHCKZS52MQ.jpg
456239418,-209976560,Roast Battle - Антон Шастун x Алексей Щербаков | Roast Battle LC #14,"Бесплатная онлайн-конференция от Skillbox — https://clc.to/i-xm6Q

Тот фильм Яндекса, о котором говорили в интервью: https://youtu.be/qlFTxADGixA

Найти дешёвые авиабилеты на Aviasales https://i.avs.io/mopcwp

Ранние премьеры, эксклюзивы и лучшие шоу в нашем приложении The Hole: https://mediumquality.page.link/roast_hole Смотрите выпуски в фоне и пробуйте остальные штуки — всё бесплатно. Заходить можно без стука!! 

Мерч LABELCOM: http://mqpmerch.ru/labelcom

Roast Battle – формат, в котором молодые комики бьются за денежный приз ""прожаривая"" друг друга. Выпуск 14.
 
Ведущий: Алексей Щербаков https://www.instagram.com/shcherbakov_alexei/
https://www.youtube.com/channel/UCbvXcK_Yu6E42Y3MLHNfKiw
Гость: Антон Шастун https://www.instagram.com/anton.shastoon/
https://www.youtube.com/channel/UC7p0GCM88wBsrlv5n5eeCHw

Комики:
Валера Артюхов https://www.instagram.com/artvalery/
Юля Демиденкова https://www.instagram.com/demidenkova.u/?hl=ru
Вася Габышев https://www.instagram.com/v.gabidze/
Кирилл Ясенок https://www.instagram.com/kirill.yasenok/
Настя Веневитина https://www.instagram.com/venevito/
Тимур Джанкёзов https://www.instagram.com/dzhankezzzz/
Сергей Матросов (репортер) https://instagram.com/matrosov_serg
https://www.youtube.com/channel/UC1eCcpwPF-fZ1pzIei2QxKw

Отдельное спасибо группе ""Смех"" за музыку в выпуске!
https://instagram.com/smexband
https://vk.com/smehband
http://www.facebook.com/smexrussia
 
LABELCOM: https://instagram.com/labelcomedians
LABELCOM. VIDEO: https://instagram.com/labelcom.video
 
#LabelCom #Щербаков #Шастун",2930,1674462802,126521,12,598,153,https://vk.com/video_ext.php?oid=-209976560&id=456239418&hash=e9f8b1a683eb88e7&__ref=vk.admin_android&api_hash=1740694472c0271038f133839202_GMZDANZRGM2TCOA,1,1,1,False,https://sun9-32.userapi.com/8aSj1kN6Fr_nNtP4k9NlNNvCylOEvgHXGYuF9Q/YHn6mphi2uE.jpg
456239417,-209976560,Roast Battle - Эльдар Джарахов x Алексей Щербаков | Roast Battle LC #6,"https://wtpub.ru/LABELcom - качай War Thunder бесплатно, забирай свой бонус при регистрации: техника на выбор и 3 дня премиума аккаунта!

Ранние премьеры, эксклюзивы и лучшие шоу в нашем приложении The Hole: https://mediumquality.page.link/roast_hole Смотрите выпуски в фоне и пробуйте остальные штуки — всё бесплатно. Заходить можно без стука!! 

Roast Battle – формат, в котором молодые комики бьются за денежный приз ""прожаривая"" друг друга. Выпуск 6.

Ведущий:  Алексей Щербаков https://www.instagram.com/shcherbakov_alexei/ https://www.youtube.com/channel/UCbvXcK_Yu6E42Y3MLHNfKiw
Гость:  Эльдар Джарахов 
https://www.instagram.com/dlgreez/ https://www.youtube.com/user/dzharakhov

Комики: 
Анатолий Бороздин https://www.instagram.com/borozdinanatoly
Алексей Стахович https://www.instagram.com/stakh2/ https://www.youtube.com/channel/UCi4YJUsR-UQK2HdcyX3iBjA
Марк Сергиенко https://www.instagram.com/sergienkomark/
Саша Ваш https://www.instagram.com/sashka_vash/ 
Валера Артюхов https://www.instagram.com/artvalery/ 
Дима Колыбелкин https://www.instagram.com/dmitriyvinyard/

Отдельное спасибо группе ""Смех"" за музыку в выпуске! https://instagram.com/smexband https://vk.com/smehband http://www.facebook.com/smexrussia

LABELCOM: https://instagram.com/labelcomedians LABELCOM. VIDEO: https://instagram.com/labelcom.video

#LabelCom #Щербаков #Джарахов",3076,1674462799,58139,10,220,42,https://vk.com/video_ext.php?oid=-209976560&id=456239417&hash=412f4b4823b0d715&__ref=vk.admin_android&api_hash=174069447223ef01c0501a24a0f4_GMZDANZRGM2TCOA,1,1,1,False,https://sun9-13.userapi.com/n6YtFwKWno9aDT4Mc0vTIl_QlR7kbqyGJVtCzw/5uL0XjN2GOY.jpg
456239416,-209976560,Roast Battle - Паша Техник x Алексей Щербаков | Roast Battle LC #4,"Только по ссылке от Джеки Кутепова стол-трансформер в подарок https://mnogomebeli.com/personal/basket/boss-soro-transformer/

Переходи по ссылке https://aliclick.ru/a3YgS/ и добавляй товары в корзину, а с 27 марта оформляй заказы, используя промокод DAROAST, чтобы получить скидку 1300 руб от 13 000 руб

Да, так можно!

Ранние премьеры, эксклюзивы и лучшие шоу в нашем приложении The Hole: https://mediumquality.page.link/roast_hole Смотрите выпуски в фоне и пробуйте остальные штуки — всё бесплатно. Заходить можно без стука!! 

Roast Battle – формат, в котором молодые комики бьются за денежный приз ""прожаривая"" друг друга. Выпуск 4.

Ведущий: Алексей Щербаков https://www.instagram.com/shcherbakov_alexei/ 
Гость: Паша Техник https://www.instagram.com/techniquepasha/ https://www.youtube.com/channel/UCwZ591Zvo6o70UFgxQV30mw

Отдельное спасибо группе ""Смех"" за музыку в выпуске! https://instagram.com/smexband https://vk.com/smehband http://www.facebook.com/smexrussia

Комики: 
Марк Сергиенко https://www.instagram.com/sergienkomark/ 
Анатолий Бороздин https://www.instagram.com/borozdinanatoly/ 
Валера Артюхов https://www.instagram.com/artvalery/ 
Андрей Атлас https://www.instagram.com/atlastandup/ 
Сергей Детков https://www.instagram.com/sergii_detkov/ 
Артем Винокуров https://www.instagram.com/artemvinokur/

LABELCOM: https://instagram.com/labelcomedians 
LABELCOM. VIDEO: https://instagram.com/labelcom.video

#LabelCom #Щербаков #Техник",3692,1674462797,194237,19,669,324,https://vk.com/video_ext.php?oid=-209976560&id=456239416&hash=1f7e75c26eec2738&__ref=vk.admin_android&api_hash=1740694472043c0b145368f3be57_GMZDANZRGM2TCOA,1,1,1,False,https://sun9-16.userapi.com/syNa754nhdHT1n9g_zdYJEuxoZzenh_uSiN3Vg/u0uKuAWiwlQ.jpg
456239415,-209976560,Roast Battle - Джиган x Алексей Щербаков | Roast Battle LC #18,"Купить смартфон XIAOMI Mi 11 Lite в Ситилинк: https://bit.ly/3bO1Q2N

У МегаФона есть самый быстрый интернет, который ты можешь раздавать без ограничений 
-  https://bit.ly/2Pvd6ct

Узнай, куда уже можно https://i.avs.io/mopcwp

Смотри премьеры любимых шоу первым в приложении The Hole: https://cutt.ly/3b9O69J

Roast Battle – формат, в котором молодые комики бьются за денежный приз ""прожаривая"" друг друга. Выпуск 18.
 
Ведущий: Алексей Щербаков https://www.instagram.com/shcherbakov_alexei/
https://www.youtube.com/channel/UCbvXcK_Yu6E42Y3MLHNfKiw

Гость: Джиган https://www.instagram.com/iamgeegun/
https://www.youtube.com/c/geegun/videos

Комики:
Вадим Малюк https://www.instagram.com/vadim_malyuk/
Фёдор Хороводов https://www.instagram.com/fedor_om/
Борис Зелигер https://www.instagram.com/comic18less/
Валера Артюхов https://www.instagram.com/artvalery/
Юля Демиденкова https://www.instagram.com/demidenkova.u/
Алексей Шамутило https://www.instagram.com/shamutilo/

Отдельное спасибо группе ""Смех"" за музыку в выпуске!
https://instagram.com/smexband
https://vk.com/smehband
http://www.facebook.com/smexrussia
 
LABELCOM: https://instagram.com/labelcomedians
LABELCOM. VIDEO: https://instagram.com/labelcom.video
 
#LabelCom #Щербаков #Джиган",3385,1674462758,102412,14,351,116,https://vk.com/video_ext.php?oid=-209976560&id=456239415&hash=56c22608f66c85e5&__ref=vk.admin_android&api_hash=17406944722474ae96b44755e484_GMZDANZRGM2TCOA,1,1,1,False,https://sun9-70.userapi.com/TEZXqHdHvB1XZQxQczFxuCIyxfNKj_t2KG8LTw/SrWHbYrZWss.jpg
456239414,-209976560,Roast Battle - Kyivstoner x Алексей Щербаков | Roast Battle LC #2,"Получи два бесплатных месяца подписки Манго по промокоду roastbattle – https://clck.ru/MBwAJ

Получить подарки в World of Tanks - http://bit.ly/2vQyHBN
(Важно! Выдается после регистрации нового аккаунта)

Ранние премьеры, эксклюзивы и лучшие шоу в нашем приложении The Hole: https://mediumquality.page.link/roast_hole Смотрите выпуски в фоне и пробуйте остальные штуки — всё бесплатно. Заходить можно без стука!! 

RoastBattle – формат, в котором молодые комики бьются за денежный приз ""прожаривая"" друг друга. Выпуск 2.

Ведущий: Алексей Щербаков
Гость: Kyivstoner

LABELCOM: https://instagram.com/labelcomedians
LABELCOM. VIDEO: https://instagram.com/labelcom.video

Отдельное спасибо группе ""Смех"" за музыку в выпуске!
https://instagram.com/smexband
https://vk.com/smehband
http://www.facebook.com/smexrussia

Комики:
LABELCOM https://www.instagram.com/labelcomedians/
Алексей Щербаков https://www.instagram.com/shcherbakov_alexei/
Kyivstoner https://www.instagram.com/kyivstoner/ https://www.youtube.com/channel/UCLfl0-wKIqC2g0d_brWv_Yg 
Гурам Амарян https://www.instagram.com/gur_am/ 
Марк Сергиенко https://www.instagram.com/sergienkomark/
Кирилл Сиэтлов https://www.instagram.com/racatanc/ https://www.youtube.com/tsarvideo 
Павел Дедищев https://www.instagram.com/amerikanec46/
Алексей Стахович https://www.instagram.com/stakh2/ https://www.youtube.com/channel/UCi4YJUsR-UQK2HdcyX3iBjA
 Оксана Гречко https://www.instagram.com/akcysha/

#LabelCom #Щербаков #Киевстонер",2927,1674462752,117894,14,442,119,https://vk.com/video_ext.php?oid=-209976560&id=456239414&hash=dc2e0d1730cbd431&__ref=vk.admin_android&api_hash=1740694472664b85b0a4ec7b7951_GMZDANZRGM2TCOA,1,1,1,False,https://sun9-20.userapi.com/ny7k0dmtTqRIAUruQ87y7oUWBruMG1lEbuCPog/nX1HQQd6Bbs.jpg
456239413,-209976560,Roast Battle - Денис Дорохов x Алексей Щербаков | Roast Battle LC #16,"Кредит в Альфа-Банке со сниженной ставкой от 5,5% — https://alfa.link/POi3DQ

Дром - Цены на машины! Качай http://drom.ru/s/EAM 🚗

Узнай, куда уже можно https://i.avs.io/mopcwp

Ранние премьеры, эксклюзивы и лучшие шоу в нашем приложении The Hole: https://mediumquality.page.link/roast_hole Смотрите выпуски в фоне и пробуйте остальные штуки — всё бесплатно. Заходить можно без стука!! 

Roast Battle – формат, в котором молодые комики бьются за денежный приз ""прожаривая"" друг друга. Выпуск 16.

Ведущий: Алексей Щербаков https://www.instagram.com/shcherbakov_alexei/
https://www.youtube.com/channel/UCbvXcK_Yu6E42Y3MLHNfKiw

Гость: Денис Дорохов https://www.instagram.com/dorokhovdenisofficial/
https://www.youtube.com/channel/UC9PRy5n17hf-tOQI6DNi2GQ?app=desktop&persist_app=1

Комики:
Сергей Горох https://www.instagram.com/gorohsergei/
https://www.youtube.com/channel/UC4GC24PoTeaQ4rLOWXh37Gw
Зоя Куулар https://www.instagram.com/zorro_zanyat/
Самер Самара https://www.instagram.com/samerushka/
Кирилл Ясенок https://www.instagram.com/kirill.yasenok/
Андрей Атлас https://www.instagram.com/atlastandup/
Роман Косицын https://www.instagram.com/roman_kositsyn/
https://www.youtube.com/channel/UCk5VRlADR5XX_zdl8FXusKg

Отдельное спасибо группе ""Смех"" за музыку в выпуске!
https://instagram.com/smexband
https://vk.com/smehband
http://www.facebook.com/smexrussia

LABELCOM: https://instagram.com/labelcomedians
LABELCOM. VIDEO: https://instagram.com/labelcom.video

#LabelCom #Щербаков #Дорохов",3791,1674462750,137836,32,448,125,https://vk.com/video_ext.php?oid=-209976560&id=456239413&hash=576b7877831a43e2&__ref=vk.admin_android&api_hash=1740694472733501fba60f173890_GMZDANZRGM2TCOA,1,1,1,False,https://sun9-31.userapi.com/K7O7kKqyWcBoRW5uAxO02TTSk-VfrdPkDskFbQ/44_igefN9kA.jpg
456239412,-209976560,Roast Battle - Даня Милохин x Алексей Щербаков | Roast Battle LC #15,"Шерлаков плохого не посоветует. Подключай ненормально быстрый интернет от МегаФона — http://bit.ly/megafon4Gwow

Покупайте подарки на Яндекс.Маркете: https://clck.ru/SbhMF

Найти дешёвые авиабилеты на Aviasales https://i.avs.io/mopcwp

http://band.link/Chetko_
Слушай новый трек Дани Милохина и Артура Бабича «Четко»

Ранние премьеры, эксклюзивы и лучшие шоу в нашем приложении The Hole: https://mediumquality.page.link/roast_hole Смотрите выпуски в фоне и пробуйте остальные штуки — всё бесплатно. Заходить можно без стука!! 

Roast Battle – формат, в котором молодые комики бьются за денежный приз ""прожаривая"" друг друга. Выпуск 15.
 
Ведущий: Алексей Щербаков https://www.instagram.com/shcherbakov_alexei/
https://www.youtube.com/channel/UCbvXcK_Yu6E42Y3MLHNfKiw
Гость: Даня Милохин https://www.instagram.com/danya_milokhin/
https://www.youtube.com/channel/UC1EubwyksxHrpJZ9DvebeqQ/featured
 
Комики:
Гурам Амарян https://www.instagram.com/gur_am/
https://www.youtube.com/channel/UCdAwnX2-bfOshLIhWspvjqA
Егор Кукса https://www.instagram.com/egor_kuksa/
Алексей Стахович https://www.instagram.com/stakh2/
https://www.youtube.com/channel/UCi4YJUsR-UQK2HdcyX3iBjA
Оля Парфенюк https://www.instagram.com/parfenyuk_olya/
Алексей Шамутило https://www.instagram.com/shamutilo/
Баграт Казарян https://www.instagram.com/bagrat_kazarian/

Отдельное спасибо группе ""Смех"" за музыку в выпуске!
https://instagram.com/smexband
https://vk.com/smehband
http://www.facebook.com/smexrussia
 
LABELCOM: https://instagram.com/labelcomedians
LABELCOM. VIDEO: https://instagram.com/labelcom.video
 
#LabelCom #Щербаков #Милохин",3149,1674462742,72299,9,265,75,https://vk.com/video_ext.php?oid=-209976560&id=456239412&hash=5e8d4d3dbbfea619&__ref=vk.admin_android&api_hash=17406944720e449fc645c4613f92_GMZDANZRGM2TCOA,1,1,1,False,https://sun9-10.userapi.com/BR0L9MibdPksl6NLMJbYLTIBG6ZMkKuBGx02BA/6s01eaz20NA.jpg
456239411,-209976560,Roast Battle - Демис Карибидис x Алексей Щербаков | Roast Battle LC #8,"https://geekbrains.ru/link/xwlzJy - Регистрируйтесь на бесплатный интенсив “Основы программирования” на образовательном портале GeekBrains и начни обучение на одной из самых востребованных IT-профессий

Ранние премьеры, эксклюзивы и лучшие шоу в нашем приложении The Hole: https://mediumquality.page.link/roast_hole Смотрите выпуски в фоне и пробуйте остальные штуки — всё бесплатно. Заходить можно без стука!! 

Roast Battle – формат, в котором молодые комики бьются за денежный приз ""прожаривая"" друг друга. Выпуск 8. 

Ведущий: Алексей Щербаков https://www.instagram.com/shcherbakov_alexei/
https://www.youtube.com/channel/UCbvXcK_Yu6E42Y3MLHNfKiw
Гость: Демис Карибидис https://www.instagram.com/demiskaribidis/

Комики: 
Миша Лавров https://www.instagram.com/lavrov_m/
Валера Артюхов https://www.instagram.com/artvalery/
Оксана Гречко https://www.instagram.com/akcysha/
Максим Евдокимов https://www.instagram.com/evdokimov_makson/
Сергей Матросов https://www.instagram.com/matrosov_serg/
https://www.youtube.com/channel/UC1eCcpwPF-fZ1pzIei2QxKw
Кирилл Сиэтлов https://www.instagram.com/racatanc/
https://www.youtube.com/tsarvideo

Отдельное спасибо группе ""Смех"" за музыку в выпуске! 
https://instagram.com/smexband
https://vk.com/smehband
http://www.facebook.com/smexrussia
 
LABELCOM: https://instagram.com/labelcomedians
LABELCOM. VIDEO: https://instagram.com/labelcom.video

#LabelCom #Щербаков #Карибидис",2633,1674462733,54924,10,198,29,https://vk.com/video_ext.php?oid=-209976560&id=456239411&hash=20d4d406429fe404&__ref=vk.admin_android&api_hash=1740694472d39cbe106c92fab6f1_GMZDANZRGM2TCOA,1,1,1,False,https://sun9-1.userapi.com/29Js1hnqMR6YPH0XDB1Nr8pz6sA-zKqOHacbWQ/zSBZqEjezFM.jpg
456239410,-209976560,Roast Battle - Илья Соболев x Алексей Щербаков | Roast Battle LC #3,"А это наимужичайщий канал https://www.youtube.com/user/OldSpiceRussia «OldSpice» на котором просто горы дикого контента! Кликай сразу двумя пальцами. 

Ранние премьеры, эксклюзивы и лучшие шоу в нашем приложении The Hole: https://mediumquality.page.link/roast_hole Смотрите выпуски в фоне и пробуйте остальные штуки — всё бесплатно. Заходить можно без стука!! 

RoastBattle – формат, в котором молодые комики бьются за денежный приз ""прожаривая"" друг друга. Выпуск 3. 

Ведущий: Алексей Щербаков https://www.instagram.com/shcherbakov_alexei/ 
Гость: Илья Соболев https://www.instagram.com/sobolev_tut/ 

Отдельное спасибо группе ""Смех"" за музыку в выпуске! 
https://instagram.com/smexband 
https://vk.com/smehband 
http://www.facebook.com/smexrussia 

Комики: 
Филипп Воронин https://www.instagram.com/f1lipp/ 
Рома Сидорчик https://www.instagram.com/roma_sidorchik/ 
Сергей Горох https://www.instagram.com/gorohsergei/ 
Артём Калантарян https://www.instagram.com/artemkalantaryan/ 
Зоя Куулар https://www.instagram.com/zoro_zanyat/ 
Алексей Стахович https://www.instagram.com/stakh2/ 
https://www.youtube.com/channel/UCi4YJUsR-UQK2HdcyX3iBjA

LABELCOM: https://instagram.com/labelcomedians
LABELCOM. VIDEO: https://instagram.com/labelcom.video

#LabelCom #Щербаков #Соболев",3577,1674462716,124451,18,481,106,https://vk.com/video_ext.php?oid=-209976560&id=456239410&hash=f1aea03cf15ff2a1&__ref=vk.admin_android&api_hash=1740694472898dd4d33886ac9991_GMZDANZRGM2TCOA,1,1,1,False,https://sun9-51.userapi.com/0g33waKpHTGNLtsWOELGH138gLaLz7UTKQooEg/8qEAjESyhxI.jpg
456239409,-209976560,Roast Battle - Нурлан Сабуров x Алексей Щербаков | Roast Battle LC #1,"RoastBattle - формат в котором молодые комики бьются за денежный приз ""прожаривая"" друг друга. 

Ранние премьеры, эксклюзивы и лучшие шоу в нашем приложении The Hole: https://mediumquality.page.link/roast_hole Смотрите выпуски в фоне и пробуйте остальные штуки — всё бесплатно. Заходить можно без стука!! 

Алексей Щербаков
https://www.youtube.com/channel/UCbvXcK_Yu6E42Y3MLHNfKiw
https://www.instagram.com/shcherbakov_alexei 
Нурлан Сабуров https://www.instagram.com/nurlan__saburov/ 
Илья Макаров  https://www.instagram.com/ilia._.makarov/ 
Алексей Шамутило  https://www.instagram.com/shamutilo/ 
Андрей Атлас  https://www.instagram.com/atlastandup/ 
Александр Ваш  https://www.instagram.com/sashka_vash/ 
Настя Веневитина https://www.instagram.com/venevito/ 
Валера Артюхов  https://www.instagram.com/artvalery/

Отдельное спасибо группе ""Смех"" за музыку в выпуске!
https://instagram.com/smexband
https://vk.com/smehband
http://www.facebook.com/smexrussia

#Щербаков #Сабуров #LabelCom",3256,1674462669,357612,35,1203,420,https://vk.com/video_ext.php?oid=-209976560&id=456239409&hash=856b9da749eb2969&__ref=vk.admin_android&api_hash=17406944722ebeb8e264687884e9_GMZDANZRGM2TCOA,1,1,1,False,https://sun9-25.userapi.com/6U367QMi1diVh5fy1r237e0BqXjutpNjeNpLpA/f7EcBe9GTv4.jpg
456239408,-209976560,Roast Battle - Виталий Милонов x Алексей Щербаков | Roast Battle LC #5,"Безрамочный 3к-экран, функция ""Мультискрин"", стильный, легкий, портативный - все это о MateBook X Pro.

Успей оформить предзаказ нового ноутбука HUAWEI MateBook X Pro или HUAWEI MateBook 13 и получи в подарок планшет и роутер!

Просто переходи по ссылке ниже! https://bit.ly/2VqeT1r

Водители такси и курьеры — герои нашего времени

#лучшедома Яндекс.Еда и Яндекс.Лавка доступны в приложении Яндекс.Такси: https://ya.cc/t/UbEpUTz9AbNLN

Ранние премьеры, эксклюзивы и лучшие шоу в нашем приложении The Hole: https://mediumquality.page.link/roast_hole Смотрите выпуски в фоне и пробуйте остальные штуки — всё бесплатно. Заходить можно без стука!! 

Ведущий: 
Алексей Щербаков https://www.instagram.com/shcherbakov_alexei/ 
Гость: Виталий Милонов https://www.youtube.com/channel/UCXsOO_IJTeZHfs3EzvuSl8Q
https://www.instagram.com/villemilonov/ 

Комики: 
Саша Ни https://www.instagram.com/nee_ae/ 
Вадим Постильный https://www.instagram.com/postilny.v/ 
Роман Косицын https://www.instagram.com/roman_kositsyn/ https://www.youtube.com/channel/UCk5VRlADR5XX_zdl8FXusKg
Егор Кукса https://www.instagram.com/egor_kuksa/ 
Лев Ерёменко https://www.instagram.com/lev.eremenko/ 
Юля Демиденкова https://www.instagram.com/demidenkova.u/

Отдельное спасибо группе ""Смех"" за музыку в выпуске! https://instagram.com/smexband https://vk.com/smehband http://www.facebook.com/smexrussia

LABELCOM: https://instagram.com/labelcomedians LABELCOM. VIDEO: https://instagram.com/labelcom.video

#LabelCom #Щербаков #Милонов #HUAWEIMateBookXPro #HUAWEIMateBook13",2407,1674462667,77716,10,318,93,https://vk.com/video_ext.php?oid=-209976560&id=456239408&hash=a1e65e1744715033&__ref=vk.admin_android&api_hash=17406944721b5c97190b57d1e758_GMZDANZRGM2TCOA,1,1,1,False,https://sun9-80.userapi.com/S7-M8vY_2hxQvAmAdXnCMkEnxSowhlwKrAwWtw/sq__m05zwoU.jpg
456239406,-209976560,Roast Battle - Алексей Пивоваров x Алексей Щербаков | Roast Battle LC #12,"Циан — популярное приложение, где можно легко сдать и продать квартиру, а если захочется купить новую, то с сервисом Циан.Ипотека можно получить одобрение по ипотеке за 2 минуты, отправив заявку сразу в несколько банков. Переходи: https://clck.ru/RPTNA

Найти дешевые авиабилеты на Aviasales https://i.avs.io/mopcwp

Ранние премьеры, эксклюзивы и лучшие шоу в нашем приложении The Hole: https://mediumquality.page.link/roast_hole Смотрите выпуски в фоне и пробуйте остальные штуки — всё бесплатно. Заходить можно без стука!! 

Roast Battle – формат, в котором молодые комики бьются за денежный приз ""прожаривая"" друг друга. Выпуск 12. 

Ведущий: Алексей Щербаков https://www.instagram.com/shcherbakov_alexei/
https://www.youtube.com/channel/UCbvXcK_Yu6E42Y3MLHNfKiw
Гость: Алексей Пивоваров https://www.instagram.com/pivo_varov/
https://www.youtube.com/c/Редакция

Комики:
Илья Макаров https://www.instagram.com/ilia._.makarov/
Андрей Атлас https://www.instagram.com/atlastandup/
Валера Артюхов https://www.instagram.com/artvalery/
Роман Косицын https://www.instagram.com/roman_kositsyn/
https://www.youtube.com/channel/UCk5VRlADR5XX_zdl8FXusKg
Алексей Стахович https://www.instagram.com/stakh2/
https://www.youtube.com/channel/UCi4YJUsR-UQK2HdcyX3iBjA
Сергей Матросов https://www.instagram.com/matrosov_serg/
https://www.youtube.com/channel/UC1eCcpwPF-fZ1pzIei2QxKw

Отдельное спасибо группе ""Смех"" за музыку в выпуске! 
https://instagram.com/smexband
https://vk.com/smehband
http://www.facebook.com/smexrussia
 
LABELCOM: https://instagram.com/labelcomedians
LABELCOM. VIDEO: https://instagram.com/labelcom.video

#LabelCom #Щербаков #Пивоваров",3702,1674462667,68994,9,249,67,https://vk.com/video_ext.php?oid=-209976560&id=456239406&hash=f3bdda6d66b86fe5&__ref=vk.admin_android&api_hash=174069447262bb2d4e35d745e38a_GMZDANZRGM2TCOA,1,1,1,False,https://sun9-60.userapi.com/hx-AezdluFHFiAO6OWUY-8h8MaheBEtPGQeAfg/DSkv-KYX2n8.jpg
456239407,-209976560,Roast Battle - TSOY x Алексей Щербаков | Roast Battle LC #13,"Покупай товары из распродажи 11.11, используя промокод Баттл и получи шанс выиграть 100 000 баллов на покупки в Joom — https://app.adjust.com/4v55d5v

Найти дешевые авиабилеты на Aviasales https://i.avs.io/mopcwp

Ранние премьеры, эксклюзивы и лучшие шоу в нашем приложении The Hole: https://mediumquality.page.link/roast_hole Смотрите выпуски в фоне и пробуйте остальные штуки — всё бесплатно. Заходить можно без стука!! 

Roast Battle – формат, в котором молодые комики бьются за денежный приз ""прожаривая"" друг друга. Выпуск 13.
 
Ведущий: Алексей Щербаков https://www.instagram.com/shcherbakov_alexei/
https://www.youtube.com/channel/UCbvXcK_Yu6E42Y3MLHNfKiw
Гость: TSOY https://www.instagram.com/anatoliytsoy_official/
https://www.youtube.com/channel/UCnxtpy5QWcZuZ1cs0qR_ilg
 
Комики:
Игорь Джабраилов https://www.instagram.com/zadrotstvo/
Фёдор Хороводов https://www.instagram.com/fedor_om/
Салават Дюсенгалиев https://www.instagram.com/sala_v_at/
Вера Котельникова https://www.instagram.com/vera_socalled/
Вася Габышев https://www.instagram.com/v.gabidze/
Зоя Яровицына https://www.instagram.com/zoya_zoo/
 
Отдельное спасибо группе ""Смех"" за музыку в выпуске!
https://instagram.com/smexband
https://vk.com/smehband
http://www.facebook.com/smexrussia
 
LABELCOM: https://instagram.com/labelcomedians
LABELCOM. VIDEO: https://instagram.com/labelcom.video
 
#LabelCom #Щербаков #TSOY",3499,1674462667,65943,14,254,50,https://vk.com/video_ext.php?oid=-209976560&id=456239407&hash=dbf391c334d64784&__ref=vk.admin_android&api_hash=1740694472f4e70ea56bedc3c739_GMZDANZRGM2TCOA,1,1,1,False,https://sun9-6.userapi.com/-THYcYQnsQOUZgCV4-2Y-NTq76vo8L-_Aex2XQ/xzx0iqtIsMc.jpg
456239405,-209976560,Roast Battle - Артур Бабич x Алексей Щербаков | Roast Battle LC #25,"Получить кредитную карту Альфа-Банка с целым годом без % и бесплатным обслуживанием можно тут: https://alfa.me/e-93lw

Семь лесов в России, где можно поорать https://i.avs.io/hru0px

ПОЛНЫЙ ВЫПУСК ТУТ. https://mediumquality.page.link/zhiza_bez_YouTube

Roast Battle – формат, в котором молодые комики бьются за денежный приз ""прожаривая"" друг друга. Выпуск 25.
 
Ведущий: Алексей Щербаков https://www.instagram.com/shcherbakov_alexei/
https://www.youtube.com/channel/UCbvXcK_Yu6E42Y3MLHNfKiw

Гость: Артур Бабич https://www.instagram.com/ba.bitch_/
https://www.tiktok.com/@ba.bich_
https://www.youtube.com/channel/UCa5GHJVSH0s6YlJXU6YlGaw

Комики:
Вася Габышев https://www.instagram.com/v.gabidze/
Макс Ко https://www.instagram.com/maxko1/
Самвел Гиновян https://www.instagram.com/samvel_ginovyan/
Саша Ни https://www.instagram.com/nee_ae/
Сергей Снурников https://www.instagram.com/snurnikon/
Константин Бутаков https://www.instagram.com/butakovk/

Отдельное спасибо группе ""Смех"" за музыку в выпуске!
https://instagram.com/smexband
https://vk.com/smehband
http://www.facebook.com/smexrussia
 
LABELCOM: https://instagram.com/labelcomedians
LABELCOM. VIDEO: https://instagram.com/labelcom.video
 
#LabelCom #Щербаков #Бабич",1729,1674462322,45571,12,138,31,https://vk.com/video_ext.php?oid=-209976560&id=456239405&hash=b5f6a5150527b925&__ref=vk.admin_android&api_hash=1740694472844bcafd65f4bf57b5_GMZDANZRGM2TCOA,1,1,1,False,https://sun9-48.userapi.com/9ColRfkX7M1pq1S7ytSmdkSMD2fYSBKyFJENSw/BGj34PFbz3k.jpg
456239310,-209976560,"Блиц-крик - Блиц-крик: Тамби Масаев, Павел Дедищев,  Илья Макаров и Рустам Рептилоид","Качай Raid: Shadow Legends бесплатно ✅ IOS: https://clik.cc/gMKHs ✅ ANDROID: https://clik.cc/jzVMv и получи 💰 50,000 серебряных монет и Эпического Чемпиона 💥 на 7-ой день программы для новых игроков

Ранние премьеры, эксклюзивы и лучшие шоу в нашем приложении The Hole: https://mediumquality.page.link/blitz_krik_hole  Смотрите выпуски в фоне и пробуйте остальные штуки — всё бесплатно. Заходить можно без стука!! 

Новое шоу Рустама и Эмира Блиц-крик. Первые гости Тамби Масаев, Павел Дедищев и Илья Макаров. Если понравилось шоу, то ставь лайк и подписывайся на канал. Можешь так же подписаться на инстаграмы ребят!

По вопросам рекламы и сотрудничества: labelcom@mediumquality.ru 

Рустам Рептилоид: https://www.instagram.com/rustreptiloid/
Илья Макаров: https://instagram.com/iliamakar0v
Тамби Масаев: https://www.instagram.com/tambi_masaev/
Павел Дедищев: https://www.instagram.com/amerikanec46/",1711,1674301032,151227,13,603,103,https://vk.com/video_ext.php?oid=-209976560&id=456239310&hash=2ad40a28dc65d6fe&__ref=vk.admin_android&api_hash=1740694472d3a851f56e913fd561_GMZDANZRGM2TCOA,1,1,1,False,https://sun9-55.userapi.com/KuhvPRtbYgoz6q3M8kMdoE8QQS7NtlBhrs33yA/cFzuW4Vht5I.jpg
456239309,-209976560,"Блиц-крик - Блиц-крик #4: Азамат Мусагалиев, Денис Дорохов, Андрей Бебуришвили","Ранние премьеры, эксклюзивы и лучшие шоу в нашем приложении The Hole: https://mediumquality.page.link/blitz_krik_hole  Смотрите выпуски в фоне и пробуйте остальные штуки — всё бесплатно. Заходить можно без стука!! 

Четвертый выпуск шоу Рустама и Эмира - Блиц-крик. Гости выпуска: Азамат Мусагалиев, Денис Дорохов, Андрей Бебуришвили.
Если понравилось шоу, то ставь лайк и подписывайся на канал.

LABELCOM: https://instagram.com/labelcomedians
LABELCOM.VIDEO: https://instagram.com/labelcom.video 

По вопросам рекламы и сотрудничества: labelcom@mediumquality.ru

Азамат Мусагалиев: https://www.instagram.com/azabraza1984
Денис Дорохов: https://www.instagram.com/dorokhovdenisofficial
Андрей Бебуришвили: https://www.instagram.com/andrew_beburishvili/

Рустам Рептилоид: https://www.instagram.com/rustreptiloid/
Эмир Кашоков: https://www.instagram.com/emir_kashokov_fan_official
Расул Чабдаров: https://www.instagram.com/chabdarrr

#Рептилоид #Мусагалиев #Дорохов #Бебуришвили",1758,1674300921,355739,27,1297,314,https://vk.com/video_ext.php?oid=-209976560&id=456239309&hash=5c97b62934013537&__ref=vk.admin_android&api_hash=1740694472485f4be367006acc5b_GMZDANZRGM2TCOA,1,1,1,False,https://sun9-17.userapi.com/oocZJzxo571WiedvQcWiJXK_d9SsQmP2hT6GJQ/WI40MrPwkFc.jpg
456239308,-209976560,"Блиц-крик - Блиц-крик #5: Михаил Шац, Гурам Амарян, Лука Хиникадзе","Получить подарки в World of Tanks - http://bit.ly/2RYczib (Важно! выдается после регистрации нового аккаунта)

Ранние премьеры, эксклюзивы и лучшие шоу в нашем приложении The Hole: https://mediumquality.page.link/blitz_krik_hole  Смотрите выпуски в фоне и пробуйте остальные штуки — всё бесплатно. Заходить можно без стука!! 

Пятый выпуск шоу Рустама и Эмира - Блиц-крик. Гости выпуска: Михаил Шац, Гурам Амарян, Лука Хиникадзе
Если понравилось шоу, то ставь лайк и подписывайся на канал. 

Михаил Шац: https://www.instagram.com/mikhailshats
Гурам Амарян: https://www.instagram.com/gur_am
Лука Хиникадзе: https://www.instagram.com/luca_xnkdz

Рустам Рептилоид: https://www.instagram.com/rustreptiloid/
Эмир Кашоков: https://www.instagram.com/emir_kashokov_fan_official",1815,1674300787,95333,6,352,57,https://vk.com/video_ext.php?oid=-209976560&id=456239308&hash=853bb7b5d430144e&__ref=vk.admin_android&api_hash=174069447204398c8f7087772dcb_GMZDANZRGM2TCOA,1,1,1,False,https://sun9-59.userapi.com/RscgrpB3ACmpjGbMBPo10ErnvpQQaGLRB7K4ww/PoiYsAiI9Po.jpg
456239307,-209976560,"Блиц-крик - Блиц-крик #6: Смирняга (Алексей Смирнов), Бандерас (Антон Иванов), Тамби Масаев","Играй бесплатно, получай бонусы и береги свой аккаунт в War Thunder - https://wtpub.ru/LABELcom

Ранние премьеры, эксклюзивы и лучшие шоу в нашем приложении The Hole: https://mediumquality.page.link/blitz_krik_hole  Смотрите выпуски в фоне и пробуйте остальные штуки — всё бесплатно. Заходить можно без стука!! 

Шестой выпуск шоу Рустама и Эмира - Блиц-крик. Гости выпуска: Алексей Смирнов, Антон Иванов, Тамби Масаев

Если понравилось шоу, то ставь лайк и подписывайся на канал.

LABELCOM: https://instagram.com/labelcomedians
LABELCOM. VIDEO: https://instagram.com/labelcom.video

Алексей Смирнов: https://www.instagram.com/alesha_smirnov
Антон Иванов: https://www.instagram.com/banderas_spb
Тамби Масаев: https://www.instagram.com/tambi_masaev

Рустам Рептилоид: https://www.instagram.com/rustreptiloid/
Эмир Кашоков: https://www.instagram.com/emir_kashokov_fan_official",1755,1674300559,121275,7,473,80,https://vk.com/video_ext.php?oid=-209976560&id=456239307&hash=00ee6b718b41a147&__ref=vk.admin_android&api_hash=1740694472bb32563791c0038bae_GMZDANZRGM2TCOA,1,1,1,False,https://sun9-21.userapi.com/CIY9mJw7GZpaWHhW6OJSIH-j26TUdn2CJYVbeA/uG7f376KBic.jpg
456239306,-209976560,"Блиц-крик - Блиц-крик #7: Smetana TV (Евгений Калинкин, Василий Шакулин), Ольга Парфенюк","Учи английский вместе со skyeng http://skyeng.ru/go/blickrik
Получи до 4 бесплатных уроков по промокоду БЛИЦКРИК

Ранние премьеры, эксклюзивы и лучшие шоу в нашем приложении The Hole: https://mediumquality.page.link/blitz_krik_hole  Смотрите выпуски в фоне и пробуйте остальные штуки — всё бесплатно. Заходить можно без стука!! 

Седьмой выпуск шоу Рустама и Эмира - Блиц-крик. Гости выпуска: Евгений Калинкин, Ольга Парфенюк, Василий Шакулин.
Если понравилось шоу, то ставь лайк и подписывайся на канал.

LABELCOM: https://instagram.com/labelcomedians
LABELCOM. VIDEO: https://instagram.com/labelcom.video

Евгений Калинкин: https://www.instagram.com/mutaboring/
Ольга Парфенюк: https://www.instagram.com/parfenyuk_olya/
Василий Шакулин: https://www.instagram.com/shakulin_vasya/

Рустам Рептилоид: https://www.instagram.com/rustreptiloid/
Эмир Кашоков: https://www.instagram.com/emir_kashokov_fan_official",1980,1674300534,133332,9,427,88,https://vk.com/video_ext.php?oid=-209976560&id=456239306&hash=5870a933e1dc3fab&__ref=vk.admin_android&api_hash=17406944722d98df55a6549986a3_GMZDANZRGM2TCOA,1,1,1,False,https://sun9-9.userapi.com/XrXYgc9NXVmzRbL9cH83Dgx8KG4euNP6Coej7A/iVSTojrNNtw.jpg
456239305,-209976560,"Блиц-крик - Блиц-крик #8: Щербаков, Соболев, Каргинов (ft. Фираз Шатохин)","Начни играть в LOST ARK и получи подарки: https://bit.ly/LA_LABELCOM

Проводить операции с использованием 5G, конечно, сложнее. Но больше узнать про технологию будущего можно по ссылке - https://special.kommersant.ru/derji_5g/

Aviasales советует сейчас путешествовать так: https://i.avs.io/zgr2ad

Ранние премьеры, эксклюзивы и лучшие шоу в нашем приложении The Hole: https://mediumquality.page.link/blitz_krik_hole  Смотрите выпуски в фоне и пробуйте остальные штуки — всё бесплатно. Заходить можно без стука!! 

Восьмой выпуск шоу Рустама и Эмира - Блиц-крик. Гости выпуска: Алексей Щербаков, Илья Соболев, Тимур Каргинов. Музыкальный гость - Фираз Шатохин
Если понравилось шоу, то ставь лайк и подписывайся на канал. 

LABELCOM: https://instagram.com/labelcomedians
LABELCOM. VIDEO: https://instagram.com/labelcom.video
 
Алексей Щербаков: https://www.instagram.com/shcherbakov_alexei/
Илья Соболев:  https://www.instagram.com/sobolev_tut/
Тимур Каргинов: https://www.instagram.com/timurkarginov/

Фираз Шатохин https://instagram.com/firazshatokhin
Расул Чабдаров https://www.instagram.com/chabdarrr/

Рустам Рептилоид: https://www.instagram.com/rustreptiloid/
Эмир Кашоков: https://www.instagram.com/emir_kashokov_fan_official",2227,1674300298,247819,14,882,257,https://vk.com/video_ext.php?oid=-209976560&id=456239305&hash=3304ecdb8c7cc2e5&__ref=vk.admin_android&api_hash=1740694472d877a9905376dacd34_GMZDANZRGM2TCOA,1,1,1,False,https://sun9-26.userapi.com/5RYe7bWsCIqNPhpmdEGlwNry3cPrxyNZT2oXXw/9wBkDloWEiw.jpg
456239303,-209976560,"Блиц-крик - Блиц-крик #9: Ваш, Стахович, Лисевский (ft. Фираз Шатохин)","Бесплатная онлайн-конференция от Skillbox — https://clc.to/t5tEXg

#лучшедома: https://ya.cc/t/kStsaZqcAY9ir

Aviasales не советует сейчас путешествовать https://i.avs.io/cxz26o

Ранние премьеры, эксклюзивы и лучшие шоу в нашем приложении The Hole: https://mediumquality.page.link/blitz_krik_hole  Смотрите выпуски в фоне и пробуйте остальные штуки — всё бесплатно. Заходить можно без стука!! 

Девятый выпуск шоу Рустама и Эмира - Блиц-крик. Гости выпуска: Александр Ваш, Алексей Стахович, Богдан Лисевский. Музыкальный гость - Фираз Шатохин
Если понравилось шоу, то ставь лайк и подписывайся на канал. 
 
Александр Ваш: https://www.instagram.com/sashka_vash/
Алексей Стахович: https://www.instagram.com/stakh2/
Богдан Лисевский: https://www.instagram.com/bogdan_lisevskiy/

Фираз Шатохин https://instagram.com/firazshatokhin
Расул Чабдаров https://www.instagram.com/chabdarrr/

Рустам Рептилоид: https://www.instagram.com/rustreptiloid/
Эмир Кашоков: https://www.instagram.com/emir_kashokov_fan_official",2164,1674299884,157940,13,606,118,https://vk.com/video_ext.php?oid=-209976560&id=456239303&hash=454815cc4f3a54f4&__ref=vk.admin_android&api_hash=1740694472894277b202b0af5ecf_GMZDANZRGM2TCOA,1,1,1,False,https://sun9-9.userapi.com/IQ3fDboeyjmNy7hulgtMs-IgoHQ3Xn73IOdYLQ/L5xQyuAjexE.jpg
456239301,-209976560,"Блиц-крик - Блиц-крик #10: Стогниенко, Мягкова, Комаров","Энергетик TORNADO по самой сладкой цене с доставкой на дом https://shop.sns.ru/catalog/tornado_group65/

Чем заняться после карантина: https://i.avs.io/zx0oa1

Ранние премьеры, эксклюзивы и лучшие шоу в нашем приложении The Hole: https://mediumquality.page.link/blitz_krik_hole  Смотрите выпуски в фоне и пробуйте остальные штуки — всё бесплатно. Заходить можно без стука!! 

Десятый выпуск шоу Рустама и Эмира - Блиц-крик. Гости выпуска: Михаил Стогниенко, Ирина Мягкова и Виктор Комаров
Если понравилось шоу, то ставь лайк и подписывайся на канал.

Михаил Стогниенко: https://www.instagram.com/stognienko/
Ирина Мягкова: https://www.instagram.com/irka_myagkova/
Виктор Комаров: https://www.instagram.com/v.komarov86/

Рустам Рептилоид: https://www.instagram.com/rustreptiloid/
Эмир Кашоков: https://www.instagram.com/emir_kashokov_fan_official",1810,1674299831,121328,2,456,70,https://vk.com/video_ext.php?oid=-209976560&id=456239301&hash=966e9551c6ea9c6e&__ref=vk.admin_android&api_hash=17406944725c5b5439a56f6d180b_GMZDANZRGM2TCOA,1,1,1,False,https://sun9-15.userapi.com/uDHskMBsG_O1HYGIA8NR4QkMHErCBNJ8Wb0CVQ/oaOk_kfCC_M.jpg
456239284,-209976560,"MEDIUM QUALITY РЕКОМЕНДУЕТ - Алексей Щербаков, Игорь Джабраилов. СОЗВОН","Регистрируйся в LetyShops и возвращай горящий кэшбэк - https://letyshops.onelink.me/zrnH/8900cbbd. 
У товаров с пометкой ""Plus"" на AliExpress доставка в течение 2-х недель.

Дешёвые билеты на Авиасейлс https://www.aviasales.ru/

Хотим увидеться с вами ещё и покуролесить. Смотрите новые выпуски на 5 дней скорее в The Hole: https://mediumquality.page.link/sozvon_1802

Шоу «СОЗВОН» - два комика звонят по заданию соперника в разные места и пытаются вворачивать тупорылые фразы.

В этом выпуске звонят:

https://www.instagram.com/zadrotstvo/ - Игорь Джабраилов

https://www.instagram.com/shcherbakov_alexei/ - Алексей Щербаков

СРОЧНО ПОДПИШИСЬ НА ИНСТАГРАМ СЛАВЫ ТИТОВА ТАМ ТОП-КОНТЕНТ!

https://www.instagram.com/slavka_titov_/

#созвон #игорьджабраилов #алексейщербаков",1265,1674298612,45919,1,130,40,https://vk.com/video_ext.php?oid=-209976560&id=456239284&hash=d2b178a7f69dda86&__ref=vk.admin_android&api_hash=174069447232bf9283100b59fc5c_GMZDANZRGM2TCOA,1,1,1,False,https://sun9-53.userapi.com/f9MDV9ODO-D6v_5QKJf_B6RTAbRDvFm47kr9cw/-ZA5CrF0jpo.jpg
456239275,-209976560,По хатам - По хатам | Артём Калайджян х Гурам Амарян,"TORNADO ENERGY - невероятный заряд энергии! Заказывай с доставкой на дом: https://shop.sns.ru/catalog/tornado_group65/

«По хатам » - шоу, в котором комик Гурам Амарян врывается в хату к знаменитостям и оценивает вещи. Если крутых вещей оказывается больше, то Гурам дарит в хату подарок, если же больше плохих, то что то забирает. 
В этом выпуске Гурам врывается в хату Артема Калайджана. 

Инста:
Гурам Амарян https://instagram.com/gur_am
Креативный продюсер: Самвел Гиновян https://www.instagram.com/samvel_ginovyan/

По вопросам рекламы и сотрудничества: labelcom@mediumquality.ru

LABELCOM: https://instagram.com/labelcomedians
LABELCOM. VIDEO: https://instagram.com/labelcom.video
Мерч LABELCOM: https://mqpmerch.ru/labelcom

#Labelcom #Похатам",884,1674297957,147092,6,480,108,https://vk.com/video_ext.php?oid=-209976560&id=456239275&hash=b69e11060025bd70&__ref=vk.admin_android&api_hash=1740694472ed5a78046a38d1dfcb_GMZDANZRGM2TCOA,1,1,1,False,https://sun9-41.userapi.com/eiGvpWgGpXjsus85Ur-T5jxTALTPLkOIVtXqfQ/vBG2wa7ZByI.jpg
456239274,-209976560,По хатам - По хатам | The Limba х Гурам Амарян,"Космически выгодная карта с повышенным процентом на остаток —https://l.tinkoff.ru/labelcompohatamnov

TORNADO ENERGY - невероятный заряд энергии! Заказывай с доставкой на дом: https://shop.sns.ru/catalog/tornado_g...

«По хатам » - шоу, в котором комик Гурам Амарян врывается в хату к знаменитостям и оценивает вещи. Если крутых вещей оказывается больше, то Гурам дарит в хату подарок, если же больше плохих, то что то забирает.
В этом выпуске Гурам врывается в хату The Limba.

Инста:
Гурам Амарян https://instagram.com/gur_am
The Limba https://instagram.com/thelimba?utm_medium=copy_link
Жека https://instagram.com/zheka_fatbelly?utm_medium=copy_link

К/п:
Расул Чабдаров https://instagram.com/chabdarrr?utm_medium=copy_link 
Самвел Гиновян https://www.instagram.com/samvel_gino...

По вопросам рекламы и сотрудничества: labelcom@mediumquality.ru

LABELCOM: https://instagram.com/labelcomedians
LABELCOM. VIDEO: https://instagram.com/labelcom.video
Мерч LABELCOM: https://mqpmerch.ru/labelcom

#Labelcom #Похатам #ГурамАмарян",1323,1674297949,57212,10,211,26,https://vk.com/video_ext.php?oid=-209976560&id=456239274&hash=060bfe3cff11d1ec&__ref=vk.admin_android&api_hash=1740694472358be1b8cc6ce8a58c_GMZDANZRGM2TCOA,1,1,1,False,https://sun9-14.userapi.com/B6cIl05L6SARzMV--tQhdi9bRU2W4Xpl1m99lQ/Q7Q4L4C0Yj8.jpg
456239273,-209976560,По хатам - ПО ХАТАМ | Зоя Яровицына х Игорь Джабраилов х Гурам Амарян,"Скачайте Яндекс Браузер, чтобы смотреть видео со всего мира сразу на русском. Переводят и озвучивают нейросети: 
https://ya.cc/t/h4B4GGf43Z4P6i

Смотрите новые эпизоды первыми и ищите для себя шоу в The Hole: https://thehole.page.link/pohatam_1008

«По хатам » - шоу, в котором комик Гурам Амарян врывается в хату к знаменитостям и оценивает вещи. Если крутых вещей оказывается больше, то Гурам дарит в хату подарок, если же больше плохих, то что то забирает. 
В этом выпуске Гурам врывается в хату Зои Яровицыной. 

Телеграмм канал Гурама:
 https://t.me/guramamaryan
Телеграмм канал Зои: https://t.me/zoyazooo

По вопросам рекламы и сотрудничества: labelcom@mediumquality.ru

LABELCOM: 
Мерч LABELCOM: https://mqpmerch.ru/labelcom

#Labelcom #Похатам",1891,1674297917,245658,25,1053,266,https://vk.com/video_ext.php?oid=-209976560&id=456239273&hash=ce132305b78c7fe4&__ref=vk.admin_android&api_hash=17406944722bb68b99778b891755_GMZDANZRGM2TCOA,1,1,1,False,https://sun9-7.userapi.com/hdxElVat1-5wAp518yWYrNsXF6lvPFVgrJ4JjA/pTbGaYe00EM.jpg
456239272,-209976560,По хатам - ПО ХАТАМ | Карен Адамян | Расул Чабдаров | Гурам Амарян,"Приглашай друзей и участвуй в розыгрыше 200 млн. ₽ — https://l.tinkoff.ru/pohatambfdec

Насладиться Лебейшим кофе просто: переходи по ссылке и покупай кофе LEBO со скидкой https://goo.su/ALj9T

Мы не шутим, когда говорим о сайте и приложении The Hole с очень ранними премьерами наших шоу: https://tinyurl.com/4n8vuu7m

«По хатам» - шоу, в котором комик Гурам Амарян врывается в хату к знаменитостям и оценивает вещи. Если крутых вещей оказывается больше, то Гурам дарит в хату подарок, если же больше плохих, то что то забирает. 
В этом выпуске Гурам врывается в хату к Карену Адамяну 

Гурам: https://t.me/guramamaryan
Расул: https://t.me/chabdarcenter
Карен: https://t.me/adamyan27

По вопросам рекламы и сотрудничества: Labelcom2022@mail.ru

LABELCOM: 
Мерч LABELCOM: https://mqpmerch.ru/labelcom

#Labelcom #Похатам",2351,1674297901,107240,5,345,67,https://vk.com/video_ext.php?oid=-209976560&id=456239272&hash=9be5727636ed7684&__ref=vk.admin_android&api_hash=17406944722a086cbe118a92e613_GMZDANZRGM2TCOA,1,1,1,False,https://sun9-51.userapi.com/c5Y73zxnJorIg0UmeaLi8oG3na3EFQv5wq9TAA/MkVIoLyktlw.jpg
456239271,-209976560,По хатам - ПО ХАТАМ | Денис Дорохов х Азамат Мусагалиев х Гурам Амарян,"Покупай подарки в рассрочку от Сбера прямо сейчас онлайн и без переплат: http://sber.me/?p=wX6KW

TORNADO ENERGY - невероятный заряд энергии с доставкой на дом: https://shop.sns.ru/catalog/tornado_group65/

«По хатам» - шоу, в котором комик Гурам Амарян врывается в хату к знаменитостям и оценивает вещи. Если крутых вещей оказывается больше, то Гурам дарит в хату подарок, если же больше плохих, то что то забирает. 
В этом выпуске Гурам врывается в хату Дениса Дорохова. 

Инста:
Гурам Амарян https://instagram.com/gur_am
Денис Дорохов https://instagram.com/dorokhovdenisofficial?utm_medium=copy_link
Азамат Мусагалиев https://instagram.com/azabraza1984?utm_medium=copy_link

По вопросам рекламы и сотрудничества: labelcom@mediumquality.ru

LABELCOM: https://instagram.com/labelcomedians
LABELCOM. VIDEO: https://instagram.com/labelcom.video
Мерч LABELCOM: https://mqpmerch.ru/labelcom

#Labelcom #Похатам #ДенисДорохов",1996,1674297824,352323,37,1047,358,https://vk.com/video_ext.php?oid=-209976560&id=456239271&hash=c60ad99024d12fac&__ref=vk.admin_android&api_hash=1740694472246fd578e2516f0067_GMZDANZRGM2TCOA,1,1,1,False,https://sun9-6.userapi.com/gbav99yzyirkjOom5qKgWzRscZelmJWuttLy_w/hJa97HvEjbQ.jpg
456239270,-209976560,По хатам - ПО ХАТАМ | Raava Music: Andro х Elman х Mona х Toni | Гурам Амарян,"Распродажа к Чёрной пятнице с 24 по 28 ноября на Joom! Ссылка на подборку с лучшими предложениями — https://at.joom.com/dl/LABELCOM. А по промокоду LABELCOM дополнительная скидка до 11%!

Pb3XmBtzssVtkoa9ZkVsjCNrbPx5XoWGWiEqXGi

Оплачивайте авиабилеты, гостиницы и туры в Тинькофф Городе https://l.tinkoff.ru/yt_LABELCOM

Насладиться Лебейшим кофе просто: переходи по ссылке и покупай кофе LEBO со скидкой https://clck.ru/32iVmj

Хотите больше премьер и эксклюзивного контента от комиков? Теперь получите их все бесплатно на нашей платформе The Hole: https://thehole.page.link/pohatam_1210

«По хатам » - шоу, в котором комик Гурам Амарян врывается в хату к знаменитостям и оценивает вещи. Если крутых вещей оказывается больше, то Гурам дарит в хату подарок, если же больше плохих, то что то забирает. 
В этом выпуске Гурам врывается в хату к музыкантам Raava music.

Гурам: https://t.me/guramamaryan
Elman: https://vk.com/elman
Toni: https://vk.com/iton
Mona: https://vk.com/mona.chk
Andro: https://vk.com/andro.dragon

По вопросам рекламы и сотрудничества: label-com@mediumquality.ru

LABELCOM: 
Мерч LABELCOM: https://mqpmerch.ru/labelcom

#Labelcom #Похатам",2361,1674297815,72763,3,174,29,https://vk.com/video_ext.php?oid=-209976560&id=456239270&hash=8c6890552f049ad8&__ref=vk.admin_android&api_hash=1740694472140215073638a8f45c_GMZDANZRGM2TCOA,1,1,1,False,https://sun9-10.userapi.com/sXS84yDpTNSyMU8pnH4VofwjRZ4XH_yS_z3gaQ/JILTyDCdVnA.jpg
456239269,-209976560,По хатам - ПО ХАТАМ | Даня Милохин х Некоглай х Гурам Амарян,"Оформи бесплатную карту в дизайне картин художников — https://l.tinkoff.ru/labelcomoct

Pb3XmBtzszpgAeiz2gFCtXztG9iYyG5iYNL818i

Увидимся в The Hole — на стороне интернета с нашим премьерным и эксклюзивным контентом: https://thehole.page.link/pohatam_1210

«По хатам» - шоу, в котором комик Гурам Амарян врывается в хату к знаменитостям и оценивает вещи. Если крутых вещей оказывается больше, то Гурам дарит в хату подарок, если же больше плохих, то что то забирает. 
В этом выпуске Гурам врывается в хату к Дане Милохину.

Телеграмм: 
Гурам https://t.me/guramamaryan
Даня https://t.me/miLOHin228
Некоглай https://t.me/nekogla1

По вопросам рекламы и сотрудничества: Labelcom2022@mail.ru

LABELCOM: 
Мерч LABELCOM: https://mqpmerch.ru/labelcom

#Labelcom #Похатам",1691,1674297776,73602,10,261,54,https://vk.com/video_ext.php?oid=-209976560&id=456239269&hash=38cfc0c417d949d0&__ref=vk.admin_android&api_hash=1740694472a9039d531b4589f1d2_GMZDANZRGM2TCOA,1,1,1,False,https://sun9-10.userapi.com/vo7186EeS6H3SCH95zO9viBHlVAyPFI9V0-8Gg/IAm2364oceE.jpg
456239268,-209976560,По хатам - СЮРПРИЗ В КОМНАТЕ У TONI #похатам #raavamusic,,37,1674297752,6405,0,17,1,https://vk.com/video_ext.php?oid=-209976560&id=456239268&hash=e016b56cfe54891e&__ref=vk.admin_android&api_hash=17406944724479ebf7bb74aa5818_GMZDANZRGM2TCOA,1,1,1,False,https://sun9-77.userapi.com/8knrd6lKUmLSzbWp75F-TDWcmbaIlcw6zuWzgw/qLpHN7zrnxw.jpg
456239267,-209976560,По хатам - ХАТА ДОРОХА ПОДВЕРГЛАСЬ НАПАДЕНИЮ ГУРАМА #похатам,,28,1674297728,6513,1,13,0,https://vk.com/video_ext.php?oid=-209976560&id=456239267&hash=6b8932d499c96de5&__ref=vk.admin_android&api_hash=1740694472b9338d88339a5e56b9_GMZDANZRGM2TCOA,1,1,1,False,https://sun9-60.userapi.com/Cnm6i2AOnKACfrdBE1IIEc5jrhZh_gVC0DAflw/vBY5AxP2uC0.jpg
456239266,-209976560,По хатам - ЧТО В ШКАФУ У ДАНИ МИЛОХИНА? #похатам,,50,1674297706,5001,0,7,1,https://vk.com/video_ext.php?oid=-209976560&id=456239266&hash=827359e8b90d7544&__ref=vk.admin_android&api_hash=17406944721f36d5e058baf45b07_GMZDANZRGM2TCOA,1,1,1,False,https://sun9-36.userapi.com/DCz1Rg_wzExRf0C4pYdKqL1P4Cfhb0NB56UvkA/ncd1jB62t8o.jpg
456239265,-209976560,По хатам - ГУРАМ ПЛЮНУЛ НА ФУТБОЛКУ🤯 #похатам,,53,1674297695,5450,1,8,0,https://vk.com/video_ext.php?oid=-209976560&id=456239265&hash=43f15d3ac4b24d92&__ref=vk.admin_android&api_hash=1740694472c157900b84c09286b1_GMZDANZRGM2TCOA,1,1,1,False,https://sun9-42.userapi.com/3I2wIz1Aa3oTl0IxJHSCXRRTLiylUt1xVVvJiQ/1WzIk6Co38U.jpg
456239264,-209976560,По хатам - ИСПОЛНИЛИ МЕЧТУ МИЛОХИНА #похатам,,44,1674297691,7276,1,22,8,https://vk.com/video_ext.php?oid=-209976560&id=456239264&hash=7e392bcffd2a4f90&__ref=vk.admin_android&api_hash=1740694472659a51d13805b1d55d_GMZDANZRGM2TCOA,1,1,1,False,https://sun9-61.userapi.com/iSWq3jCSJXDUAZPbsGq5CRgTSJQI2h2TvpX4gg/k4NLz3MJQIg.jpg
456239263,-209976560,По хатам - ДОРОХУ НЕ СМЕШНО #похатам,,20,1674297674,5451,0,14,1,https://vk.com/video_ext.php?oid=-209976560&id=456239263&hash=79bbc74da211558d&__ref=vk.admin_android&api_hash=1740694472c55aaa3efca532223d_GMZDANZRGM2TCOA,1,1,1,False,https://sun9-62.userapi.com/T7fE5rgq9lzB7TDuwY1Dj-BojxVnaDNaj_tGGQ/YlsaPIBlN5c.jpg
456239262,-209976560,По хатам - ГУРАМ ВАРИТ КОФЕ #похатам,,59,1674297669,6792,0,13,37,https://vk.com/video_ext.php?oid=-209976560&id=456239262&hash=6cec04a8c521cb0c&__ref=vk.admin_android&api_hash=1740694472e018bc54238d6d6890_GMZDANZRGM2TCOA,1,1,1,False,https://sun9-11.userapi.com/xdwlHq6leJGYBiyFPNuIhuRfWlMojAELvcK9vA/zVIwQCRWwBg.jpg
456239261,-209976560,По хатам - ХОДИТ В ОБУВИ ПО ДИВАНУ ДОРОХА 🤡 #похатам,,35,1674297629,6648,0,12,6,https://vk.com/video_ext.php?oid=-209976560&id=456239261&hash=bad127579aba3c22&__ref=vk.admin_android&api_hash=17406944726605d2be29a9b6e833_GMZDANZRGM2TCOA,1,1,1,False,https://sun9-78.userapi.com/1bHdwgpWwerpEr6CpAnqZE_woC82TXmcLxCPEA/_QscOVQizkg.jpg
456239260,-209976560,По хатам - ЧТО В КОМНАТЕ У МИЛОХИНА? #похатам,,51,1674297610,4683,0,9,0,https://vk.com/video_ext.php?oid=-209976560&id=456239260&hash=aacf42464ed83951&__ref=vk.admin_android&api_hash=1740694472e57b463a22bec18894_GMZDANZRGM2TCOA,1,1,1,False,https://sun9-76.userapi.com/qcFA85P55ZEBSPrzFeM6dEtk9M9Gjwqj-g7JhA/XGOlWnhqybM.jpg
456239259,-209976560,"#СОЗВОН - #СОЗВОН 1 - Андрей Бебуришвили, Артем Винокур и Илья Макаров","Ранние премьеры, эксклюзивы и лучшие шоу в нашем приложении The Hole: https://mediumquality.page.link/sozvon_hole  Смотрите выпуски в фоне и пробуйте остальные штуки — всё бесплатно. Заходить можно без стука!! 

Это  #Созвон - шоу, в котором 3 комика рубятся за пиздатые ништяки. Один из них звонит в место, которое ему придумали соперники. Во время разговора они дают ему 8 тупорылых фраз, которые он  должен использовать. Кто скажет больше фраз -  забирает приз. Остальные – сосут писос.

Сегодня звонят:
Андрей Бебуришвили https://www.instagram.com/andrew_beburishvili/
Артем Винокур  https://www.instagram.com/artemvinokur/
Илья Макаров https://www.instagram.com/iliamakar0v/

По вопросам рекламы и сотрудничества: labelcom@mediumquality.ru",648,1674297556,69535,3,411,62,https://vk.com/video_ext.php?oid=-209976560&id=456239259&hash=d421919d7aaa2a2b&__ref=vk.admin_android&api_hash=174069447218d8e06fe747f86e92_GMZDANZRGM2TCOA,1,1,1,False,https://sun9-17.userapi.com/XCRV3E4wc6odLwGEvsWJT1JZOXZ1tzto8WDzIQ/RxVdehUU0rI.jpg
456239258,-209976560,"#СОЗВОН - #СОЗВОН 2 - Евгений Чебатков, Расул Чабдаров и Тамби Масаев","Ранние премьеры, эксклюзивы и лучшие шоу в нашем приложении The Hole: https://mediumquality.page.link/sozvon_hole  Смотрите выпуски в фоне и пробуйте остальные штуки — всё бесплатно. Заходить можно без стука!! 

Это  #Созвон - шоу, в котором 3 комика рубятся за пиздатые ништяки. Один из них звонит в место, которое ему придумали соперники. Во время разговора они дают ему 8 тупорылых фраз, которые он  должен использовать. Кто скажет больше фраз -  забирает приз. Остальные – сосут писос.

Сегодня звонят:
Евгений Чебатков https://www.instagram.com/chebatkov_yevgeniy/
Расул Чабдаров  https://www.instagram.com/chabdarrr/
Тамби Масаев  https://www.instagram.com/tambi_masaev/

По вопросам рекламы и сотрудничества: labelcom@mediumquality.ru",511,1674297539,44901,4,296,21,https://vk.com/video_ext.php?oid=-209976560&id=456239258&hash=998132fd7b096d03&__ref=vk.admin_android&api_hash=1740694472cf8353a53e6ca3755c_GMZDANZRGM2TCOA,1,1,1,False,https://sun9-80.userapi.com/2YY8LH6Fi8tYL9MoURfbTdVn83VF8gQHvjtNww/nPAWLpdzu1c.jpg
456239257,-209976560,"#СОЗВОН - #СОЗВОН 3 - Гурам Амарян, Павел Дедищев и Рустам Рептилоид","Ранние премьеры, эксклюзивы и лучшие шоу в нашем приложении The Hole: https://mediumquality.page.link/sozvon_hole  Смотрите выпуски в фоне и пробуйте остальные штуки — всё бесплатно. Заходить можно без стука!! 

Это  #Созвон - шоу, в котором 3 комика рубятся за пиздатые ништяки. Один из них звонит в место, которое ему придумали соперники. Во время разговора они дают ему 8 тупорылых фраз, которые он  должен использовать. Кто скажет больше фраз -  забирает приз. Остальные – сосут писос.

Сегодня звонят:
Гурам Амарян: https://www.instagram.com/gur_am
Павел Дедищев: https://www.instagram.com/amerikanec46
Рустам Рептилоид https://instagram.com/rustreptiloid

По вопросам рекламы и сотрудничества: labelcom@mediumquality.ru",443,1674297437,45455,3,262,27,https://vk.com/video_ext.php?oid=-209976560&id=456239257&hash=7057d36a316c10a9&__ref=vk.admin_android&api_hash=1740694472faaabcf709d4065aa1_GMZDANZRGM2TCOA,1,1,1,False,https://sun9-47.userapi.com/Y5cZ1i1KZx5eORHGU6EE3IDD3KGM_k_b-h-WXA/Onlh2OoCvhY.jpg
456239256,-209976560,"#СОЗВОН - #СОЗВОН 4 - Евгений Чебатков, Сергей Детков и Андрей Бебуришвили","Ранние премьеры, эксклюзивы и лучшие шоу в нашем приложении The Hole: https://mediumquality.page.link/sozvon_hole  Смотрите выпуски в фоне и пробуйте остальные штуки — всё бесплатно. Заходить можно без стука!! 

Это  #Созвон - шоу, в котором 3 комика рубятся за пиздатые ништяки. Один из них звонит в место, которое ему придумали соперники. Во время разговора они дают ему 8 тупорылых фраз, которые он  должен использовать. Кто скажет больше фраз -  забирает приз. Остальные – сосут писос.

Сегодня звонят:
Евгений Чебатков: https://www.instagram.com/chebatkov_yevgeniy/
Сергей Детков: https://www.instagram.com/sergii_detkov/
Андрей Бебуришвили: https://www.instagram.com/andrew_beburishvili/

По вопросам рекламы и сотрудничества: labelcom@mediumquality.ru",495,1674297401,31627,3,224,15,https://vk.com/video_ext.php?oid=-209976560&id=456239256&hash=f9da54990e75ba03&__ref=vk.admin_android&api_hash=17406944726575bcf434246ccd66_GMZDANZRGM2TCOA,1,1,1,False,https://sun9-47.userapi.com/8z41HT4Xia9rWbjUKsXZmHc4E6-KVNnCSbwoUg/7upKbjOv1pc.jpg
456239255,-209976560,"#СОЗВОН - #СОЗВОН 5 - Артем Винокур, Тамби Масаев и Алексей Щербаков","Ранние премьеры, эксклюзивы и лучшие шоу в нашем приложении The Hole: https://mediumquality.page.link/sozvon_hole  Смотрите выпуски в фоне и пробуйте остальные штуки — всё бесплатно. Заходить можно без стука!! 

Это  #Созвон - шоу, в котором 3 комика рубятся за пиздатые ништяки. Один из них звонит в место, которое ему придумали соперники. Во время разговора они дают ему 8 тупорылых фраз, которые он  должен использовать. Кто скажет больше фраз -  забирает приз. Остальные – сосут писос.

Сегодня звонят:
Артем Винокур  https://www.instagram.com/artemvinokur/
Тамби Масаев  https://www.instagram.com/tambi_masaev/
Алексей Щербаков  https://www.instagram.com/shcherbakov_alexei/

По вопросам рекламы и сотрудничества: labelcom@mediumquality.ru",636,1674297341,48871,2,256,36,https://vk.com/video_ext.php?oid=-209976560&id=456239255&hash=3250dece0b006dbb&__ref=vk.admin_android&api_hash=1740694472905ae1f552c9be8b17_GMZDANZRGM2TCOA,1,1,1,False,https://sun9-36.userapi.com/1PC76tIDpkm9V-W5otIpx48tCT01o9gMsqaZFA/iYKr6-pK8WQ.jpg
456239254,-209976560,"#СОЗВОН - #СОЗВОН 6 - Звоним Укупнику, в школу DJ Грува и гольф-центр","Ранние премьеры, эксклюзивы и лучшие шоу в нашем приложении The Hole: https://mediumquality.page.link/sozvon_hole  Смотрите выпуски в фоне и пробуйте остальные штуки — всё бесплатно. Заходить можно без стука!! 

Созвон - шоу, в котором 3 комика рубятся на бабки. Победителя определяют подписчики. Один из комиков звонит в место, которое ему придумали соперники. Во время разговора они дают ему тупорылые фразы, которые он  должен использовать во время звонка. Чей созвон будет лучше по мнению комментаторов -  получает лавешку!

Сегодня звонят:
Павел Дедищев: https://www.instagram.com/amerikanec46/
Евгений Чебатков: https://www.instagram.com/chebatkov_yevgeniy/
Гурам Амарян: https://www.instagram.com/gur_am/

По вопросам рекламы и сотрудничества: labelcom@mediumquality.ru 

#флешмоб #укупникудудя #Созвон #Дедищев #Чебатков #Амарян #Standup",713,1674297224,32841,9,204,23,https://vk.com/video_ext.php?oid=-209976560&id=456239254&hash=60925823f0cc3faa&__ref=vk.admin_android&api_hash=1740694472dbf7c2976ae402323e_GMZDANZRGM2TCOA,1,1,1,False,https://sun9-43.userapi.com/q8Tq25_UBLBsKpoUtGtbHjs879ECjfOP7UZ1qg/c47xZqIQ6RA.jpg
456239253,-209976560,"#СОЗВОН - #СОЗВОН 7 - Бузова и Батрутдинов, записываем рэп-альбом, пытаемся скрыть измену","Ранние премьеры, эксклюзивы и лучшие шоу в нашем приложении The Hole: https://mediumquality.page.link/sozvon_hole  Смотрите выпуски в фоне и пробуйте остальные штуки — всё бесплатно. Заходить можно без стука!! 

#Созвон - шоу, в котором 3 комика рубятся за бабки. Победителя определяют подписчики. Один из комиков звонит в место, которое ему придумали соперники. Во время разговора они дают ему тупорылые фразы, которые он  должен использовать во время звонка. Чей созвон будет лучше по мнению подписчиков в комментариях -  забирает бабки!

Сегодня звонят:
Тамби Масаев: https://www.instagram.com/tambi_masaev/
Рустам Рептилоид: https://www.instagram.com/rustreptiloid/
Илья Макаров: https://www.instagram.com/iliamakar0v/

По вопросам рекламы и сотрудничества: labelcom@mediumquality.ru 

#Бузова #Батруха #Созвон",1073,1674297156,74122,13,357,94,https://vk.com/video_ext.php?oid=-209976560&id=456239253&hash=f59892ecd9aac537&__ref=vk.admin_android&api_hash=1740694472dfb3402df2eb7cd476_GMZDANZRGM2TCOA,1,1,1,False,https://sun9-49.userapi.com/Wsr-9Mt-nTSfatzN4DBGSmAobfdX_j8hWRh5lA/MN747jLqeYM.jpg
456239252,-209976560,"#СОЗВОН - #СОЗВОН 8 - звонок Илье Соболеву, порнобаннер, делаем выставку","Ранние премьеры, эксклюзивы и лучшие шоу в нашем приложении The Hole: https://mediumquality.page.link/sozvon_hole  Смотрите выпуски в фоне и пробуйте остальные штуки — всё бесплатно. Заходить можно без стука!! 

#Созвон - шоу, в котором 3 комика рубятся за бабки. Победителя определяют подписчики. Один из комиков звонит в место, которое ему придумали соперники. Во время разговора они дают ему тупорылые фразы, которые он  должен использовать во время звонка. Чей созвон будет лучше по мнению подписчиков в комментариях -  забирает бабки!

Сегодня звонят:
Алексей Щербаков: https://www.instagram.com/shcherbakov_alexei/
Александр Забродин: https://www.instagram.com/zabast/
Рустам Рептилоид: https://www.instagram.com/rustreptiloid/

И ещё! У Алексея Щербакова есть свой видеоблог, на него тоже можно подписаться:
https://www.youtube.com/channel/UCbvXcK_Yu6E42Y3MLHNfKiw

По вопросам рекламы и сотрудничества: labelcom@mediumquality.ru",773,1674297113,41815,6,259,47,https://vk.com/video_ext.php?oid=-209976560&id=456239252&hash=7d79247692784081&__ref=vk.admin_android&api_hash=1740694472140ee128d08aa9efa4_GMZDANZRGM2TCOA,1,1,1,False,https://sun9-26.userapi.com/De75o1fiIJKVW_C6MVwRUVYzJvMBgobPY1oiDQ/3R6XiscDP9c.jpg
456239251,-209976560,"#СОЗВОН - #СОЗВОН 9 - Ирина Чеснокова, Ирина Мягкова, Виктория Складчикова | Спецвыпуск к 8 марта","Ранние премьеры, эксклюзивы и лучшие шоу в нашем приложении The Hole: https://mediumquality.page.link/sozvon_hole  Смотрите выпуски в фоне и пробуйте остальные штуки — всё бесплатно. Заходить можно без стука!! 

Сегодня звонят:
Ира Чеснокова (Бар в Большом Городе) : https://www.instagram.com/irinushshshka/
Ирина Мягкова (Женский Стенд-ап): https://www.instagram.com/irka_myagkova/
Виктория Складчикова (Stand-up на ТНТ): https://www.instagram.com/vikaskladch...

Шоу Ирины Чесноковой «Бар в большом городе»! Новые выпуски 7 марта! 
https://www.youtube.com/channel/UCUbJ... 
Все бегом подписываться!

По вопросам рекламы и сотрудничества: labelcom@mediumquality.ru",961,1674297102,56291,4,226,47,https://vk.com/video_ext.php?oid=-209976560&id=456239251&hash=96ecc8182569fb4e&__ref=vk.admin_android&api_hash=1740694472bc9382517eba4f8400_GMZDANZRGM2TCOA,1,1,1,False,https://sun9-41.userapi.com/_xLwoNf5NIpPnX2zAdvB49jYHzOfSjOeZ33LKQ/zvW4zbuIUho.jpg
456239250,-209976560,"#СОЗВОН - #СОЗВОН 10 - Хабиб Нурмагомедов, БДСМ-костюм, нашли нефть","Ранние премьеры, эксклюзивы и лучшие шоу в нашем приложении The Hole: https://mediumquality.page.link/sozvon_hole  Смотрите выпуски в фоне и пробуйте остальные штуки — всё бесплатно. Заходить можно без стука!! 

Подписываемся на инстаграмы сегодняшних участников!
Павел Дедищев: https://www.instagram.com/amerikanec46/
Сергей Детков: https://www.instagram.com/sergii_detkov/
Артем Винокур  https://www.instagram.com/artemvinokur/

По вопросам рекламы и сотрудничества: labelcom@mediumquality.ru",681,1674296993,46728,6,189,29,https://vk.com/video_ext.php?oid=-209976560&id=456239250&hash=79aa0dc0e6f5fe03&__ref=vk.admin_android&api_hash=17406944723191d89292730021ce_GMZDANZRGM2TCOA,1,1,1,False,https://sun9-30.userapi.com/lkT-9NcXMqk8h4JfD4coFoqxbHujBbyl5oBgpA/yv97z59h5wg.jpg
456239249,-209976560,#СОЗВОН - #СОЗВОН 11 - Алексей Щербаков vs Гарик Харламов,"Ранние премьеры, эксклюзивы и лучшие шоу в нашем приложении The Hole: https://mediumquality.page.link/sozvon_hole  Смотрите выпуски в фоне и пробуйте остальные штуки — всё бесплатно. Заходить можно без стука!! 

У нас тут совместочка с Ошуительным Хоу, так что на этой неделе два шоу #СОЗВОН по цене одного

Ссылочка на #СОЗВОН на канале Ошуительного Хоу:
https://www.youtube.com/channel/UCSoYSTOt1g_Vdo8xCJeQpHw

И, конечно же, подписываемся на инстаграм Лёхи Щербакова:
https://www.instagram.com/shcherbakov_alexei

А ещё у Щербака есть свой канал на ютубе, и это видеоблог:
https://www.youtube.com/channel/UCbvXcK_Yu6E42Y3MLHNfKiw

Короче, подписывайтесь везде, а мы уже найдём чем вас порадовать.

По вопросам рекламы и сотрудничества: labelcom@mediumquality.ru",429,1674296959,280373,14,1118,352,https://vk.com/video_ext.php?oid=-209976560&id=456239249&hash=2dd8ce80fc951991&__ref=vk.admin_android&api_hash=174069447268e1ccf2823331196a_GMZDANZRGM2TCOA,1,1,1,False,https://sun9-74.userapi.com/FMXoyvkmP4K5notXCWs4DFCNDBfPmYt8bETprQ/VFqZRN7wcmo.jpg
456239248,-209976560,#СОЗВОН - #СОЗВОН 12 - Илья Макаров vs Антон Шастун,"Заказывай косметику для правильного ухода за волосами, бородой и усами Borodist по ссылке:
https://borodist.com
При заказе онлайн скидка 10% по промокоду СОЗВОН

Разыгрываем крутой набор от Borodist в коментариях! Ищи комент с конкурсом и участвуй!

Ранние премьеры, эксклюзивы и лучшие шоу в нашем приложении The Hole: https://mediumquality.page.link/sozvon_hole  Смотрите выпуски в фоне и пробуйте остальные штуки — всё бесплатно. Заходить можно без стука!! 

Инстаграм Макара:
https://instagram.com/iliamakar0v

Антон Шастун
Youtube:
https://www.youtube.com/channel/UC7p0GCM88wBsrlv5n5eeCHw
Instagram:
https://instagram.com/anton.shastoon

По вопросам рекламы и сотрудничества: labelcom@mediumquality.ru",639,1674296863,62692,7,432,74,https://vk.com/video_ext.php?oid=-209976560&id=456239248&hash=3a24ec1390336ed7&__ref=vk.admin_android&api_hash=17406944725aaa2d9582860301e8_GMZDANZRGM2TCOA,1,1,1,False,https://sun9-22.userapi.com/93bqhSjWOLOB8lh7iI9c8IeCQIMZLJmZDIC06A/EFnDgSKZX4E.jpg
456239247,-209976560,#СОЗВОН - #СОЗВОН 13 - Рустам Рептилоид vs Владимир Маркони,"Скачивай Vikings: War of Clans и получи 200 💰голды и 🏥бесплатный щит: 
➤ Android: https://bit.ly/2v1YDXC ➤ IOS: https://bit.ly/2UyX9mE
Конкурс PS4 PRO и MacBook Pro: http://bit.ly/2KvThyn

Ранние премьеры, эксклюзивы и лучшие шоу в нашем приложении The Hole: https://mediumquality.page.link/sozvon_hole  Смотрите выпуски в фоне и пробуйте остальные штуки — всё бесплатно. Заходить можно без стука!! 

Подписывайтесь на инстаграм Рустама:
https://www.instagram.com/rustreptiloid/

Владимир Маркони:
Youtube:
https://www.youtube.com/channel/UCn9bv143ECsDMw-kJCNN7QA
Instagram:
https://www.instagram.com/vladimir_markoni/

По вопросам рекламы и сотрудничества: labelcom@mediumquality.ru",1060,1674296793,35899,7,164,30,https://vk.com/video_ext.php?oid=-209976560&id=456239247&hash=1b08b9d49d7a381c&__ref=vk.admin_android&api_hash=17406944723f153d683eed0e8ec3_GMZDANZRGM2TCOA,1,1,1,False,https://sun9-5.userapi.com/D_L-YNDjqmFNP9okiyKVrEEN_HQLmP8cv7Kaqw/BChJa7xofCk.jpg
456239246,-209976560,#СОЗВОН - #СОЗВОН 14 - Александр Забродин vs Азамат Мусагалиев,"Сегодня в Созвоне участвуют Александр Забродин и Азамат Мусагалиев. 

Ранние премьеры, эксклюзивы и лучшие шоу в нашем приложении The Hole: https://mediumquality.page.link/sozvon_hole  Смотрите выпуски в фоне и пробуйте остальные штуки — всё бесплатно. Заходить можно без стука!! 

Подписывайтесь на инстаграм Забы, он прекрасен:
https://instagram.com/zabast

Уже прокачаные и мощные соцсети Азамата:
https://instagram.com/azabraza1984

По вопросам рекламы и сотрудничества: labelcom@mediumquality.ru",694,1674296721,33207,3,210,22,https://vk.com/video_ext.php?oid=-209976560&id=456239246&hash=299825f0fce0fe90&__ref=vk.admin_android&api_hash=1740694472c23ba468e79a04de63_GMZDANZRGM2TCOA,1,1,1,False,https://sun9-46.userapi.com/XXf6ib7ytEMwLdCjMM2Eck2lgOHmRGbCUGxv7g/P5rb_OuwkPg.jpg
456239245,-209976560,#СОЗВОН - #СОЗВОН 15 - Расул Чабдаров vs ST,"Ранние премьеры, эксклюзивы и лучшие шоу в нашем приложении The Hole: https://mediumquality.page.link/sozvon_hole  Смотрите выпуски в фоне и пробуйте остальные штуки — всё бесплатно. Заходить можно без стука!! 

Наш Расул сегодня соревнуется против рэпера ST

Подписывайся на инстаграм Расула:
https://instagram.com/chabdarrr

Наш гость ST:
https://instagram.com/st_stoizsta

По вопросам рекламы:
reklamacomedian@mail.ru",406,1674296556,16164,4,118,14,https://vk.com/video_ext.php?oid=-209976560&id=456239245&hash=1a032ba9e5befed5&__ref=vk.admin_android&api_hash=1740694472674f7246dd0de0efac_GMZDANZRGM2TCOA,1,1,1,False,https://sun9-9.userapi.com/uXPJSKLgZejXqD7q7ock5ZlLoAALfEhrHuKasw/K55_lFUOmHM.jpg
456239244,-209976560,#СОЗВОН - #СОЗВОН 16 - Сергей Детков vs Данила Поперечный,"Скачивай War Thunder бесплатно и получай бонусы - https://wtpub.ru/LABELcom

Ранние премьеры, эксклюзивы и лучшие шоу в нашем приложении The Hole: https://mediumquality.page.link/sozvon_hole  Смотрите выпуски в фоне и пробуйте остальные штуки — всё бесплатно. Заходить можно без стука!! 

При любом удобном случае подписывайтесь на инстаграм Сергея Деткова:
https://www.instagram.com/sergii_detkov/

Наш гость - Данила Поперечный:
https://www.instagram.com/spoontamer/
https://www.youtube.com/user/Spoontamer

По вопросам рекламы и сотрудничества: labelcom@mediumquality.ru",871,1674296554,30106,4,168,29,https://vk.com/video_ext.php?oid=-209976560&id=456239244&hash=72c17775ffbc3fa3&__ref=vk.admin_android&api_hash=174069447274f5ecec1303a586d4_GMZDANZRGM2TCOA,1,1,1,False,https://sun9-31.userapi.com/J33C8tSlbC1N1fSdeMHwHNmTPsd0GVX8wc6klg/yYhF6ZtY2bY.jpg
456239243,-209976560,#СОЗВОН - #СОЗВОН 17 - Тамби Масаев vs Тимур Батрутдинов,"Худей к лету с Grow Food. Скидка 999 рублей на первый заказ по ссылке: https://vk.cc/9mY9mP

Ранние премьеры, эксклюзивы и лучшие шоу в нашем приложении The Hole: https://mediumquality.page.link/sozvon_hole  Смотрите выпуски в фоне и пробуйте остальные штуки — всё бесплатно. Заходить можно без стука!! 

Подписывайся инстаграм Тамби Масаева и будь счастлив всю жизнь:
https://www.instagram.com/tambi_masaev/

Наш гость - Тимур Батрудинов:
https://www.instagram.com/timurbatrutdinov/
https://www.youtube.com/channel/UCSoYSTOt1g_Vdo8xCJeQpHw/

LABELCOM
https://www.instagram.com/labelcomedians/

По вопросам рекламы и сотрудничества: labelcom@mediumquality.ru",644,1674296523,36820,14,232,32,https://vk.com/video_ext.php?oid=-209976560&id=456239243&hash=2d5dc1823584d81f&__ref=vk.admin_android&api_hash=17406944729219b3682e54f79769_GMZDANZRGM2TCOA,1,1,1,False,https://sun9-18.userapi.com/I-DS8hHhiBLdsIKJrhuGDx6YWxfkF30QXugkCw/Gag67JlvRNY.jpg
456239242,-209976560,#СОЗВОН - #СОЗВОН 18 - Гурам Амарян vs Тимур Родригез,"Ранние премьеры, эксклюзивы и лучшие шоу в нашем приложении The Hole: https://mediumquality.page.link/sozvon_hole  Смотрите выпуски в фоне и пробуйте остальные штуки — всё бесплатно. Заходить можно без стука!! 

У Тимура Родригеза вышел новый клип! 
https://www.youtube.com/watch?v=SxYT39lVm7w

Ну а пока инстаграм Гурама для топовых кисок:
https://www.instagram.com/gur_am/

И для них же, потому что этот выпуск горяч, как огонь инстаграм Тимура Родригеза:
https://www.instagram.com/trodriguezzz/

По вопросам рекламы и сотрудничества: labelcom@mediumquality.ru",609,1674296344,25841,3,141,25,https://vk.com/video_ext.php?oid=-209976560&id=456239242&hash=70dbda362ac478c0&__ref=vk.admin_android&api_hash=1740694472146bcebcf98182bf82_GMZDANZRGM2TCOA,1,1,1,False,https://sun9-58.userapi.com/LcEl5Za8dEDEGJdL_d-CarqYyXJLOA0kWkfpAg/g0E5HmE4Wsc.jpg
456239241,-209976560,#СОЗВОН - #СОЗВОН 19 - Артём Винокур vs Демис Карибидис,"Ранние премьеры, эксклюзивы и лучшие шоу в нашем приложении The Hole: https://mediumquality.page.link/sozvon_hole  Смотрите выпуски в фоне и пробуйте остальные штуки — всё бесплатно. Заходить можно без стука!! 

LABELCOM: https://www.instagram.com/labelcomedians/

Мы не понимаем причин, по которым вы до сих пор не подписаны на инстаграм Артёма:
https://www.instagram.com/artemvinokur/

И конечно же заходите и подписывайтесь на Демиса Карибидиса!
https://www.instagram.com/demiskaribidis/

По вопросам рекламы и сотрудничества: labelcom@mediumquality.ru",548,1674296295,22241,2,134,8,https://vk.com/video_ext.php?oid=-209976560&id=456239241&hash=7810aeb9f88921ee&__ref=vk.admin_android&api_hash=1740694472e89ba92f2ff95e6c7b_GMZDANZRGM2TCOA,1,1,1,False,https://sun9-66.userapi.com/bNiGt5VtvXgBYbFdQO9yQ-5XY4F_ErRXRWpurg/cKIYqGFLPs4.jpg
456239240,-209976560,"#СОЗВОН - #СОЗВОН 20 - Павел Дедищев, Паша Техник, Алексей Щербаков","Ранние премьеры, эксклюзивы и лучшие шоу в нашем приложении The Hole: https://mediumquality.page.link/sozvon_hole  Смотрите выпуски в фоне и пробуйте остальные штуки — всё бесплатно. Заходить можно без стука!! 

Выпуск состоит из разных звонков, потому что мы так видим

А теперь к инстаграмам:
LABELСOM:  https://www.instagram.com/labelcomedians/ 
Павел Дедищев - https://www.instagram.com/amerikanec46/
Алексей Щербаков - https://www.instagram.com/shcherbakov_alexei/
Паша Техник - https://www.instagram.com/techniquepasha/

По вопросам рекламы и сотрудничества: labelcom@mediumquality.ru",820,1674296137,138326,7,409,215,https://vk.com/video_ext.php?oid=-209976560&id=456239240&hash=b99dce56a7489457&__ref=vk.admin_android&api_hash=174069447279b00de45563339ec5_GMZDANZRGM2TCOA,1,1,1,False,https://sun9-9.userapi.com/jKByOc1AEAFZwH2bWTqq0hsfskxvol3MeE9Ocg/yzEwmlz10Tk.jpg
456239239,-209976560,"#СОЗВОН - #СОЗВОН - Сергей Детков, Александр Забродин","Промокод на 30 дней подписки «Оптимум» в онлайн-кинотеатре Okko и скидка 20% на первое продление: 24927061
Заходи на https://okko.tv/s/sozvon

Ранние премьеры, эксклюзивы и лучшие шоу в нашем приложении The Hole: https://mediumquality.page.link/sozvon_hole  Смотрите выпуски в фоне и пробуйте остальные штуки — всё бесплатно. Заходить можно без стука!! 

Участники выпуска:
Сергей Детков https://www.instagram.com/sergii_detkov/
Александр Забродин https://www.instagram.com/zabast/

Гениальная актёрская работа:
Павел Дедищев https://www.instagram.com/amerikanec46/
Илья Макаров https://www.instagram.com/ilia._.makarov/

#СОЗВОН - шоу, в котором комики могут позвонить куда угодно, даже тебе

#Детков #Забродин #labelcom",1822,1674296089,35536,9,141,36,https://vk.com/video_ext.php?oid=-209976560&id=456239239&hash=172c9d39711a7d9a&__ref=vk.admin_android&api_hash=174069447235077422172370bd51_GMZDANZRGM2TCOA,1,1,1,False,https://sun9-15.userapi.com/9spMKSWk2WpPK8b1n48pYJHMDYsQXHFaDhp_xA/UJVj0tf4U58.jpg
456239238,-209976560,"#СОЗВОН - #СОЗВОН - Гурам Амарян, Алексей Щербаков","С LetyShops покупайте, возвращайте монеты с каждой покупки  —https://letyshops.app.link/LABELCOM

Ранние премьеры, эксклюзивы и лучшие шоу в нашем приложении The Hole: https://mediumquality.page.link/sozvon_hole  Смотрите выпуски в фоне и пробуйте остальные штуки — всё бесплатно. Заходить можно без стука!! 

Сегодня в шоу #СОЗВОН участвуют:
Гурам Амарян - https://www.instagram.com/gur_am/
Алексей Щербаков - https://www.instagram.com/shcherbakov_alexei/

В фильме про Ведьмака снимались:
Ведьмак - https://www.instagram.com/ilia._.makarov/ - Илья Макаров
Лютик - https://www.instagram.com/zabast/ - Александр Забродин

LABELCOM: https://instagram.com/labelcomedians
LABELCOM. VIDEO: https://instagram.com/labelcom.video

#СОЗВОН - шоу в котором комики могут позвонить кому угодно, даже тебе

#Щербаков #Амарян #LabelCom",1075,1674295763,121575,9,342,123,https://vk.com/video_ext.php?oid=-209976560&id=456239238&hash=86f73634bcd05aa0&__ref=vk.admin_android&api_hash=174069447284b6738a5658e66904_GMZDANZRGM2TCOA,1,1,1,False,https://sun9-74.userapi.com/D4JlbaHu7FbvEC-vmDXfAMzOJSPVt2_x1L0zGQ/Ekp2aR7a2J8.jpg
456239237,-209976560,"#СОЗВОН - #СОЗВОН - Евгений Чебатков, Рустам Рептилоид","Участвуй в конкурсе от Skyeng и выиграй поездку в Лондон http://skyeng.ru/go/sozvon

Ранние премьеры, эксклюзивы и лучшие шоу в нашем приложении The Hole: https://mediumquality.page.link/sozvon_hole  Смотрите выпуски в фоне и пробуйте остальные штуки — всё бесплатно. Заходить можно без стука!! 

Сегодня в шоу #СОЗВОН участвуют:
Евгений Чебатков: https://www.instagram.com/chebatkov_yevgeniy/ 
Рустам Рептилоид: https://www.instagram.com/rustreptiloid/ 

Инстаграмы канала:
https://www.instagram.com/labelcomedians/ - основной акаунт LABELCOM
https://www.instagram.com/labelcom.video/ - смотреть кусочки видео с комиками

В остросюжетном триллере с хорошим концом снимались:
Майор Чебби - https://www.instagram.com/chebatkov_yevgeniy/ - Евгений Чебатков
Сержант Забродски - https://www.instagram.com/zabast/ - Александр Забродин
Бегинер - https://www.instagram.com/sergienkomark/ - Марк Сергиенко

#СОЗВОН - шоу в котором комики могут позвонить кому угодно, даже тебе",1167,1674295746,47793,5,180,27,https://vk.com/video_ext.php?oid=-209976560&id=456239237&hash=c5bde2910a989ee1&__ref=vk.admin_android&api_hash=174069447269823b96aed0fed05c_GMZDANZRGM2TCOA,1,1,1,False,https://sun9-5.userapi.com/QaYvqyqiXGXiNpB9KYu3i-NEZJl_SUW1ziufKg/hPvrVNfd4B8.jpg
456239236,-209976560,"#СОЗВОН - #СОЗВОН - Илья Макаров, Эльдар Джарахов","Смотрите новый сезон сериала «Мир Дикого Запада» в Амедиатеке.
Заказывайте еду под сериальчик в «Кухне на районе»! Промокоды по ссылке: https://localandroid.amediateka.ru/?utm_source=youtube

Ранние премьеры, эксклюзивы и лучшие шоу в нашем приложении The Hole: https://mediumquality.page.link/sozvon_hole  Смотрите выпуски в фоне и пробуйте остальные штуки — всё бесплатно. Заходить можно без стука!! 

Сегодня в шоу #СОЗВОН дуэль между: 
Ильей Макаровым: https://www.instagram.com/ilia._.makarov/
Эльдаром Джараховым: https://www.instagram.com/dlgreez/

В рекламе снимались:
Андроид https://www.instagram.com/zabast/ - Александр Забродин
Энтони Хопкинс https://www.instagram.com/amerikanec46/  - Павел Дедищев
Бернард - https://www.instagram.com/gur_am/ - Гурам Амарян 

Инстаграмы канала:
https://www.instagram.com/labelcomedians/ - основной акаунт LABELCOM
https://www.instagram.com/labelcom.video/ - смотреть кусочки видео с комиками

#СОЗВОН - шоу в котором комики могут позвонить кому угодно, даже тебе",979,1674295513,26405,5,108,5,https://vk.com/video_ext.php?oid=-209976560&id=456239236&hash=613332a61c393060&__ref=vk.admin_android&api_hash=174069447284c64f6ca02e2008ab_GMZDANZRGM2TCOA,1,1,1,False,https://sun9-17.userapi.com/VGvo8yqB8uEN8S3wWqtmTXXxoAJj-r8dX37n_A/gUpD6Pv3yUE.jpg
456239235,-209976560,"#СОЗВОН - Алексей Щербаков, Азамат Мусагалиев | #СОЗВОН","#гокатку в Warface: https://bit.ly/WF_SOZVON
Вводи промокод SOZVON и получи подарки в игре после создания аккаунта: https://wf.mail.ru/pin/

Ранние премьеры, эксклюзивы и лучшие шоу в нашем приложении The Hole: https://mediumquality.page.link/sozvon_hole  Смотрите выпуски в фоне и пробуйте остальные штуки — всё бесплатно. Заходить можно без стука!! 

Оформите предзаказ на HUAWEI Y8p до 04 июня по ссылке: https://bit.ly/36zk2JB, воспользуйтесь купоном AY8P2000K и получите скидку 2 000 ₽ и HUAWEI Band 4 Pro стоимостью 3 990 ₽ в подарок!
 
В рамках специального предложения покупатели, оформившие предзаказ на Y8p, могут скачать мобильное приложение ZAYCEV.NET из магазина приложений HUAWEI AppGallery и получить бесплатную подписку на шесть месяцев! Подробности: https://bit.ly/2WZ0knf

#HUAWEIY8p #HUAWEIYseries

Путешествуйте с Aviasales! Но как-нибудь потом:
https://i.avs.io/wils7d

Азамат Мусагалиев https://www.instagram.com/azabraza1984/
https://www.youtube.com/channel/UCLGnG6SffG60QKqw-PuCjng/videos

Алексей Щербаков https://www.instagram.com/shcherbakov_alexei/
https://www.youtube.com/channel/UCbvXcK_Yu6E42Y3MLHNfKiw

Еще больше хип-хапа от Жени и Расула тут:

LABELCOM: https://instagram.com/labelcomedians
LABELCOM. VIDEO: https://instagram.com/labelcom.video

#СОЗВОН #Щербаков #Азамат",1708,1674295330,229703,8,560,147,https://vk.com/video_ext.php?oid=-209976560&id=456239235&hash=d1d3d916cf55c51e&__ref=vk.admin_android&api_hash=1740694472c84dc0aeb076e36f6a_GMZDANZRGM2TCOA,1,1,1,False,https://sun9-59.userapi.com/m5iU87fYgdmGkIYPk0Et5eesPvY0N2-xBnu0Fw/xjmwrtDYsqU.jpg
456239234,-209976560,"#СОЗВОН - Илья Макаров, Антон Шастун | #СОЗВОН","Aviasales — поисковик дешевых авиабилетов
https://i.avs.io/htgfoj

Ранние премьеры, эксклюзивы и лучшие шоу в нашем приложении The Hole: https://mediumquality.page.link/sozvon_hole  Смотрите выпуски в фоне и пробуйте остальные штуки — всё бесплатно. Заходить можно без стука!! 

Илья Макаров https://www.instagram.com/ilia._.makarov/?hl=ru
Антон Шастун https://www.instagram.com/anton.shastoon/

LABELCOM: https://instagram.com/labelcomedians
LABELCOM. VIDEO: https://instagram.com/labelcom.video

#СОЗВОН #Макаров #Шастун",1017,1674295161,52633,4,321,86,https://vk.com/video_ext.php?oid=-209976560&id=456239234&hash=5f27ff2b4a8bf59b&__ref=vk.admin_android&api_hash=1740694472c84af69722bafc3d6f_GMZDANZRGM2TCOA,1,1,1,False,https://sun9-55.userapi.com/46DieMDsupCQSkfM5OzJ-i6oowP69gLUiYzPlg/zvYi2-D6RAU.jpg
456239233,-209976560,"#СОЗВОН - Павел Дедищев, Алексей Щербаков | #СОЗВОН","Онлайн-обучение в SkillFactory: https://clc.to/MM2fUw 
Успей записаться со скидкой 50% по промокоду Labelcom

Ранние премьеры, эксклюзивы и лучшие шоу в нашем приложении The Hole: https://mediumquality.page.link/sozvon_hole  Смотрите выпуски в фоне и пробуйте остальные штуки — всё бесплатно. Заходить можно без стука!! 

Aviasales — поисковик дешевых авиабилетов
https://i.avs.io/htgfoj 

Павел Дедищев https://www.instagram.com/amerikanec46/
Алексей Щербаков https://www.instagram.com/shcherbakov_alexei/ 

LABELCOM: https://instagram.com/labelcomedians 
LABELCOM. VIDEO: https://instagram.com/labelcom.video 

#Созвон #Дедищев #Щербаков",1097,1674294852,53527,2,158,39,https://vk.com/video_ext.php?oid=-209976560&id=456239233&hash=45a4a7622951a8b3&__ref=vk.admin_android&api_hash=1740694472da358aeca95ec04c9e_GMZDANZRGM2TCOA,1,1,1,False,https://sun9-77.userapi.com/SolgG1kywYUIs3AjKdEDjghcx2N8f8H3hx2faw/UYJLAsMKajA.jpg
456239232,-209976560,"#СОЗВОН - Азамат Мусагалиев, Антон Шастун, Евгений Чебатков | #СОЗВОН","Открыт доступ к курсам от Geekbrains для всех, кто готов поменять профессию:
https://geekbrains.ru/link/ecpv5I

Ранние премьеры, эксклюзивы и лучшие шоу в нашем приложении The Hole: https://mediumquality.page.link/sozvon_hole  Смотрите выпуски в фоне и пробуйте остальные штуки — всё бесплатно. Заходить можно без стука!! 

Евгений Чебатков https://www.instagram.com/chebatkov_yevgeniy/
Антон Шастун https://www.instagram.com/anton.shastoon/
Азамат Мусагалиев https://www.instagram.com/azabraza1984/
LABELCOM: https://instagram.com/labelcomedians
LABELCOM. VIDEO: https://instagram.com/labelcom.video

#СОЗВОН #Чебатков #Азамат #Шастун",1526,1674294772,136310,10,1033,112,https://vk.com/video_ext.php?oid=-209976560&id=456239232&hash=7b8426efc6ddc9d4&__ref=vk.admin_android&api_hash=17406944725dbe9f51a90b237cc6_GMZDANZRGM2TCOA,1,1,1,False,https://sun9-21.userapi.com/H5s3Zkij7jJ9mWqj9tUZaxSdQoifBE_NuQluMQ/hLhBqhPc7xA.jpg
456239231,-209976560,"#СОЗВОН - СОЗВОН – Алексей Щербаков, Илья Соболев","Качай PUBG Mobile бесплатно: https://bit.ly/3GP3fU9
@pubgmobile_cis 

Дешёвые билеты на Авиасейлс https://www.aviasales.ru/

Шоу «СОЗВОН» возвращается в старом-добром формате! Два комика звонят по заданию соперника в разные места и пытаются вворачивать тупорылые фразы, ничего лишнего!

В этом выпуске звонят:

https://www.instagram.com/shcherbakov_alexei/ - Алексей Щербаков

https://www.instagram.com/sobolev_tut/ - Илья Соболев

#созвон #алексейщербаков #ильясоболев",1505,1674294688,261041,14,699,213,https://vk.com/video_ext.php?oid=-209976560&id=456239231&hash=f53089b9dec28654&__ref=vk.admin_android&api_hash=174069447203e2749f6fbca7b306_GMZDANZRGM2TCOA,1,1,1,False,https://sun9-54.userapi.com/uZx50j0WILXy1ubs_25XXXz0R2IrgGph8B68Ag/EwwDKfQ7U5I.jpg
456239230,-209976560,"#СОЗВОН - СОЗВОН – Илья Макаров, Расул Чабдаров","Дарите, что хотите! Скидка до 99% за бонусы в СберМегаМаркете: https://bit.ly/3oCX6Uc
Скачивайте приложение «СберСпасибо»: https://info.spasibosb.ru

Дешёвые билеты на Авиасейлс https://www.aviasales.ru/

Это видео появилось на пять дней скорее в приложении The Hole. С остальными будет то же самое. Надеемся, эта фраза звучит максимально круто в вашей голове: https://mediumquality.page.link/sozvon_1102

Шоу «СОЗВОН» - два комика звонят по заданию соперника в разные места и пытаются вворачивать тупорылые фразы.

В этом выпуске звонят:

https://www.instagram.com/ilia._.makarov/ - Илья Макаров

https://www.instagram.com/chabdarrr/ - Расул Чабдаров

#созвон #ильямакаров #расулчабдаров",875,1674294598,97518,3,411,71,https://vk.com/video_ext.php?oid=-209976560&id=456239230&hash=72951377e081e035&__ref=vk.admin_android&api_hash=1740694472d1f335a04f5e6f3b6c_GMZDANZRGM2TCOA,1,1,1,False,https://sun9-40.userapi.com/_wq8L8Rzzb4uWtvM2z7x2z8Ywgd-XN9T87bqOQ/OjWrpcbQy7Y.jpg
456239229,-209976560,#СОЗВОН - ЦИФРОДИСК #созвон,,25,1674294523,2999,0,6,2,https://vk.com/video_ext.php?oid=-209976560&id=456239229&hash=b096b6adcfd64854&__ref=vk.admin_android&api_hash=17406944726fbf17d8659530daa9_GMZDANZRGM2TCOA,1,1,1,False,https://sun9-34.userapi.com/cR1R1n2MUOsmfAwBqYPC8xmGKPN3EzbZZrB4AQ/_K2JUs9mj70.jpg
456239228,-209976560,LABELCOM - БАУНТИ РАЙСКОЕ НАСЛАЖДЕНИЕ,,20,1674294495,6481,0,9,3,https://vk.com/video_ext.php?oid=-209976560&id=456239228&hash=ee7656c714316b32&__ref=vk.admin_android&api_hash=1740694472abee868ed810fd4d66_GMZDANZRGM2TCOA,1,1,1,False,https://sun9-32.userapi.com/4GSVOjlZi9VFfrlCKw0x_zMyNk2xzIX4hkVR1w/Mx-Lc9IzssE.jpg
456239227,-209976560,LABELCOM - РЕШАЛЫ | СЪЕМКИ НОВОГО ШОУ НА LABELCOM,"28 ноября состоятся съемки нового шоу, в котором Гурам Амарян, Расул Чабдаров, Павел Дедищев и Артём Винокур решат проблемы зрителей в зале.

Приходите и приносите свои проблемы, которые комики смогут решить.

Билеты на сайте: http://mediumquality.ru/reshalylablecom",53,1674294456,4200,1,5,2,https://vk.com/video_ext.php?oid=-209976560&id=456239227&hash=77c71f8be251243a&__ref=vk.admin_android&api_hash=174069447271e5dc23d81742cfd0_GMZDANZRGM2TCOA,1,1,1,False,https://sun9-39.userapi.com/xBdGvViNYeryVz4JfklYG9Eqk6qJd3r0vzieDw/56WKprxyU0c.jpg
456239226,-209976560,"LABELCOM - ЗАПРЕЩЕНОЧКА 🔞 #2,5микрофона",,20,1674294390,4009,0,10,1,https://vk.com/video_ext.php?oid=-209976560&id=456239226&hash=db24b6229e5ef62c&__ref=vk.admin_android&api_hash=1740694472a4b3795cf95dd630e1_GMZDANZRGM2TCOA,1,1,1,False,https://sun9-48.userapi.com/fRh60ZN94VXLb0DD5sp-ZaWCeJ-ziemFB-OZag/MOhDnxFsKXk.jpg
456239225,-209976560,"LABELCOM - Чат-рулетка. Споры №1 - Алексей Щербаков, Павел Дедищев","Подписываемся на инстаграмы пацанов:
Павел Дедищев: https://www.instagram.com/amerikanec46 
Алексей Щербаков: https://www.instagram.com/shcherbakov_alexei/

По вопросам рекламы и сотрудничества: labelcom@mediumquality.ru 

И чё там, как делишки, народ?",405,1674294306,14907,1,70,23,https://vk.com/video_ext.php?oid=-209976560&id=456239225&hash=ea3798abd59790d6&__ref=vk.admin_android&api_hash=174069447233be5088830b29d945_GMZDANZRGM2TCOA,1,1,1,False,https://sun9-77.userapi.com/AAH76TfEXl51jM1AkgxalRsE2kj4c_u6B-BepA/B-qe1y6k6S0.jpg
456239224,-209976560,"LABELCOM - УСТАЛ ХОДИТЬ НА СВИДАНИЯ #2,5микрофона",,40,1674294264,2236,0,6,1,https://vk.com/video_ext.php?oid=-209976560&id=456239224&hash=5d0ce31f351747a6&__ref=vk.admin_android&api_hash=17406944725f768d16e26b7680a9_GMZDANZRGM2TCOA,1,1,1,False,https://sun9-17.userapi.com/hsSVs0IELID_hrA-bbkrUALY2J_JDc1Zxycfyw/q3urAnhJ6kU.jpg
456239223,-209976560,LABELCOM - НОВОЕ ШОУ НА LABELCOM,,53,1674294209,2669,0,5,1,https://vk.com/video_ext.php?oid=-209976560&id=456239223&hash=afb1594a775138ce&__ref=vk.admin_android&api_hash=17406944723841649491040958b3_GMZDANZRGM2TCOA,1,1,1,False,https://sun9-2.userapi.com/mQjYtTRGZ5CNOY1bjujDNHrLYypgFQut6eoBSg/p2WGz7xyQcQ.jpg
456239222,-209976560,LABELCOM - Моргенштерн x Егор Крид | ЧТО БЫЛО ДАЛЬШЕ?,"Заказывай гели для душа OLD SPICE! Пахни, как мужик, мужик! https://clck.ru/Xax6i 

Банк Точка - крутые мазафакеры: https://tchk.me/gn3izW

LABELCOM: https://instagram.com/labelcomedians
LABELCOM.VIDEO: https://instagram.com/labelcom.video

Моргенштерн: https://instagram.com/morgen_shtern
Егор Крид: https://instagram.com/egorkreed

Нурлан Сабуров: https://instagram.com/nurlan__saburov
Тамби Масаев: https://instagram.com/tambi_masaev
Илья Макаров: https://instagram.com/ilia._.makarov
Эмир Кашоков: https://www.instagram.com/emir_kashokov
Алексей Щербаков: https://instagram.com/shcherbakov_alexei

#чтобылодальше #нурлансабуров #labelcom  #SponsorPG #OldSpice

ПАО Банк «ФК Открытие». Генеральная лицензия Банка России №2209 от 24.11.2014
Филиал Точка Банк КИВИ Банк (акционерное общество)
КИВИ Банк (АО). Лицензия Банка России № 2241 от 22.01.2015",6222,1674294117,3341001,277,11489,4175,https://vk.com/video_ext.php?oid=-209976560&id=456239222&hash=fe82eac526c02241&__ref=vk.admin_android&api_hash=17406944727af0db00413cbe872b_GMZDANZRGM2TCOA,1,1,1,False,https://sun9-78.userapi.com/KBMZaz7zcwhAU3StpahYXcQZCVnHjdSzdNeqKw/_Z08a5iSLik.jpg
456239221,-209976560,LABELCOM - Алкосборка. Павел Дедищев и Сергей Детков против ИКЕИ,"Алкосборка. Комикам дается разобранный предмет. Их задача за 1 час без инструкции разобраться, что это за предмет и правильно его собрать. А чтобы вам было интереснее, каждые 7 минут они выпивают по 50 вискарика.
Сегодня участвуют: 
Павел Дедищев: https://www.instagram.com/amerikanec46
Сергей Детков: https://www.instagram.com/sergii_detkov/

По вопросам рекламы и сотрудничества: labelcom@mediumquality.ru 

#Алкосборка #Дедищев #Детков",890,1674294034,336573,41,1707,1647,https://vk.com/video_ext.php?oid=-209976560&id=456239221&hash=04b2dab11ead8742&__ref=vk.admin_android&api_hash=1740694472b947dd4cd491be7251_GMZDANZRGM2TCOA,1,1,1,False,https://sun9-8.userapi.com/wK4tebMguG7J0Zykcr3CzsTHf9QWzw-IVqqS1g/OvMQRUVN4dU.jpg
456239220,-209976560,"LABELCOM - Тамби Масаев, Рустам Рептилоид, Эмир Кашоков, Илья Макаров, Саша Ваш. Gang Bang News","Это пилотный выпуск нашего новостного подкаста. Не смотря на то, что сняли его в ноябре, мы решили его выложить, чтобы было от чего оттолкнуть. Раз в неделю, мы будем собираться и говорить о том, что нас заинтересовало и привлекло внимание на этой неделе. Пожалуйста, если у вас есть действительно дельные мнения и предложения, что можно улучшить, что на вас взгляд можно изменить - нам будет интересно прочитать это в комментариях. Спасибо.

По вопросам рекламы и сотрудничества: labelcom@mediumquality.ru 

Тамби Масаев https://instagram.com/tambi_masaev
Рустам Джибилов https://instagram.com/ru747
Рустам Рептилоид https://instagram.com/rustreptiloid
Антон Лапенко https://instagram.com/anton_lapenko
Илья Соболев https://instagram.com/sobolev_tut
Алексей Щербаков https://www.instagram.com/shcherbakov_alexei/ 
Гурам Амарян https://www.instagram.com/gur_am 
Павел Дедищев https://www.instagram.com/amerikanec46/ 
Виктория Складчикова https://instagram.com/vikaskladchikova
Евгений Чебатков https://www.instagram.com/chebatkov_yevgeniy 
Расул Чабдаров https://www.instagram.com/chabdarrr/
Александр Забродин https://instagram.com/zabast/ 
Илья Макаров https://instagram.com/iliamakar0v/ 
Артюхов Валерий https://www.instagram.com/artvalery/?hl=ru
Дмитрий Журавлёв https://www.instagram.com/dmitriy_zhuravlev_/?hl=ru
Артём Винокурhttps://www.instagram.com/artemvinokur/
Александр Ваш https://www.instagram.com/sashka_vash/?hl=ru
Сергей Детков https://www.instagram.com/sergii_detkov/",1386,1674293826,23858,2,62,14,https://vk.com/video_ext.php?oid=-209976560&id=456239220&hash=cd3f5099296cf9c7&__ref=vk.admin_android&api_hash=17406944722352e707b2aac721fc_GMZDANZRGM2TCOA,1,1,1,False,https://sun9-10.userapi.com/rrgDd4Q7OtRQZEvih9at66I9vKGTWM3NyCwJ8w/Vs7ryqHmAWg.jpg
456239219,-209976560,LABELCOM - ТАПКИ ИЗ ПУПКА #похатам,,22,1674293783,2930,0,7,1,https://vk.com/video_ext.php?oid=-209976560&id=456239219&hash=21d158831c106add&__ref=vk.admin_android&api_hash=1740694472ddb9cac05221e18c4f_GMZDANZRGM2TCOA,1,1,1,False,https://sun9-65.userapi.com/5REvQICp0tICCyej0vdnKeZf9ifFuVmY9lR-5Q/moXOunMo55s.jpg
456239218,-209976560,LABELCOM - Нурлан Сабуров | Тур 2020,"Масштабный тур Нурлана Сабурова «Принципы».
Билеты: https://www.nurlansaburov.com

Режиссёр - Айсултан Сеитов 
Оператор-постановщик - Азамат Дулатов 
Продюсер - Еркебулан Куришбаев 
Художник постановщик - Ильяс Турмахан 
Кастинг - Made of management 
Стилист - Мадина Жанадилова
Гример - Дина Байтурсынова
Монтаж - Шынгыс Богданов
VFX - Буралкиев Еламан
Цветокоррекцию - Ерлан Танаев 
Графический дизайн - Данил Шулипа
Постановщик трюков - Александр Терехов.
Каскадеры - Валерий Лиденев, Николай Вакуленко, Алексей Рудометов

QARA / Almaty 2019

Музыка: Скриптонит -  Мистер 718",59,1674293779,11561,2,43,23,https://vk.com/video_ext.php?oid=-209976560&id=456239218&hash=307bdfc892a577ad&__ref=vk.admin_android&api_hash=1740694472a0d195b65c16ccfb7d_GMZDANZRGM2TCOA,1,1,1,False,https://sun9-27.userapi.com/AlSqWp8H31IYc4lhSBV8MfzNp5qKX2AxBjzkOQ/XyAqZKXHsco.jpg
456239217,-209976560,LABELCOM - Самвел прожарил Щербакова #roastbattle,,24,1674293746,3405,0,9,1,https://vk.com/video_ext.php?oid=-209976560&id=456239217&hash=f030afa09d7d56d7&__ref=vk.admin_android&api_hash=1740694472c9053bea569832525a_GMZDANZRGM2TCOA,1,1,1,False,https://sun9-15.userapi.com/TMzfk7qH64jruvuXLh2jyYpxrV_KgsmIR6op8g/B6QrsvWHN90.jpg
456239216,-209976560,LABELCOM - ЧТО БЫЛО ДАЛЬШЕ? || НОВЫЙ СЕЗОН,"СЕНСАЦИЯ! НОВЕЙШАЯ СВЕРХСЕКРЕТНАЯ РАЗРАБОТКА ОТ МЕГАФОНА: https://clck.ru/J9rF7

LABELСOM: https://instagram.com/labelcomedians

По вопросам рекламы и сотрудничества: labelcom@mediumquality.ru

ПЕРВЫЙ СЕЗОН ШОУ:

Гарик Харламов х Мигель - https://youtu.be/cG1WdEXhGtQ

Баста х Прохор Шаляпин - https://youtu.be/KWvoeZo-Jgw

Jah Khalib x Иосиф Пригожин - https://youtu.be/vQGkZxFV_fI

Николай Соболев х Тарзан - https://youtu.be/9UqMLVmeCjk

Тимур Батрутдинов х Тимур Каргинов - https://youtu.be/ZJQY_g51_EQ

Kyivstoner х Михаил Шац - https://youtu.be/vrrlwh9ZLnA

Егор Крид х Азамат Мусагалиев х Руслан Белый х Сергеич - https://youtu.be/0q7YZcf4WtI",120,1674293733,21672,1,23,2,https://vk.com/video_ext.php?oid=-209976560&id=456239216&hash=d0e547cefa26826b&__ref=vk.admin_android&api_hash=1740694472de8f99f0fb0848c865_GMZDANZRGM2TCOA,1,1,1,False,https://sun9-51.userapi.com/W1sm3nUwc67R5qZLpFLUqezWxWnwItShYuWE8A/fZn0JCBCVwc.jpg
456239215,-209976560,"LABELCOM - ТУПОЙ БИЗНЕС ПЛАН, КОТОРЫЙ СТРЕЛЬНУЛ 👆🏻",,22,1674293713,3614,1,14,25,https://vk.com/video_ext.php?oid=-209976560&id=456239215&hash=a5e85b09f3085a4e&__ref=vk.admin_android&api_hash=1740694472f3ab798959329de50b_GMZDANZRGM2TCOA,1,1,1,False,https://sun9-71.userapi.com/7SlmlzrkVikiUTWZeldbBinVTJc6i0kLEf_BHg/hjgBPrEGfQU.jpg
456239214,-209976560,"LABELCOM - СОЗВОН - Александр Забродин, Расул Чабдаров, Гурам Амарян","Смотришь любимое шоу? Закажи доставку еды в Delivery Club https://trk.mail.ru/c/vbk1w0

Дешёвые билеты на Авиасейлс https://www.aviasales.ru/

«Созвон» и другие наши шоу выходят раньше на 5 дней в приложении The Hole. Смотрите выпуски с телефона или через вебкаст на компе первыми: https://mediumquality.page.link/sozvon_1504

Шоу «СОЗВОН» - два комика звонят по заданию соперника в разные места и пытаются вворачивать тупорылые фразы.

В этом выпуске звонят:

https://afisha.yandex.ru/moscow/standup/rasul-chabdarov-coin-event-hall - Расул Чабдаров

https://t.me/guramamaryan - Гурам Амарян",1378,1674293671,17697,0,39,19,https://vk.com/video_ext.php?oid=-209976560&id=456239214&hash=41ebea0739b355fa&__ref=vk.admin_android&api_hash=17406944728ec02239d89f0f8796_GMZDANZRGM2TCOA,1,1,1,False,https://sun9-39.userapi.com/bh3WXT7Quyeks0GCDsxfuIYsuQSZWG8_dQQIoA/8OYCaU2B5nQ.jpg
456239213,-209976560,LABELCOM - ГУРАМ ИЗДЕВАЕТСЯ НАД ХАТОЙ ДОРОХА #похатам,,31,1674293669,4155,0,17,4,https://vk.com/video_ext.php?oid=-209976560&id=456239213&hash=6da0deb422bd53aa&__ref=vk.admin_android&api_hash=174069447281a8be4a5cb9bd02e1_GMZDANZRGM2TCOA,1,1,1,False,https://sun9-49.userapi.com/xw4REllsibxsjqMecBrtnuxLAwtcif1cCq_Kbw/-mRQH6eofbc.jpg
456239212,-209976560,"LABELCOM - ВОТ ТАКОЙ РАЗГОН #2,5микрофона",,34,1674293622,4111,0,5,1,https://vk.com/video_ext.php?oid=-209976560&id=456239212&hash=81960f1f1c5df101&__ref=vk.admin_android&api_hash=17406944727e0a0268833cd828c1_GMZDANZRGM2TCOA,1,1,1,False,https://sun9-51.userapi.com/1P9wScsFDNm2yaUrUX_OhYceFfooVseetRpS5w/-Ggy0d0Sw90.jpg
456239211,-209976560,"LABELCOM - Чат-рулетка. Споры №2 ВСЕ ПОШЛО НЕ ПО ПЛАНУ - Тамби Масаев, Рустам Рептилоид","Подписываемся на инстаграмы пацанов:
Тамби Масаев https://www.instagram.com/tambi_masaev
Рустам Рептилоид https://instagram.com/rustreptiloid

По вопросам рекламы и сотрудничества: labelcom@mediumquality.ru 

И чё там, как делишки, народ?",698,1674293496,21137,7,95,53,https://vk.com/video_ext.php?oid=-209976560&id=456239211&hash=faae7c0caa325fc3&__ref=vk.admin_android&api_hash=1740694472bcf0608a2c81038795_GMZDANZRGM2TCOA,1,1,1,False,https://sun9-51.userapi.com/4a8HhDbhTuV7KZgku45PFlPPLQGrEaXiFJHRdA/sUy4foBfwAA.jpg
456239210,-209976560,LABELCOM - СМЫСЛЕ КЛУБЕ НЕ ПУСКАЕТЕ? #похатам #каренадамян,,24,1674293446,3547,0,18,9,https://vk.com/video_ext.php?oid=-209976560&id=456239210&hash=6111ce19b865c90c&__ref=vk.admin_android&api_hash=1740694472b397111bd00f7907a5_GMZDANZRGM2TCOA,1,1,1,False,https://sun9-72.userapi.com/wI7p6ulqVb3B1p_MfGUmvJpIJkamyBOdz1VIhA/OvHAlG0DL9g.jpg
456239209,-209976560,LABELCOM - ГУРАМ ДОМА У МИЛОХИНА #похатам,,40,1674293393,2857,0,7,1,https://vk.com/video_ext.php?oid=-209976560&id=456239209&hash=5df5af1489a8248a&__ref=vk.admin_android&api_hash=17406944727dc499f962b1ed4ab0_GMZDANZRGM2TCOA,1,1,1,False,https://sun9-43.userapi.com/BXkDH1e62zwDMHG-7jXd6Ih_d6Uz_KPpzhbldA/90jkVdvi1Mk.jpg
456239208,-209976560,LABELCOM - HIT2SHIT. КАНАЛ КОМИКОВ. АНОНС,"Это канал молодых комиков. Кого-то вы знаете, кого-то видите в первый раз. Но факт - это их канал! Канал развлекательного контента. Здесь мы будем делать все что хотим. Экспериментировать, снимать и выкладывать свои сольники, скетчи, и все что может поднять вам настроение!

ПОДПИСЫВАЙТЕСЬ НА КАНАЛ, ЧТОБ НИЧЕГО НЕ ПРОПУСТИТЬ!

Алексей Щербаков https://www.instagram.com/shcherbakov_alexei/ 
Гурам Амарян https://www.instagram.com/gur_am 
Павел Дедищев https://www.instagram.com/amerikanec46/ 
Евгений Чебатков https://www.instagram.com/chebatkov_yevgeniy 
Расул Чабдаров https://www.instagram.com/chabdarrr/
Александр Забродин https://instagram.com/zabast/ 
Илья Макаров https://instagram.com/iliamakar0v/ 
Артём Винокурhttps://www.instagram.com/artemvinokur/
Сергей Детков https://www.instagram.com/sergii_detkov/",539,1674293297,3863,0,10,5,https://vk.com/video_ext.php?oid=-209976560&id=456239208&hash=c323755e9afaed1c&__ref=vk.admin_android&api_hash=1740694472263636e8edbfe0c23b_GMZDANZRGM2TCOA,1,1,1,False,https://sun9-52.userapi.com/Pw7bLiEOnxNuqTQ983lblJGr0citeKy76Vh4dw/uSFkMq2y314.jpg
456239207,-209976560,В ритме колбасы - В ритме колбасы. Серия 5. Блудный сын. Финал.,"Циан — популярное приложение, где можно быстро продать и купить любую недвижимость вашей мечты. Переходите: https://clck.ru/SXnjU 
Забирай подарочные пушки и врывайся в Warface: https://bit.ly/WF_FLATWHITE  

Ранние премьеры, эксклюзивы и лучшие шоу в нашем приложении The Hole: https://mediumquality.page.link/v-ritme-kolbasi_hole  Смотрите выпуски в фоне и пробуйте остальные штуки — всё бесплатно. Заходить можно без стука!! 

В 2017 году группа документалистов из США прибыла в Москву для съёмок фильма об авторитарном режиме.  
Однако, неожиданная встреча с двумя начинающими музыкантами изменила их планы. 
Было решено провести с ними несколько месяцев, и зафиксировать борьбу свободного творчества с российской реальностью.  
Все, что вы собираетесь посмотреть, произошло на самом деле. 

Авторы идеи: 
Евгений Чебатков https://www.instagram.com/chebatkov_yevgeniy     
Расул Чабдаров https://www.instagram.com/chabdarrr  

Авторы сценария: 
Евгений Чебатков https://www.instagram.com/chebatkov_yevgeniy  
Расул Чабдаров https://www.instagram.com/chabdarrr  
Александр Иринархов https://www.instagram.com/kultkargo  

Режиссёр: Александр Иринархов https://www.instagram.com/kultkargo  

Продюсер: Вячеслав Дусмухаметов  
Продюсер: Роман Колесников 
Продюсер: Антон Курильчик https://www.instagram.com/gubanedura 

Исполнительный продюсер: Арина Воронина @arina.vvoronina  
Ассистент продюсера: Дьулия Иванова @djullymully

Второй режиссер: Екатерина Сенина @rude_kate 
Второй режиссер: Антон Колотилов @quinololo 
Кастинг-директор: Нина Сизова @nininininininininaaaaa 
Бригадир Массовки: Наталья Борисова @tashaa_78 

Оператор-постановщик: Филипп Задорожный @zadorojny 

Вторые операторы хэндикам: 
Никита Лычев @nikitalychev 
Федор Герлейн @backwoodsman 
Сергей Барсук @siarheiborsuk 
Фокус-пуллер: Александр Кургинянц @a.sedoy 

Механик камеры: 
Владислав Селезнев @skill424 
Дмитрий Пащенко @panzershlanger 

DIT: 
Антон Иванов @furiousjew 
Антон Саратов @one_more_saratov2 
Гаффер: Роман Рубцов @rubalight 

Осветитель: 
Денис Елизов @denis162870 
Антон Колесниченко @tetris83in1 
Художники-постановщики: 
Александра Третьякова @trettiakova 
Евгения Рузанова  @j.ruzanova 

Постановщики: 
Владислав Качанов @kachanov2388 
Вячеслав Пирожков 
Родион Гутник 

Художники по костюму: 
Олеся Кононенко @alelesya 
Ида Иванова @ida_inet 

Ассистент художника по костюмам: 
Георгий Николаев @egorka_oficial 
Валерия Ташкинова @not_alleyesonme 
Мария Букаева @byxaewa 

Художники по гриму: 
Елена Игнатович @lena_ignatovich_art 
Ярославна Ракова @slava_fox55 
Виктория Емчинская @miss.vikki.92 
Семенова Алена @alena_semenova20 

Звук на площадке: 
Станислав Паушев-Незнакомов @stanislav.paushev 
Юлия Широкова @dozyshir 
Алена Васильева @thesamerook 
Дарья Лискова @megrimda 
Даниил Тульчинский @grausamquake 
Илья Петухов https://www.facebook.com/ilya.petkhov 

Локейшн-менеджер: 
Иван Точилин @jannie_one 

Ассистенты локейшн-менеджера:
Екатерина Кулятина @elfoniks 
Дарья Сим @medovaya_live 

Директор площадки:  Егор Панфилов @panfilov_ev 

Старшие администраторы: 
Кирилл Попов @crazyredneck431 
Кирилл Прытков @kirill_eat_words 
Даниил Белов @deniilbelov 

Администратор: Степан Сулимов @youngcolumbo 

Фотографы на площадке: 
Дарья Павлова @pavlensia 
Даша Почерк @pochercc 
Лиза Илиева @lilievaa 
Константин Сыромятников @mister.konstant1n 
Кирилл Попов @crazyredneck431 
Никита Лычев @nikitalychev 
Евгений Луценко @jenialucenko 
Алексей Дьяков за Jeep Grand Cherokee @dudki_vam 

Постпродакшн продюсер - Марина Мороз @marina_imp 
Режиссер монтажа: Антон Иванов @furiousjew 
Звукорежиссер постпродакшн: 
Станислав Паушев-Незнакомов @stanislav.paushev 

Цвет: 
Виктор Малыгин @viktormalygin 
Денис Педько @denis.pedko 

Арт-дирекшн: 
Валерий Хаустов @valera_khaus 
CG-супервайзер: Турал Мирзаханлы @tural_natural 

ГЕРОИ 

Главный герой 
Евгений Чебатков “Кикшат”, “Киллшат” @chebatkov_yevgeniy 

Главный герой 
Расул Чабдаров “Флетвайт” @chabdarrr 

Мама Кикшата: Ирина Петрова @irina80koko 

Жена Флетвайта:Алла Бойченко @alla_boychenko 

Брат - муж жены Флетвайта: Ислам Ганджаев @gan_islam
 
“Начальник радио “Белый Агнец: Александр Забродин” @zabast 

Диджей: Андрей Ромашка @andy_romashka 

Хозяин квартиры: Саша Ни “Саша Ни” @nee_ae 

Сотрудница районной администрации: Оксана Гречко @akcysha 

Девушка Саши Ни: Анна Ежова  @ezhonmonster 

Сотрудница районной администрации: Ирина Луур @irinaluur 

Сослуживец Флетвайта: Егор Кукса @egor_kuksa 

Врун в красных штанах: Ляшенко Алексей @lyashenkome 

Выражаем благодарность за помощь в организации съемок: 
Раулю и Эльчину за предоставление локации “Парковка” 
Ансамблю народной песни «Гречиха», руководитель Валентина 
Пастухова @grechikha 
САШЕ НИ – за предоставление квартиры Саши Ни 
ДК им. Луначарского  
ДК “Стимул” за предоставление сценического баннера 

Medium Quality  
https://mqpmerch.ru/labelcom",1443,1674293255,30763,6,130,23,https://vk.com/video_ext.php?oid=-209976560&id=456239207&hash=748d8c3c0f72b761&__ref=vk.admin_android&api_hash=1740694473052720e41defb5f79a_GMZDANZRGM2TCOA,1,1,1,False,https://sun9-49.userapi.com/EGYwyplELYwxU3nSAkk2zBEvgzbops7vORJ7Aw/LCaoq-Kfj84.jpg
456239206,-209976560,LABELCOM - Чат-рулетка: Сергей Детков и Алексей Щербаков,"Попробовали выйти в Чат-Рулетку пообщаться с людьми. Вот что из этого получилось. Нам кажется весело. А вам как?

Сегодня общаются:
Алексей Щербаков https://www.instagram.com/shcherbakov_alexei/
Сергей Детков https://www.instagram.com/sergii_detkov/

По вопросам рекламы и сотрудничества: labelcom@mediumquality.ru 

#Чат-Рулетка #Детков #Щербаков",651,1674293245,35595,7,158,56,https://vk.com/video_ext.php?oid=-209976560&id=456239206&hash=d8e655b3c0120b73&__ref=vk.admin_android&api_hash=17406944730585bcdac6c7dd7893_GMZDANZRGM2TCOA,1,1,1,False,https://sun9-63.userapi.com/pvsWE3nMFuaCkpgHMV0NEBdbCiYhe9EVF0KSkA/JIt56_x5DVw.jpg
456239205,-209976560,В ритме колбасы - В ритме колбасы. Серия 4. Гибель Голиафа.,"Забирай подарочные пушки и врывайся в Warface: https://bit.ly/WF_FLATWHITE

Ранние премьеры, эксклюзивы и лучшие шоу в нашем приложении The  Hole: https://mediumquality.page.link/v-ritme-kolbasi_hole  Смотрите выпуски в фоне и пробуйте остальные штуки — всё бесплатно. Заходить можно без стука!! 

В 2017 году группа документалистов из США прибыла в Москву для съёмок фильма об
авторитарном режиме.
Однако, неожиданная встреча с двумя начинающими музыкантами изменила их
планы.
Было решено провести с ними несколько месяцев, и зафиксировать борьбу
свободного творчества с российской реальностью.
Все, что вы собираетесь посмотреть, произошло на самом деле.

Авторы идеи:
Евгений Чебатков https://www.instagram.com/chebatkov_yevgeniy
Расул Чабдаров https://www.instagram.com/chabdarrr

Авторы сценария:
Евгений Чебатков https://www.instagram.com/chebatkov_yevgeniy
Расул Чабдаров https://www.instagram.com/chabdarrr
Александр Иринархов https://www.instagram.com/kultkargo

Режиссёр: Александр Иринархов https://www.instagram.com/kultkargo

Продюсер: Вячеслав Дусмухаметов
Продюсер: Роман Колесников
Продюсер: Антон Курильчик https://www.instagram.com/gubanedura

Исполнительный продюсер: Арина Воронина @ arina.vvoronina
Ассистент продюсера: Дьулия Иванова @ djullymully

Второй режиссер: Екатерина Сенина @rude_kate
Второй режиссер: Антон Колотилов @quinololo
Кастинг-директор: Нина Сизова @nininininininininaaaaa
Бригадир Массовки: Наталья Борисова @tashaa_78

Оператор-постановщик: Филипп Задорожный @zadorojny

Вторые операторы хэндикам:
Никита Лычев @nikitalychev
Федор Герлейн @backwoodsman
Сергей Барсук @siarheiborsuk
Фокус-пуллер: Александр Кургинянц @a.sedoy
Механик камеры:
Владислав Селезнев @skill424
Дмитрий Пащенко @panzershlanger

DIT:
Антон Иванов @furiousjew
Антон Саратов @one_more_saratov2

Гаффер: Роман Рубцов @rubalight

Осветитель:
Денис Елизов @denis162870
Антон Колесниченко @tetris83in1

Художники-постановщики:
Александра Третьякова @trettiakova
Евгения Рузанова @j.ruzanova

Постановщики:
Владислав Качанов @kachanov2388
Вячеслав Пирожков
Родион Гутник

Художники по костюму:
Олеся Кононенко @alelesya
Ида Иванова @ida_inet

Ассистент художника по костюмам:
Георгий Николаев @egorka_oficial
Валерия Ташкинова @not_alleyesonme
Мария Букаева @byxaewa

Художники по гриму:
Елена Игнатович @lena_ignatovich_art
Ярославна Ракова @slava_fox55
Виктория Емчинская @miss.vikki.92
Семенова Алена @alena_semenova20

Звук на площадке:
Станислав Паушев-Незнакомов @stanislav.paushev
Юлия Широкова @dozyshir
Алена Васильева @thesamerook
Дарья Лискова @megrimda
Даниил Тульчинский @grausamquake
Илья Петухов https://www.facebook.com/ilya.petkhov

Локейшн-менеджер:
Иван Точилин @jannie_one

Ассистенты локейшн-менеджера:
Екатерина Кулятина @elfoniks
Дарья Сим @medovaya_live

Директор площадки: Егор Панфилов @panfilov_ev

Старшие администраторы:
Кирилл Попов @crazyredneck431
Кирилл Прытков @kirill_eat_words
Даниил Белов @deniilbelov

Администратор: Степан Сулимов @youngcolumbo

Фотографы на площадке:
Дарья Павлова @pavlensia
Даша Почерк @pochercc
Лиза Илиева @lilievaa
Константин Сыромятников @mister.konstant1n
Кирилл Попов @crazyredneck431
Никита Лычев @nikitalychev
Евгений Луценко @jenialucenko
Алексей Дьяков за Jeep Grand Cherokee @dudki_vam

Постпродакшн продюсер - Марина Мороз @marina_imp
Режиссер монтажа: Антон Иванов @furiousjew
Звукорежиссер постпродакшн:
Станислав Паушев-Незнакомов @stanislav.paushev
Цвет:
Виктор Малыгин @viktormalygin
Денис Педько @denis.pedko
Арт-дирекшн:
Валерий Хаустов @valera_khaus
CG-супервайзер: Турал Мирзаханлы @tural_natural

ГЕРОИ

Главный герой
Евгений Чебатков “Кикшат”, “Киллшат” @chebatkov_yevgeniy

Главный герой
Расул Чабдаров “Флетвайт” @chabdarrr

Брат Флетвайта: Лука Хиникадзе @luca_xnkdz

Коррумпированный следователь Тимур Каргинов @timurkarginov

Андрей Ромашка @andy_romashka

Владимир Котов “Старик” https://www.youtube.com/user/TheDuktv53

Марина Клещева “вдова Старика” @klesheva.marina

Саша Ни “Саша Ни” @nee_ae

Анна Ежова “Девушка Саши Ни» @ezhonmonster

Переводчица с грузинского: Христина Джишкариани @jesuischristie

Следователь: Томас Гайсанов @whytomas

Выражаем благодарность за помощь в организации съемок:
Comedy radio
Радио Белый Агнец
Саша Ни – за предоставление квартиры для Саши Ни
Луценко Евгений за техническую помощь на площадке
Дмитрий Астадурьян за предоставление автомобиля «Lincoln»
школа «Казачьего ножевого боя» за предоставление ножей, ведущий
инструктор Андрей Булахов @knb_ru

Medium Quality
https://mqpmerch.ru/labelcom",1479,1674293198,31084,5,106,26,https://vk.com/video_ext.php?oid=-209976560&id=456239205&hash=b9dc483b7a17b640&__ref=vk.admin_android&api_hash=17406944735a1e50840452fa258d_GMZDANZRGM2TCOA,1,1,1,False,https://sun9-14.userapi.com/2VlEWjlzeIT_mP7o3K685gfvd8YkJPfOab-ZpQ/QYTxDcm7jvM.jpg
456239204,-209976560,В ритме колбасы - В ритме колбасы. Серия 3. Поцелуй Иуды.,"TORNADO ENERGY - прикалдесный энергетический напиток. Заказывай на дом https://shop.sns.ru/catalog/tornado_group65/ 
Забирай подарочные пушки и врывайся в Warface: https://bit.ly/WF_FLATWHITE
 
В 2017 году группа документалистов из США прибыла в Москву для съёмок фильма об авторитарном режиме. 
Однако, неожиданная встреча с двумя начинающими музыкантами изменила их планы.
Было решено провести с ними несколько месяцев, и зафиксировать борьбу свободного творчества с российской реальностью. 
Все, что вы собираетесь посмотреть, произошло на самом деле.

Авторы идеи:
Евгений Чебатков https://www.instagram.com/chebatkov_yevgeniy    
Расул Чабдаров https://www.instagram.com/chabdarrr 

Авторы сценария:
Евгений Чебатков https://www.instagram.com/chebatkov_yevgeniy 
Расул Чабдаров https://www.instagram.com/chabdarrr 
Александр Иринархов https://www.instagram.com/kultkargo 

Режиссёр: Александр Иринархов https://www.instagram.com/kultkargo 

Продюсер: Вячеслав Дусмухаметов 
Продюсер: Роман Колесников
Продюсер: Антон Курильчик https://www.instagram.com/gubanedura
 
Исполнительный продюсер: Арина Воронина @arina.vvoronina 
Ассистент продюсера: Дьулия Иванова @djullymully

Второй режиссер: Екатерина Сенина @rude_kate
Второй режиссер: Антон Колотилов @quinololo
Кастинг-директор: Нина Сизова @nininininininininaaaaa
Бригадир Массовки: Наталья Борисова @tashaa_78

Оператор-постановщик: Филипп Задорожный @zadorojny

Вторые операторы хэндикам:
Никита Лычев @nikitalychev
Федор Герлейн @backwoodsman
Сергей Барсук @siarheiborsuk
Фокус-пуллер: Александр Кургинянц @a.sedoy
Механик камеры:
Владислав Селезнев @skill424
Дмитрий Пащенко @panzershlanger

DIT:
Антон Иванов @furiousjew
Антон Саратов @one_more_saratov2

Гаффер: Роман Рубцов @rubalight
Осветитель:
Денис Елизов @denis162870
Антон Колесниченко @tetris83in1

Художники-постановщики:
Александра Третьякова @trettiakova
Евгения Рузанова  @j.ruzanova
Постановщики:
Владислав Качанов @kachanov2388
Вячеслав Пирожков
Родион Гутник
Художники по костюму:
Олеся Кононенко @alelesya
Ида Иванова @ida_inet
Ассистент художника по костюмам:
Георгий Николаев @egorka_oficial
Валерия Ташкинова @not_alleyesonme
Мария Букаева @byxaewa
Художники по гриму:
Елена Игнатович @lena_ignatovich_art
Ярославна Ракова @slava_fox55
Виктория Емчинская @miss.vikki.92
Семенова Алена @alena_semenova20

Звук на площадке:
Станислав Паушев-Незнакомов @stanislav.paushev
Юлия Широкова @dozyshir
Алена Васильева @thesamerook
Дарья Лискова @megrimda
Даниил Тульчинский @grausamquake
Илья Петухов https://www.facebook.com/ilya.petkhov

Локейшн-менеджер:
Иван Точилин @jannie_one
Ассистенты локейшн-менеджера:
Екатерина Кулятина @elfoniks
Дарья Сим @medovaya_live
Директор площадки: Егор Панфилов @panfilov_ev

Старшие администраторы:
Кирилл Попов @crazyredneck431
Кирилл Прытков @kirill_eat_words
Даниил Белов @deniilbelov
Администратор: Степан Сулимов @youngcolumbo

Фотографы на площадке:
Дарья Павлова @pavlensia
Даша Почерк @pochercc
Лиза Илиева @lilievaa
Константин Сыромятников @mister.konstant1n
Кирилл Попов @crazyredneck431
Никита Лычев @nikitalychev
Евгений Луценко @jenialucenko
Алексей Дьяков за Jeep Grand Cherokee @dudki_vam

Постпродакшн продюсер - Марина Мороз @marina_imp
Режиссер монтажа: Антон Иванов @furiousjew
Звукорежиссер постпродакшн:
Станислав Паушев-Незнакомов @stanislav.paushev
Цвет:
Виктор Малыгин @viktormalygin
Денис Педько @denis.pedko
Арт-дирекшн:
Валерий Хаустов @valera_khaus
CG-супервайзер: Турал Мирзаханлы @tural_natural

ГЕРОИ
Главный герой
Евгений Чебатков “Кикшат”, “Киллшат” @chebatkov_yevgeniy

Главный герой
Расул Чабдаров “Флетвайт» @chabdarrr

Продюсер: Стивен Форман @bigenglishstandup

Певица Мелисса: Вера Дровеникова @veradrovenikova

Исчезающий помощник продюсера: Илья Овечкин @ilya.ovechkin

Хозяин квартиры: Саша Ни “Саша Ни” @nee_ae

Девушка Саши Ни: Анна Ежова @ezhonmonster

Сослуживец Флетвайта: Егор Кукса @egor_kuksa

Жена Флетвайта: Алла Бойченко @alla_boychenko

Брат - Муж жены Флетвайта: Ислам Ганджаев @gan_islam

Брат Флетвайта: Лука Хиникадзе @luca_xnkdz

Сослуживец Флетвайта : Никита“Болтун” Лычев @nikitalychev

Ученики школы “Стальные Волки”:
Александр Петросян @sashapetros
Дмитрий Гаврилов @dima.gavr
Слава Никифоров @syavaa_pro
Хетаг Хугаев @hetag_hugaev
Павел Никитин @nik_pavlik
Владислав Копытов-Шамрай @kopytov_shamray
Роман Кискин @kiskin.inst
Евгений Никифоров @nikiforok

Выражаем благодарность за помощь в организации съемок:

Кафе/бар “Мечты”   
Третьякова Александра – за предоставление гаража для съемок
Продюсерский центр Игоря Сандлера  http://sandlerstudio.ru/
Саша Ни -– за предоставление квартиры для Саши Ни
команда Эдуарда Германского  @germanskiy_eduard
https://www.youtube.com/c/ЭдуардГерманский
https://www.youtube.com/c/HardcoreFightingChampionship
Белый Агнец
Medium Quality 
https://mqpmerch.ru/labelcom",1500,1674293179,31484,3,101,33,https://vk.com/video_ext.php?oid=-209976560&id=456239204&hash=8d19eb26aacc693e&__ref=vk.admin_android&api_hash=17406944730edba1797df6699ca8_GMZDANZRGM2TCOA,1,1,1,False,https://sun9-46.userapi.com/1cMqhu5HbMyDcDJmEFVxGLH4tgwE_h5yn1c-8w/xr6PSol6Lis.jpg
456239203,-209976560,В ритме колбасы - В ритме колбасы. Серия 2. Блуждание по пустыне,"TORNADO ENERGY - прикалдесный энергетический напиток. Заказывай на дом https://shop.sns.ru/catalog/tornado_group65/
Кручусь как могу, чтобы рассказать вам о Warface: https://bit.ly/WF_FLATWHITE

Мерч LABELCOM: http://mqpmerch.ru/labelcom
 
В 2017 году группа документалистов из США прибыла в Москву для съёмок фильма об авторитарном режиме.
Однако, неожиданная встреча с двумя начинающими музыкантами изменила их планы.
Было решено провести с ними несколько месяцев, и зафиксировать борьбу свободного творчества с российской реальностью.
Все, что вы собираетесь посмотреть, произошло на самом деле.
 
Авторы идеи:
Евгений Чебатков https://www.instagram.com/chebatkov_yevgeniy    
Расул Чабдаров https://www.instagram.com/chabdarrr
 
Авторы сценария:
Евгений Чебатков https://www.instagram.com/chebatkov_yevgeniy
Расул Чабдаров https://www.instagram.com/chabdarrr
Александр Иринархов https://www.instagram.com/kultkargo
 
Продюсер: Вячеслав Дусмухаметов
Продюсер: Роман Колесников
Продюсер: Антон Курильчик https://www.instagram.com/gubanedura
Режиссёр: Александр Иринархов https://www.instagram.com/kultkargo
 
Исполнительный продюсер: Арина Воронина https://www.instagram.com/arina.vvoronina
Ассистент продюсера: Джулия Иванова https://www.instagram.com/djullymully
 
Второй режиссер: Екатерина Сенина https://www.instagram.com/rude_kate
Второй режиссер: Антон Колотилов https://www.instagram.com/quinololo
Кастинг-директор: Нина Сизова https://www.instagram.com/nininininininininaaaaa
 
Оператор-постановщик: Филипп Задорожный https://www.instagram.com/zadorojny
 
Вторые операторы хэндикам:
Никита Лычев https://www.instagram.com/nikitalychev
Федор Герлейн https://www.instagram.com/backwoodsman
Сергей Барсук https://www.instagram.com/siarheiborsuk
 
Гаффер: Роман Рубцов https://www.instagram.com/rubalight
Осветитель: 
Денис Елизов https://www.instagram.com/denis162870
Антон Колесниченко https://www.instagram.com/tetris83in1
 
Художники-постановщики:
Александра Третьякова https://www.instagram.com/trettiakova
Евгения Рузанова https://www.instagram.com/j.ruzanova
 
Художники по костюму:
Олеся Кононенко https://www.instagram.com/alelesya
Ида Иванова https://www.instagram.com/ida_inet
 
Художники по гриму:
Елена Игнатович https://www.instagram.com/lena_ignatovich_art
Ярославна Ракова https://www.instagram.com/slava_fox55
Виктория Емчинская https://www.instagram.com/miss.vikki.92
Семенова Алена https://www.instagram.com/alena_semenova20
 
Алексей Дьяков за Jeep Grand Cherokee https://www.instagram.com/dudki_vam
CG-супервайзер: Турал Мирзаханлы https://www.instagram.com/tural_natural
 
Постпродакшн продюсер: Марина Мороз https://www.instagram.com/marina_imp
Режиссер монтажа: Антон Иванов https://www.instagram.com/furiousjew
Звукорежиссер постпродакшн: Станислав Паушев-Незнакомов https://www.instagram.com/stanislav.paushev
Цвет: 
Виктор Малыгин https://www.instagram.com/viktormalygin
Денис Педько https://www.instagram.com/denis.pedko
Арт-дирекшн: Валерий Хаустов https://www.instagram.com/valera_khaus
Переводчик титров: Иван Явиц
 
ГЕРОИ:
 
Главный герой
Евгений Чебатков “Кикшат” https://www.instagram.com/chebatkov_yevgeniy
 
Главный герой
Расул Чабдаров “Флетвайт” https://www.instagram.com/chabdarrr
 
Снайпер 
Павел Дедищев https://www.instagram.com/amerikanec46
 
Мама Кикшата 
Ирина Петрова https://www.instagram.com/irina80koko
 
Любовник мамы Кикшата
Кирилл Селегей https://www.instagram.com/kirill_selegey
 
Жена Флет-вайта
Алла Бойченко https://www.instagram.com/alla_boychenko
 
Начальник радио “Белый Агнец” 
Александр Забродин https://www.instagram.com/zabast
 
Ученики школы “Стальные Волки”
Александр Петросян https://www.instagram.com/sashapetros
Дмитрий Гаврилов https://www.instagram.com/dima.gavr
Слава Никифоров https://www.instagram.com/syavaa_pro
Хетаг Хугаев https://www.instagram.com/hetag_hugaev
Павел Никитин https://www.instagram.com/nik_pavlik
Владислав Копытов-Шамрай https://www.instagram.com/kopytov_shamray
Роман Кискин https://www.instagram.com/kiskin.inst
Евгений Никифоров https://www.instagram.com/nikiforok
 
Black Dead Angel
Миша Цатурян https://www.instagram.com/libertile
 
Хозяин квартиры
Саша Ни “Саша Ни” https://www.instagram.com/nee_ae
 
Девушка Саши Ни 
Анна Ежова https://www.instagram.com/ezhonmonster
 
Голос корреспондента
Kat Kenna https://www.instagram.com/kat.kenna
 
Выражаем благодарность за помощь в организации съемок:
 
Команда Эдуарда Германского 
https://www.youtube.com/c/ЭдуардГерманский
https://www.youtube.com/c/HardcoreFightingChampionship
 
Школа «Казачьего ножевого боя» за предоставление ножей, ведущий инструктор Андрей Булахов
https://instagram.com/knb_ru
 
Ансамбль народной песни «Гречиха», руководитель Валентина Пастухова 
https://instagram.com/grechikha_
 
ОДС, Жилищник “Северное Чертаново”
 
Администрации локации на Образцова, 14
 
Третьякова Александра – за предоставление гаража для съемок
Баттл-площадке “Кубок МЦ”
Саша Ни – за предоставление квартиры для Саши Ни",1843,1674293162,46480,3,193,47,https://vk.com/video_ext.php?oid=-209976560&id=456239203&hash=efb13b24567381db&__ref=vk.admin_android&api_hash=174069447313118fb154ce56549e_GMZDANZRGM2TCOA,1,1,1,False,https://sun9-64.userapi.com/IGxiJiCvZa9c-RPAF51cJmnDWHFdHzGls7ZwMA/RbvxB8t6y1E.jpg
456239202,-209976560,В ритме колбасы - В ритме колбасы. Серия 1. Небо и земля.,"Варфейс, бесплатный шутер, узнай обо мне! https://bit.ly/WF_RapHardBass

Циан — популярное приложение, где можно быстро продать и купить любую
недвижимость вашей мечты. Переходите: https://clck.ru/S3z6g

Ранние премьеры, эксклюзивы и лучшие шоу в нашем приложении The  Hole: https://mediumquality.page.link/v-ritme-kolbasi_hole  Смотрите выпуски в фоне и пробуйте остальные штуки — всё бесплатно. Заходить можно без стука!! 

В 2017 году группа документалистов из США прибыла в Москву для съёмок фильма об
авторитарном режиме.
Однако, неожиданная встреча с двумя начинающими музыкантами изменила их
планы.
Было решено провести с ними несколько месяцев, и зафиксировать борьбу
свободного творчества с российской реальностью.
Все, что вы собираетесь посмотреть, произошло на самом деле.

Авторы идеи:
Евгений Чебатков https://www.instagram.com/chebatkov_yevgeniy
Расул Чабдаров https://www.instagram.com/chabdarrr

Авторы сценария:
Евгений Чебатков https://www.instagram.com/chebatkov_yevgeniy
Расул Чабдаров https://www.instagram.com/chabdarrr
Александр Иринархов https://www.instagram.com/kultkargo
Продюсер: Вячеслав Дусмухаметов
Продюсер: Роман Колесников
Продюсер: Антон Курильчик https://www.instagram.com/gubanedura
Режиссёр: Александр Иринархов https://www.instagram.com/kultkargo
Исполнительный продюсер: Таша Деева https://www.instagram.com/tasha_deeva
Исполнительный продюсер: Мария Енацкая https://www.instagram.com/mashaenatskaya
Оператор-постановщик: Филипп Задорожный https://www.instagram.com/zadorojny
Администратор: Кирилл Попов https://www.instagram.com/crazyredneck431
Художник-постановщик: Сима Очинская https://www.instagram.com/sima.ochinskaya
Звук на площадке: Анна Симакина https://www.instagram.com/nusimakina
2-я камера/хэндикам:
Люба Климова https://www.instagram.com/l095ove
Паша Клинг https://www.instagram.com/pvkling
Гаффер: Дмитрий Маслов
PyroFX-супервайзер: Александр Шеин https://www.instagram.com/stunt_coordinator
CG-супервайзер: Турал Мирзаханлы https://www.instagram.com/tural_natural

Постпродакшн продюсер: Марина Мороз https://www.instagram.com/marina_imp
Режиссер монтажа: Антон Иванов https://www.instagram.com/furiousjew
Звукорежиссер постпродакшн: Станислав Паушев-Незнакомов https://www.instagram.com/stanislav.paushev
Игорь Гладкий https://www.instagram.com/igladkiy
Цвет: Виктор Малыгин https://www.instagram.com/viktormalygin
Денис Педько https://www.instagram.com/denis.pedko
Арт-дирекшн: Валерий Хаустов https://www.instagram.com/valera_khaus
Графика: Турал Мирзаханлы
Переводчик титров: Иван Явиц

ГЕРОИ ПИЛОТ:
Главный герой
Евгений Чебатков “Кикшат” https://www.instagram.com/chebatkov_yevgeniy
Главный герой
Расул Чабдаров “Флетвайт” https://www.instagram.com/chabdarrr
Хозяин квартиры: Саша Ни “Саша Ни” https://www.instagram.com/nee_ae
Начальник радио “Белый Агнец”: Александр Забродин https://www.instagram.com/zabast
Старший брат Флетвайта: Лука Хиникадзе https://www.instagram.com/luca_xnkdz
Диджей: Андрей Ромашка https://www.instagram.com/andy_romashka
Голос корреспондента: Kat Kenna https://www.instagram.com/kat.kenna

Выражаем благодарность за помощь в организации съемок:
• Кафе/бар “Мечты”
• Саша Ни - за предоставление квартиры для героя Саши Ни
• Comedy radio

В серии использовались кадры из видео:
https://www.youtube.com/watch?v=G7cpQRf2lvw
https://www.youtube.com/watch?v=kZmn7vzgGtA&t=6s
https://www.youtube.com/watch?v=wyvzlu2UvOI&t=20s 
https://www.youtube.com/watch?v=EgTxSfrStag&t=6s 
https://www.youtube.com/watch?v=9FpXibZWR3w&t=9s

Medium Quality",1308,1674293017,75126,37,401,287,https://vk.com/video_ext.php?oid=-209976560&id=456239202&hash=599eb9bd332fce36&__ref=vk.admin_android&api_hash=17406944731bc2b2eebe528639d4_GMZDANZRGM2TCOA,1,1,1,False,https://sun9-22.userapi.com/wBX8k4bbDuwmlC8FU5BxkCrbhE-Gxrm0hk_6FA/FP8V7wSLJbw.jpg
456239160,-209976560,Два с половиной микрофона - Макаров x Детков x Дедищев x Амарян x Винокур x Сиэтлов x Бороздин | ДВА С ПОЛОВИНОЙ МИКРОФОНА #1,"Чтобы работать на любимой работе переходи по ссылке: https://go.skyeng.ru/labelcom
Промокод LABELCOM дает 10% на все курсы Skypro

Найди свой стильный рецепт от VIČI: https://vicicrabfashion.ru/

Дедищев - о том как паниковал на свадьбе, Макаров - про секс с богомолом, Детков и Амарян - про незапланированных детей, а Винокур и Бороздин - про то как легально увеличить зарплату. Про эти и еще кучу других тем комики импровизируют без подготовки вместе с ведущим Кириллом Сиэтловым.

ДВА С ПОЛОВИНОЙ МИКРОФОНА - шоу, где опытные комики шутят на темы, которых никогда в жизни до этого не видели. Предлагайте свои темы в комментариях - лучшие попадут в следующие выпуски шоу ДВА С ПОЛОВИНОЙ МИКРОФОНА. Мало подписаться на канал - жмите колокольчик, чтобы не пропустить новые выпуски с вашими темами.

Кирилл Сиэтлов: https://www.instagram.com/racatanc/ || https://www.youtube.com/tsarvideo
Илья Макаров: https://www.instagram.com/ilia._.makarov/
Сергей Детков: https://www.instagram.com/sergii_detkov/
Павел Дедищев: https://www.instagram.com/amerikanec46/
Гурам Амарян: https://www.instagram.com/gur_am/
Артем Винокур: https://www.instagram.com/artemvinokur/
Анатолий Бороздин: https://www.instagram.com/borozdinanatoly/

#двасполовиноймикрофона #labelcom #standup",1497,1674282207,45477,12,267,57,https://vk.com/video_ext.php?oid=-209976560&id=456239160&hash=e179c511c135e719&__ref=vk.admin_android&api_hash=1740694473bae8f47955876bae69_GMZDANZRGM2TCOA,1,1,1,False,https://sun9-30.userapi.com/oW_dvjdrPPtYMBuoiYpngP_KGst2wlmN9ZvlAQ/wDS7RWEj7BA.jpg
456239159,-209976560,Два с половиной микрофона - Орлов x Дедищев x Детков x Винокур x Сиэтлов x Широков x Гиновян | ДВА С ПОЛОВИНОЙ МИКРОФОНА #2,"Для любой задачи есть профи. 
Установи приложение и профи будут всегда под рукой:
https://profi-client.onelink.me/3205134365/192309f1
Если ты профи, то скачивай приложение для специалистов и получай больше клиентов:
https://backoffice-react-app.onelink.me/Isnn/98f5ee30

Покупайте ноутбуки на базе процессоров AMD Ryzen в М.Видео с экспресс-доставкой за 2 часа: https://www.mvideo.ru/promo/noutbuki-na-baze-amd-ryzen-i-radeon?utm_medium=blogger&utm_source=youtube&utm_campaign=Special_flight_RF_Ryzen_2-5mic_20jan-20feb

Орлов и Винокур - про советские мультики, Дедищев и Детков - про самое мерзкое мороженое, Широков и Гиновян - про лайфхаки с Авито. Про эти и еще кучу других тем комики импровизируют без подготовки вместе с ведущим Кириллом Сиэтловым.

ДВА С ПОЛОВИНОЙ МИКРОФОНА - шоу, где опытные комики шутят на темы, которых никогда в жизни до этого не видели. Предлагайте свои темы в комментариях - лучшие попадут в следующие выпуски шоу ДВА С ПОЛОВИНОЙ МИКРОФОНА. Мало подписаться на канал - жмите колокольчик, чтобы не пропустить новые выпуски с вашими темами.

Кирилл Сиэтлов: https://www.instagram.com/racatanc/ || https://www.youtube.com/tsarvideo
Сергей Орлов: https://www.instagram.com/orlov_skvz/
Павел Дедищев: https://www.instagram.com/amerikanec46/
Сергей Детков: https://www.instagram.com/sergii_detkov/
Артем Винокур: https://www.instagram.com/artemvinokur/
Костя Широков: https://www.instagram.com/shirokovofficial/
Самвел Гиновян: https://www.instagram.com/samvel_ginovyan/

00:00 Вступление
02:03 Экстремальный вид салфетки
02:30 Квартира за 100 рублей
03:49 Секс со сказочными персонажами
07:23 Маугли вырастили кенгуру
08:35 Дудь взял интервью и рыбы
09:31 Наказание для мужиков которые ходят топлес в центре города
13:10 Рекламная пауза
14:50 Соревнования по чавканью
16:10 Депутатом можно быть только до 23 лет
17:57 Граненый вафельный стаканчик
19:26 Россию выложили на Авито
20:39 Фестиваль актеров, играющих Герасима
24:03 Брат-2 в стиле аниме
25:22 Телефон заряжается от запаха

#двасполовиноймикрофона #labelcom #standup",1684,1674282180,42553,4,198,37,https://vk.com/video_ext.php?oid=-209976560&id=456239159&hash=e239b59f2edcb105&__ref=vk.admin_android&api_hash=1740694473b4f618776f2b2b62ff_GMZDANZRGM2TCOA,1,1,1,False,https://sun9-2.userapi.com/SX4eYMyPQ5cY-ChN2KdK4gUj1Y0h1RzIOd7FQQ/zOwoGVpPolw.jpg
456239157,-209976560,Два с половиной микрофона - Дедищев x Орлов x Ловкачёв x Винокур x Сиэтлов x Кукса x Бороздин | ДВА С ПОЛОВИНОЙ МИКРОФОНА #3,"Лови скидку 20% на мужские приборы серии Formula1 от Rowenta по промокоду FORMULA20 в М.Видео до 28.02. Экспресс-доставка за 2 часа!
https://tinyurl.com/formula20

Делимся классной фишкой — в приложении The Hole все выпуски появляются скорее на пять дней. Вот и поделились: 
https://mediumquality.page.link/micro5_0802

Павел Дедищев и Сергей Орлов - про плацкарт, Артем Винокур и Гурам Амарян - про новые чебупели, а еще целый вал классных комиков: Бороздин, Кукса, Косицын, Евдокимов, Ловкачев и Сергиенко - импровизируют без подготовки на заданные темы вместе с ведущим Кириллом Сиэтловым.

ДВА С ПОЛОВИНОЙ МИКРОФОНА - шоу, где опытные комики шутят на темы, которых никогда в жизни до этого не видели. Предлагайте свои темы в комментариях - лучшие попадут в следующие выпуски шоу ДВА С ПОЛОВИНОЙ МИКРОФОНА. Мало подписаться на канал - жмите колокольчик, чтобы не пропустить новые выпуски с вашими темами.

Кирилл Сиэтлов: https://www.instagram.com/racatanc/ || https://www.youtube.com/tsarvideo
Сергей Орлов: https://www.instagram.com/orlov_skvz/
Павел Дедищев: https://www.instagram.com/amerikanec46/
Артем Винокур: https://www.instagram.com/artemvinokur/
Гурам Амарян: https://www.instagram.com/gur_am/
Анатолий Бороздин: https://www.instagram.com/borozdinanatoly/
Егор Кукса: https://www.instagram.com/egor_kuksa/
Всеволод Ловкачёв: https://www.instagram.com/sevalovkachev/
Макс Евдокимов: https://www.instagram.com/evdokimov_makson/
Роман Косицын: https://www.instagram.com/roman_kositsyn/
Марк Сергиенко: https://www.instagram.com/sergienkomark/

00:00 Вступление
00:13 Одноразовые нунчаки
02:33 Котопёс слипся
03:06 Экспресс-метод Анны Карениной
04:04 Начальник голубей
04:54 Конфеты с пивом
05:09 Отдельный бизнес-класс в лифте
06:29 Чупа-чупс с искусственным интеллектом
06:49 Собеседование на должность проходильщика собеседований
07:29 Насколько безлимитная карта в Орле и решке
08:32 Презерватив со вкусом члена
09:53 Рекламная пауза
11:26 Криптовалютная проститутка
11:45 Имя для безымянного пальца
12:57 Наказание для непослушных волос
13:45 Ханжа на оргии
14:14 В сериале ""Мухтар"" вместо собаки кошка
14:47 Российский ремейк Звёздных войн
15:12 Человек-паук спасает ПГТ
17:44 Сериал про плацкарт

#двасполовиноймикрофона #ДСПМ #labelcom",1246,1674282061,25125,0,126,20,https://vk.com/video_ext.php?oid=-209976560&id=456239157&hash=f67b837be7bec28f&__ref=vk.admin_android&api_hash=1740694473a302ea929aaed76e5b_GMZDANZRGM2TCOA,1,1,1,False,https://sun9-37.userapi.com/hbkPgof0Rbg8rkte-Bnj1Rld_Ym8JZE8pBJ2xQ/ZBW2gBqtzag.jpg
456239156,-209976560,Два микрофона - Хугаев х Макар x Амарян x Гиновян х Винокур х Медведев  x Ловкачев | ДВА МИКРОФОНА #2,"Инвестируйте с Финам! Откройте счет с тарифом «FreeTrade» по ссылке: https://clck.ru/32upAJ

Новые «Два микрофона» выходят раньше на сайте и в приложении The Hole. Присоединяйтесь бесплатно: https://tinyurl.com/3mzzj4uu

ДВА МИКРОФОНА - шоу, где опытные комики шутят на темы, которых никогда в жизни до этого не видели. Предлагайте свои темы в комментариях - лучшие попадут в следующие выпуски шоу ДВА МИКРОФОНА.

Ловкачев - https://t.me/shylobster
Винокур - https://t.me/artemvinokur
Медведев - https://t.me/medvedev_vasily
Амарян - https://t.me/guramamaryan
Гиновян - https://t.me/moirazebi
Макаров - https://t.me/ilia_makar
Хугаев - https://t.me/HUGA_STANDUP

По вопросам рекламы и сотрудничества: Labelcom2022@mail.ru

#Labelcom #2микрофона",1735,1674282038,36343,0,130,18,https://vk.com/video_ext.php?oid=-209976560&id=456239156&hash=3576fcf62d29b94f&__ref=vk.admin_android&api_hash=174069447338d05e81d978b724fe_GMZDANZRGM2TCOA,1,1,1,False,https://sun9-80.userapi.com/tPEya3QRP2jdg80sJEZzO3DIbgrSBdo_wOIYJw/xhgk0f-24bY.jpg
456239155,-209976560,Два с половиной микрофона - Хиникадзе х Дедищев x Забродин x Сидоров x Джанкезов x Винокур x Сиэтлов | ДСПМ #4,"Лови скидку 10% на телевизоры Philips серии The One по промокоду PHILIPS10 в М.Видео до 17.04 
https://tinyurl.com/philipstheone

Приходите смотреть новые выпуски в приложение The Hole — там выпуски появляются на 5 дней шустрее: https://mediumquality.page.link/micro_1104

Артем Винокур и Лука Хиникадзе - про момент, когда приходится под одежду надеть плавки, Павел Дедищев и Александр Забродин - про врача, который лечит кентавров, а Валентин Сидоров и Тимур Джанкезов - про самый мерзкий шоколад. На эти и другие темы комики импровизируют без подготовки вместе с ведущим Кириллом Сиэтловым. Выпуск был снят 4 февраля 2022.

ДВА С ПОЛОВИНОЙ МИКРОФОНА - шоу, где опытные комики шутят на темы, которых никогда в жизни до этого не видели. Предлагайте свои темы в комментариях - лучшие попадут в следующие выпуски шоу ДВА С ПОЛОВИНОЙ МИКРОФОНА. Мало подписаться на канал - жмите колокольчик, чтобы не пропустить новые выпуски с вашими темами.

Кирилл Сиэтлов: https://zen.yandex.ru/sietlov
Лука Хиникадзе: https://zen.yandex.ru/luca_xnkdz
Павел Дедищев: https://t.me/amerikanec046
Артем Винокур: https://t.me/artemvinokur
Тимур Джанкезов: https://zen.yandex.ru/dzhankez
Валентин Сидоров: https://zen.yandex.ru/sidorov_valentin

00:00 Вступление
00:17 Забыл как делать куни
03:47 Депиляция наоборот к зиме
05:16 Больной доктор Айболит
07:33 Какой врач лечит кентавра
10:28 Расселили в новостройку на 1000 этажей
13:19 Рекламная пауза
15:42 Шоколад со вкусом разочарования и боли
19:30 Тренинг как быть лохом
22:48 Таксист у которого на самом деле бизнес
24:14 Реклама средства для ожирения
25:37 Дедовский рецепт увеличения члена
27:24 Распределительные трусы
31:39 Преимущества сельского туалета
32:33 Про цену на морковку

#двасполовиноймикрофона #labelcom #standup",1974,1674282029,184695,0,257,38,https://vk.com/video_ext.php?oid=-209976560&id=456239155&hash=5a9d19323699ee8d&__ref=vk.admin_android&api_hash=17406944735d88063f8cc36d7ec7_GMZDANZRGM2TCOA,1,1,1,False,https://sun9-11.userapi.com/4wnmYIkP5nclzv4sNLGPY2daVioLgfi-yicutg/84SWeYdtIS8.jpg
456239154,-209976560,Два с половиной микрофона - Макаров x Бороздин x Дедищев x Чабдаров x Амарян x Винокур | ДСПМ #6,"Смотри премьеру романтического эксперимента «Сердце Ивлеевой» в пятницу 19:00 на Пятнице!
https://tinyurl.com/dspmfriday

Pb3XmBtzsrQFWr86iEtbpewDxeRzCb9iBK35K9G

Павел Дедищев выясняет что такое торпеда в автомобиле, Илья Макаров и Толя Бороздин рассказывают про аистов-похитителей детей, Расул Чабдаров делится детской травмой, а Гурам Амарян и Артем Винокур определяют оптимальную длину члена. На эти и другие темы комики импровизируют без подготовки вместе с ведущим в финальном выпуске нашего шоу.

Илья Макаров: https://youtu.be/LPq9JNadT4Y
Анатолий Бороздин: https://youtu.be/gskQBPxPWMQ
Павел Дедищев: https://t.me/amerikanec046
Расул Чабдаров: https://t.me/chabdarcenter
Артем Винокур: https://t.me/artemvinokur
Гурам Амарян: https://t.me/guramamaryan

00:00 Начало
00:47 Просроченный Киндер-сюрприз
01:44 Молодежный ребрендинг Поля Чудес
02:35 Когда дал контролеру в автобусе чаевые
05:16 Встреча одногруппников детского сада
09:05 Пирожок с ковидлом
10:03 Как не пораниться во время секса
11:23 Сын маминой подруги облажался
13:27 Нудистская рыбалка
14:18 Ребенок с детства мечтал стать водителем маршрутки
15:10 Секс-трюки со скейтбордом
16:52 Очень дорогие мусорные пакеты
18:37 Аист, который уносит детей
21:14 Мы все ошибались и неправильно применяли гречку
21:57 Что делать, если не везет ни в игре, ни в любви
23:24 Коды из GTA в реальной жизни
24:33 Проснулся в теле голубя
26:51 Члены у всех одного размера
29:34 Т9, который исправит ошибки молодости
31:07 Модные актуальные валенки и галоши
33:38 Когда думаешь голосом другого человека
35:09 Нестандартные способы казаться выше

#двасполовиноймикрофона #labelcom #standup",2428,1674282023,31547,0,190,63,https://vk.com/video_ext.php?oid=-209976560&id=456239154&hash=9656f17d153e9c25&__ref=vk.admin_android&api_hash=17406944739704c8bb9719bed7b7_GMZDANZRGM2TCOA,1,1,1,False,https://sun9-7.userapi.com/p_ePkjkZCFk6gYrwGbJhqPhsxt3v3fgCYu2FHQ/iYAextlKD9c.jpg
456239153,-209976560,Два с половиной микрофона - Дедищев x Якушев x Макаров x Чабдаров x Гиновян x Винокур | ДСПМ #5,"Путешествуйте выгодно вместе с Купибилетом – скачайте приложение и получите бонус 500 руб. на первый заказ, совершенный до 26 сентября, с промокодом МИКРОФОНЫ500 https://trk.mail.ru/c/myiq03

Скачивайте приложение ЛЭТУАЛЬ и получайте скидку 1000 рублей при заказе от 3000 по промокоду МИКРОФОНЫ - 
https://letu.onelink.me/evjU/df21cb39

Pb3XmBtzt8xs6CvMpsZqL2hxfyTFDBkhFk6HSek

Больше контента — всегда хорошо. Выбирайте для этого наше приложение The Hole: https://thehole.page.link/micro_1209

Павел Дедищев и Александр Якушев рассуждают как правильно сдавать мать в аренду, Илья Макаров и Расул Чабдаров придумали новый бизнес с сухофруктами, а Самвел Гиновян и Артем Винокур вспоминают что в детстве было за помпон на шапке. На эти и другие темы комики импровизируют без подготовки вместе с ведущим.

Павел Дедищев: https://t.me/amerikanec046
Александр Якушев: https://youtu.be/Sz0tPGO5hqM
Илья Макаров: https://youtu.be/LPq9JNadT4Y
Расул Чабдаров: https://t.me/chabdarcenter
Артем Винокур: https://t.me/artemvinokur
Самвел Гиновян: https://youtu.be/esgaknL8VMU

00:00 Вступление
02:16 Тупой бизнес-план, который стрельнул
02:59 Автопилот в самолете с голосом Харламова
03:28 Здравствуйте и до свидания поменялись местами
03:43 Вместо урчания живота можно поставить любой рингтон
05:41 Убийца Лермонтова и убийца Пушкина дерутся за суперкубок
06:00 Порно для слабовидящих
07:45 Новый молодой бог на стажировке
08:44 Рекламная пауза
11:02 В России запретили шапки с помпонами
14:41 Легкий способ избавиться от новогодней елки
15:52 Неудачное авокадо
16:58 Топ-3 занятий во время сна
18:46 Страшилка, которая уже никого не пугает
19:15 Невовремя воспользовался лубрикантом
22:27 Матьшеринг

#двасполовиноймикрофона #labelcom #standup",1518,1674282012,35415,0,196,32,https://vk.com/video_ext.php?oid=-209976560&id=456239153&hash=d3f95630704d9ea1&__ref=vk.admin_android&api_hash=174069447310b2d9e9a737f7719c_GMZDANZRGM2TCOA,1,1,1,False,https://sun9-71.userapi.com/34jKnP3sflKvVHvo7TGdveChu-5rgxvD1UZQOA/1TwXS3seJ_o.jpg
456239152,-209976560,"Два с половиной микрофона - ДЖИГАН - БОМЖ #2,5микрофона",,26,1674281986,6792,1,25,3,https://vk.com/video_ext.php?oid=-209976560&id=456239152&hash=638ee1b97ee83f42&__ref=vk.admin_android&api_hash=1740694473d696c9abc5210f5522_GMZDANZRGM2TCOA,1,1,1,False,https://sun9-78.userapi.com/B_dP29cdDbB9CkGX35byfDY6-lL5jk9fLZmMFA/UD23_nUEyHM.jpg
456239151,-209976560,Два микрофона - Дедищев x Амарян x Зорик х Винокур x Абу Газале x Мазур x Ловкачев | ДВА МИКРОФОНА #1,"Прокачивайте апперов в Тарифе UP от билайна и получайте больше выгоды https://clck.ru/32orNG

Заходи на СПАСИБОМАРКЕТ 4 декабря на Хлебозаводе №9: http://sber.me/?p=8zVM9. А ещё покупай на онлайн-витрине в СберМегаМаркете весь декабрь со скидкой до 99% за бонусы. 

JapBI4VNI

Реклама. Планируйте зимнее путешествие вместе с S7 Airlines https://bit.ly/3VtsmCL 

LjN8KC4mi

Когда сказали, что все наши шоу можно смотреть раньше и бесплатно в The Hole: https://clck.ru/32p64W

ДВА МИКРОФОНА - шоу, где опытные комики шутят на темы, которых никогда в жизни до этого не видели. Предлагайте свои темы в комментариях - лучшие попадут в следующие выпуски шоу ДВА  МИКРОФОНА.

Сева Ловкачев - https://t.me/shylobster
Артём Винокур - https://t.me/artemvinokur
Нидаль Абу Газале - https://t.me/abunidal88
Гурам Амарян - https://t.me/guramamaryan
Кирилл Мазур - https://vk.com/mazurkiril
Сергей Зорик - https://t.me/svzorik
Павел Дедищев - https://t.me/amerikanec046",2058,1674281969,89549,5,335,42,https://vk.com/video_ext.php?oid=-209976560&id=456239151&hash=4caed3e5222c2ad1&__ref=vk.admin_android&api_hash=1740694473f6a8ef5f71b8de4800_GMZDANZRGM2TCOA,1,1,1,False,https://sun9-48.userapi.com/S6F2F-HYfDhKO8UwFIAzommW2zAL_PWk_2RDxQ/xsFpzZMP_eo.jpg
456239150,-209976560,То шо скетчи - «То шо скетчи»/ выпуск №3,"Заказывайте такси через приложение Ситимобил: https://clik.cc/labelcom
Подарим скидку за ожидание, если машина не приедет вовремя! Подробности акции: https://city-mobil.ru/waiting

Ранние премьеры, эксклюзивы и лучшие шоу в нашем приложении The Hole: https://mediumquality.page.link/to-sho-sketchi_hole Смотрите выпуски в фоне и пробуйте остальные штуки — всё бесплатно. Заходить можно без стука!! 

Новое развлекательно-не познавательное шоу от «Лены Куки», в котором нет сюжета, логики, морали, и смысла. Просто кайфуйте!

Канал LENA KUKA https://www.youtube.com/channel/UCrMU71nSWHAmpb1-3wEtW8g
LABELCOM: https://instagram.com/labelcomedians
LABELCOM.VIDEO: https://instagram.com/labelcom.video

Эмир Кашоков https://www.instagram.com/emir_kashokov_fan_official
Илья Макаров https://www.instagram.com/ilia._.makarov/
Рустам Рептилоид https://www.instagram.com/rustreptiloid/
Тамби Масаев https://www.instagram.com/tambi_masaev/
Турал  https://instagram.com/tural_natural",963,1674281961,77505,9,334,143,https://vk.com/video_ext.php?oid=-209976560&id=456239150&hash=cd7521c5c7a0ea1f&__ref=vk.admin_android&api_hash=1740694473c303a187e3c6c9ec9e_GMZDANZRGM2TCOA,1,1,1,False,https://sun9-33.userapi.com/sM4gM6ej0qoAzbnlwwzVS93IOO2yIZZtArlkqw/UDtC_ats3UM.jpg
456239149,-209976560,То шо скетчи - «То шо скетчи»/ выпуск №2,"Оформить кредит наличными в Альфа-Банке: https://alfa.link/S8w2

Ранние премьеры, эксклюзивы и лучшие шоу в нашем приложении The Hole: https://mediumquality.page.link/to-sho-sketchi_hole Смотрите выпуски в фоне и пробуйте остальные штуки — всё бесплатно. Заходить можно без стука!! 

«То шо скетчи»/ выпуск №2
Новое развлекательно-не познавательное шоу от «Лены Куки», в котором нет сюжета, логики, морали, и смысла. Просто кайфуйте!

Канал LENA KUKA https://www.youtube.com/channel/UCrMU71nSWHAmpb1-3wEtW8g 
LABELCOM: https://instagram.com/labelcomedians 
LABELCOM.VIDEO: https://instagram.com/labelcom.video

Эмир Кашоков https://www.instagram.com/emir_kashokov_fan_official
Илья Макаров https://www.instagram.com/ilia._.makarov/ 
Рустам Рептилоид https://www.instagram.com/rustreptiloid/ 
Тамби Масаев https://www.instagram.com/tambi_masaev/
 Турал https://instagram.com/tural_natural",1084,1674281957,70250,6,292,93,https://vk.com/video_ext.php?oid=-209976560&id=456239149&hash=273af32307098a1d&__ref=vk.admin_android&api_hash=17406944739753df560c78a1361a_GMZDANZRGM2TCOA,1,1,1,False,https://sun9-58.userapi.com/0dPzmSMXMvUfFQaxdlfCnJHxEEGwTWcBLSm6hw/6dr4zR02mAw.jpg
456239148,-209976560,То шо скетчи - «То шо скетчи»/ выпуск №1,"Быстрая и бесплатная доставка продуктов от 15 минут в Москве и Санкт-Петербурге - это к Delivery Club - https://trk.mail.ru/c/dm2bq7 
Скидка 20% на первые три заказа продуктов по промокоду WOW

Ранние премьеры, эксклюзивы и лучшие шоу в нашем приложении The Hole: https://mediumquality.page.link/to-sho-sketchi_hole Смотрите выпуски в фоне и пробуйте остальные штуки — всё бесплатно. Заходить можно без стука!! 

«То шо скетчи»/ выпуск №1
Новое развлекательно-не познавательное шоу от «Лены Куки», в котором нет сюжета, логики, морали, и смысла. Просто кайфуйте!

LABELCOM: https://instagram.com/labelcomedians 
LABELCOM.VIDEO: https://instagram.com/labelcom.video 
Эмир Кашоков https://www.instagram.com/emir_kashokov_fan_official 
Илья Макаров https://www.instagram.com/ilia._.makarov/ 
Рустам Рептилоид https://www.instagram.com/rustreptiloid/ 
Тамби Масаев https://www.instagram.com/tambi_masaev/",816,1674281956,100505,2,411,165,https://vk.com/video_ext.php?oid=-209976560&id=456239148&hash=d87203581933aa58&__ref=vk.admin_android&api_hash=1740694473fa266fd50cf1733443_GMZDANZRGM2TCOA,1,1,1,False,https://sun9-66.userapi.com/3ye6k8sHyuHkGU2cdmXBcnHfjq7BzW7cTXIREw/BxdS80cr8EQ.jpg
