id,owner_id,title,description,duration,date,views,comments,likes_count,reposts_count,player,can_like,can_repost,can_dislike,is_pinned,image_url
456242987,-220754053,Женское шоу #7. Карина Кросс. Тизер,"Новое юмористическое «Женское шоу» с участием Вари Щербаковой, Олеси Иванченко, Кати Вяликовой, Димы Журавлёва и других, в котором они показывают смешные номера с женским взглядом на юмор. 

А чтобы зрителям было интересно, в каждом выпуске будет новый приглашенный звёздный гость, который не только будет выступать в роли ведущего, но и участвовать в номерах.  

Премьера седьмого выпуска – 27 февраля эксклюзивно в VK Видео! Подпишись, чтобы не пропустить: https://vk.com/vkvideo",52,1740560400,114081,2,1109,4,https://vk.com/video_ext.php?oid=-220754053&id=456242987&hash=5b73b5e6c9603553&__ref=vk.admin_android&api_hash=1740606829f96f0a9f77fb556def_GMZDANZRGM2TCOA,1,1,1,False,https://sun1-28.userapi.com/impg/a6DMdD25KeFY5YTvAlfFbYWPiC20HMvUVyOJug/ZPmFFhtAkdc.jpg?size=130x96&quality=95&keep_aspect_ratio=1&background=000000&sign=d4831e3fde66ff6225abf793b0381bc5&c_uniq_tag=yXgueNJPbBZcMBLMmBkluIth-2OS1TPuzzLw6yg1AqQ&type=video_thumb
456242978,-220754053,Женское шоу #6. Александр Ревва,"В шестом выпуске «Женского шоу» в роли звёздного ведущего выступит Александр Ревва, который в начале выпуска посетит салон красоты. В номерах мы узнаем секреты двойного свидания, увидим, как подруги отдыхают на Валдае, посмотрим, как пара пытается перейти на свободные отношения, а в конце сходим на день рождения к ненавистной начальнице…

Сегодня в выпуске:

00:00 – Начало
00:22 – Звёздный маникюр 
06:26 – Двойное свидание
16:40 – Валдай
25:15 – Свободные отношения 
37:05 – Папа Милф 
49:40 – Прощаемся со звёздным ведущим 

Подпишись на сообщество VK Видео, чтобы не пропустить новые выпуски: https://vk.com/vkvideo",3037,1740042000,4078431,420,9284,1910,https://vk.com/video_ext.php?oid=-220754053&id=456242978&hash=7ac19558d434da48&__ref=vk.admin_android&api_hash=17406068294c14a5236e809ee590_GMZDANZRGM2TCOA,1,1,1,False,https://sun1-91.userapi.com/impg/TuyXU7_vYfxZvHyRkVOObxYEoJTh46-1K3KjMw/PYTvkOjB0xk.jpg?size=130x96&quality=95&keep_aspect_ratio=1&background=000000&sign=bc0801dde82b642e070b1d808fa489b4&c_uniq_tag=TuLuVUlox04MyWDrxy3oVag9TPXUeY624AntprVttTY&type=video_thumb
456242976,-220754053,Женское шоу #6. Александр Ревва. Тизер,"Новое юмористическое «Женское шоу» с участием Вари Щербаковой, Олеси Иванченко, Кати Вяликовой, Димы Журавлёва и других, в котором они показывают смешные номера с женским взглядом на юмор. 

А чтобы зрителям было интересно, в каждом выпуске будет новый приглашенный звёздный гость, который не только будет выступать в роли ведущего, но и участвовать в номерах.  

Премьера шестого выпуска – 20 февраля эксклюзивно в VK Видео! Подпишись, чтобы не пропустить: https://vk.com/vkvideo",47,1739963400,87565,16,731,8,https://vk.com/video_ext.php?oid=-220754053&id=456242976&hash=dd62f495a50637f4&__ref=vk.admin_android&api_hash=1740606829e36ef6772134e2020f_GMZDANZRGM2TCOA,1,1,1,False,https://sun1-56.userapi.com/impg/GCY6o7b6gXRpAM7m__CmiR4gInK-oQgZC8ZXfQ/gH06V2OMq4g.jpg?size=130x96&quality=95&keep_aspect_ratio=1&background=000000&sign=27c0ed1df4a8175649052d111faa70ec&c_uniq_tag=Kt8R_VkqpUIBJq-fiBrjZEfmL1TjyQ0lGjEn8Wnle5g&type=video_thumb
456242973,-220754053,Смотри стендапы и шоу в VK Видео,"Скачивай приложение VK Видео, чтобы смотреть стендапы, шоу и другие видео: https://trk.mail.ru/c/u9nps17

#vkвидео #вквидео #vkvideo #реклама #рекламныйролик #рекламафевраль #нурлансабуров #сабуров #юмор #приложение #шоу #стендапы",15,1739786400,489311,4,62,2,https://vk.com/video_ext.php?oid=-220754053&id=456242973&hash=0fdd6123a37697db&__ref=vk.admin_android&api_hash=1740606829057932efcdd14c43aa_GMZDANZRGM2TCOA,1,1,1,False,https://i.mycdn.me/getVideoPreview?id=8185654282926&idx=9&type=39&tkn=uy-ds2XYK5r8kYsY1WCG4GKo4I4&fn=vid_s
456242972,-220754053,Смотри кулинарные шоу и рецепты в VK Видео,"Скачивай приложение VK Видео, чтобы смотреть кулинарные шоу, рецепты и другие видео: https://trk.mail.ru/c/u9nps17

#vkвидео #вквидео #vkvideo #реклама #рекламныйролик #рекламафевраль #константинивлев #ивлев #шеф #приложение #кулинарныешоу #рецепты",15,1739786400,2466,0,21,0,https://vk.com/video_ext.php?oid=-220754053&id=456242972&hash=5a033c9716de6a1d&__ref=vk.admin_android&api_hash=1740606829d47e3252caf75bed97_GMZDANZRGM2TCOA,1,1,1,False,https://i.mycdn.me/getVideoPreview?id=7919861893801&idx=9&type=39&tkn=QJn0ukqMx3iNJKyICnGxKxxQ9sM&fn=vid_s
456242971,-220754053,Смотри концерты и клипы в VK Видео,"Скачивай приложение VK Видео, чтобы смотреть концерты, клипы и другие видео: https://trk.mail.ru/c/u9nps17

#vkвидео #вквидео #vkvideo #реклама #рекламныйролик #рекламафевраль #баста #приложение #клипы #концерты",15,1739786400,3071,0,18,0,https://vk.com/video_ext.php?oid=-220754053&id=456242971&hash=8deda3f00516a9a2&__ref=vk.admin_android&api_hash=17406068292225ebea0390eaa5d7_GMZDANZRGM2TCOA,1,1,1,False,https://i.mycdn.me/getVideoPreview?id=7662693517859&idx=1&type=39&tkn=56prdc3c1aIaiseTYpOO3zSmXg8&fn=vid_s
456242959,-220754053,Валентинка от Юли Годуновой,,26,1739540037,51719,393,2305,35,https://vk.com/video_ext.php?oid=-220754053&id=456242959&hash=50c99c60e4a8e3cc&__ref=vk.admin_android&api_hash=17406068290ef488bf27dc7dab40_GMZDANZRGM2TCOA,1,1,1,False,https://i.mycdn.me/getVideoPreview?id=7716934453987&idx=6&type=39&tkn=vOpYIPAuo6oSSy_GcTpzIeAT1OA&fn=vid_s
456242955,-220754053,Валентинка от Артемия Лебедева,,32,1739530800,110983,519,8284,1472,https://vk.com/video_ext.php?oid=-220754053&id=456242955&hash=6a1e17c5bff49656&__ref=vk.admin_android&api_hash=174060682938bfd1d8cb9421aeb6_GMZDANZRGM2TCOA,1,1,1,False,https://i.mycdn.me/getVideoPreview?id=8214682667603&idx=0&type=39&tkn=eqf7joRZBumYgkaEty4JVgLR7yI&fn=vid_s
456242954,-220754053,Валентинка от Вали Карнавал,,45,1739530800,77349,388,3096,140,https://vk.com/video_ext.php?oid=-220754053&id=456242954&hash=7fb8dfeb83244f9e&__ref=vk.admin_android&api_hash=17406068298a74e109b90f7f9bc4_GMZDANZRGM2TCOA,1,1,1,False,https://i.mycdn.me/getVideoPreview?id=7842805779067&idx=0&type=39&tkn=tm92P-Vy8eb5AEEfn9XmLWkOqXk&fn=vid_s
456242953,-220754053,Валентинка от Николая Василенко,,59,1739530800,42694,145,865,472,https://vk.com/video_ext.php?oid=-220754053&id=456242953&hash=6e8fa55307054b1a&__ref=vk.admin_android&api_hash=1740606829d99549914a381a20d0_GMZDANZRGM2TCOA,1,1,1,False,https://i.mycdn.me/getVideoPreview?id=7743643257562&idx=0&type=39&tkn=wVVGVm77tXltLh4ML_KiZIJBeCc&fn=vid_s
456242952,-220754053,Валентинка от Амины Tenderlybae,,24,1739530800,68001,238,2541,86,https://vk.com/video_ext.php?oid=-220754053&id=456242952&hash=21373bb56f1b60dc&__ref=vk.admin_android&api_hash=17406068290579222688b352e22c_GMZDANZRGM2TCOA,1,1,1,False,https://i.mycdn.me/getVideoPreview?id=8017256581653&idx=1&type=39&tkn=X-Mb0sMmFBaqw8xZ7x2GhWF2nfs&fn=vid_s
456242944,-220754053,Женское шоу #5. Илья Satyr,"До 19 февраля на Ozon проходит Фантазируй! Распродажа. Скидки до 85% и безграничный выбор подарков – от стильной одежды до электроники: https://ozon.ru/t/AVEpYoD

Реклама. ООО «Интернет Решения», 123112, г. Москва, Пресненская наб., д. 10 эт. 41 пом I, комн. 6; ОГРН 1027739244741, 
erid: 2Vtzqwe6jgq

Стильный и ударопрочный смартфон HONOR X8c – это элегантность, надежность и функциональность. Только до 24 февраля действует специальное предложение: скидка и наушники в подарок. https://vk.cc/cIi636

В пятом выпуске «Женского шоу» в роли звёздного ведущего выступит Сатир (Илья Шабальников), который в начале выпуска посетит девушек с низкой социальной ответственностью. В номерах мы побываем в танцевальном классе, девушки с Патриков попадут в обычную баню, посмотрим, как родители пытаются понять, что такое криптовалюта, и узнаем, как может пройти первое свидание, если вместо тебя на него пошёл лучший друг…

Сегодня в выпуске:

00:00 – Начало
00:32 – Случай в гостиничном номере
08:19 – Танцы
19:26 – Экзамен по экономики
21:25 – Баня
31:50 – Крипто-семья
41:30 – Чужое свидание
53:01 – Прощаемся со звёздным ведущим 

Подпишись на сообщество VK Видео, чтобы не пропустить новые выпуски: https://vk.com/vkvideo",3232,1739437200,4415912,329,11743,2600,https://vk.com/video_ext.php?oid=-220754053&id=456242944&hash=0f46ebf9779791a6&__ref=vk.admin_android&api_hash=1740606829de52a7f82da22ed2bd_GMZDANZRGM2TCOA,1,1,1,False,https://sun1-47.userapi.com/impg/iYa6mVbZ8JirW2dxboDMTzfYHBjGsrZ9KbGubw/TRxFEmlPudw.jpg?size=130x96&quality=95&keep_aspect_ratio=1&background=000000&sign=55ba04d50e42523fc58aeb569ef2c46d&c_uniq_tag=z-ERopoUI-5xezl7OVLyGnXScOKhcjxNM-2c4wNvbFs&type=video_thumb
456242943,-220754053,Женское шоу #5. Илья Satyr. Тизер,"Новое юмористическое «Женское шоу» с участием Вари Щербаковой, Олеси Иванченко, Кати Вяликовой, Димы Журавлёва и других, в котором они показывают смешные номера с женским взглядом на юмор. 

А чтобы зрителям было интересно, в каждом выпуске будет новый приглашенный звёздный гость, который не только будет выступать в роли ведущего, но и участвовать в номерах.  

Пятый выпуск – 13 февраля эксклюзивно в VK Видео! Подпишись, чтобы не пропустить: https://vk.com/vkvideo",35,1739370600,268275,31,838,113,https://vk.com/video_ext.php?oid=-220754053&id=456242943&hash=8b61cb7138c5a55f&__ref=vk.admin_android&api_hash=1740606829ea519e731b390a29d7_GMZDANZRGM2TCOA,1,1,1,False,https://sun1-92.userapi.com/impg/jNXjp_i9TykYdqy__pD-CAjitf0FZnMU1iSPDQ/YzOWso6MYyw.jpg?size=130x96&quality=95&keep_aspect_ratio=1&background=000000&sign=e0d5ec2ec4130fafcaf28b7b203ed603&c_uniq_tag=Sqk81hGmNEHUtGioRwqVIYdz-OE1_0MMLVvWhq3oWxg&type=video_thumb
456242931,-220754053,Наоко Ямада приглашает посмотреть аниме «Твой цвет» (в кино с 13 февраля),"Тоцуко, старшеклассница с удивительным даром, видит цвета эмоций людей вокруг. Её мир переливается оттенками счастья, восторга и умиротворения, но один цвет кажется ей особенным, словно предначертанным судьбой. Когда Тоцуко, Кими и их друг Руи создают музыкальную группу, творчество помогает друзьям понять себя и друг друга. Смогут ли они вместе найти свой настоящий цвет?

Смотрите трогательное аниме о взрослении «Твой цвет» в кино с 13 февраля!",35,1738057842,309977,21,3590,96,https://vk.com/video_ext.php?oid=-220754053&id=456242931&hash=fea805ea7a7d221c&__ref=vk.admin_android&api_hash=1740606829e1be6ba17982bde070_GMZDANZRGM2TCOA,1,1,1,False,https://i.mycdn.me/getVideoPreview?id=7586304494114&idx=6&type=39&tkn=so-YOzFEuIq6gwSmvzcmHdTuTcU&fn=vid_s
456242922,-220754053,Звёзды. Камызяки. Сольный концерт,"Оформите дебетовые карты всей семьей, объединитесь с близкими в группу и получайте выгоду вместе: https://clck.ru/3FQ8oP 
Реклама. erid: 2VtzqvZqxiW 
  
Соскучились? А вот и они. Второй концерт легендарной команды «Камызяки» в VK Видео! Азамата Мусагалиев и его легендарики покажут очередную порцию юмора, новые номера, ну и конечно же, продолжат вам рассказывать, как там живет семья Магрипы Харипулаевны. Приятного просмотра!
 
Таймкоды:

00:00 – большой сольный концерт команды «Камызяки» 
00:29 – на сцене Камызяки 
05:29 – не по сценарию, но на сцене Денис Дорохов 
07:19 – что не так с ИП Мухамбаев? 
11:38 – вопрос от ИП Мухамбаев: а кто это все придумывает? 
14:28 – камызякский тату-салон 
15:57 – камызякская школа 
22:28 – камызякская семья Магрипы Харипулаевны и Азамата Тахировича 
29:24 – на сцене Гарик Харламов в роли… Тамары

Подписывайтесь на сообщество VK Видео, чтобы не пропустить новые выпуски: https://vk.com/vkvideo",3136,1737723600,8121345,1987,27473,10866,https://vk.com/video_ext.php?oid=-220754053&id=456242922&hash=fdd999f2aad319cd&__ref=vk.admin_android&api_hash=1740606829fd311dd4fa7d2e9c30_GMZDANZRGM2TCOA,1,1,1,False,https://sun1-22.userapi.com/impg/PfUoZnRShRZXXQk68X85Y1pyqthqa2AOK-dgYg/_siw6rbGH7g.jpg?size=130x96&quality=95&keep_aspect_ratio=1&background=000000&sign=515b8d8e85f40bf2bb5fa4d51b5cf413&c_uniq_tag=IxW07rKt822Y9F9VtTwuXKT1Zm2N8EKzGGs0vgUhzA4&type=video_thumb
456242920,-220754053,Звёзды. Камызяки. Сольный концерт. Тизер,"Соскучились? А вот и они! Второй концерт легендарной команды «Камызяки» – 24 января эксклюзивно в VK Видео.

Подпишись на сообщество, чтобы не пропустить: https://vk.com/vkvideo",53,1737644400,658021,33,6768,149,https://vk.com/video_ext.php?oid=-220754053&id=456242920&hash=c00c37d2095852a5&__ref=vk.admin_android&api_hash=17406068290854b4af60af7fcc20_GMZDANZRGM2TCOA,1,1,1,False,https://sun1-47.userapi.com/impg/sG9TsWDmbuXLdg245YkX65Qcha2Yh_TJIb7gag/Gdj2U_DvPL8.jpg?size=130x96&quality=95&keep_aspect_ratio=1&background=000000&sign=fd40a4bd4872daeb2311ac402462bb7e&c_uniq_tag=EQjmNTOBEo9E5xALJmpbRRVpuOIW9AR37R3BwGxFGFU&type=video_thumb
456242896,-220754053,Дорогой Дедушка Мороз #10,"Десятый выпуск – завершающий этап новогоднего волшебства! Мы подводим итоги и продолжаем исполнять мечты. Каждое письмо – это чудо, и мы с радостью продолжаем воплощать их в жизнь. Напоминаем, что некоторые желания будут исполнены вне эфира, и волшебство будет с нами ещё долго!

Таймкоды:

00:00 – «Дорогой Дедушка Мороз», начало выпуска №10
00:22 – Приветствие от Ивана Абрамова
01:04 – Зоя Яровицына смотрит видеописьмо от Вики из Екатеринбурга
02:09 – Азамат Мусагалиев смотрит видеописьмо от Тимофея из Санкт-Петербурга
03:14 – Дима Позов читает письмо от Егора из Липецка
03:55 – Игорь Джабраилов читает письмо от Вероники из Новосибирска
05:58 – Оля Малащенко смотрит видеопоздравление от Арины из Тюмени
06:58 – Расул Чабдаров читает письмо от Сёмы из Москвы
08:00 – Денис Дорохов смотрит видеописьмо от Артема из села Левокумское
11:33 – Айдар Гараев смотрит видеописьмо от Паши из Москвы
12:44 – Денис Дорохов смотрит видеописьмо от Андрея из Новороссийска
13:30 – Дима Журавлев смотрит видеописьмо от Сони и Маши из Краснодара
16:51 – Заключительные поздравительные слова от Ивана Абрамова

Подпишись на сообщество VK Видео, чтобы не пропустить новые выпуски: https://vk.com/vkvideo",1061,1736499600,2131975,237,3060,112,https://vk.com/video_ext.php?oid=-220754053&id=456242896&hash=5383a10168cb36e9&__ref=vk.admin_android&api_hash=1740606829727cbe00080e055f77_GMZDANZRGM2TCOA,1,1,1,False,https://sun1-21.userapi.com/impg/y5X3vg_m5X34vT9R0dePw9iT4FJTsetnqIHEzQ/yYQ76x4BPJ4.jpg?size=130x96&quality=95&keep_aspect_ratio=1&background=000000&sign=0c09939b3cf300fa7b2b064b70d7d16a&c_uniq_tag=YY6osNXpn8_gME4Ho_3mIvZ9AypD9PtGnMrw_2fZ9gw&type=video_thumb
456242895,-220754053,Дорогой Дедушка Мороз #9,"Девятый выпуск – новый этап исполнения мечт! «Помощники» Деда Мороза продолжают знакомить нас с детскими письмами и дарить невероятные моменты. С каждым выпуском дети всё ближе к своим заветным желаниям, и мы с радостью продолжаем этот путь.

Таймкоды:

00:00 – «Дорогой Дедушка Мороз», начало выпуска №9
00:23 – Приветствие от Алексея Шальнова
00:54 – Расул Чабдаров смотрит видеописьмо от Киры из Казани
03:07 – Азамат Мусагалиев смотрит видеописьмо от Льва из Краснокамска
03:28 – Оля Парфенюк смотрит видеописьмо от Софии из Смоленска
05:00 – Денис Дорохов смотрит видеописьмо от Миши из поселка Коченёво
08:03 – Андрей Бебуришвили читает письмо от Дениса из Санкт-Петербурга
09:37 – Алексей Шальнов смотрит видеописьмо от Вероники из города Ессентуки
12:33 – Павел Дедищев смотрит видеописьмо от Нарана, Мини, Заяна и Бату-Хана из Элисты
14:30 – Дима Журавлев смотрит видеописьмо от Матвея из Москвы
15:48 – Заключительные поздравительные слова от Алексея Шальнова

Подпишись на сообщество VK Видео, чтобы не пропустить новые выпуски: https://vk.com/vkvideo",990,1736413200,1513065,593,2439,85,https://vk.com/video_ext.php?oid=-220754053&id=456242895&hash=1142c7f920cb6916&__ref=vk.admin_android&api_hash=1740606829c4f22ceb1154895c67_GMZDANZRGM2TCOA,1,1,1,False,https://sun1-86.userapi.com/impg/WRG3rwK4AZvCu4uuHc9uUTkAWJDBXKlijx--fQ/TQGj-uWf99E.jpg?size=130x96&quality=95&keep_aspect_ratio=1&background=000000&sign=708a449c831c786c907fe187b49f1cca&c_uniq_tag=J5ndKGW_XzBlCRKZE_9A_elrxdzhzUJwGwibmUBM92w&type=video_thumb
456242894,-220754053,Дорогой Дедушка Мороз #8,"Восьмой выпуск – это ещё один шаг навстречу мечтам! «Помощники» Деда Мороза продолжают радовать детей, исполняя их желания. В этом выпуске ещё больше волшебства, каждый день приносит новые чудеса и улыбки.

Таймкоды:

00:00 – «Дорогой Дедушка Мороз», начало выпуска №8
00:22 – Приветствие от Зои Яровицыной
00:50 – Азамат Мусагалиев смотрит видеописьмо от от Паши из Читы
01:17 – Расул Чабдаров смотрит видеописьмо от Миши из Нальчика
02:10 – Гурам Амарян читает письмо от Глеба из Екатеринбурга
03:04 – Зоя Яровицына смотрит видеописьмо от Ярослава из города Ярославль
03:48 – Иван Абрамов смотрит видеописьмо от Аделины из Москвы
04:19 – Леша Янгер читает письмо от Максима из Балашихи
04:57 – Айдар Гараев смотрит видеописьмо от Артура из Казани
06:00 – Варя Щербакова читает письмо Ани из села Керебеляк
07:18 – Кирилл Мазур смотрит видеописьмо Саши из Москвы
08:23 – Игорь Джабраилов читает письмо от Лёни из Шадринска
09:32 – Андрей Бебуришвили смотрит видеописьмо от Лёвы из Волгограда
10:21 – Гурам Амарян смотрит видеописьмо от Андрея из Оренбурга
11:10 – Денис Дорохов смотрит видеописьмо от Алисы и Тошки из города Георгиевск
12:26 – Оля Малащенко читает письмо от Алисы из Ростова-На-Дону
13:21 – Дима Журавлев смотрит видеописьмо от Алины из Краснодара
14:42 – Алексей Шальнов смотрит видеописьмо от Миши из станицы Васюринской
16:18 – Заключительные поздравительные слова от Зои Яровицыной

Подпишись на сообщество VK Видео, чтобы не пропустить новые выпуски: https://vk.com/vkvideo",1013,1736326800,1521448,82,2423,59,https://vk.com/video_ext.php?oid=-220754053&id=456242894&hash=161fd0fe73d05bbd&__ref=vk.admin_android&api_hash=17406068298bbdfc47b4bb1f22b5_GMZDANZRGM2TCOA,1,1,1,False,https://sun1-94.userapi.com/impg/bjuP3meE1sN0AInaPBHHb-TD9HY8xvcFX7OqDQ/ajBgjUmjQ1A.jpg?size=130x96&quality=95&keep_aspect_ratio=1&background=000000&sign=724665f4bbbf06e647d20207b13afcd8&c_uniq_tag=nJ6Ua3dYNxpJHtA-IBSzZ40uOl0b15lFxuCNTtrqmC0&type=video_thumb
456242890,-220754053,Ферма. Серия 10,"Развязка близка. У ребят появляется шансы вырваться из долговой ямы. И навозной тоже. Сергей Жуков согласен снимать с ребятами рекламу, им осталось только не испортить всё, но получится ли….

Все серии сериала «Ферма» ищите в плейлисте: https://vkvideo.ru/playlist/-220754053_49

И подпишитесь на сообщество VK Видео, чтобы не пропустить новые выпуски: https://vk.com/vkvideo",565,1736254800,2103869,54,2044,232,https://vk.com/video_ext.php?oid=-220754053&id=456242890&hash=0a5ac89f90fc91ee&__ref=vk.admin_android&api_hash=1740606829ee7372652d9dffe484_GMZDANZRGM2TCOA,1,1,1,False,https://sun1-26.userapi.com/impg/gHLulJLxKn5MuoIbfKIe35BZhhJNP0a4tUqtxg/_5diA0IwyFk.jpg?size=130x96&quality=95&keep_aspect_ratio=1&background=000000&sign=600f2f18ca6b315e050163386c4b2c3a&c_uniq_tag=1TUB58_oOpFroJyilvbYPPAp2fXMgMXbm9Wq80s6MxA&type=video_thumb
456242889,-220754053,Ферма. Серия 9,"Наконец-то запах успеха и денег – Сергей Жуков хочет снимать контент с нашей командой блогеров. Но выясняются неожиданные обстоятельства – оказывется они не виноваты в поджоге того злополучного дома. Это сделал их продюсер Макс – и теперь друзья объявляют ему бойкот. 

Все серии сериала «Ферма» ищите в плейлисте: https://vkvideo.ru/playlist/-220754053_49

И подпишитесь на сообщество VK Видео, чтобы не пропустить новые выпуски: https://vk.com/vkvideo",528,1736247600,2093322,26,2056,294,https://vk.com/video_ext.php?oid=-220754053&id=456242889&hash=6cb8c0bdbe773479&__ref=vk.admin_android&api_hash=1740606829be0bed5b410273abe2_GMZDANZRGM2TCOA,1,1,1,False,https://sun1-20.userapi.com/impg/lVgrZ3OT3cJISvjKJTQQvq4_5j0Sma3JbF2ffw/vAuCRnb9V4s.jpg?size=130x96&quality=95&keep_aspect_ratio=1&background=000000&sign=76bfd10bcb6d217a48309b3fa3d32899&c_uniq_tag=r4Xv5lnE8w0PBtkss6_S3qdPmqqlI6nFQGgPWcGm3K4&type=video_thumb
456242893,-220754053,Дорогой Дедушка Мороз #7,"Седьмой выпуск наполняет нас новыми детскими мечтами! «Помощники» Деда Мороза продолжают дарить детям радость, воплощая их заветные желания. Каждый момент – это маленькое чудо, и мы с нетерпением ждём, чтобы разделить его с вами.

Таймкоды:

00:00 – «Дорогой Дедушка Мороз», начало выпуска №7
00:22 – Приветствие от Игоря Джабраилова
00:46 – Дмитрий Позов читает письмо от Вани из Иваново
01:40 – Расул Чабдаров смотрит видеописьмо от Данила из города Нарьян-Мар
03:57 – Гурам Амарян читает письмо от Саши из Подольска
04:50 – Павел Дедищев читает письмо от Саши из Курска
05:29 – Леша Янгер смотрит видеописьмо от Вероники из Ростова-на-Дону
06:05 – Оля Малащенко читает письмо от Арины из Брянска
06:55 – Андрей Бебуришвили смотрит видеописьмо от Кати из города Бугры
08:09 – Азамат Мусагалиев смотрит видеописьмо от Миши из села Утёвка
08:56 – Оля Парфенюк читает письмо от Тимофея из Симферополя
09:40 – Айдар Гараев смотрит видеописьмо от Андрея из Санкт-Петербурга
10:11 – Кирилл Мазур читает письмо от Саши из города Кумертау
10:29 – Иван Абрамов смотрит видеописьмо от Лизы из города Аксай
10:54 – Алексей Шальнов читает письмо от Артема из Санкт-Петербурга
12:03 – Оля Малащенко смотрит видеописьмо от Василины из Саратова
13:38 – Дима Журавлев смотрит видеописьмо от Азама из села Лопатино
15:28 – Заключительные поздравительные слова от Игоря Джабраилова

Подпишись на сообщество VK Видео, чтобы не пропустить новые выпуски: https://vk.com/vkvideo",969,1736240400,1555844,49,2895,43,https://vk.com/video_ext.php?oid=-220754053&id=456242893&hash=f385353b03690851&__ref=vk.admin_android&api_hash=1740606829552b5e17f405c09ba5_GMZDANZRGM2TCOA,1,1,1,False,https://sun1-27.userapi.com/impg/svbPNgFy_amUewyYbkGmxl9YlgGmbSvFL5rdrg/bi9RGManIiE.jpg?size=130x96&quality=95&keep_aspect_ratio=1&background=000000&sign=5dff143fa7e998a31ff42f4b038d9b90&c_uniq_tag=HiJUcFEnbhHirqCCpAlTMTxy0p-o9KINgKDbwO53M50&type=video_thumb
456242888,-220754053,Ферма. Серия 8,"На Ферме событие вселенского масштаба – к ним приехал Сергей Жуков. Вообще он здесь, чтобы заключить контракт на поставку продуктов для своей кондитерской, но наши блогеры понимают, что это их шанс, чтобы снять вирусный контент со звездой. И готовы ради этого пойти на самые крайние меры. 

Все серии сериала «Ферма» ищите в плейлисте: https://vkvideo.ru/playlist/-220754053_49

И подпишитесь на сообщество VK Видео, чтобы не пропустить новые выпуски: https://vk.com/vkvideo",715,1736168400,2167825,33,2487,380,https://vk.com/video_ext.php?oid=-220754053&id=456242888&hash=08ef834420cc3d83&__ref=vk.admin_android&api_hash=174060682986a7e914cc2b410cce_GMZDANZRGM2TCOA,1,1,1,False,https://sun1-87.userapi.com/impg/Xe_PmYR1ClA5DhfcZzDYcT4YL9Gc1iUgFuk_vQ/IOJwE40bdgQ.jpg?size=130x96&quality=95&keep_aspect_ratio=1&background=000000&sign=c8cfe2bd91abad75d1ed82f65d0d73a6&c_uniq_tag=tiolwBHlkhD8Oa6Vkmo9kcnC1zx50wOncigHjY3pNus&type=video_thumb
456242887,-220754053,Ферма. Серия 7,"Ребята продолжают снимать контент в деревне, и у них даже появились союзники среди местных жителей. А Фил закрутил роман с дочерью хозяина фермы, правда тот об этом пока не знает. 

Все серии сериала «Ферма» ищите в плейлисте: https://vkvideo.ru/playlist/-220754053_49

И подпишитесь на сообщество VK Видео, чтобы не пропустить новые выпуски: https://vk.com/vkvideo",627,1736161200,2083494,36,2255,234,https://vk.com/video_ext.php?oid=-220754053&id=456242887&hash=43548ee0ea405dbc&__ref=vk.admin_android&api_hash=1740606829a6b23c7fc35f54bb9b_GMZDANZRGM2TCOA,1,1,1,False,https://sun1-92.userapi.com/impg/zhQsZRqo9nBHz72amt37K8GW3ra0bpsAFNf2-A/6ZyGu5UdRGI.jpg?size=130x96&quality=95&keep_aspect_ratio=1&background=000000&sign=1e59e1fa3d1473840f4702b0947479e3&c_uniq_tag=B243AtxprBsVknFSWvqmQaZLCaS6RIikxPO2_SuT_Sk&type=video_thumb
456242875,-220754053,Дорогой Дедушка Мороз #6,"Шестой выпуск проекта «Дорогой Дедушка Мороз» продолжает дарить радость! В этом выпуске «помощники» Деда Мороза исполняют самые чудесные желания. Каждое письмо наполняет сердца детей теплом и волшебством, а январь превращается в месяц чудес, которые сбудутся!

Таймкоды:

00:00 – «Дорогой Дедушка Мороз», начало выпуска №6
00:22 – Приветствие от Оли Парфенюк
00:54 – Дмитрий Позов читает письмо Сережи из Смоленска
01:27 – Зоя Яровицына поздравляет Еву из Тамбова
02:25 – Кирилл Мазур читает письмо от Сени из Ельца
02:55 – Гурам Амарян смотрит видеописьмо от Василисы из Череповца
04:59 – Оля Парфенюк поздравляет Ярика из Самары
06:47 – Айдар Гараев читает письмо Полины из Тюмени
07:09 – Игорь Джабраилов поздравляет Тимофея из города Александрова
08:01 – Гарик Харламов смотрит видеописьмо от Саши из Ярославля
09:04 – Варвара Щербакова читает письмо от Вероники из Ростовской области
09:41 – Иван Абрамов смотрит видеописьмо от Вероники и Вани из Краснодарского края
10:38 – Надя Джабраилова читает письмо от Феди из города Пушкина
11:13 – Расул Чабдаров читает письмо от Тагира из Майкопа
11:58 – Алексей Шальнов смотрит видеописьмо от Лены и Ани из Соликамска
14:41 – Заключительные поздравительные слова от Оли Парфенюк

Подпишись на сообщество VK Видео, чтобы не пропустить новые выпуски: https://vk.com/vkvideo",920,1736154000,1535985,57,2882,74,https://vk.com/video_ext.php?oid=-220754053&id=456242875&hash=f095260d181ecafd&__ref=vk.admin_android&api_hash=1740606829f5c1a8b428af984c54_GMZDANZRGM2TCOA,1,1,1,False,https://sun1-18.userapi.com/impg/P_gkbQQtGUnWNcv1ZZDzJzspwEff6-_0lM4NdQ/ndJ0-gpCAdk.jpg?size=130x96&quality=95&keep_aspect_ratio=1&background=000000&sign=2cf9e99fdaa8acd6905221220178ddd4&c_uniq_tag=J9_FEUqNtFOfhh1RPPnm-m07Jb13V38eENEIVqNRi6M&type=video_thumb
456242886,-220754053,Ферма. Серия 6,"После успешной рекламы молока от блогеров дела у хозяина фермы пошли в гору. Но тут же появляются местные полицейские, которые ищут чем поживиться. Но и тут ребята приходят на помощь честному фермеру, а некоторые из них даже находят новые романтические знакомства. 

Все серии сериала «Ферма» ищите в плейлисте: https://vkvideo.ru/playlist/-220754053_49

И подпишитесь на сообщество VK Видео, чтобы не пропустить новые выпуски: https://vk.com/vkvideo",600,1736082000,2090330,18,1975,130,https://vk.com/video_ext.php?oid=-220754053&id=456242886&hash=81d7807a3df956a8&__ref=vk.admin_android&api_hash=17406068292da001ff13bb9a9a76_GMZDANZRGM2TCOA,1,1,1,False,https://sun1-91.userapi.com/impg/i4OBSqfzOz0HMIOGs0Zym2QLWJ9Ilu6uay2PqQ/DaO6dSAoomc.jpg?size=130x96&quality=95&keep_aspect_ratio=1&background=000000&sign=dc2dc634a85a36b37eb53a92d87f3449&c_uniq_tag=UYLdVmu9-aG-DO7nVJecUILdZ7s3lTynMgLdHT90Xrw&type=video_thumb
456242885,-220754053,Ферма. Серия 5,"Приключения блогеров на ферме продолжаются! О возврате долго пока говорить рано, ребятам даже есть нечего. Они находят халтуру – решают снять рекламу молока для брата Босса, которому должны денег. Что из этого выйдет – смотри в новой серии «Фермы».

Все серии сериала «Ферма» ищите в плейлисте: https://vkvideo.ru/playlist/-220754053_49

И подпишитесь на сообщество VK Видео, чтобы не пропустить новые выпуски: https://vk.com/vkvideo",665,1736074800,2038753,38,2472,302,https://vk.com/video_ext.php?oid=-220754053&id=456242885&hash=f9dd3e69c171aa51&__ref=vk.admin_android&api_hash=1740606829f631d84cc4be08097e_GMZDANZRGM2TCOA,1,1,1,False,https://sun1-28.userapi.com/impg/5V-vFMkYrqITmrznvpYbzgvpoEdBU_t-Xke2aA/MuMoKtn4c-8.jpg?size=130x96&quality=95&keep_aspect_ratio=1&background=000000&sign=fd04e09b5b4d4c749c51f614c7827ece&c_uniq_tag=vXVSi3cBLKbUGzdt-OVtsSZL8SK479PZncfTOJCtLLM&type=video_thumb
456242874,-220754053,Дорогой Дедушка Мороз #5,"Пятый выпуск самого доброго новогоднего проекта «Дорогой Дедушка Мороз»! Детские желание продолжают исполняться «помощниками» Деда Мороза. Весь январь мы будем связываться с мальчишками и девчонками и воплощать их заветные мечты в реальность.

Таймкоды:

00:00 – «Дорогой Дедушка Мороз», начало выпуска №5
00:22 – Приветствие от Дениса Дорохова
01:09 – Оля Малащенко читает письмо Анжелики из города Касли
02:11 – Расул Чабдаров читает письмо от Богдана из Ставрополя
03:12 – Карина Кросс читает письмо от Сони из Симферополя
04:48 – Леша Янгер поздравляет Леонардо из Кургана
05:48 – Алексей Шальнов смотрит письмо от Матвея из Новопавловска
06:43 – Надя Джабраилова читает письмо от Майи из Москвы
07:22 – Зоя Яровицына читает письмо Кирилла из Тольятти
08:01 – Денис Дорохов читает письмо Арины из Сызрани
09:03 – Азамат Мусагалиев читает письмо Ксении из Санкт-Петербурга
09:53 – Оля Парфенюк смотрит видеописьмо от Лизы из Санкт-Петербурга
11:32 – Гарик Харламов смотрит видеописьмо от Даниила из Воронежа
12:48 – Дима Журавлев смотрит видеописьмо от Таси из Санкт-Петербурга
14:49 – Заключительные поздравительные слова от Дениса Дорохова

Подпишись на сообщество VK Видео, чтобы не пропустить новые выпуски: https://vk.com/vkvideo",920,1736067600,1513482,54,2782,52,https://vk.com/video_ext.php?oid=-220754053&id=456242874&hash=5633ce89e91dc80f&__ref=vk.admin_android&api_hash=17406068299c529c0ea09f6e445f_GMZDANZRGM2TCOA,1,1,1,False,https://sun1-57.userapi.com/impg/QOgxtXQWBlSfCUhuxPkWQCdv3bubhqjWDminsw/B1nS8EgLlsE.jpg?size=130x96&quality=95&keep_aspect_ratio=1&background=000000&sign=207c75d2734055b571138397c7ac9437&c_uniq_tag=o8Aiht-fBk7OfOgEr48he1e0UgAY_7D0ENeJV6_bnLg&type=video_thumb
456242884,-220754053,Ферма. Серия 4,"Ребята понимают, что по отдельности у них не очень получается достигать славы. Они решают объединиться и снимать пранки, но выбирают не ту жертву – грозного деревенского мясника. 

Все серии сериала «Ферма» ищите в плейлисте: https://vkvideo.ru/playlist/-220754053_49

И подпишитесь на сообщество VK Видео, чтобы не пропустить новые выпуски: https://vk.com/vkvideo",752,1735995600,2039005,29,2016,213,https://vk.com/video_ext.php?oid=-220754053&id=456242884&hash=758d021db444828f&__ref=vk.admin_android&api_hash=1740606829f50e7d5eac867c1fe3_GMZDANZRGM2TCOA,1,1,1,False,https://sun1-89.userapi.com/impg/Qm2XWga5r2CMYaJjhHBSnAset9jRoSN1fpwhig/OIkjaticpUs.jpg?size=130x96&quality=95&keep_aspect_ratio=1&background=000000&sign=824f2ae81daf0ff8248bce2dd232f0be&c_uniq_tag=ZzSuAlHmRJ3qg_8FbukhgsWd1M76LDugDCX0YxB4Qzs&type=video_thumb
456242883,-220754053,Ферма. Серия 3,"Боссу Макса совсем не нравится, что снимают ребята. Чтобы выслужиться они идут на крайние меры – решают снимать на кладбище. К чему это привело – смотри в новой серии. 

Все серии сериала «Ферма» ищите в плейлисте: https://vkvideo.ru/playlist/-220754053_49

И подпишитесь на сообщество VK Видео, чтобы не пропустить новые выпуски: https://vk.com/vkvideo",504,1735988400,2057734,35,2140,205,https://vk.com/video_ext.php?oid=-220754053&id=456242883&hash=2c0efd174d3d1c43&__ref=vk.admin_android&api_hash=1740606829de74c3bef6ef275ae8_GMZDANZRGM2TCOA,1,1,1,False,https://sun1-20.userapi.com/impg/MlH06o2pPJqIo5tx2nlYSaFh6Xr_69zZnvOkag/cuyAaZrXLO8.jpg?size=130x96&quality=95&keep_aspect_ratio=1&background=000000&sign=d176fa2e5b9aac51f960f2a3cb9fd131&c_uniq_tag=DE_G7FhDbuA60XgdvVuq_gxdJJsBbR8dlDHo_iJK4fY&type=video_thumb
456242873,-220754053,Дорогой Дедушка Мороз #4,"Новый год уже прошел, а «помощники» Деда Мороза продолжают читать письма и исполнять желания. Весь январь Дед Мороз будет связаться с мальчишками и девчонками и исполнять их желания.

Таймкоды:

00:00 – «Дорогой Дедушка Мороз», начало выпуска №4
00:22 – Приветствие от Димы Журавлева
00:47 – Оля Парфенюк читает письмо от Кати из Санкт-Петербурга
01:47 – Игорь Джабраилов читает письмо от Маши из Санкт-Петербурга
02:36 – Зоя Яровицына смотрит видеописьмо Кости из Иркутска
03:39 – Павел Дедищев поздравляет ребят из центра помощи «Надежда»
06:18 – Иван Абрамов смотрит видеописьмо от Саши из города Асбест
07:07 – Надя Джабраилова поздравляет Никиту из Белгорода
08:12 – Расул Чабдаров смотрит видеописьмо от Саши и Даши из Вологды
10:11 – Азамат Мусагалиев поздравляет Златославу из Сочи
11:12 – Денис Дорохов читает письмо от Захара из станицы Полтавской
11:41 – Дима Журавлев смотрит видеописьмо от Кости из Москвы
13:50 – Варвара Щербакова смотрит видеописьмо от Алисы из Москвы
15:26 – Заключительные поздравительные слова от Димы Журавлева

Подпишись на сообщество VK Видео, чтобы не пропустить новые выпуски: https://vk.com/vkvideo",962,1735981200,1509491,29,3039,47,https://vk.com/video_ext.php?oid=-220754053&id=456242873&hash=29c0ca8dbf75adfb&__ref=vk.admin_android&api_hash=17406068295c0ea0a62de29ba796_GMZDANZRGM2TCOA,1,1,1,False,https://sun1-88.userapi.com/impg/MH_3orVDHqTy1S7ElgPjQBPE9V4Xe8F6ySkTMw/ySdE5Z2fNaA.jpg?size=130x96&quality=95&keep_aspect_ratio=1&background=000000&sign=80fa029288ddb32ea3688a5d26734175&c_uniq_tag=ylGXE9cACkwNnmCQX6OB8d3IHKuSOJSnFCCW_XtINnw&type=video_thumb
456242882,-220754053,Ферма. Серия 2,"Блогеры Макса пытаются освоится и привыкнуть к суровым условиям русской деревни. В попытках поснимать, что-то стоящее у них начинаются конфликты с местным населением, которые совсем не рады новому соседству. 

Все серии сериала «Ферма» ищите в плейлисте: https://vkvideo.ru/playlist/-220754053_49

И подпишитесь на сообщество VK Видео, чтобы не пропустить новые выпуски: https://vk.com/vkvideo",523,1735909200,2043524,46,2360,202,https://vk.com/video_ext.php?oid=-220754053&id=456242882&hash=9bf45ae4d4a39296&__ref=vk.admin_android&api_hash=1740606829f48b9779fb74cd2611_GMZDANZRGM2TCOA,1,1,1,False,https://sun1-26.userapi.com/impg/46jghQJ_p3yKN--PPUgK9cI2CVKn-uOKKmTjaw/8cIKWV7L31g.jpg?size=130x96&quality=95&keep_aspect_ratio=1&background=000000&sign=5c37a1728787385189fc3a85d3b3a838&c_uniq_tag=jAzNain3UbG8PfPAZpMtHFwaiVpF4cxBUj014zZKLlk&type=video_thumb
456242877,-220754053,Ферма. Серия 1,"Максим мечтает разбогатеть и тайно подселяет в дом босса команду блогеров, чтобы они пилили контент. Но гонка за популярностью заканчивается неудачей – они случайно сжигают особняк и попадают на гигантскую сумму. Чтобы отработать долг они переселяются в глухую деревню, без каких либо удобств и начинают творить.

Все серии сериала «Ферма» ищите в плейлисте: https://vkvideo.ru/playlist/-220754053_49

И подпишитесь на сообщество VK Видео, чтобы не пропустить новые выпуски: https://vk.com/vkvideo",639,1735902000,2072783,75,2952,573,https://vk.com/video_ext.php?oid=-220754053&id=456242877&hash=5d0166d2cc229b4c&__ref=vk.admin_android&api_hash=174060682933d77512ef39492063_GMZDANZRGM2TCOA,1,1,1,False,https://sun1-15.userapi.com/impg/al1ANT2EWm7TTid7VO_t3c2YwsJ98p8lowyl6Q/x04_o_aylz8.jpg?size=130x96&quality=95&keep_aspect_ratio=1&background=000000&sign=067824863887d72352d7f7055849c451&c_uniq_tag=1DTGftqXJaOHWTOfqbYFO47v-qG7RM40MW0v4pnAk_Y&type=video_thumb
456242872,-220754053,Дорогой Дедушка Мороз #3,"В третий день нового года: мы продолжаем знакомиться с участниками проекта «Дорогой Дедушка Мороз» и исполнять их желания. Напоминаем, что каждый день до 10 января мы будем показывать только малую часть писем, которые вы нам написали. Большое количество заветных детских желаний мы исполним вне эфира. Весь январь Дед Мороз будет связаться с мальчишками и девчонками и исполнять их желания. 

Таймкоды:

00:00 – «Дорогой Дедушка Мороз», начало выпуска №3
00:23 – Приветствие от Димы Позова
00:53 – Варвара Щербакова читает письмо от Саши из Челябинска
01:34 – Айдар Гараев смотрит видеописьмо от Леры из Йошкар-Олы
02:14 – Карина Кросс читает письмо от Варвары из Мокшана
02:46 – Алексей Шальнов смотрит видеописьмо от Саши из Владивостока
04:29 – Дима Позов читает письмо от Сережи из Воронежа
05:30 – Оля Малащенко смотрит видеописьмо от Маши из Калининграда
06:57 – Андрей Бебуришвили читает письмо от Дианы из Казани
07:21 – Оля Парфенюк смотрит видеописьмо от Захара из Краснодара
08:40 – Гурам Амарян смотрит видеописьмо от Алены из города Муравленко
09:41 – Надя Джабраилова поздравляет Ваню из города Шахты
11:07 – Лёша Янгер читает письмо от Майи из Москвы
12:02 – Павел Дедищев смотрит видеописьмо от Саши из Новосибирска
14:40 – Заключительные поздравительные слова от Димы Позова

Подпишись на сообщество VK Видео, чтобы не пропустить новые выпуски: https://vk.com/vkvideo",921,1735894800,1508802,68,3369,98,https://vk.com/video_ext.php?oid=-220754053&id=456242872&hash=503410e1b2a7b034&__ref=vk.admin_android&api_hash=1740606829bfdd37111ddacacb28_GMZDANZRGM2TCOA,1,1,1,False,https://sun1-98.userapi.com/impg/Ja7MnnnSzNGMa-xHcEeSAz-41jcBzpkKkOA7tg/cqzmkGL82cw.jpg?size=130x96&quality=95&keep_aspect_ratio=1&background=000000&sign=f16b6142dd9d49ebc7b88d7566e2b19c&c_uniq_tag=EMfD9hvT1OO922u_ax4t5_RZyeuM6gcc85uriGzSI5k&type=video_thumb
456242876,-220754053,Ферма. Тизер сериала,"Новый комедийный сериал «Ферма»!

Команда начинающих блогеров случайно сжигают клип-хаус, в котором живут и снимают контент.  Теперь они должны огромную сумму серьезным людям. Чтобы вернуть деньги, они переселяются в глухую деревню и начинают творить.  

Премьера 3 января эксклюзивно в VK Видео! Подпишись, чтобы не пропустить: https://vk.com/vkvideo",60,1735819200,382640,8,243,29,https://vk.com/video_ext.php?oid=-220754053&id=456242876&hash=fdaeaf1528a89d97&__ref=vk.admin_android&api_hash=1740606829a12ba735857b43f037_GMZDANZRGM2TCOA,1,1,1,False,https://sun1-86.userapi.com/impg/EE9RPv5OayoERgP3F2TUcNdnGjJ6V5F5HrpkuQ/BenJXWC0SpA.jpg?size=130x96&quality=95&keep_aspect_ratio=1&background=000000&sign=89a8fee70650e1085c62905d617a1d3d&c_uniq_tag=G1IvvDr4UqQT4nSx2F_3p5102OwTl52nkakbrFc-ePE&type=video_thumb
456242871,-220754053,Дорогой Дедушка Мороз #2,"Мы продолжаем исполнять желания детей в нашем новогоднем проекте «Дорогой Дедушка Мороз». Весь январь Дед Мороз будет связаться с мальчишками и девчонками и исполнять их желания. 

Таймкоды:

00:00 – «Дорогой Дедушка Мороз», начало выпуска №2
00:22 – Приветствие от Гарика Харламова
00:55 – Дмитрий Журавлев читает письмо от Насти из Екатеринбурга
01:18 – Оля Парфенюк читает письмо от Карины из Новосибирска
02:06 – Кирилл Мазур читает письмо от Тараса из поселка Челкумаги
02:41 – Варвара Щербакова смотрит видеописьмо от Миры из Долгопрудного
03:34 – Азамат Мусагалиев читает письмо от Мирона из Краснодара
04:15 – Денис Дорохов смотрит видеописьмо от Лизы из Ростова-на-Дону
06:24 – Карина Кросс читает письмо от Вики из Тольятти
07:05 – Игорь Джабраилов смотрит видеописьмо от Димы из села Топчиха
08:45 – Зоя Яровицына читает письмо от Вероники из города Клин
09:14 – Павел Дедищев поздравляет Ярослава из Курска
09:54 – Оля Малащенко смотрит видеописьмо от Алисы из Екатеринбурга
11:16 – Гарик Харламов смотрит видеописьмо от Эмира и Дианы из Санкт-Петербурга
12:16 – Алексей Шальнов смотрит видеописьмо от Лизы из Екатеринбурга
14:15 – Заключительные поздравительные слова от Гарика Харламова

Подпишись на сообщество VK Видео, чтобы не пропустить новые выпуски: https://vk.com/vkvideo",900,1735808400,1506724,57,3903,138,https://vk.com/video_ext.php?oid=-220754053&id=456242871&hash=0f7944a7d3ce5276&__ref=vk.admin_android&api_hash=174060682981dc926e559119e047_GMZDANZRGM2TCOA,1,1,1,False,https://sun1-84.userapi.com/impg/diVWovjsawaJJA540t4u9fkkbK06A3GwDSe0SQ/21eK0CQ3fIQ.jpg?size=130x96&quality=95&keep_aspect_ratio=1&background=000000&sign=8f5d641d2b78fbcc9bcd149ca944d7e8&c_uniq_tag=ObSXKeVZhXeMQPiJkiYeEXU-05ZP0NvHjbe-O_gBow4&type=video_thumb
456242870,-220754053,Дорогой Дедушка Мороз #1,"Первый выпуск самого новогоднего и самого доброго проекта «Дорогой Дедушка Мороз». Сегодня наши «помощники» Деда Мороза начнут читать детские письма, которые мы получали весь декабрь. Писем настолько много, что здесь мы покажем только часть из них, а некоторые желания обязательно исполним вне эфира. Весь январь Дед Мороз будет связаться с мальчишками и девчонками и исполнять их желания. 

Таймкоды:

00:00 – «Дорогой Дедушка Мороз», начало выпуска №1
00:23 – Приветствие от Азамата Мусагалиева
00:47 – Зоя Яровицына читает письмо Ованеса из Геленджика
01:12 – Азамат Мусагалиев смотрит смотрит видеописьмо от Демида из Челябинска
02:18 – Надя Джабраилова поздравляет Еву из Кирова
03:20 – Иван Абрамов смотрит видеописьмо от Миры из Москвы
05:45 – Варвара Щербакова поздравляет Соню из Москвы 
06:32 – Расул Чабдаров смотрит видеописьмо от Саши из города Кремёнки
07:46 – Ольга Малащенко читает письмо от Ани из Благовещенска
09:03 – Гарик Харламов смотрит видеописьмо от Эвы из Ульяновска
10:52 – Оля Парфенюк смотрит видеописьмо Айсель из Москвы
11:44 – Гурам Амарян читает письмо от Влада из Липецка
12:29 – Игорь Джабраилов читает письмо от Альберта из Казани
13:33 – Денис Дорохов поздравляет Мишу из Сыктывкара
15:40 – Дмитрий Позов читает письмо от Вани из Иваново
16:35 – Заключительные поздравительные слова от Азамата Мусагалиева

Подпишись на сообщество VK Видео, чтобы не пропустить новые выпуски: https://vk.com/vkvideo",1035,1735722000,1516168,158,6445,371,https://vk.com/video_ext.php?oid=-220754053&id=456242870&hash=10f8d9b82657ce78&__ref=vk.admin_android&api_hash=1740606829d76104040ec71e618c_GMZDANZRGM2TCOA,1,1,1,False,https://sun1-17.userapi.com/impg/qq-HosvZt2oci_z2o-whLMbg_-yUN-MXZHfzRA/fult8rpgBGg.jpg?size=130x96&quality=95&keep_aspect_ratio=1&background=000000&sign=59620ef8abc2d51c07110f712bbddd5c&c_uniq_tag=n0PzRpuoNGg_7V3ovtB-W5v3tSMtSBzwzRrQKH7H5yE&type=video_thumb
456242868,-220754053,Дорогой Дедушка Мороз. Тизер,"Дорогой Дедушка Мороз…

Новый год – время чудес и исполнения желаний! Весь декабрь мы получали множество видеописем от детей со всех уголков нашей большой страны. 

Какие-то из этих писем мы покажем в эфире, а какие-то прочитаем в текстовом формате. Некоторые заветные желания будут обязательно исполнены вне эфира. 

Весь январь помощники Деда Мороза будут поздравлять мальчишек и девчонок и воплощать их мечты в жизнь. 

Спасибо за ваши письма и видео! Продолжайте верить в чудеса! С Новым годом!",88,1735646400,868181,6,543,5,https://vk.com/video_ext.php?oid=-220754053&id=456242868&hash=ede9ee66a4fe847a&__ref=vk.admin_android&api_hash=17406068293667dc259470a6f8cd_GMZDANZRGM2TCOA,1,1,1,False,https://sun1-16.userapi.com/impg/6YgGLcj6KzizY-EuEEzeRO4C2NmsNwzh6li_lw/X_1Nqc2pX68.jpg?size=130x96&quality=95&keep_aspect_ratio=1&background=000000&sign=66c6c2fdb79b539d93f571983583aa4b&c_uniq_tag=OkrsiS4dhWce8gg4bDAg2GMfEWzBn4D9zU8BSYA_DVU&type=video_thumb
456242859,-220754053,"КСТАТИ #66 – Новогодний специальный выпуск. Харламов, Мусагалиев, Дорохов и все-все-все","С Новым годом, предприниматели! Творите бизнес-чудеса каждый день вместе с ВТБ! https://vk.cc/cGlbax
Реклама. erid: 2VtzqwKy6Bk
 
На Ozon Travel выгодные цены, удобный и простой интерфейс, а еще есть мильная программа! Переходите по ссылке и планируйте свой отдых легко –https://ozon.ru/t/L1MVB4d
Реклама. erid: 2Vtzqv3yoUn
 
С безлимитным интернетом по выходным и праздникам от t2 – вам хватит! Успейте подключить тариф «Хватит» от t2 до 31.01 https://vk.cc/cFPIiu

Новогодний выпуск шоу «Кстати» с Азаматом Харламовым. Самые популярные артисты, режиссёры, певцы, музыканты, комики, блогеры, инфлюэнсеры, шоумены и даже Дорохов в песенно-развлекательно-танцевательно-игрательно-придурошно-увеселительном времяпрепровождении за первый новогодний кубок «Кстати».

Таймкоды: 

00:00 – Начинаем новогодний выпуск «Кстати»
03:48 – Команда Дорохова против команды Харламова
05:40 – Жюри новогоднего спецвыпуска
11:12 – Команда Дорохова
16:50 – Команда Харламова
21:23 – Новогодний кубок
22:40 – Моя Мишель – «Зима в сердце»
29:18 – Колесо рэпа (SQWOZ BAB и Чебатков против Джигана и Паши Техника)
45:09 – Антон Беляев и Купание обезьяны в тёплой воде – «Ëлочка»
50:02 – Русифицируем зарубежные хиты (Полина Гагарина против Navai)
58:43 – Wallem – «Харизма»
01:01:33 – Поздравительная речь от Отара Кушанашвили
01:05:28 – Xolidayboy – «Антикиллер»
01:08:58 – Музыкальное картинковедение (Олег Маями, Айдар Гараев и Ваня Дмитриенко, Клава Кока)
01:13:53 – Николай Басков и Серёга – «Криминальное чтиво»
01:18:30 – Пишем новогодние письма (Янгер, Алина Загитова, Аня Pokrov, Сатир, Надя Джабраилова, Дима Позов и Гурам Амарян, Игорь Джабраилов, Сосо Павлиашвили, Арсений Попов, Даша Дошик, Анна Плетнёва)
01:26:23 – Женя Трофимов и Комната культуры – «Поезда»
01:30:04 – Чемпионат по смеху (Александр Ревва против Дмитрия Журавлёва)
01:36:41 – Стас Михайлов – «Она»
01:41:02 – Инсценировка. Команда Харламова. Максим Лагашкин, Яна Кошкина, Сергей Матвиенко.
01:46:52 – Полина Гагарина – «Зима»
01:50:46 – Инсценировка. Команда Дорохова. Антон Шастун, Дмитрий Журавлёв, Ида Галич. 
02:00:26 – INSTASAMKA – «Пампим нефть»
02:03:07 – Битва новогодних клипов
02:08:05 – Филипп Киркоров и Купание обезьяны в тёплой воде – «Снег»
02:12:18 – Финальный раунд – накручиваем новогодние часы. Мигель, Карина Кросс и Джиган, Клава Кока.

Подпишись на сообщество VK Видео, чтобы не пропустить новые выпуски: https://vk.com/vkvideo",9134,1735635600,15326317,6286,70345,15780,https://vk.com/video_ext.php?oid=-220754053&id=456242859&hash=2b69604b2e12c64d&__ref=vk.admin_android&api_hash=1740606829ddb531c81ed0233281_GMZDANZRGM2TCOA,1,1,1,False,https://sun1-18.userapi.com/impg/DOmXAbyCSJTHm_le7N8Zci00ORbgDF3A_ElNTQ/eKelRGcRcks.jpg?size=130x96&quality=95&keep_aspect_ratio=1&background=000000&sign=8e23ba9e268d67655d3915e2dc3f476d&c_uniq_tag=J1G7stROrsLI8fWQAXeuwrWqU3lCnJHW8Bj5Xv-28e0&type=video_thumb
456242862,-220754053,"КСТАТИ #66 – Новогодний специальный выпуск. Харламов, Мусагалиев, Дорохов и все-все-все. Тизер","66-й выпуск шоу «Кстати» – 31 декабря в 12:00 эксклюзивно в VK Видео!

Подпишись на сообщество, чтобы не пропустить: https://vk.com/vkvideo",60,1735628400,120522,14,212,34,https://vk.com/video_ext.php?oid=-220754053&id=456242862&hash=31fa61f77488f3a8&__ref=vk.admin_android&api_hash=17406068299238b8e94ecc3dd345_GMZDANZRGM2TCOA,1,1,1,False,https://sun1-93.userapi.com/impg/6FhvPyaeR8atpLjIdgZtg5WgrnZbxDphT-XHvQ/2ANhXj6nvQo.jpg?size=130x96&quality=95&keep_aspect_ratio=1&background=000000&sign=97023f99643088b785d021f3e95a0af8&c_uniq_tag=nmf0PnJhVooBfUob3ydVwmLx20zY4H9BhwWPObH3Up8&type=video_thumb
456242855,-220754053,Звёзды. Новогодний кубок,"Оформите дебетовые карты всей семьей, объединитесь с близкими в группу и получайте выгоду вместе: https://vk.cc/cGvlmJ 

Каждый день в «Центр низких цен» поступает информация о ценах из других магазинов. Мы анализируем их. И убедившись, что цены в «Пятёрочке» низкие, пишем на ценнике «Выгодно». Ну, например: Грудинка «Мясная Ферма», копчёно-варёная – 139,99 рублей.
«Пятёрочка» выручает! Больше товаров по выгодным ценам доступны по ссылке: https://5ka.onelink.me/ml1j/yihozl5y 

Замиксовали в одной подписке музыку, кино, сериалы, скидки и кешбэк на маркетплейсах и в сервисах партнеров. Подключайте MiXX: https://vk.cc/cGtSJ5 

Путешествие будет ещё приятнее, если вы проведёте его в отличной компании – в компании восьмиместного кроссовера XCITE X-Cross 8. Собирайте близких в тёплом салоне и отправляйтесь в погоню за впечатлениями. Узнайте больше о технологичных преимуществах автомобиля по ссылке: https://xcite-avto.ru/cars/x-cross8.

Каждый выход на линию водителей такси в новогодние праздники – это целая история. К Новому Году Яндекс Про собрал несколько из тех, что случились в 2024 году. Посмотреть их все: https://clck.ru/3FSP3x 
Узнать больше о профессии такси: https://pro.yandex/start 

Слушайте Новогодний плейлист в VK Музыке: https://vk.cc/cGHMgd

Смотрите шоу «Звёзды» в VK Видео: https://vk.cc/cGEcCo

Новогодний Кубок шоу «Звёзды»! В первом сезоне 10 известных артистов выяснили, кто же самая смешная звезда. Но не все остались согласны с этим решением. Поэтому телеканал НТВ и платформа VK Видео решили сделать реванш – Новогодний кубок шоу «Звёзды». Призовой фонд Кубка составит 10 миллионов рублей. Сохранит ли Денис Дорохов титул самого смешного? Узнаем скоро!

Таймкоды: 

00:00 – начало новогоднего кубка «Звёзды»
02:27 – ожидания жюри от кубка 
08:53 – выступление Леры Кудрявцевой и команды «Раисы»
21:27 – жюри после выступления Леры Кудрявцевой и команды «Раисы»
24:20 – выступление Мигеля и команды «Сборная СССР»
39:52 – жюри после выступления Мигеля и команды «Сборная СССР»
43:55 – выступление Дмитрия Маликова и команды «Сборная России»
1:00:49 – жюри после выступления Дмитрия Маликова и команды «Сборная России»
1:04:14 – выступление Джигана и команды «Сборная Красноярска» 
1:17:04 – жюри после выступления Джигана и команды «Сборная Красноярска» 
1:20:17 – выступление Азамата Мусагалиева и команды «Астана» 
1:37:56 – жюри после выступления Азамата Мусагалиева и команды «Астана» 
1:40:35 – выступление Марины Федункив и команды «Объединение Юг»
1:51:30 – жюри после выступления Марины Федункив и команды «Объединение Юг»
1:54:32 – выступление Алексея Чумакова и команды «Наполеоны»
2:05:56 – жюри после выступления Алексея Чумакова и команды «Наполеоны»
2:08:30 – выступление Дениса Дорохова и команды «Регионы»
2:31:09 – жюри после выступления Дениса Дорохова и команды «Регионы»
2:34:52 – выступление Александра Реввы и команды «Студия Союз» 
2:48:52 – жюри после выступления Александра Реввы и команды «Студия Союз» 
2:52:21 – выступление Филиппа Киркорова и команды «Борцы»
3:03:18 – жюри после выступления Филиппа Киркорова и команды «Борцы»
3:07:23 – начало церемонии награждения команд 
3:07:43 – номинация от Сергея Жукова «Лучшая песня» 
3:08:41 – номинация от Тимати «Лучшая пародия»
3:09:24 – номинация от Гарика Харламова «Лучший юмористический номер»
3:10:02 – номинация от Вали Карнавал «Лучшая шутка»
3:10:55 – номинация от Артемия Лебедева «Лучший актёр»
3:11:39 – решение жюри. Кому достанется новогодний кубок шоу «Звёзды»?

Подписывайтесь на сообщество VK Видео, чтобы не пропустить новые выпуски: https://vk.com/vkvideo 

И смотрите шоу «Звёзды. Новогодний кубок» в приложении VK Видео: https://trk.mail.ru/c/atfsd9",12027,1735587000,33417989,5921,74862,33837,https://vk.com/video_ext.php?oid=-220754053&id=456242855&hash=9569178c7f5073d2&__ref=vk.admin_android&api_hash=1740606829cbb4507fddae3a4758_GMZDANZRGM2TCOA,1,1,1,False,https://sun1-86.userapi.com/impg/6Z4gB51w9rkkz9Olaj41ohJCjn1yhvjqOmYqHQ/ONoU-c2FJ2Q.jpg?size=130x96&quality=95&keep_aspect_ratio=1&background=000000&sign=22af4a91da3d71a6d2be1fddf62b7880&c_uniq_tag=2WN9FpDT1-TKjFwGo3-VitjQ9keohyOqkSCS_mAC9CY&type=video_thumb
456242841,-220754053,Звёзды. Новогодний кубок. Тизер,"Новогодний кубок шоу «Звёзды» – 30 декабря в 22:30 в VK Видео! 

Подпишись на сообщество, чтобы не пропустить: https://vk.com/vkvideo",97,1735462800,497749,30,3786,220,https://vk.com/video_ext.php?oid=-220754053&id=456242841&hash=8e13c23a0b31e04f&__ref=vk.admin_android&api_hash=1740606829e45862368dfe57f035_GMZDANZRGM2TCOA,1,1,1,False,https://sun1-54.userapi.com/impg/0q6_aES3nltac3LWOnLT3VxkBlqHE9IdBuA89Q/JO4uKGoquBY.jpg?size=130x96&quality=95&keep_aspect_ratio=1&background=000000&sign=8da0b8ca9762ec9dd3caa8108e36a879&c_uniq_tag=Nsl1l6jVR913pJx4ns6TJbttYsFga5UsJAEj-oYBbB0&type=video_thumb
456242844,-220754053,Дроп мерча по шоу «Кстати»,"В магазинах VK Store в появятся футболки, свитшот и худи по мотивам шоу «Кстати». На ВДНХ, в ЦДМ и в Доме Зингера продажи уже открылись! В VK Store в Сириусе жди коллекцию после новогодних выходных.",20,1735459140,10284,5,48,2,https://vk.com/video_ext.php?oid=-220754053&id=456242844&hash=28a7f34e0c3178b3&__ref=vk.admin_android&api_hash=1740606829d7e5e2c2d5f40aea1b_GMZDANZRGM2TCOA,1,1,1,False,https://i.mycdn.me/getVideoPreview?id=7360368544477&idx=13&type=39&tkn=a1kkhl4o_1dr6ySJNMrbSyYYj30&fn=vid_s
456242845,-220754053,Дроп мерча по шоу «Натальная карта»,"В магазинах VK Store в появятся футболки, свитшот и худи по мотивам шоу «Натальная карта». На ВДНХ, в ЦДМ и в Доме Зингера продажи уже открылись! В VK Store в Сириусе жди коллекцию после новогодних выходных.",20,1735459140,211476,2,55,12,https://vk.com/video_ext.php?oid=-220754053&id=456242845&hash=4f31ebaff8df1040&__ref=vk.admin_android&api_hash=1740606829262575230befd320ff_GMZDANZRGM2TCOA,1,1,1,False,https://i.mycdn.me/getVideoPreview?id=7741284223502&idx=13&type=39&tkn=jRZBABlrzOdH-v8VFcSK07B2mmk&fn=vid_s
456242836,-220754053,Звёзды. Камызяки. Новогодний концерт,"Оформите дебетовые карты всей семьей, объединитесь с близкими в группу и получайте выгоду вместе: https://clck.ru/3FQ8oP 
Реклама. erid: 2VtzqxCiqoY

Каждый выход на линию водителей такси в новогодние праздники – это целая история. К Новому Году Яндекс Про собрал несколько из тех, что случились в 2024 году.
Посмотреть их все: https://clck.ru/3FSNy7
Узнать больше о профессии такси: https://pro.yandex/start

Впервые на телеканале НТВ и эксклюзивно в VK Видео легендарики на воздушном шарике – команда «Камызяки» выступит со своим сольным концертом. Самый популярный юмористический коллектив страны покажет новые номер с необычными гостями, расскажет новые истории из жизни семьи Магрипы Харипулавны и поздравят всех с Наступающим Новым годом

Таймкоды:

00:00 – Новогодний выпуск концерта «Камызяк» 
00:41 – на сцене тактильные артисты
05:08 – зал даст сольный концерт самостоятельно 
06:20 – на сцене Гарик Харламов 
09:48 – на сцене Игорь Джабраилов 
10:44 – Игорь Джабраилов в роли камызякского экстрасенса
11:45 – А теперь Гарик Харламов в роли камызякского экстрасенса 
18:58 – на сцене снова Игорь Джабраилов в роли солиста хора 
21:09 – на сцене снова Гарик Харламов в роли Игоря Джабраилова 
23:35 – камызякская семья Магрипы Харипулаевны и Азамата Тахировича 
32:32 – знакомьтесь, сестра Азамата Тахировича - Каралгаш Тахировна
50:57 – и снова Игорь Джабраилов на сцене 

Подписывайтесь на сообщество VK Видео, чтобы не пропустить новые выпуски: https://vk.com/vkvideo 

И смотрите новогодний концерт «Камызяк» в приложении VK Видео: https://trk.mail.ru/c/atfsd9",3345,1735416000,12475369,1911,29969,11382,https://vk.com/video_ext.php?oid=-220754053&id=456242836&hash=2e8e12a83132b65c&__ref=vk.admin_android&api_hash=174060682910a9ceb35673f090bf_GMZDANZRGM2TCOA,1,1,1,False,https://sun1-19.userapi.com/impg/vlY053TJMTalCzXWJ_lmSU1ouDWCKN-kgWs0qA/2lqu9kp0l4E.jpg?size=130x96&quality=95&keep_aspect_ratio=1&background=000000&sign=efe936bf1a91719f2dcdb5fa465d62d3&c_uniq_tag=1dLAOexQD1BIOJxyFycDUsNmJg4rT3ehv-kxHI0x3GM&type=video_thumb
456242835,-220754053,Новогодняя песня от любимых героев шоу VK Видео,"Погружайтесь в новогоднюю атмосферу вместе с VK Видео! Скачивайте отдельное и смотрите, как вам удобно: трк.mail.ru/c/tg10p4. 

А для полной атмосферы включайте песню про ёлочку от любимых звёзд ❤️

#vkвидео #ёлочка",63,1735387980,80029,7,626,23,https://vk.com/video_ext.php?oid=-220754053&id=456242835&hash=7dc55dd67ce15304&__ref=vk.admin_android&api_hash=174060682993c517b24cee56f75b_GMZDANZRGM2TCOA,1,1,1,False,https://i.mycdn.me/getVideoPreview?id=7587851012649&idx=1&type=39&tkn=DTSvAwDPifkizKXS2b5hnabaHJ4&fn=vid_s
456242805,-220754053,"КСТАТИ #65 – Сергей Бурунов, Александр Зубарев, Глеб Калюжный, Чжэн Ханьи, Андрей Волгин, Moreart, Харламов, Мусагалиев, Дорохов","Бургер Кинг представляет Сибирский Воппер: сочные бифштексы на огне, сметанно-луковый соус, свежие овощи и мягкая булочка. Часть средств направят на спасение лесов Сибири, ежегодно страдающих от пожаров и вырубки. Заказывайте новинку на сайте и в приложении Бургер Кинг и спасайте леса Сибири: https://clck.ru/3F8RrJ

Еще больше полезных новостей в сообществе Ozon Банка: https://vk.cc/cFKP1K
Оформляйте карту Ozon Банка и выбирайте выгоду для себя: https://s.ozon.ru/WzeymZ9

Шестьдесят пятый выпуск шоу «Кстати» с Азаматом Харламовым. Дорох сегодня всех перебивал, мешал гостям рассказывать, но не выгоним же мы его прямо перед новым годом. Гостями шестьдесят пятого выпуска стали: преобразившийся и мощный – Сергей Бурунов; пока неясно, кто из них шпион – Глеб Калюжный, Чжэн Ханьи и Андрей Волгин; тот, кто хочет домой к шестнадцати котам – Александр Зубарев. Музыкальный гость: Moreart. 

Таймкоды:

00:00 – Начинаем шестьдесят пятый выпуск «Кстати»
02:36 – Шокирующее заявление Азамата Мусагалиева
06:50 – Первый гость. Сергей Бурунов
11:48 – Смотрим и обсуждаем трейлер фильма «Домовёнок Кузя»
15:07 – Почему не появляются новые сказки
15:42 – Говорим о шоу «В темноте»
20:04 – Пробы в экшн-фильмы с Сергеем Буруновым
26:28 – Вторые гости. Глеб Калюжный, Чжэн Ханьи и Андрей Волгин
28:25 – Смотрим и обсуждаем трейлер фильма «Красный шёлк»
31:12 – Как проходили съемки в Китае
32:29 – Как Чжэн Ханьи попала в российское кино
36:22 – Фишка «Красного шёлка»
40:53 – Третий гость. Александр Зубарев
42:06 – Поздравляем Александра со свадьбой
46:26 – Как прошёл первый этап персадки волос
48:22 – Шестнадцать китайских котов
50:35 – Что посетить в Китае
52:05 – «Роспакоука» с Александром Зубаревым
59:44 – Поздравления с наступающим от Александра
01:00:24 – Moreart - «Я буду ебать» / «Мунлайт» / «Меня не наебать»

Подпишись на сообщество VK Видео, чтобы не пропустить новые выпуски: https://vk.com/vkvideo",3922,1735376400,10326353,1818,29070,5400,https://vk.com/video_ext.php?oid=-220754053&id=456242805&hash=ee107f7b77911bd6&__ref=vk.admin_android&api_hash=174060682918d95ce85281f55d1d_GMZDANZRGM2TCOA,1,1,1,False,https://sun1-57.userapi.com/impg/ar5IjVa2Rp0cSldwWsfDsEgIdp88w9okJgq2jw/mok4PKKzmqU.jpg?size=130x96&quality=95&keep_aspect_ratio=1&background=000000&sign=19e2af5d69f366460bd85ee79d0b005f&c_uniq_tag=v9Tn5Xk8oODTV-7Ngf7OfIkeMW348_6EUinVe5IIZsM&type=video_thumb
456242803,-220754053,"КСТАТИ #65 – Сергей Бурунов, Александр Зубарев, Глеб Калюжный, Чжэн Ханьи и Андрей Волгин, Moreart. Тизер","65-й выпуск шоу «Кстати» – 28 декабря в 12:00 эксклюзивно в VK Видео!

Подпишись на сообщество, чтобы не пропустить: https://vk.com/vkvideo",58,1735318260,140136,42,745,86,https://vk.com/video_ext.php?oid=-220754053&id=456242803&hash=399a0975e387c556&__ref=vk.admin_android&api_hash=17406068290367c7960f694d55cd_GMZDANZRGM2TCOA,1,1,1,False,https://sun1-20.userapi.com/impg/WNO-RDTl25E-uPC3GEntWwLUnMX2VqMLnTbmdQ/3hqMQuYtjd8.jpg?size=130x96&quality=95&keep_aspect_ratio=1&background=000000&sign=ae39d489af72d56ad85632f75144c6c4&c_uniq_tag=YTs4rWlsUcudhWd-zvdXa9456r0pWsKk4f1KfVCOKQc&type=video_thumb
456242801,-220754053,Звёзды. Камызяки. Новогодний концерт. Тизер,"Премьера специального выпуска шоу «Звёзды» – «Камызяки. Новогодний концерт» – 28 декабря в 23:00 в VK Видео! 

Подпишись на сообщество, чтобы не пропустить: https://vk.com/vkvideo",36,1735301700,341569,67,2265,333,https://vk.com/video_ext.php?oid=-220754053&id=456242801&hash=790c151dbb7ee657&__ref=vk.admin_android&api_hash=1740606829650034df7d04cd2e0e_GMZDANZRGM2TCOA,1,1,1,False,https://sun1-92.userapi.com/impg/uxWPmMBgB9m3bIMh6NhmsN2mSKtwzSgZ15mOvQ/YGuzRO2NLD8.jpg?size=130x96&quality=95&keep_aspect_ratio=1&background=000000&sign=78eb41d92f5e01aa9f7a0d57dd9bd7eb&c_uniq_tag=OqVzy-5ogCledTAXet2wWk6QwYwCPGaTkgJ4oLNNIlM&type=video_thumb
456242783,-220754053,Стиль #6. Дмитрий Позов,"Еще больше полезных новостей в сообществе Ozon Банка: https://vk.cc/cFKP1K
Оформляйте карту Ozon Банка и выбирайте выгоду для себя: https://s.ozon.ru/r0epJnq?erid=2VtzqwjtK4v

В новом выпуске шоу «Стиль» Саша Ваш и Алина Герман пригласили к себе Диму Позова, чтобы обсудить, кто и как одевает Импровизацию, что сформировало Димин стиль, и почему он не любит одеваться по утрам.

Таймкоды:

00:00 – Стиль
01:06 – Начало
01:53 – Гость шоу Дима Позов
06:36 – Как подбираются образы для Импровизации 
08:35 – Как совершает покупки одежды
09:13 – Почему Алина спит в ботфортах
09:43 – Что сформировало стиль Димы 
13:21 – Разбор образов Димы
18:33 – Дима про многослойные образы 
24:20 – Саша про футболки с надписями 
27:49 – Почему Дима начал носить шапки 
36:36 – Мудборд от Алины 
39:20 – Мудборд от Саши
41:08 – Образ от Алины
46:58 – Образ от Саши 
54:27 – Финал

Подпишись на сообщество VK Видео, чтобы не пропустить новые выпуски: https://vk.com/vkvideo",3532,1735290000,3308532,272,5481,560,https://vk.com/video_ext.php?oid=-220754053&id=456242783&hash=f26cb22039c2265b&__ref=vk.admin_android&api_hash=1740606829c069b22c2d7b2af044_GMZDANZRGM2TCOA,1,1,1,False,https://sun1-17.userapi.com/impg/SjJB2pCKklKA-NYb1CyVwgYagwg00RwqKCHA5g/BsD19EPpqHg.jpg?size=130x96&quality=95&keep_aspect_ratio=1&background=000000&sign=2bdb579a930bd4fb2f94e8bd5b96f371&c_uniq_tag=rwZTFhWiktvVIkjgbVQZBpmauwNZQ2TEpp2oh9EjyMM&type=video_thumb
456242781,-220754053,Стиль #6. Дмитрий Позов. Тизер,"В новом выпуске шоу Стиль, Саша Ваш и Алина Герман пригласят к себе Диму Позова, чтобы обсудить, кто и как одевает Импровизацию, что сформировало Димин стиль, и почему Дима не любит одеваться по утрам.

Премьера выпуска – 27 декабря эксклюзивно в VK Видео. одпишись, чтобы не пропустить: https://vk.com/vkvideo",59,1735210800,92342,1,212,2,https://vk.com/video_ext.php?oid=-220754053&id=456242781&hash=2d5e15d330e7e157&__ref=vk.admin_android&api_hash=1740606829be532f46057030eff3_GMZDANZRGM2TCOA,1,1,1,False,https://sun1-15.userapi.com/impg/PpRQrpkOkqIh4PM2Fkcy3T89II_b-VTVyXiBIQ/TzK7FrWFfA8.jpg?size=130x96&quality=95&keep_aspect_ratio=1&background=000000&sign=a03facad39f7176aebc4da47a2dee306&c_uniq_tag=KhXJWmJBIdJaeUusb_vB8s-HzLSWn-LA8QNU2fOjvGw&type=video_thumb
456242779,-220754053,Женское шоу #4. Арсений Попов,"VoiceTech от МТС – это технологии искусственного интеллекта для комфортного общения. Защитник блокирует спам-звонки и теперь прямо во время разговора предупредит, если вы говорите с мошенником, а Секретарь ответит на звонки и пришлет вам запись. Подключить бесплатно на 30 дней: https://vk.cc/cG7SrQ 
Erid: 2Vtzqv5atzd

Еще больше полезных новостей в сообществе Ozon Банка: https://vk.cc/cFKP1K. Оформляйте карту Ozon Банка и выбирайте выгоду для себя: https://s.ozon.ru/Z3xxmzo?erid=2VtzqvZGMx6
Erid: 2VtzqvZGMx6

Гель для бровей PUSY, до 24 часов фиксации, не оставляет белый налет и создает эффект ламинирования: https://www.wildberries.ru/catalog/51524888/detail.aspx. С 15.12.2024 по 15.02.2025 проходит PUSYМАНИЯ. Каждый продукт в чеке = отдельный шанс забрать подарок! Регистрируйте их на сайте PUSYмании и получайте подарки. Все подробности на сайте: http://pusypromo.ru
Erid: 2VtzqvWygjL

HUAWEI Mate X6 – Откройте классику! Новый складной смартфон с супертонким прочным корпусом, ультрареалистичной съемкой и возможностями эффективной работы в режиме многозадачности за счет большого экрана и режима нескольких окон https://vk.cc/cGol6d 
Erid: 2Vtzqw2SgCJ

В четвёртом выпуске «Женского шоу» в роли звёздного ведущего выступит Арсений Попов, который в начале выпуска попробует отдохнуть в провинциальной гостинице. В номерах мы попадём в пафосный ресторан на Патриках, попробуем позаниматься йогой на пляже в Анапе, посмотрим, чем может обернуться челендж из интернета и узнаем какого это иметь внешность звезды…

Сегодня в выпуске:

00:00 – Начало
00:41 – В отеле со звездой
09:26 – Лучший секретарь и защитник
12:03 – Чайлдфри
21:53 – Челендж ВК
32:53 – Собираемся на бал
35:57 – Ресторан на патриках
44:02 – Секрет идеальных бровей
45:43 – Двойник Арсения Попова
53:15 – Прощаемся со звёздным ведущим 

Подпишись на сообщество VK Видео, чтобы не пропустить новые выпуски: https://vk.com/vkvideo",3241,1735203600,3537025,475,19754,2838,https://vk.com/video_ext.php?oid=-220754053&id=456242779&hash=4064bbf4c8a608df&__ref=vk.admin_android&api_hash=1740606829e0c5f716d4146c4887_GMZDANZRGM2TCOA,1,1,1,False,https://sun1-88.userapi.com/impg/L3s_eN5bZ9c_pDhLyGeK3ClIjRN-ECtM1plgyQ/Xn1OrOt8lw8.jpg?size=130x96&quality=95&keep_aspect_ratio=1&background=000000&sign=ac720df446ab4fab7f44cfed885ceb74&c_uniq_tag=zh1bfAn4YxDn58KiUn5-E3OPZXDq8UWH_s8Omek3P_c&type=video_thumb
456242777,-220754053,Женское шоу #4. Арсений Попов. Тизер,"Новое юмористическое «Женское шоу» с участием Вари Щербаковой, Олеси Иванченко, Кати Вяликовой, Димы Журавлёва и других. В котором они показывают смешные номера с женским взглядом на юмор. А чтобы зрителям было интересно, в каждом выпуске будет новый приглашенный звёздный гость, который не только будет выступать в роли ведущего, но и участвовать в номерах.  

Четвёртый выпуск – 26 декабря эксклюзивно в VK Видео. Подпишись, чтобы не пропустить: https://vk.com/vkvideo",39,1735196400,4325,4,29,3,https://vk.com/video_ext.php?oid=-220754053&id=456242777&hash=88bdfe07f514f46c&__ref=vk.admin_android&api_hash=1740606829de9a71598334021f98_GMZDANZRGM2TCOA,1,1,1,False,https://sun1-86.userapi.com/impg/xu_CiUScsbHL9ffWrqdM_VtDZq0BKwgz4b-XSw/jYOw0qbkNrw.jpg?size=130x96&quality=95&keep_aspect_ratio=1&background=000000&sign=9d6917a36ed839ea75486fb8c0106ac8&c_uniq_tag=pDwgnGXsasNZBMI8pd4rCRbVPyFVOw0Wl0uIjmFFb-U&type=video_thumb
456242774,-220754053,VK ПОД ШУБОЙ 3 – трейлер,"«VK ПОД ШУБОЙ 3» — продолжение популярного формата «VK ПОД ШУБОЙ», где молодые исполнители и звезды эстрады поют дуэтом. В программе — как хиты новогодней и праздничной тематики разных лет, так и новые новогодние песни, созданные специально для этого шоу артистами и командой VK Records.

В этом году «VK ПОД ШУБОЙ 3» — новогодний музыкальный концерт, в котором музыкальные номера будут чередоваться с подводками от конферансье — блогеров, музыкантов и ведущих популярных шоу в VK Видео.

Не пропустите трансляцию концерта 27 декабря в 20:25 в сообществе VK Видео: https://vk.cc/cGsoej",43,1735128000,633434,19,3834,55,https://vk.com/video_ext.php?oid=-220754053&id=456242774&hash=1759d5027e93fdbb&__ref=vk.admin_android&api_hash=1740606829a719106103875bb26f_GMZDANZRGM2TCOA,1,1,1,False,https://i.mycdn.me/getVideoPreview?id=7472470493724&idx=15&type=39&tkn=pxwnfcpWCui55YGSAlo_JksphxQ&fn=vid_s
456242770,-220754053,Big Money Mic 2 | Мягкова х Абрамов х Бебуришвили х Амарян,"Финальная битва сезона среди победителей всех выпусков Money Mic! Зрительный зал выберет двух лучших, а жюри предстоит определить только одного, кто получит 1 миллион рублей!

В этом выпуске: 

00:00 – Начало
00:41 – Правила проекта
00:55 – Разговор с жюри
02:02 – Замрат Вартанянц  
09:47 – Валера Киракосьян
18:11 – Глеб Капелюх 
24:28 – Дмитрий Ударенко 
31:00 – Ерёма 
38:41 – Камиль Зулфугаров 
46:45 – Кирилл Мазур
55:56 – Сергей Снурников 
01:05:26 – Михаил Гулакян 
01:13:02 – Денис Гвоздёв
01:22:17 – Влад Лавренчук
01:31:10 – Заур Туганов 
01:39:50 – Фарид Гасанов
01:47:40 – Миша Переходько
01:55:17 – Выбор победителя 

Ведущий: 

Гурам Амарян – https://vk.com/am_gur

Жюри:

Ирина Мягкова – https://vk.com/irina_myagkova
Иван Абрамов – https://vk.com/ivan_abramov_standup
Андрей Бебуришвили – https://vk.com/andrewcomedy

Подпишись на сообщество VK Видео, чтобы не пропустить новые выпуски: https://vk.com/vkvideo",7361,1735117200,1776778,710,8002,1990,https://vk.com/video_ext.php?oid=-220754053&id=456242770&hash=0ce55141a1accd8b&__ref=vk.admin_android&api_hash=174060682934b9a0b5676719df0c_GMZDANZRGM2TCOA,1,1,1,False,https://sun1-26.userapi.com/impg/7702eiC9NtovtkvNyYEoNHSQ6b4kksyEEUltAw/cKOtQ3E4vjs.jpg?size=130x96&quality=95&keep_aspect_ratio=1&background=000000&sign=2dc0a552b9ff6769b91e92e7a6e6b487&c_uniq_tag=HeTr235SKqKVTtpn0YNdmeFu83WrOajiUvcSClJIoWk&type=video_thumb
456242767,-220754053,Big Money Mic 2 | Выпуск 11 | Тизер,"Финальная битва сезона среди победителей всех выпусков Money Mic! Зрительный зал выберет двух лучших, а жюри предстоит определить только одного, кто получит 1 миллион рублей!

Подпишись на сообщество VK Видео, чтобы не пропустить: https://vk.com/vkvideo",77,1735043400,112741,7,192,6,https://vk.com/video_ext.php?oid=-220754053&id=456242767&hash=f2407ed693a5c254&__ref=vk.admin_android&api_hash=17406068296704d239aa82e318ac_GMZDANZRGM2TCOA,1,1,1,False,https://sun1-25.userapi.com/impg/crkO6dxCdGGx5lv1XX-T5M-yu9vocO_MKVuWig/djZB2cLGOVU.jpg?size=130x96&quality=95&keep_aspect_ratio=1&background=000000&sign=92ef4a17e0c748e3ff9317d3c505e983&c_uniq_tag=Ndq29te5P8Lkvx2pIpIqrbqpNStuRW0_zSReq4Hg-ho&type=video_thumb
456242764,-220754053,Грязные Мысли 2. Финал. Зубы Васильева vs. 2 Белоснежки и скуф,"«Грязные Мысли 2» – продолжение первого медийного интеллектуального чемпионата от КликКлак и VK Видео. Здесь вы увидите, как 2 лучшие команды, прошедшие невероятно сложный отбор, поборются за звание чемпиона второго сезона.

Ведущий:

Александр Пушной
https://vk.com/pushnoy_nadorad

Участники:

Любятинка
https://vk.com/lubyatinka
Никита Сударь
https://vk.com/nikitasudar
Блондинка Drive
https://vk.com/blondinka__drive
Катя Голышева
https://vk.com/golysheva.music
Соня Слиппи
https://vk.com/sleepyprincess8
Виталя Сидельников
https://vk.com/tvoisidelnikov

Таймкоды:

00:00 – Что вас ждет в финале второго сезона Грязных мыслей?
01:21 – Представление команд
03:38 – Первый раунд
20:54 – Второй раунд
33:19 – Третий раунд
41:02 – Кто станет победителем этого сезона?

Подписывайся на сообщество VK Видео, чтобы не пропустить новые выпуски: https://vk.com/vkvideo",2838,1734944400,4720024,140,3533,221,https://vk.com/video_ext.php?oid=-220754053&id=456242764&hash=696f2b35e009c90a&__ref=vk.admin_android&api_hash=17406068294abed983c35651cb3c_GMZDANZRGM2TCOA,1,1,1,False,https://sun1-15.userapi.com/impg/sK2ASFMAOuA40DQQM1b5VEZPge82tIizBxDaGA/Wt3UrCy9ANQ.jpg?size=130x96&quality=95&keep_aspect_ratio=1&background=000000&sign=849b328f1982e45d5c0a7daf03d1ae9d&c_uniq_tag=ddE5JqbQo096cM3N5F7Xrr-FjY3RlOnmTFQAFiwTphM&type=video_thumb
456242765,-220754053,Natan. Не святой,"В заключение беседы с Дмитрием Дибровым Натан исполнил новый трек «Не святой», подведя черту под откровенной беседой.

Полный выпуск «Сессии» с Натаном смотрите эксклюзивно в VK Видео: https://vkvideo.ru/video-220754053_456242719",174,1734868800,15497,21,121,54,https://vk.com/video_ext.php?oid=-220754053&id=456242765&hash=15f6c5d302a2a5c1&__ref=vk.admin_android&api_hash=17406068296c86fa005d6713e18f_GMZDANZRGM2TCOA,1,1,1,False,https://sun1-27.userapi.com/impg/9sXc_cUWAIs2kyED2AQOOjfMYEUgTBywbV0tZg/ORemiA-Rqpg.jpg?size=130x96&quality=95&keep_aspect_ratio=1&background=000000&sign=04ac39de55620f2454cd1d0b5c0fcbb1&c_uniq_tag=yQgA_kVvBD4KSgNPMPEYNHdJ_dJovK0lOHCYiB1f3vU&type=video_thumb
456242762,-220754053,Грязные Мысли 2 – Финал Сезона (Тизер),"Смотри финальный выпуск второго сезона «Грязных Мыслей» 23 декабря в 12:00 эксклюзивно в VK Видео! 

Подпишись, чтобы не пропустить: https://vk.com/vkvideo",41,1734858000,84782,0,80,1,https://vk.com/video_ext.php?oid=-220754053&id=456242762&hash=32f5d559ed2b7c79&__ref=vk.admin_android&api_hash=174060682907a8d978f7811dd08a_GMZDANZRGM2TCOA,1,1,1,False,https://sun1-89.userapi.com/impg/ii3yIVCtfEIs7Lg_4kFr_QlZjAzj-BdrGt6mrg/hoq-dnVWG7M.jpg?size=130x96&quality=95&keep_aspect_ratio=1&background=000000&sign=12003cc4f6ab6019599c4decd6436100&c_uniq_tag=rkfTHThu4mX86vQrvm1Lm-Ab4cnlLBXSD_sN1aGW8Fk&type=video_thumb
456242760,-220754053,"КСТАТИ #64 – Александр Петров и Дмитрий Литвиненко, Игорь Акинфеев, Bearwolf, Зоя Яровицына, Харламов, Мусагалиев, Дорохов","До 27 декабря проходит Финальная распродажа года на Ozon. Чудо-скидки до 80% и блестящий выбор подарков – от одежды до электроники: https://ozon.ru/t/DM3vAPr 
Реклама. erid: 2VtzqvY47BY

Как сделать вечер ещё теплее? Додо Пицца – хороший момент остановиться и подумать о важном https://dodopizza.onelink.me/YlkM/ks

Топ-книг от Зои Яровицыной можно послушать тут:

Тана Френч «Ведьмин вяз» – https://vk.cc/cGfsYR
Итаф Рам «Женщина – не мужчина» – https://vk.cc/cGft0g
Дэниел Мейсон «Зимний солдат» – https://vk.cc/cGft1u
Ребекка Яррос «Железное пламя» – https://vk.cc/cGft2Q

Шестьдесят четвёртый выпуск шоу «Кстати» с Азаматом Харламовым. Дорох и стихи читал, и про книгу слушал, и пообещал к гостям сходить, в проектах поучаствовать, куда же мы его погоним. Гостями шестьдесят четвёртого выпуска стали: выжившие в Мексике – Александр Петров и Дмитрий Литвиненко; несущая свет знаний – Зоя Яровицына; вратарь, капитан, легенда – Игорь Акинфеев. Музыкальная гостья: Bearwolf.

Таймкоды:

00:00 – Начинаем шестьдесят четвёртый выпуск «Кстати»
06:44 – Выбираем подарки для близких
08:00 – Первые гости. Александр Петров и Дмитрий Литвиненко
10:00 – Смотрим и обсуждаем трейлер фильма «Василий»
14:31 – «25.01» – поэтический проект Саши Петрова
16:20 – Друг Азамата, который читает стихи
19:44 – Юмористическая глазастая дуэль
24:48 – Делаем прогнозы на будущее
27:02 – Вторая гостья. Зоя Яровицына
29:57 – Книга для Гарика – Тана Френч «Ведьмин вяз»
34:08 – Книга для Дороха – Итаф Рам «Женщина – не мужчина»
36:42 – Книга для Азамата – Дэниел Мейсон – «Зимний солдат»
39:55 – Аудиокнига года
40:59 – Третий гость. Игорь Акинфеев
43:13 – Что будет делать Акинфеев после завершения карьеры
46:47 – Мамина капитанская повязка
50:24 – Кубок Игоря Акинфеева
51:00 – Жалуемся на молодёжь
53:28 – Подарки от Игоря ведущим «Кстати»
54:13 – Медиаактивность Игоря Акинфеева
55:32 – Пытаемся оказаться на своём месте
58:00 – Bearwolf – «GODZILLA»

Подпишись на сообщество VK Видео, чтобы не пропустить новые выпуски: https://vk.com/vkvideo",3694,1734771600,10553673,1904,22940,2806,https://vk.com/video_ext.php?oid=-220754053&id=456242760&hash=cfe990802bd1695a&__ref=vk.admin_android&api_hash=17406068298e2f80efcd81649086_GMZDANZRGM2TCOA,1,1,1,False,https://sun1-29.userapi.com/impg/zNOfFU5mUIUm0k8h6PKw2UVwo_GgUVFQqFHROw/anjRzMJExY0.jpg?size=130x96&quality=95&keep_aspect_ratio=1&background=000000&sign=cb149a5ea87576b74650c37f53a61729&c_uniq_tag=R0PPyaRgnF0L3OzRm83DH5JFtnorBAHPy8U609pDt4w&type=video_thumb
456242758,-220754053,"КСТАТИ #64 – Александр Петров и Дмитрий Литвиненко, Игорь Акинфеев, Bearwolf, Зоя Яровицына. Тизер","64-й выпуск шоу «Кстати» – 21 декабря в 12:00 эксклюзивно в VK Видео!

Подпишись, чтобы не пропустить: https://vk.com/vkvideo",61,1734764400,104932,5,151,13,https://vk.com/video_ext.php?oid=-220754053&id=456242758&hash=f4801cdd1fa2f9a9&__ref=vk.admin_android&api_hash=174060682956337a27e6c0beec30_GMZDANZRGM2TCOA,1,1,1,False,https://sun1-24.userapi.com/impg/lIwejIpNDDgD6ShzDaF7shGxPD7j1HXJkV1azQ/vnoD3nJtQBM.jpg?size=130x96&quality=95&keep_aspect_ratio=1&background=000000&sign=96226e726ea89291d4566f75b4296087&c_uniq_tag=Ra2JpZO4x1fhXxWHmCBOn17OKdbfXXVo9FFg4K7YgwM&type=video_thumb
456242753,-220754053,VK ПОД ШУБОЙ 3,"Слушайте VK ПОД ШУБОЙ 3 в VK Музыке! 
https://vk.cc/cGCWbJ

00:00:34 Интро 
00:01:43 Гарик Харламов
00:02:54 ХЛЕБ, Артур Пирожков - Холодная луна
00:06:20 Реклама
00:07:12 Нурлан Сабуров
00:11:13 Юлия Савичева, МУККА - Метелица
00:15:43 Реклама
00:16:15 Антон Шастун, Юлия Гаврилина
00:20:11 LYRIQ, А'Studio - Источник
00:24:26 Влад А4
00:26:26 Баста, Ева Польна - Зима в сердце 
00:29:42 Артемий Лебедев
00:31:17 Реклама
00:31:27 тринадцать карат, Найк Борзов - Белая ночь
00:34:26 INSTASAMKA 
00:35:27 ГMIRAVI, Полина Гагарина - Опять метель
00:39:04 Реклама
00:39:56 MONA, Лолита - Последняя любовь 
00:43:30 Дмитрий Масленников
00:44:54 Михаил Шуфутинский feat Artik & Asti - Зима-холода
00:49:00 Гарик Харламов
00:49:46 Финал

Подключайте к SberPay карты других банков и платите так, как вам удобно: https://s.sber.ru/nHfZWw
Подключайте и оплачивайте покупки улыбкой со SberPay: https://s.sber.ru/VlwqNJ
Открывайте выгодный вклад в Сбере: https://s.sber.ru/1mFFdj",3153,1735320000,45143029,7809,62746,43328,https://vk.com/video_ext.php?oid=-220754053&id=456242753&hash=940d2b0c3300c462&__ref=vk.admin_android&api_hash=1740606829982d8d2c4e7b35e68b_GMZDANZRGM2TCOA,1,1,1,False,https://sun1-47.userapi.com/impg/9BtgHaOEEDGiJXrxJzEpQtHbbT0cNOpBjlq-Wg/BQ6042oTOpE.jpg?size=130x96&quality=95&keep_aspect_ratio=1&background=000000&sign=16f655065ea6242e1d019cb34cf037f3&c_uniq_tag=XX6yJ0LaEA4E0pEXAfq7Wh7cuXcA7Y_wpQJbVVB3scs&type=video_thumb
456242742,-220754053,Стиль #5. Дилара,"В гостях у Саши Ваша и Алины Герман очаровательная Дилара. Как она выбирает свои образы, кем вдохновляется, и что об этом думает её молодой человек? Всё это – в новом выпуске шоу «Стиль»!

Таймкоды:

00:00 – Стиль
00:24 – Начало
00:56 – Гость шоу Дилара
02:53 – О стилистической индивидуальности 
06:58 – Откуда черпает вдохновение для образов
10:56 – Разбор образов Дилары
16:46 – Сумка Беллы Хадид
24:11 – Образ, который покорил Сашу Ваш
29:18 – Образ, который не понимают мужчины
37:40 – Мудборд от Алины
38:54 – Мудборд от Саши
39:42 – Образ от Алины
46:59 – Образ от Саши
51:22 – Финал

Подпишись на сообщество VK Видео, чтобы не пропустить новые выпуски: https://vk.com/vkvideo",3314,1734685200,2233002,174,2493,273,https://vk.com/video_ext.php?oid=-220754053&id=456242742&hash=285ebcc66c30e953&__ref=vk.admin_android&api_hash=1740606829c8fdb9663023e7d429_GMZDANZRGM2TCOA,1,1,1,False,https://sun1-56.userapi.com/impg/h7CFM9vJnFRDm1Ezcw8NcfFKaU6GyEflUDjajg/w-TiqzmYzsE.jpg?size=130x96&quality=95&keep_aspect_ratio=1&background=000000&sign=9ac42e7e1ed5b769e7697660f425b7dd&c_uniq_tag=tjan6FkqlYs6V3CvsS9E5DQEA-NkuM1c1ze8hw4UUUU&type=video_thumb
456242751,-220754053,VK ПОД ШУБОЙ 3 – промо-ролик,"«VK ПОД ШУБОЙ 3» возвращается, чтобы снова подарить вам незабываемые эмоции! 

Легенды эстрады вместе с молодыми артистами исполнят не только любимые всеми хиты, но и совершенно новые треки, созданные специально для новогоднего шоу.

На сцене вас ждут Баста, Ева Польна, Лолита, Mona, Artik & Asti, Михаил Шуфутинский, Miravi, Полина Гагарина, Артур Пирожков, «Хлеб», Юлия Савичева, Мукка, LYRIQ, A'Studio, «тринадцать карат» и Найк Борзов.

Вести концерт будут Антон Шастун, Азамат Мусагалиев, Гарик Харламов, Артемий Лебедев, Нурлан Сабуров, Дмитрий Масленников, Влад А4, Юлия Гаврилина и INSTASAMKA!

Подключайтесь к трансляции в сообществе VK Видео 27 декабря в 20:25 и заряжайтесь праздничным настроением: https://vk.cc/cGf2i7",34,1734674554,1231759,11,697,24,https://vk.com/video_ext.php?oid=-220754053&id=456242751&hash=85a6734772c01c5b&__ref=vk.admin_android&api_hash=1740606829f2329d28e352f1772a_GMZDANZRGM2TCOA,1,1,1,False,https://i.mycdn.me/getVideoPreview?id=7707349617299&idx=15&type=39&tkn=nmrUEtUIkzZ7T5cvLVOjhuACBkM&fn=vid_s
456242722,-220754053,Стиль #5. Дилара. Тизер,"Как Дилара выбирает свои образы, кем вдохновляется, и что об этом думает её молодой человек? Всё это – 20 декабря в новом выпуске шоу «Стиль»!

Подпишись, чтобы не пропустить: https://vk.com/vkvideo",53,1734609600,85634,1,93,0,https://vk.com/video_ext.php?oid=-220754053&id=456242722&hash=f863730576ef8edf&__ref=vk.admin_android&api_hash=1740606829188d099c3f40aa0a92_GMZDANZRGM2TCOA,1,1,1,False,https://sun1-28.userapi.com/impg/a6pEedNgfeOHfoesw9XcL5sgIpseQMjayaZGVg/9X85hzvAUYc.jpg?size=130x96&quality=95&keep_aspect_ratio=1&background=000000&sign=d77328154a23032796ed6b3d8df663c2&c_uniq_tag=owpUNEdQzkOylajx0n3fP11s0_9G1LXtc2RjWkGWcs4&type=video_thumb
456242716,-220754053,Женское шоу #3. Эльдар Джарахов,"До 27 декабря проходит Финальная распродажа года на Ozon. Чудо-скидки до 80% и блестящий выбор подарков – от одежды до электроники: https://ozon.ru/t/yr7lZpn
Erid: 2VtzqvQr4Em

Открывайте Россию вместе с яркой авиакомпанией Smartavia и авиапутешествуйте выгодно! Даже на Новый год. Билеты и подписка Smart Up для заядлых путешественников на сайте: flysmartavia.com
Erid: 2VtzqwcBL3b

Absolut Repair Molecular от L’Oréal Professionnel восстанавливает очень поврежденные волосы на молекулярном уровне: https://vk.cc/cG4TCz
Erid: 2Vtzqv591KF

В третьем выпуске «Женского шоу» в роли звёздного ведущего выступит Эльдар Джарахов, который в начале выпуска посетит массажный салон. В номерах мы попадём в салон самолёта, который летит в Буэнос-Айрес, побываем в Женском Научном Центре, узнаем, как современные девушки охотятся на айтишников и увидим новый способ знакомства в супермаркете…

Сегодня в выпуске:

00:00 – Начало
00:35 – Смертельный массаж
07:32 – Покупка подарков сидя на диване
09:18 – Роды в Аргентине
18:04 – Женский научный центр
29:26 – К подруге на День Рождения
32:09 – Переустановка виндоус
44:23 – Джарахов Тиндер
55:07 – Прощаемся со звёздным ведущим 

Подпишись на сообщество VK Видео, чтобы не пропустить новые выпуски: https://vk.com/vkvideo",3364,1734606000,3484387,344,13698,2218,https://vk.com/video_ext.php?oid=-220754053&id=456242716&hash=98c9aa55be0a95ac&__ref=vk.admin_android&api_hash=174060682967ee7e3363564ed069_GMZDANZRGM2TCOA,1,1,1,False,https://sun1-57.userapi.com/impg/ZWmopqOF78jmGb4r6GRs1cuLXLhK0x84WUToBA/LS6xzbDTSVA.jpg?size=130x96&quality=95&keep_aspect_ratio=1&background=000000&sign=e15c6da03ac44d435ed3e996098b5f58&c_uniq_tag=ssQ-m5_O9ukoL00ykCRLOBjukASuzD8vqESZPn3qyC4&type=video_thumb
456242719,-220754053,Сессия. Natan,"В заключительном выпуске четвертого сезона шоу «Сессия» с Натаном вы узнаете, что стало триггером для разлада в его семейных отношениях и почему артист старался компенсировать эмоции за счет измен, к каким последствиям привела постоянная критика и обесценивание со стороны отца, а также как частые переезды сформировали отсутствие восприятия дома у музыканта. 

В диалоге с Дмитрием Дибровым герой поделится личными историями и переживаниями, разобрав свой внутренний конфликт в отношении ситуации в семье и обратившись к своей жене с благодарностью за проведенное вместе время. 

Подводя черту под откровенной беседой, Натан исполнит свой новый трек «Не святой» в лайв формате.Смотрите эксклюзивно в VK Видео. 

Все треки из выпусков «Сессии» слушайте эксклюзивно в VK Музыке: https://vk.cc/cECarH

Таймкоды:

00:00 – Начало выпуска
00:27 – Психологическое досье
01:58 – Гипотезы диагнозов
02:10 – Начало сессии
02:35 – Участие в шоу «Звезды в джунглях»
04:48 – Разочарование жены и отношения с ней 
09:41 – Комментарий психотерапевта
10:05 – Отношения с Лерчек и Бьянкой
14:40 – Комментарий психотерапевта
15:02 – Хороший ли человек Натан? 
18:03 – Боль за поступки 
21:44 – Психологический прием «Обращение к жене»
23:51 – Комментарий психотерапевта
24:14 – Потеря себя
28:02 – Псевдоним и настоящее имя
31:05 – Разговор с сыном
33:22 – Комментарий психотерапевта
33:48 – Детство и кочевничество
39:00 – Отношения с братом и разница между ними
43:29 – Комментарий психотерапевта
43:51 – Смертельный диагноз при рождении
45:30 – Боль, связанная с отцом
50:40 – Психологический прием «Обращение к родителям»
51:05 – Комментарий психотерапевта
51:25 – Психологический прием «Обращение к себе»
56:10 – Трек «Не святой»
58:46 – Психологическое заключение

Подпишись на сообщество VK Видео, чтобы не пропустить новые выпуски: https://vk.com/vkvideo",3632,1734598800,3224053,275,2141,1692,https://vk.com/video_ext.php?oid=-220754053&id=456242719&hash=06b190d859849ea5&__ref=vk.admin_android&api_hash=17406068295c7701df15b782e2b8_GMZDANZRGM2TCOA,1,1,1,False,https://sun1-86.userapi.com/impg/zo6vCZYd-aDU_2aUjxtL9NM7IlC9Q_YUo2mZag/Dsc3tkCW6pI.jpg?size=130x96&quality=95&keep_aspect_ratio=1&background=000000&sign=49968b6221c417424b9278713d5a4d77&c_uniq_tag=9HchcDQBMmbrVyArngbbunsELOHi7vivD9LEzvcMbc4&type=video_thumb
456242717,-220754053,Сессия. Natan. Тизер,"«Сессия» – это шоу, в котором ведущий и приглашённые гости в формате психотерапевтического сеанса разбирают, как их психологические проблемы и травмы влияют на творчество. А психотерапевт за кадром поясняет происходящее с профессиональной точки зрения.

Новый выпуск – 19 декабря эксклюзивно в VK Видео. Подпишись, чтобы не пропустить: https://vk.com/vkvideo",53,1734591631,3691,0,12,14,https://vk.com/video_ext.php?oid=-220754053&id=456242717&hash=305c0c3e7ec79047&__ref=vk.admin_android&api_hash=1740606829d85d6e7a3aa031d260_GMZDANZRGM2TCOA,1,1,1,False,https://i.mycdn.me/getVideoPreview?id=7367763888860&idx=0&type=39&tkn=MdrMyc1mCG85l3ZpXANJmlsNLKc&fn=vid_s
456242714,-220754053,Женское шоу #3. Эльдар Джарахов. Тизер,"Новое юмористическое «Женское шоу» с участием Вари Щербаковой, Олеси Иванченко, Кати Вяликовой, Димы Журавлёва и других. В котором они показывают смешные номера с женским взглядом на юмор. А чтобы зрителям было интересно, в каждом выпуске будет новый приглашенный звёздный гость, который не только будет выступать в роли ведущего, но и участвовать в номерах.  

Третий выпуск – 19 декабря эксклюзивно в VK Видео. Подпишись, чтобы не пропустить: https://vk.com/vkvideo",38,1734539460,103608,6,210,4,https://vk.com/video_ext.php?oid=-220754053&id=456242714&hash=9720d8ad0f278012&__ref=vk.admin_android&api_hash=17406068296d4fa659856d0d4dd9_GMZDANZRGM2TCOA,1,1,1,False,https://sun1-87.userapi.com/impg/rxl36LoX3ar3HuCbjJDCLAgSsGIWv0tKq5w5Xg/YUlA9_w79_g.jpg?size=130x96&quality=95&keep_aspect_ratio=1&background=000000&sign=a11d58cc851619db92b498c8a3298309&c_uniq_tag=sym1BjNaVW2Piaotl_KDZBbaH8-kL0D8L77SMgEUOY4&type=video_thumb
456242712,-220754053,Money Mic 2 | Выпуск 10 | Сатир х Абрамов х Бебуришвили х Амарян,"Еще больше полезных новостей в сообществе Ozon Банка: https://vk.cc/cFKP1K

Оформляйте карту Ozon Банка и выбирайте выгоду для себя: https://s.ozon.ru/BmLrbEl?erid=2VtzqvSYUBj
erid: 2VtzqvSYUBj

Комики из проекта Open Mic борются с опытными комиками за большие деньги! Это заключительный выпуск сезона, где лучший получит 100 000 рублей, а также пройдёт в Big Money Mic, где будет разыгран 1 миллион рублей. Смотрите уже через неделю!

Сегодня, как и всегда, определять лучших будет жюри, а выбирать, кому достанутся деньги – зрительный зал.

В этом выпуске: 

00:00 – Начало
02:17 – Правила проекта
02:40 – Разговор с жюри
03:54 – Артур Бетиров 
10:56 – Бислан Цеев
16:18 – Ян Олегаш 
22:19 – Владимир Тян 
28:40 – Дмитрий Ударенко
34:42 – Денис Гвоздёв
42:09 – Итоги выпуска

Ведущий: 

Гурам Амарян – https://vk.com/am_gur

Жюри:

Satyr – https://vk.com/satyrchannel
Андрей Бебуришвили – https://vk.com/andrewcomedy 
Иван Абрамов – https://vk.com/ivan_abramov_standup

Подпишись на сообщество VK Видео, чтобы не пропустить новые выпуски: https://vk.com/vkvideo",2808,1734512400,3078010,205,5401,981,https://vk.com/video_ext.php?oid=-220754053&id=456242712&hash=b8e7723f2a7443a6&__ref=vk.admin_android&api_hash=174060682985fc54f91dcd7b46c9_GMZDANZRGM2TCOA,1,1,1,False,https://sun1-98.userapi.com/impg/h32tCsq_bSpE-mf_NTmNQcWu8pYY8uWmNeRrJw/C_cNLZxJWhE.jpg?size=130x96&quality=95&keep_aspect_ratio=1&background=000000&sign=b06a83eb10152cde53d593b46dd810ad&c_uniq_tag=bMxTXqvsWm6hVW4GbGWhTSkM-RmFnK31gpZH__aGHXI&type=video_thumb
456242709,-220754053,Money Mic 2 | Выпуск 10 | Тизер,"Лучшие участники из проекта Open Mic борются с опытными комиками за денежные призы!

В каждом выпуске самый смешной комик получает 100 000 рублей, а также проходит в Big Money Mic, где будет разыгран 1 миллион рублей.

Подпишись, чтобы не пропустить: https://vk.com/vkvideo",72,1734448500,61634,4,95,4,https://vk.com/video_ext.php?oid=-220754053&id=456242709&hash=9cdce15e19c6c56e&__ref=vk.admin_android&api_hash=1740606829a259215d8ed4a2f635_GMZDANZRGM2TCOA,1,1,1,False,https://sun1-18.userapi.com/impg/5mRzcY_mZ_dzHgk4XCWtqXbEmjgEi3VUtxYA3g/K7Mv-I_ggWs.jpg?size=130x96&quality=95&keep_aspect_ratio=1&background=000000&sign=91572791e9ad9f0f2d35d559355dda20&c_uniq_tag=jOplbyk_34jS0EPc9d8dznHp24AhCLxbMsodELiNm3A&type=video_thumb
456242705,-220754053,Стиль #4. Расул Чабдаров,"До 27 декабря проходит Финальная распродажа года на Ozon. Чудо-скидки до 80% и блестящий выбор подарков – от одежды до электроники: https://ozon.ru/t/YJPqwWO

В новом выпуске Саша Ваш и Алина Герман пригласили к себе Расула Чабдарова. 
Расул рассказал, что обожает бархат и винтаж. Поделился опытом того, как влияет одежда на его выступления.

Таймкоды:

00:00 – Стиль
01:22 – Начало
02:12 – Гость шоу Расул Чабдаров
11:29 – Про футболку с Хасбиком 
14:40 – Про тактильность 
18:53 – Образ тотал деним
26:01 – История про неудачный образ на выступлении 
34:40 – Отношение к репликам вещей
37:12 – Образ, который покорил ведущих
40:17 – Мудборд от Алины
43:13 – Мудборд от Саши
44:16 – Образ от Алины
49:42 – Образ от Саши
53:55 – Финал

Подпишись на сообщество VK Видео, чтобы не пропустить новые выпуски: https://vk.com/vkvideo",3429,1734426000,2370219,83,2364,194,https://vk.com/video_ext.php?oid=-220754053&id=456242705&hash=46d0def61ff80b0f&__ref=vk.admin_android&api_hash=174060682911c9031828ea6e7eeb_GMZDANZRGM2TCOA,1,1,1,False,https://sun1-17.userapi.com/impg/R4TQNZOMUnxLNsYw67JGPUgsZm_udgs0dRMnGg/bCRgcinkxR0.jpg?size=130x96&quality=95&keep_aspect_ratio=1&background=000000&sign=c4e18a62b75cdf03fad4bd8f7bce86b4&c_uniq_tag=4bTnoPGEiB37gsZLwZutnd9MO4q6F1Q0W5ncksGSNBM&type=video_thumb
456242699,-220754053,Стиль #4. Расул Чабдаров. Тизер,"В новом выпуске Саша Ваш и Алина Герман пригласили к себе Расула Чабдарова. Расул рассказал, что обожает бархат и винтаж. Поделился опытом того, как влияет одежда на его выступления.",62,1734352200,72763,0,91,1,https://vk.com/video_ext.php?oid=-220754053&id=456242699&hash=a660efe526afb476&__ref=vk.admin_android&api_hash=1740606830f9ddf87f124e4b9d2e_GMZDANZRGM2TCOA,1,1,1,False,https://sun1-47.userapi.com/impg/yyI3oADMomjmsiSUM6O4UTLoqeOliD02LgJ-gw/kF7tvvQmTpI.jpg?size=130x96&quality=95&keep_aspect_ratio=1&background=000000&sign=d81c45a2cb4302b29be9a58beff26efe&c_uniq_tag=CpQ2N_0P3ONzvdlj1A80pDILN6-MukCzkmGKCG5nn8Q&type=video_thumb
456242697,-220754053,Грязные Мысли 2. Второй полуфинал. Шашки vs. 2 Белоснежки и скуф,"Твой шанс поехать на Камчатку! Покупай лимонады Черноголовка, регистрируй чеки и участвуй в розыгрыше призов! Подробнее об акции: https://vk.cc/cFPHN7

«Грязные Мысли 2» – продолжение первого медийного интеллектуального чемпионата от КликКлак и VK Видео. Здесь вы увидите, как 4 лучшие команды, прошедшие невероятно сложный отбор, поборются за выход в финал второго сезона. Ответив правильно, команда зарабатывает баллы. Но, если ответы будут неверными, то на участников перевернётся ведро с грязью!

Ведущий:

Александр Пушной
https://vk.com/pushnoy_nadorad

Участники:

Кадрол
https://vk.com/ghost_70
Виталик
https://vk.com/kramsah
Карена Макарена
https://vk.com/karena_macaren
Катя Голышева
https://vk.com/golysheva.music
Соня Слиппи
https://vk.com/sleepyprincess8
Виталя Сидельников
https://vk.com/tvoisidelnikov

Таймкоды:

00:00 – Твой шанс поехать на Камчатку
00:26 – Путь команд ко второму полуфиналу
03:17 – Первый раунд
16:59 – Второй раунд
25:33 – Третий раунд
32:55 – Кто станет вторым финалистом этого сезона?

Подписывайся на сообщество VK Видео, чтобы не пропустить новые выпуски: https://vk.com/vkvideo",2192,1734339600,4401967,94,2774,280,https://vk.com/video_ext.php?oid=-220754053&id=456242697&hash=8ef0f75af9163606&__ref=vk.admin_android&api_hash=174060683012da5d4e34a7f82de2_GMZDANZRGM2TCOA,1,1,1,False,https://sun1-30.userapi.com/impg/4bnTsKRJpf9-HGwOliqSHFH0JqRpwRt_eTty5w/f1aGQpKPjnw.jpg?size=130x96&quality=95&keep_aspect_ratio=1&background=000000&sign=4b82e6f8c0431e27b81a971c9da6cb7c&c_uniq_tag=N-4OwrEN44mRXo9NSUcd4UYg2x1NoNv1TV9GLQhhxbU&type=video_thumb
456242696,-220754053,Игорь Джабраилов. Я мечтою ловил уходящие тени…,"В заключение беседы с Дмитрием Дибровым Игорь Джабраилов исполнил стихотворение Константина Бальмонта «Я мечтою ловил уходящие тени…», подведя черту под откровенной беседой.

Полный выпуск «Сессии» с Игорем смотрите эксклюзивно в VK Видео: https://vkvideo.ru/video-220754053_456242654",95,1734273000,10985,13,182,15,https://vk.com/video_ext.php?oid=-220754053&id=456242696&hash=7215615161cb3de3&__ref=vk.admin_android&api_hash=1740606830cf55bb24274f7f993d_GMZDANZRGM2TCOA,1,1,1,False,https://sun1-86.userapi.com/impg/g7ENOtGKiRvFuf3ZXuDRDEsQufx_kUh9s7xLcg/wyGWw6_5gyw.jpg?size=130x96&quality=95&keep_aspect_ratio=1&background=000000&sign=091700b792bbdea763145806cc6fda10&c_uniq_tag=jFgGh5TYExHwm--0eLMXAdKHWWAMUoLPjvyObvIPVX0&type=video_thumb
456242694,-220754053,Грязные Мысли 2 – Тизер 6 серии,"Смотри шестой выпуск «Грязных Мыслей» 16 декабря в 12:00 эксклюзивно в VK Видео!

Подпишись, чтобы не пропустить: https://vk.com/vkvideo",31,1734253200,82347,0,69,2,https://vk.com/video_ext.php?oid=-220754053&id=456242694&hash=4dbc1507d296c82e&__ref=vk.admin_android&api_hash=1740606830fbe8db01fe5b1d4149_GMZDANZRGM2TCOA,1,1,1,False,https://sun1-97.userapi.com/impg/JDDr_yiQ5LFiLpBoDXNDuF_OE8YAc38B10OggA/kxP2ZFghWBY.jpg?size=130x96&quality=95&keep_aspect_ratio=1&background=000000&sign=1f500e52fc7d80765dbcaf768d00d47c&c_uniq_tag=AON_V_OnR2-DvzbLrLosmVqaAzK71Gp0Pd2IoCNhP4g&type=video_thumb
456242689,-220754053,"КСТАТИ #63 – Киркоров, Лагашкин, Чепурченко, Дубровин, Пешков, Трофимов, «Комната культуры», Харламов, Мусагалиев, Дорохов","В Спортмастере Двойная выгода – покупайте товары со скидками до 50% и получайте 3000 бонусов на будущие покупки. А промокод СМКСТАТИ даёт дополнительную скидку 20% на одежду, обувь и аксессуары только онлайн в Спортмастере: https://vk.cc/cFWinF
Реклама. erid: 2VtzqxAjwp5

HUAWEI Mate X6 – Открой классику! Новый складной смартфон с супертонким прочным корпусом, ультрареалистичной съемкой и возможностями эффективной работы в режиме многозадачности за счет большого экрана и режима нескольких окон. https://vk.cc/cGol1F

Шестьдесят третий выпуск шоу «Кстати» с Азаматом Харламовым. Дороха пока оставляем – он с одним из гостей даже в кино снимался. Гостями шестьдесят третьего выпуска стали: те, кто проводит каждое лето в деревне – Максим Лагашкин, Вячеслав Чепурченко, Вадим Дубровин и Максим Пешков; тот, кто готов раздать почти весь свой гардероб, просто король – Филипп Киркоров. Музыкальные гости: Женя Трофимов и «Комната культуры».

Таймкоды:

00:00 – Начинаем шестьдесят третий выпуск «Кстати»
05:12 – Азамат уже готов к Новому году
06:48 – Первые гости. Максим Лагашкин, Вячеслав Чепурченко, Вадим Дубровин и Максим Пешков
08:09 – Говорим о новом сезоне «Жуков»
10:29 – Как Максим Пешков попал в режиссёрское кресло
12:16 – Будет ли когда-то финал «Жуков»
14:07 – Смотрим трейлер «Новых Жуков»
15:22 – Говорим с другими гостями
17:26 – Зачем спасли P. Diddy
22:01 – Месть Максима Пешкова дорогим коллегам
27:11 – Делаем прогнозы на будущее
30:47 – Второй гость. Филипп Киркоров
33:44 – Захватываем гардероб Филиппа Киркорова
38:21 – Смотрим и обсуждаем трейлер фильма «Братья»
44:01 – Погружаемся в животный мир юга России
47:30 – Цивилизованный отжим песни
49:21 – Обсуждаем музыкальный видеофильм «Чёрная пантера»
53:09 – Филипп Киркоров - самый дорогой Дед Мороз
54:59 – Исполняем кусочек трека «Фиолетовая вата»
56:36 – Викторина для Филиппа Киркорова про Филиппов Киркоровых
01:02:27 – Женя Трофимов и «Комната культуры» - «Все они о тебе»

Подпишись на сообщество VK Видео, чтобы не пропустить новые выпуски: https://vk.com/vkvideo",4032,1734166800,12214656,2281,24588,3046,https://vk.com/video_ext.php?oid=-220754053&id=456242689&hash=80fd8713a8e609f4&__ref=vk.admin_android&api_hash=1740606830454f6fa7616a2554b9_GMZDANZRGM2TCOA,1,1,1,False,https://sun1-26.userapi.com/impg/-Q1JFP3SCJTv8bGnV-s77LNfbGR3BfUgEj0q3Q/XGUEBanOTkc.jpg?size=130x96&quality=95&keep_aspect_ratio=1&background=000000&sign=9a5779491c1146b4776337d42ec4224e&c_uniq_tag=ffeSfF8KjtSPhSV6cjBYsAV35wh_y6KQGEq5Jvv6WeM&type=video_thumb
456242687,-220754053,"КСТАТИ #63 – Киркоров, Лагашкин, Чепурченко, Дубровин, Пешков, Трофимов и «Комната культуры». Тизер","63-й выпуск шоу «Кстати» – 14 декабря в 12:00 эксклюзивно в VK Видео!

Подпишись, чтобы не пропустить: https://vk.com/vkvideo",51,1734159600,101199,6,163,9,https://vk.com/video_ext.php?oid=-220754053&id=456242687&hash=2422242b99a02d9f&__ref=vk.admin_android&api_hash=1740606830961df573ffb4b6989a_GMZDANZRGM2TCOA,1,1,1,False,https://sun1-87.userapi.com/impg/Nwc6jFa8klMIyBrKfNH1zSjj5mtoEXux9iMQxQ/jfQzaOtfYTA.jpg?size=130x96&quality=95&keep_aspect_ratio=1&background=000000&sign=b4c28842642aa780486d778808dcb975&c_uniq_tag=ndzraWAiMk9fqewMDxbztCw0_8EvREHRVWQ_QKHeVd8&type=video_thumb
456242685,-220754053,Презентация VK Видео 2024,"В этом видео мы подвели итоги 2024 года! Смотрите, вспоминайте главные моменты и заряжайтесь вдохновением на 2025.

Чтобы быть в курсе всех важных событий и наслаждаться эксклюзивным контентом в любое время, скачивайте наше отдельное приложение VK Видео и оставайтесь с нами в новом году: https://trk.mail.ru/c/l9mnx2

#презентация #итогигода #vkвидео #видео",113,1734103410,404125,22,2237,8,https://vk.com/video_ext.php?oid=-220754053&id=456242685&hash=cc9a38b5947c2668&__ref=vk.admin_android&api_hash=174060683098890a236e2f2f1552_GMZDANZRGM2TCOA,1,1,1,False,https://i.mycdn.me/getVideoPreview?id=7675011992269&idx=0&type=39&tkn=w6s1KGU8GxEiV-icL6yaI7JM6dU&fn=vid_s
456242665,-220754053,Стиль #3. Юля Коваль,"Покупайте без сомнений с новыми выгодными фичами Яндекс Браузера: https://clck.ru/3F7wHY
Реклама. Erid: 2VtzqxH9mc5

В новом выпуске Алина Герман и Саша Ваш пригласили к себе любительницу экспериментов со стилем – Юлю Коваль. Юля рассказала о том, как она собирает свои образы, как нашла своего стилиста и, что для неё значит одежда.

Таймкоды:

00:00 – Начало
02:15 – Гость шоу Юля Коваль
03:41 – Юля про работу со своим стилистом
05:04 – Что главное при выборе образов?
12:30 – Обсуждение образов Юли
18:38 – Про эксперименты с волосами
22:59 – Дерзкий образ Юли на дорожке
28:53 – Любимый образ Юли 
44:23 – Образ, который покорил Алину Герман
48:07 – Мудборд от Алины
49:47 – Мудборд от Саши
51:10 – Образ Алины для Юли
58:09 – Образ Саши для Юли
01:00:18 – Финал

Подпишись на сообщество VK Видео, чтобы не пропустить новые выпуски: https://vk.com/vkvideo",3805,1734087600,3292405,80,1360,154,https://vk.com/video_ext.php?oid=-220754053&id=456242665&hash=03c7300747b8410e&__ref=vk.admin_android&api_hash=17406068303af638313cf51b3f3d_GMZDANZRGM2TCOA,1,1,1,False,https://sun1-89.userapi.com/impg/xusu6MD-7w6_HXpGKcgcrxbr8xGqrf9HX4gDDQ/5bijBONUwAE.jpg?size=130x96&quality=95&keep_aspect_ratio=1&background=000000&sign=e96cf9d9e6729b0eef392d5df82dc475&c_uniq_tag=IqHf0xDzmYQRXdcz8N2BN4B3Jh2dHgK6Gf9rbVgJ7Xs&type=video_thumb
456242664,-220754053,Битва за время 2 | 14 выпуск | ШАСТУН х ДОРОХОВ х ДЖАБРАИЛОВ х ВАШ,"Voicetech от МТС – это не магия, а технологии искусственного интеллекта для комфортного общения. Защитник заблокирует спам-звонки и предупредит во время разговора, если вы разговариваете с мошенниками, а Секретарь ответит за вас на звонки и пришлет расшифровку диалога в сообщении. 

Подключите бесплатно на 30 дней: https://vk.cc/cFJQgK  
erid: 2VtzqvvX2eV

Оформляй Кредитную СберКарту и получай кешбэк бонусами за покупки на Мегамаркете: https://s.sber.ru/K1GDCk
erid: 2VtzqvhMtg1

Участвуй во Вселенной Выгоды от Сбера и получай призы: https://s.sber.ru/xGDBcz
erid: 2VtzqwnvNun

Долгожданный финал второго сезона проекта «Битва за время»! На кону призовой фонд 6 миллионов рублей и звание победителя. Держим кулачки за своих любимых участников и желаем удачи членам жюри, ведь им предстоит определить лучших из лучших.

Жюри: 

Антон Шастун https://vk.com/shastoon.channel 
Игорь Джабраилов hhttps://vk.com/igordzhabrailov
Денис Дорохов https://vk.com/denisdorokhov1987

Таймкоды:

 00:00 – Начало
 04:01 – дуэт «Иван-да-Аза»
 12:19 – дуэт «Мама Стифлера»
 20:52 – Влад Коробейников
 27:13 – Лера Ломакина
 35:16 – трио «Нетяжёлый Люкс»
 42:06 – Карим Курмангалиев
 49:37 – дуэт «Осипов и Ужахов»
 55:39 – Настасья Чеботарь
 01:03:30 – трио «18+»
 01:13:17 – Макс Пихуля
 01:18:53 – дуэт «Дайте Посмеяться»

Подписывайся на сообщество VK Видео, чтобы не пропустить новые выпуски – https://vk.com/vkvideo",5521,1734080400,3116215,1221,15022,1855,https://vk.com/video_ext.php?oid=-220754053&id=456242664&hash=b71755c6326b7461&__ref=vk.admin_android&api_hash=174060683092f479a362f49f1515_GMZDANZRGM2TCOA,1,1,1,False,https://sun1-91.userapi.com/impg/qMWa5vAeMrMRQrRJDO6OjEw3ucxDYhL6TVjrmg/GDpXRWK6O9g.jpg?size=130x96&quality=95&keep_aspect_ratio=1&background=000000&sign=a2865efa0e4db5d6c043d7a32322beb0&c_uniq_tag=Q4XA_5D8h8gx4To6Dhyy8-O5iFU-EhzbST_1qZklPqc&type=video_thumb
456242662,-220754053,Битва за время 2 | 14 выпуск | Тизер,"Это второй сезон «Битвы за время» – шоу, в котором комики в разных юмористических жанрах пытаются рассмешить жюри за отведённое им время. Самый смешной в конце сезона получит 6 млн рублей!  

Участникам дают минуту на выступление, но если жюри нравится выступление, они могут добавить время.

Подписывайся на сообщество VK Видео, чтобы не пропустить новые выпуски: https://vk.com/vkvideo",64,1734014220,74309,8,176,3,https://vk.com/video_ext.php?oid=-220754053&id=456242662&hash=6dd2aae8b46e8360&__ref=vk.admin_android&api_hash=174060683047383ef5b65fe0a445_GMZDANZRGM2TCOA,1,1,1,False,https://sun1-83.userapi.com/impg/y9hLbevsdTTGc3Ouytk84rGYffULWOiaGS95YQ/AFHpPlsP754.jpg?size=130x96&quality=95&keep_aspect_ratio=1&background=000000&sign=bb9216d41107c154e6580c31f681e3ca&c_uniq_tag=HX2HHc64MoUgObzLp6S6ikqhiZq8_hIBc4aG9oNaCDM&type=video_thumb
456242658,-220754053,Стиль #3. Юля Коваль. Тизер,"В новом выпуске Алина Герман и Саша Ваш пригласили к себе любительницу экспериментов со стилем – Юлю Коваль. Юля расскажет о том, как собирает свои образы, как нашла своего стилиста, и что для неё значит одежда.

Премьера выпуска – 13 декабря эксклюзивно в VK Видео. Подпишись, чтобы не пропустить: https://vk.com/vkvideo",64,1734004800,61626,1,115,7,https://vk.com/video_ext.php?oid=-220754053&id=456242658&hash=c8dd61c980ca0507&__ref=vk.admin_android&api_hash=1740606830dc59acab7cbf91c3bd_GMZDANZRGM2TCOA,1,1,1,False,https://sun1-24.userapi.com/impg/KApPRUr-eQmkXAq8GyIDrPb2VGd0q_VeKAzmMg/6KcMqgn87Dk.jpg?size=130x96&quality=95&keep_aspect_ratio=1&background=000000&sign=c8828cb5eb3c14add76937fd02494430&c_uniq_tag=JgZBoF8U9pYqIdvApNKWBKcSBJWfB9KQ6bQPxPbK7t4&type=video_thumb
456242656,-220754053,Женское шоу #2. Антон Шастун,"Подарочный сертификат Золотое Яблоко – самый удобный и быстрый вариант подарка на Новый Год https://goldapple.onelink.me/jLXC/qkvyyuty
Erid:2VtzqwiXMJR

Тот самый нашумевший фен-щетка Tuvio на Яндекс Маркете https://clck.ru/3F9dif
Erid:2VtzqwTSN7j

Впусти в жизнь мамбические перемены! Качай приложение Мамба и начни знакомиться прямо сегодня! https://vk.cc/cFK15r
Erid: 2VtzqxfUMTN

Во втором выпуске «Женского шоу» в роли звёздного ведущего выступит Антон Шастун, которого в начале выпуска похитят его же фанатки. В номерах мы попадём на приём к потомственной гадалке, которая расскажет кто увёл парня, сходим на свидание с сыном маминой подруги, замутим с маминой подругой и увидим, как сексолог помогает семейной паре...

Сегодня в выпуске:

00:00 – Начало
00:40 – Украли Шастуна
08:20 – Новое женское шоу срывает овации
09:47 – Самый быстрый и приятный подарок
12:40 – Шаманка
21:59 – Сын маминой подруги
34:30 – Тётя Наташа
46:27 – Твоя замена стилисту
48:43 – Сексолог
01:01:07 – Прощаемся со звёздным ведущим 

Подпишись на сообщество VK Видео, чтобы не пропустить новые выпуски: https://vk.com/vkvideo",3723,1734001200,3777224,735,22772,4737,https://vk.com/video_ext.php?oid=-220754053&id=456242656&hash=a190f6f3d76cde22&__ref=vk.admin_android&api_hash=1740606830bcd6d0a9092a263593_GMZDANZRGM2TCOA,1,1,1,False,https://sun1-89.userapi.com/impg/hJrKO6qag7sgNkEA1lm3Idm0ZOJL23OmPxWt0w/MLRRzI0k67Y.jpg?size=130x96&quality=95&keep_aspect_ratio=1&background=000000&sign=937938c61c6b757510bda3d246c46e24&c_uniq_tag=-XyYOL2kEOm_9NZARrnir8EEchbcidJn2WZufX3l2lI&type=video_thumb
456242655,-220754053,Женское шоу #2. Антон Шастун. Тизер,"Новое юмористическое «Женское шоу» с участием Вари Щербаковой, Олеси Иванченко, Кати Вяликовой, Димы Журавлёва и других. В котором они показывают смешные номера с женским взглядом на юмор. А чтобы зрителям было интересно, в каждом выпуске будет новый приглашенный звёздный гость, который не только будет выступать в роли ведущего, но и участвовать в номерах.  

Второй выпуск – 12 декабря эксклюзивно в VK Видео. Подпишись, чтобы не пропустить: https://vk.com/vkvideo",36,1733997600,5358,0,36,2,https://vk.com/video_ext.php?oid=-220754053&id=456242655&hash=e6e878f73eae4025&__ref=vk.admin_android&api_hash=1740606830026af55002d4a5d9e5_GMZDANZRGM2TCOA,1,1,1,False,https://sun1-84.userapi.com/impg/MA2eAOELzvj3q7JO_BA_17xETq-RgiccZlJvnw/kTETuxJByNo.jpg?size=130x96&quality=95&keep_aspect_ratio=1&background=000000&sign=7bdb8debdc792c78bbbbb28055a6141f&c_uniq_tag=3kWxlDRzI_U7VMdUrvN148mhHABV2z76IqoV3jA2y2s&type=video_thumb
456242654,-220754053,Сессия. Игорь Джабраилов,"В новом выпуске шоу «Сессия» с Игорем Джабраиловым вы узнаете, насколько серьезную роль в его становлении сыграл отец и как изменилась жизнь героя после его смерти, какие внутренние страхи и фобии отражает юмор Игоря и что стало триггером для усугубления его тревожно-депрессивного состояния. 

В разговоре с Дмитрием Дибровым герой поделится непростыми моментами и историями из жизни, рассказав про тяжелую болезнь отца и последние проведенные вместе с ним минуты.
Подводя черту под откровенной беседой, Игорь исполнит стихотворение Константина Бальмонта «Я мечтою ловил уходящие тени…».

Смотрите эксклюзивно в VK Видео

Все треки из выпусков «Сессии» слушайте эксклюзивно в VK Музыке: https://vk.cc/cECarH

Таймкоды:

00:00 – Начало выпуска
00:07 – Рекламная интеграция
00:51 – Психологическое досье
02:13 – Гипотезы диагнозов
02:23 – Начало сессии
02:56 – Тревога
05:00 – Детство в маленьком городе
11:00 – Комментарий психотерапевта
11:26 – Становление Игоря
14:42 – Детские переживания и страх осуждения
22:10 – Комментарий психотерапевта
22:31 – Болезнь отца 
26:14 – Памятные воспоминания от отца
28:26 – Последняя встреча с отцом
31:37 – Благодарность отцу
35:27 – Комментарий психотерапевта
35:48 – Выбор профессии
38:04 – Мечта стать лучшим в мире
39:57 – Отношения с мамой
43:53 – Кем был бы если бы отец не умер
45:40 – Комментарий психотерапевта
46:00 – Профессиональное признание
51:07 – Семья для Игоря
54:41 – Психологический прием «Обращение к себе»
56:57 – Стихотворение Константина Бальмонта «Я мечтою ловил уходящие тени…»
58:17 – Психологическое заключение

Подпишись на сообщество VK Видео, чтобы не пропустить новые выпуски: https://vk.com/vkvideo",3609,1733994000,3873487,68,3511,433,https://vk.com/video_ext.php?oid=-220754053&id=456242654&hash=dd077d42f5128c4d&__ref=vk.admin_android&api_hash=1740606830d5d16cc67f2a287df8_GMZDANZRGM2TCOA,1,1,1,False,https://sun1-92.userapi.com/impg/VYjewyKuAJKh05OsfF7EfX0zSGx_1wVKNkfDaA/TW47YFcio0Y.jpg?size=130x96&quality=95&keep_aspect_ratio=1&background=000000&sign=cb163c80ae54adef21e731511739a78e&c_uniq_tag=fQsdlNW7wJG57M0QHfLd8Lys2tpW31kbSEgyEpxw6j0&type=video_thumb
456242649,-220754053,Сессия. Игорь Джабраилов. Тизер,"«Сессия» – это шоу, в котором ведущий и приглашённые гости в формате психотерапевтического сеанса разбирают, как их психологические проблемы и травмы влияют на творчество. А психотерапевт за кадром поясняет происходящее с профессиональной точки зрения.

Новый выпуск – 12 декабря эксклюзивно в VK Видео. Подпишись, чтобы не пропустить: https://vk.com/vkvideo",59,1733931660,98135,3,215,2,https://vk.com/video_ext.php?oid=-220754053&id=456242649&hash=834f428eaa1f883d&__ref=vk.admin_android&api_hash=174060683061ba20b6e3f21e09c7_GMZDANZRGM2TCOA,1,1,1,False,https://i.mycdn.me/getVideoPreview?id=7214799260193&idx=1&type=39&tkn=pO1CZDoi5t88nISZp96h4RKoY8A&fn=vid_s
456242646,-220754053,Станьте частью проекта VK Видео и Medium Quality «Дорогой Дедушка Мороз»,"Исполнить новогоднюю мечту вашего ребёнка очень просто!

Для этого нужно только принять участие в нашей акции «Дорогой Дедушка Мороз». Подать заявку можно до 20 декабря по ссылке: vk.cc/cF1UoQ

Не забудьте прикрепить видео, где ваш ребёнок рассказывает о своём заветном желании, а мы с артистами Medium Quality непременно поможем ему сбыться!",38,1733913780,323432,8,1661,52,https://vk.com/video_ext.php?oid=-220754053&id=456242646&hash=87dc65c5395821ed&__ref=vk.admin_android&api_hash=1740606830820f0ff29b5be70792_GMZDANZRGM2TCOA,1,1,1,False,https://i.mycdn.me/getVideoPreview?id=7401153825308&idx=4&type=39&tkn=JcL4kinvzqhloTCA1a4Hl9KNCK8&fn=vid_s
456242644,-220754053,Money Mic 2 | Выпуск 9 | Джабраилова х Абрамов х Бебуришвили х Амарян,"В проекте Money Mic лучшие участники из Open Mic состязаются с опытными комиками за деньги! Победитель каждого выпуска получает 100 000 рублей и выходит в Big Money Mic, где будет разыграна сумма в 1 000 000 рублей. За оценку выступлений отвечает жюри, однако кому достанутся деньги – решают зрители.

В новом выпуске: 

00:00 – Начало
00:40 – Правила проекта
00:53 – Разговор с жюри
02:52 – Сергей Матросов
10:43 – Замрат Вартанянц 
18:31 – Юрий Сидельников
26:51 – Илья Стрелков
34:53 – Мкртич Никогосян
41:01 – Алексей Скрытно 
48:01 – Итоги выпуска

Ведущий: 

Гурам Амарян – https://vk.com/am_gur

Жюри:

Надя Джабраилова – https://vk.com/electronadyacomm 
Андрей Бебуришвили – https://vk.com/andrewcomedy 
Иван Абрамов – https://vk.com/ivan_abramov_standup

Подпишись на сообщество VK Видео, чтобы не пропустить новые выпуски: https://vk.com/vkvideo",3182,1733907600,1616243,305,5399,997,https://vk.com/video_ext.php?oid=-220754053&id=456242644&hash=77b8271e3e347406&__ref=vk.admin_android&api_hash=17406068300118835922500beb11_GMZDANZRGM2TCOA,1,1,1,False,https://sun1-16.userapi.com/impg/Njofn4VUjFTK_6DSnCSUyxNVWC1yuuw3dZY9rA/cwrmRLFFe2Y.jpg?size=130x96&quality=95&keep_aspect_ratio=1&background=000000&sign=09492d3064a0fedf7370d24b0cd814eb&c_uniq_tag=C5DmYaZ6gXsC1aD6ozDDe1owW4bK_IUWD64RAEpgTTc&type=video_thumb
456242642,-220754053,Money Mic 2 | Выпуск 9 | Тизер,"Лучшие участники из проекта Open Mic борются с опытными комиками за денежные призы!

В каждом выпуске самый смешной комик получает 100 000 рублей, а также проходит в Big Money Mic, где будет разыгран 1 миллион рублей.

Подпишись, чтобы не пропустить: https://vk.com/vkvideo",62,1733900400,4450,0,29,0,https://vk.com/video_ext.php?oid=-220754053&id=456242642&hash=3da1047582bf8026&__ref=vk.admin_android&api_hash=1740606830d84d80d080ea514398_GMZDANZRGM2TCOA,1,1,1,False,https://sun1-18.userapi.com/impg/6_Y0DYyvTLZgyMLYWcce1sjM5N2v3fycIy2E7A/FCVHfqC5MG4.jpg?size=130x96&quality=95&keep_aspect_ratio=1&background=000000&sign=3bd0f8b44866c7c11a6806b50f240261&c_uniq_tag=tbB0zQEjacgsHieC-dSaBAjNSwcGP16HLeBVduZtCdQ&type=video_thumb
456242639,-220754053,В VK Видео появился «Детский режим»,"Скачивай приложение VK Видео и включай «Детский режим» — пусть дети безопасно наслаждаются любимыми мультиками, фильмами и блогерами: https://trk.mail.ru/c/u9nps17

#vkвидео #вквидео #vkvideo #реклама #рекламныйролик #рекламадекабрь #детскийрежим #дети #приложение #мультики #фильмы #блогеры",15,1733743860,133528,1,449,57,https://vk.com/video_ext.php?oid=-220754053&id=456242639&hash=167d34678ce1d924&__ref=vk.admin_android&api_hash=1740606830cd14923a067f722d08_GMZDANZRGM2TCOA,1,1,1,False,https://i.mycdn.me/getVideoPreview?id=7623159843505&idx=6&type=39&tkn=5L0wLlnHW7FuAw_yAe1c0BNhKbU&fn=vid_s
456242637,-220754053,Грязные Мысли 2. Первый полуфинал. Зубы Васильева vs. Дружба народов,"До 27 декабря проходит Финальная распродажа года на Ozon. Чудо-скидки до 80% и блестящий выбор подарков – от одежды до электроники: https://ozon.ru/t/We2Re3O

«Грязные Мысли 2» – продолжение первого медийного интеллектуального чемпионата от КликКлак и VK Видео. Здесь вы увидите, как 4 лучшие команды, прошедшие невероятно сложный отбор, поборются за выход в финал второго сезона. Ответив правильно, команда зарабатывает баллы. Но, если ответы будут неверными, то на участников перевернётся ведро с грязью!

Ведущий:

Александр Пушной
https://vk.com/pushnoy_nadorad

Участники:

Аслан Шукаша
https://vk.com/aslanshukasha
Паша Akstar
https://vk.com/akstar.music
Ekatze
https://vk.com/ekatzestream
Любятинка
https://vk.com/lubyatinka
Никита Сударь
https://vk.com/nikitasudar
Блондинка Drive
https://vk.com/blondinka__drive

Таймкоды:

00:00 – Как выгодно закупиться к новому году?
01:25 – Путь команд к первому полуфиналу
02:57 – Первый раунд
18:03 – Второй раунд
29:10 – Третий раунд
39:13 – Кто первым попадёт в финал этого сезона?

Подписывайся на сообщество VK Видео, чтобы не пропустить новые выпуски: https://vk.com/vkvideo",2540,1733734800,4927934,23,1522,204,https://vk.com/video_ext.php?oid=-220754053&id=456242637&hash=39002feadc76d0ac&__ref=vk.admin_android&api_hash=1740606830f76a516d48285c7350_GMZDANZRGM2TCOA,1,1,1,False,https://sun1-55.userapi.com/impg/NQNBEwASzAiirrjRQrOs7Q52FOPyjf-7SPzvGw/TWbtQByWJx8.jpg?size=130x96&quality=95&keep_aspect_ratio=1&background=000000&sign=e3d6e74debe9ff09441be8780017ae04&c_uniq_tag=Pl3q7I13MOCRipgQEM5EcxvUQGahVx9B0EymbGZRK1k&type=video_thumb
456242630,-220754053,MILASH. Не такая,"В заключение беседы с Дмитрием Дибровым Маш Милаш исполнила трек «Не такая», подведя черту под откровенной беседой.

Полный выпуск «Сессии» с Маш Милаш смотрите эксклюзивно в VK Видео: https://vkvideo.ru/video-220754053_456242605",158,1733664900,13952,20,67,8,https://vk.com/video_ext.php?oid=-220754053&id=456242630&hash=081601a87f3aecff&__ref=vk.admin_android&api_hash=17406068304372aa72662bc3ddc7_GMZDANZRGM2TCOA,1,1,1,False,https://sun1-87.userapi.com/impg/BsvDMWQbTUj03-v7BGXyFtfWqYVNMcytQjnHOw/XgbyvtF1KN4.jpg?size=130x96&quality=95&keep_aspect_ratio=1&background=000000&sign=6e51ef46b70b43083cf65abb072fba2b&c_uniq_tag=g-Sj2m-dhox0szZqL2G1g79y7Op3g_5l0spbtn-lkS4&type=video_thumb
456242628,-220754053,Грязные Мысли 2 – Тизер 5 серии,"Смотри пятый выпуск «Грязных Мыслей 2» 9 декабря в 12:00. Подпишись, чтобы не пропустить! Эксклюзивно в VK Видео!",30,1733646650,85624,0,95,0,https://vk.com/video_ext.php?oid=-220754053&id=456242628&hash=c3520912dabede9d&__ref=vk.admin_android&api_hash=174060683046cf1e4c23883d35a8_GMZDANZRGM2TCOA,1,1,1,False,https://sun1-87.userapi.com/impg/u1qginDCgWVYJQS6glK18UfAKz0mKfsO5P4Lpw/JabS6eXJdlw.jpg?size=130x96&quality=95&keep_aspect_ratio=1&background=000000&sign=936304ccdb9c4130c85e63032b4bd1b6&c_uniq_tag=6kh_TiAkX46QXdjTc3l0Af7Vjud_cI8L0l0wJuSPvOw&type=video_thumb
456242626,-220754053,"КСТАТИ #62 – Pokrov, Мигель, Пылаева, Решетникова и Хачатуров, Давидович, Туман и Варпач, Харламов, Мусагалиев, Дорохов","Откройте своё дело с ВТБ по ссылке https://vk.cc/cGacyv
Реклама. erid: 2VtzqxF6F8k

Шестьдесят второй выпуск шоу «Кстати» с Азаматом Харламовым. Дорох сегодня проявил себя и поделился тем, что его раздражало всё это время, пока оставим его, может в следующих выпусках еще чем-то поделится.  Гостями шестьдесят второго выпуска стали: у них теперь целая своя лига – Мигель, Ульяна Пылаева, Екатерина Решетникова и Георгий Хачатуров; коллеги, а не конкуренты Дороха – Эрик Давидович, Настя Туман и Кирилл Варпач; и станцевала, и спела, и контент сняла, в общем, опять исполнила все свои мечты – Аня Pokrov.

Таймкоды:

00:00 – Начинаем шестьдесят второй выпуск «Кстати»
03:46 – Закрытый клуб любителей футбола Азамата
03:57 – Первые гости. Мигель, Ульяна Пылаева, Екатерина Решетникова и Георгий Хачатуров
06:05 – Лига Танцев Winline 
09:27 – Мастер класс по робо-танцу
11:03 – Азамат и есть танцы
11:52 – «Дуры» Екатерины Решетниковой
13:56 – Инновационное театральное пространство «КУЛЬТ»
16:43 – Ульяна Пылаева и «Жвачка»
19:44 – Играем в «Делай как я скажу»
30:25 – Делаем прогнозы на будущее
34:43 – Вторые гости. Эрик Давидович, Настя Туман и Кирилл Варпач
36:23 – Чем отличается «Заводи поехали» от проектов Дороха
37:54 – Зачем ребята собрались вместе
41:28 – Кирилл мутит «кек кек лол»
42:33 – Мерим шубу Насти Туман
44:38 – Нужно ли разрешить тонировку
47:41 – Что бесило Дороха всё это время
49:19 – Доска легендарности авто
56:03 – Третья гостья. Аня Pokrov
57:31 – Новые музыкальные релизы Ани
59:36 – Аня, ЮАР, пингвины и край света
01:03:01 – Снимаем новомодное видео
01:05:29 – Почему Аня Pokrov - покровительница хайпа?
01:06:28 – Как Аня приняла участие в проекте «Голос поэта»
01:07:40 – Аня Pokrov - «Я рядом»

Подпишись на сообщество VK Видео, чтобы не пропустить новые выпуски: https://vk.com/vkvideo",4254,1733562000,11270108,1877,21287,2707,https://vk.com/video_ext.php?oid=-220754053&id=456242626&hash=48f8126d6541e8a9&__ref=vk.admin_android&api_hash=174060683048c405557cd8395f16_GMZDANZRGM2TCOA,1,1,1,False,https://sun1-26.userapi.com/impg/-dtHfM4CbhB9RrmgKkqajHFoj15_dd6pVNg8FA/vRfH1ftCQCc.jpg?size=130x96&quality=95&keep_aspect_ratio=1&background=000000&sign=de772040cc5305d4809eb2f4e4db5250&c_uniq_tag=NhhS27BWRAVtY3boUmwBvN5qbxmcD8dWgJVe_3dDko4&type=video_thumb
456242623,-220754053,"КСТАТИ #62 – Pokrov, Мигель, Пылаева, Решетникова, Хачатуров, Давидович, Туман, Варпач. Тизер","62-й выпуск шоу «Кстати» – 7 декабря в 12:00 эксклюзивно в VK Видео!

Подпишись, чтобы не пропустить: https://vk.com/vkvideo",67,1733554800,119216,7,191,14,https://vk.com/video_ext.php?oid=-220754053&id=456242623&hash=adf469a9676a1383&__ref=vk.admin_android&api_hash=1740606830cd70ef55a988ced6ed_GMZDANZRGM2TCOA,1,1,1,False,https://sun1-25.userapi.com/impg/PajvIGs0qCcQde0khmf46WaayeqJEe3rL63u3g/HmZYAqN2B4Y.jpg?size=130x96&quality=95&keep_aspect_ratio=1&background=000000&sign=1fde0c79bd9a4970238970c331fc9f2c&c_uniq_tag=lbKJoePMHodGZvapWGLmq5hyvjf5EW_cZLNZmFSDPUk&type=video_thumb
456242613,-220754053,Битва за время 2 | 13 выпуск | ШАСТУН х ПАРФЕНЮК х САТИР х ВАШ,"До 27 декабря проходит Финальная распродажа года на Ozon. Чудо-скидки до 80% и блестящий выбор подарков – от одежды до электроники: https://ozon.ru/t/5bxGmlr
Реклама. ООО «Интернет Решения», 123112, г. Москва, Пресненская наб., д. 10 эт. 41 пом I, комн. 6; ОГРН 1027739244741, erid: 2VtzqwWgqiG

Впусти в жизнь мамбические перемены! Качай приложение Мамба и начни знакомиться прямо сегодня! https://vk.cc/cFG01V

Это второй полуфинал «Битвы за время 2»! Каждый, кто выходит на сцену в надежде пройти в финал и забрать главный приз (а это целых 6 миллионов рублей), должен получить все дополнительные минуты для своего выступления и услышать «да» от каждого из членов жюри. Скоро узнаем, у кого из участников это получилось!

Ведущий: 

Саша Ваш https://vk.com/sasavash 

Жюри: 

Антон Шастун https://vk.com/shastoon.channel 
Илья Сатир https://vk.com/satyrchannel
Ольга Парфенюк https://vk.com/olya.parfenyuk

Таймкоды:

00:00 – начало
00:55 – объяснение правил
01:10 – представление жюри
04:21 – дуэт «Осипов и Ужахов»
12:31 – Дуэт «Мама Стифлера»
19:57 – Лена Гранкина
25:53 – Карим Курмангалиев
33:49 – трио «18+»
40:11 – Дуэт «Полтора»
45:20 – Дуэт «Женя и Эвальд»
53:24 – Никита Небо
01:01:53 – Дуэт «Дайте Посмеяться»

Подписывайся на сообщество VK Видео, чтобы не пропустить новые выпуски: https://vk.com/vkvideo",4089,1733475600,3053159,453,11619,1381,https://vk.com/video_ext.php?oid=-220754053&id=456242613&hash=88f21d171f82a882&__ref=vk.admin_android&api_hash=1740606830911d9e1dfce554a002_GMZDANZRGM2TCOA,1,1,1,False,https://sun1-14.userapi.com/impg/YcEeueApFl-NEfSeoIHIxyHyLJuvgki7dvi-Nw/Bz0DbL5eRpU.jpg?size=130x96&quality=95&keep_aspect_ratio=1&background=000000&sign=a3b59a5c9983a4b6dc7e9f3df9116c8b&c_uniq_tag=1QLVF0myCTdHjhyFl7W5gnzxPD3K7QNBLm2uHD5nuZg&type=video_thumb
456242611,-220754053,Битва за время 2 | 13 выпуск | Тизер,"Это второй сезон «Битвы за время» – шоу, в котором комики в разных юмористических жанрах пытаются рассмешить жюри за отведённое им время. Самый смешной в конце сезона получит 6 млн рублей!  

Участникам дают минуту на выступление, но если жюри нравится выступление, они могут добавить время.

Подписывайся на сообщество VK Видео, чтобы не пропустить новые выпуски: https://vk.com/vkvideo",61,1733468400,5385,2,30,0,https://vk.com/video_ext.php?oid=-220754053&id=456242611&hash=ee751220e2c48632&__ref=vk.admin_android&api_hash=1740606830c21884517980148a0f_GMZDANZRGM2TCOA,1,1,1,False,https://sun1-57.userapi.com/impg/c4zP5s_RSgowvW1yIbVd-hJ0Z_wB25jtUWGFrQ/TJ9dh8eoWl4.jpg?size=130x96&quality=95&keep_aspect_ratio=1&background=000000&sign=bccbde3b1fb6deb5f29c38a0831fb3b7&c_uniq_tag=m_C_yq3rBgczrbzZ2cUARtc-cxnhFUoG4aDkKTePVQY&type=video_thumb
456242603,-220754053,Женское шоу #1. Денис Дорохов,"Пусть зима будет не только уютной, но и выгодной! Оплачивайте любые покупки в магазинах Fix Price через Систему быстрых платежей и возвращайте 5% рублями на свой банковский счет.
Акция действует до 15.01.2025 г. для участников программы лояльности ""Привет"". Необходима регистрация на https://vk.cc/cFHZ28

Прокладки Либресс – твоя надёжная защита от протеканий днём и ночью. Теперь в обновлённом дизайне! https://clck.ru/3EqZXo
Erid: 2VtzqwQN2Pi

Скидки на товары для взрослых на Яндекс Маркете https://clck.ru/3EyPQL
Erid: 2Vtzqv3dJBz

В первом выпуске «Женского шоу» в роли звёздного ведущего выступит Денис Дорохов, который в начале выпуска попадёт на прожарку от обычных медиков. В номерах мы окунёмся в атмосферу женского суда над мужчиной, посмотрим, как открывается первая чакра, посетим место женской силы и увидим, как психолог помогает человеку с раздвоением личности… 

Сегодня в выпуске:

00:00 – Начало
00:36 – В операционной
05:33 – Мы начинаем новое женское шоу
07:26 – Гастрономический экстаз
09:01 – Глубокослав
18:19 – Женский суд
29:34 – Сюрприз на годовщину
31:33 – Девий камень
42:38 – В кабинете у психолога
54:00 – Прощание со звёздным ведущим 

Подпишись на сообщество VK Видео, чтобы не пропустить новые выпуски: https://vk.com/vkvideo",3349,1733396400,4891791,2043,31218,10875,https://vk.com/video_ext.php?oid=-220754053&id=456242603&hash=2d300166c006b70d&__ref=vk.admin_android&api_hash=17406068302abefcd009c182bb12_GMZDANZRGM2TCOA,1,1,1,False,https://sun1-18.userapi.com/impg/IcghlJoafB_cxGFPkMyGZYdi8iBfW3s-4BsVqw/wb9IJtGTu4o.jpg?size=130x96&quality=95&keep_aspect_ratio=1&background=000000&sign=6ceec890722078af72b569c8b67e02b2&c_uniq_tag=C-806NrzK_L7NLnwsBBuDCiZoxcoP3jhDuqFeqUcVOk&type=video_thumb
456242601,-220754053,Женское шоу #1. Денис Дорохов. Тизер,"Новое юмористическое «Женское шоу» с участием Вари Щербаковой, Олеси Иванченко, Кати Вяликовой, Димы Журавлёва и других. В котором они показывают смешные номера с женским взглядом на юмор. А чтобы зрителям было интересно, в каждом выпуске будет новый приглашенный звёздный гость, который не только будет выступать в роли ведущего, но и участвовать в номерах.  

Первый выпуск – 5 декабря эксклюзивно в VK Видео. Подпишись, чтобы не пропустить: https://vk.com/vkvideo",53,1733392800,14971,5,84,19,https://vk.com/video_ext.php?oid=-220754053&id=456242601&hash=c8dd305299b89b9b&__ref=vk.admin_android&api_hash=1740606830a1e7cd0565eacffd39_GMZDANZRGM2TCOA,1,1,1,False,https://sun1-27.userapi.com/impg/DzkpqC-siPHgbH14GNWCp2Wjh7isLkljN8osdA/5JdF6KyKf1A.jpg?size=130x96&quality=95&keep_aspect_ratio=1&background=000000&sign=3e257a32d108db9121393c471226e082&c_uniq_tag=QJzpT7_KKRqR2vZn2yLS4l-PXzn-Jn7TOaPgY7zOrDM&type=video_thumb
456242605,-220754053,Сессия. Маш Милаш,"В новом выпуске шоу «Сессия» с Маш Милаш вы узнаете, что в детстве повлияло на формирование у неё недоверия к окружающему миру, почему абьюзивные отношения и последующая ретравматизация вылились в обесценивание мужчин, и в каких ситуациях оказывалась девушка из-за нарушения инстинкта самосохранения. 

В диалоге с Дмитрием Дибровым героиня поделится личными историями и переживаниями, впервые рассказав про нападение на неё городским сумасшедшим во время стрима и отсутствие реакции и поддержки после этого со стороны близкого окружения. 

Подводя черту под откровенной беседой, Маша исполнит трек «Не такая» в лайв формате. Смотрите эксклюзивно в VK Видео. 

Все треки из выпусков «Сессии» слушайте эксклюзивно в VK Музыке: https://vk.cc/cECarH

Таймкоды:

00:00 – Начало выпуска
00:30 – Психологическое досье
01:46 – Гипотезы диагнозов
01:59 – Начало сессии
02:45 – Альтер эго
04:47 – Характер Маши
07:01 – Комментарий психотерапевта
07:17 – Отношения с родителями
08:40 – Застенчивость
11:15 – Балет и детские травмы
14:41 – Комментарий психотерапевта
14:55 – Преподавание хореографии и мотивация заработать денег
18:45 – Комментарий психотерапевта
19:02 – Отношения с братом 
20:10 – Работа в стриптиз клубе
23:39 – Абьюзивные отношения
28:41 – Комментарий психотерапевта
28:55 – Любовь для Маши
31:18 – Неуверенность в себе и соответствующий круг общения 
34:30 – Комментарий психотерапевта
34:50 – Влияние дедушки
36:50 – Нарушение инстинкта самосохранения
39:47 – Комментарий психотерапевта
40:08 – Сталкинг
44:18 – Комментарий психотерапевта
44:38 – Психологический прием «Обращение к себе маленькой» 
46:15 – Трек «Не такая»
48:38 – Психологическое заключение

Подпишись на сообщество VK Видео, чтобы не пропустить новые выпуски: https://vk.com/vkvideo",3003,1733389200,4118896,78,2953,1125,https://vk.com/video_ext.php?oid=-220754053&id=456242605&hash=8af2b8414fc7fae7&__ref=vk.admin_android&api_hash=1740606830c56916c89125bbfb93_GMZDANZRGM2TCOA,1,1,1,False,https://sun1-19.userapi.com/impg/JTZChpMF_8VAwdfUEOCmHIkPogICZeoAQyoZ6g/c_kLKzIMon4.jpg?size=130x96&quality=95&keep_aspect_ratio=1&background=000000&sign=e5535109efd7ea1802230bb3ef57ace0&c_uniq_tag=lq4X5XNOkYhz0_XhTT1c-6jcDt_FW79mn829bQE9p1M&type=video_thumb
456242599,-220754053,Сессия. Маш Милаш. Тизер,"«Сессия» – это шоу, в котором ведущий и приглашённые гости в формате психотерапевтического сеанса разбирают, как их психологические проблемы и травмы влияют на творчество. А психотерапевт за кадром поясняет происходящее с профессиональной точки зрения.

Новый выпуск – 5 декабря эксклюзивно в VK Видео!",59,1733382000,71398,1,20,0,https://vk.com/video_ext.php?oid=-220754053&id=456242599&hash=ff909e40506268d7&__ref=vk.admin_android&api_hash=17406068304dee8d0cc0536d2ab4_GMZDANZRGM2TCOA,1,1,1,False,https://sun1-84.userapi.com/impg/nIKJh5bMtRnng3FghHsfvO7BIO1nw48d2ATZ0Q/E5eDjfnC75I.jpg?size=130x96&quality=95&keep_aspect_ratio=1&background=000000&sign=aa4be1fdfca35fb28ab214efe30413aa&c_uniq_tag=nTorvHLS98kJn6mfWYplFEVvh8jUHQB-1OqtCbMxzaM&type=video_thumb
456242598,-220754053,Женское шоу. Тизер сезона,"Новое юмористическое «Женское шоу» с участием Вари Щербаковой, Олеси Иванченко, Кати Вяликовой, Димы Журавлёва и других, в котором они показывают смешные номера с женским взглядом на юмор. 

А чтобы зрителям было интересно, в каждом выпуске будет новый приглашенный звёздный гость, который не только будет выступать в роли ведущего, но и участвовать в номерах.  

Премьера – 5 декабря в 14:00! Подпишись на сообщество VK Видео, чтобы не пропустить: https://vk.com/vkvideo",92,1733315460,1056634,73,12455,468,https://vk.com/video_ext.php?oid=-220754053&id=456242598&hash=d88c617d0b623868&__ref=vk.admin_android&api_hash=174060683040cf70a3bbbd282f37_GMZDANZRGM2TCOA,1,1,1,False,https://sun1-95.userapi.com/impg/zu87Xh3dPxDurZoepWtca6l8YYR2CWSCMdgpeQ/SkiF4PhXJ48.jpg?size=130x96&quality=95&keep_aspect_ratio=1&background=000000&sign=11f572c912ad229822967ef47b06fedd&c_uniq_tag=kp4hZXHwq9O86X5LjoVkNRTgexyP-BqElcS0lnwYbFs&type=video_thumb
456242589,-220754053,Money Mic 2 | Выпуск 8 | Сатир х Абрамов х Бебуришвили х Амарян,"До 27 декабря проходит Финальная распродажа года на Ozon. Чудо-скидки до 80% и блестящий выбор подарков – от одежды до электроники: https://ozon.ru/t/GAyVLy4
erid: 2VtzquZykVW

Лучшие комики из проекта Open Mic борются с опытными комиками за деньги! Самый смешной из выпуска получает 100 000 рублей, а также проходит в Big Money Mic, где будет разыгран 1 миллион рублей. Определять лучших будет жюри, а выбирать, кому достанутся деньги – зрительный зал.

Сегодня в выпуске:

00:00 – Начало
02:15  – Правила проекта
02:38 – Разговор с жюри
04:02 – Женя Ежова
05:25 – Влад Возий
14:07 – Виктор Косачев
21:20 – Никита Ермолаев
26:54 – Татьяна Садыкова
33:14 – Сергей Снурников
42:17 – Итоги выпуска

Ведущий: 

Гурам Амарян – https://vk.com/am_gur

Жюри:

Илья Satyr – https://vk.com/satyrchannel
Андрей Бебуришвили – https://vk.com/andrewcomedy 
Иван Абрамов – https://vk.com/ivan_abramov_standup

Подпишись на сообщество VK Видео, чтобы не пропустить новые выпуски: https://vk.com/vkvideo",2742,1733302800,3446387,236,4438,883,https://vk.com/video_ext.php?oid=-220754053&id=456242589&hash=52f9c338bedf666f&__ref=vk.admin_android&api_hash=174060683024e351808a55bdee63_GMZDANZRGM2TCOA,1,1,1,False,https://sun1-24.userapi.com/impg/Xal1OnTxT8GzRXeLAXQ02rRNUYyVCW2bCpzsxQ/bcSTcuCtMyc.jpg?size=130x96&quality=95&keep_aspect_ratio=1&background=000000&sign=29a2b9efe52df2892e97b150296ce196&c_uniq_tag=ylIHdPQfO1TYhs-q5gvDTlL2KSHGXcTFD2PL2Sbbk_8&type=video_thumb
456242588,-220754053,Money Mic 2 | Выпуск 8 | Тизер,"Лучшие участники из проекта Open Mic борются с опытными комиками за денежные призы!

В каждом выпуске самый смешной комик получает 100 000 рублей, а также проходит в Big Money Mic, где будет разыгран 1 миллион рублей.

Подпишись, чтобы не пропустить: https://vk.com/vkvideo",68,1733295600,134675,2,31,2,https://vk.com/video_ext.php?oid=-220754053&id=456242588&hash=b9d111c1a9c6b934&__ref=vk.admin_android&api_hash=17406068307c7aa6658be9158be7_GMZDANZRGM2TCOA,1,1,1,False,https://sun1-86.userapi.com/impg/t-UEXTyQYOPUbV1tIL52g-cWOQW19YAM8YFbHw/O_sivZYIIGc.jpg?size=130x96&quality=95&keep_aspect_ratio=1&background=000000&sign=955914dcb01979dfd84e1a716ddd08b0&c_uniq_tag=uH79coI0aHbbRx0MGoJoqcJHM_vjOZrAvsiL0-AJ7jY&type=video_thumb
456242583,-220754053,Смотри все новогодние видео в VK Видео,"Скачивай приложение VK Видео, чтобы смотреть новогодние шоу, фильмы и сериалы: https://trk.mail.ru/c/u9nps17

#vkвидео #вквидео #vkvideo #реклама #рекламныйролик #рекламадекабрь #никита #кологривый #приложение #смотриновогодниевидео #новыйгод",30,1733137320,618856,15,3465,71,https://vk.com/video_ext.php?oid=-220754053&id=456242583&hash=ad5730c62df7d88a&__ref=vk.admin_android&api_hash=174060683002293fb87c76b29be3_GMZDANZRGM2TCOA,1,1,1,False,https://i.mycdn.me/getVideoPreview?id=7553546914443&idx=12&type=39&tkn=HDwZKR7vdrfCXmHoW1UTXRqsjyk&fn=vid_s
456242574,-220754053,"Грязные Мысли 2. 1/4 Финала. Артём Муратов, Карен Адамян, Яся Тринадцатко vs. Катя Голышева, Соня Слиппи, Виталя Сидельников","VoiceTech от МТС – связь нового поколения на основе технологий искусственного интеллекта для комфортного общения. Защитник блокирует спам-звонки и теперь прямо во время разговора предупредит, если вы говорите с мошенником, а Секретарь ответит на звонки и пришлет вам запись. Подключить бесплатно на 30 дней: https://vk.cc/cFq3Cw
erid: 2Vtzqx7g3H1

«Грязные Мысли 2» – продолжение первого медийного интеллектуального чемпионата от КликКлак и VK Видео. Здесь вы увидите, как 8 лучших команд, прошедших невероятно сложный отбор, поборются за звание чемпиона второго сезона. Ответив правильно, команда зарабатывает баллы. Но, если ответы будут неверными, то на участников перевернётся ведро с грязью!

Ведущий:

Александр Пушной
https://vk.com/pushnoy_nadorad

Участники:

Артём Муратов
https://vk.com/artemmuratov
Карен Адамян
https://vk.com/makarena50q
Яся Тринадцатко
https://vk.com/yaroslava13ko
Катя Голышева
https://vk.com/golysheva.music
Соня Слиппи
https://vk.com/sleepyprincess8
Виталя Сидельников
https://vk.com/tvoisidelnikov

Таймкоды:

00:00 – Как команда КЛИККЛАК готовится не вылететь в новом сезоне?
02:20 – Правила второго сезона «Грязных Мыслей»
03:26 – Представление команд
04:49 – Первый раунд
22:13 – Второй раунд
34:59 – Третий раунд
44:13 – Финальный раунд четвертого четвертьфинала

Подписывайся на сообщество VK Видео, чтобы не пропустить новые выпуски: https://vk.com/vkvideo",2847,1733130000,4771048,50,1833,230,https://vk.com/video_ext.php?oid=-220754053&id=456242574&hash=a4b242c70fec204d&__ref=vk.admin_android&api_hash=174060683060ef06f7db09702f87_GMZDANZRGM2TCOA,1,1,1,False,https://sun1-92.userapi.com/impg/CEb2v5hesQjRZIxdISSI61ZhqZPeTBzY1rNWVg/crvcTLzGc8c.jpg?size=130x96&quality=95&keep_aspect_ratio=1&background=000000&sign=61c6ca983851db73eceadfdcad829126&c_uniq_tag=0l20geJQ5kImwsj9b1YRyrv1a1YQDejeeQtFiOQrAZs&type=video_thumb
456242573,-220754053,Клава Кока. Депрессаунд,"В заключение беседы с Дмитрием Дибровым Клава Кока исполнила трек «Депрессаунд», подведя черту под откровенной беседой.

Полный выпуск «Сессии» с Клавой смотрите эксклюзивно в VK Видео: https://vkvideo.ru/video-220754053_456242527",211,1733059860,88309,8,193,26,https://vk.com/video_ext.php?oid=-220754053&id=456242573&hash=90e0a0ff850f7a2a&__ref=vk.admin_android&api_hash=174060683084f3b542ea51edc750_GMZDANZRGM2TCOA,1,1,1,False,https://sun1-24.userapi.com/impg/p40qjLlKS45z8KNFT0K2WIa7kHaMlkTxhDlLpw/GOBvLSRIe3A.jpg?size=130x96&quality=95&keep_aspect_ratio=1&background=000000&sign=de73e2e8174de243b460ab63bc4ceb11&c_uniq_tag=F4CR4CuE61PA4uoqTYVfmByAnqeXkaqDooWwLoPitlY&type=video_thumb
456242571,-220754053,Грязные Мысли 2 – Тизер 4 серии,"Смотри четвертый выпуск «Грязных Мыслей» 2 декабря в 12:00 эксклюзивно в VK Видео!

Подпишись, чтобы не пропустить: https://vk.com/vkvideo",33,1733043600,72924,2,70,0,https://vk.com/video_ext.php?oid=-220754053&id=456242571&hash=750e044d3c7fa80d&__ref=vk.admin_android&api_hash=17406068309ca1ae6edf71fb678f_GMZDANZRGM2TCOA,1,1,1,False,https://sun1-55.userapi.com/impg/241Yb1AZGqfpSUzq9JXIF5jIJlqp8RHM50jcJA/h0jC7LrBXVY.jpg?size=130x96&quality=95&keep_aspect_ratio=1&background=000000&sign=d46fd84a96d3ea5044c8d8c6a0e418a8&c_uniq_tag=cVe1L8gxlpWnj_pBBdi-R3Lpxf7SxCWL31A-Rl7jA_w&type=video_thumb
456242564,-220754053,"КСТАТИ #61 – Ростислав Хаит, Александр Демидов, Анастасия Белоусова, Люся Чеботина, Василий Бейнарович","Дебетовая карта «Твой кешбэк» от Банка ПСБ – бесплатная навсегда и без условий. Только для новых клиентов кешбэк 25% на все. Успейте оформить карту до 31.12.24 https://vk.cc/cFpOX3 
Реклама. erid: 2VtzquzuAUo

Шестьдесят первый выпуск шоу «Кстати» с Азаматом Харламовым. Дорох сегодня стал на один шаг ближе к тому, чтобы стать полноценным соведущим. Гостями шестьдесят первого выпуска стали: работающие по простой схеме «спектакль – фильм» Ростислав Хаит, Александр Демидов, Анастасия Белоусова; потенциальный врач одного из соведущих – Василий Бейнарович; не сдавшая ни одного секретного гостя на своём большом концерте – Люся Чеботина.

Таймкоды:

00:00 – Начинаем шестьдесят первый выпуск «Кстати»
10:27 – Справляемся с рутиной
11:45 – Первые гости. Ростислав Хаит, Александр Демидов, Анастасия Белоусова
13:45 – Пытаемся говорить о новом фильме «Квартета И»
14:49 – Всё сначала и трейлер фильма «Один день в Стамбуле»
16:54 – Говорим о новом спектакле «Квартета И»
18:04 – Почему тяжело снимать на яхте
19:31 – «Квартет И» - 31 год вместе
21:12 – О чём говорят мужчины
24:15 – Геолокационные игрища
29:53 – Делаем прогнозы на будущее
33:28 – Второй гость. Василий Бейнарович
34:30 – Говорим о подкасте «Дела» и профдеформации
36:20 – Зачем интересоваться маньяками
38:22 – Как не воспитать маньяка
39:33 – Патологии есть у всех
40:58 – Почему не лечатся ментальные заболевания
43:49 – Говорим о проекте «Есть версия»
45:26 – Ждём выпусков про P. Diddy и Эпштейна
46:21 – Билли Миллиган и его личности
49:06 – Василий как художник
50:01 – Главный вывод из 12 лет исследований маньяков
56:37 – Досье на самых неизвестных маньяков
01:04:15 – Третья гостья. Люся Чеботина
01:06:02 – Ждём большой концерт Люси
01:09:14 – О чём трек Люси «Фараон»
01:10:55 – Как Игорь Крутой поздравлял Люсю Чеботину
01:13:04 – Люся Чеботина и «Динамо»
01:15:26 – Людмила Андреевна Чеботина - «ЗА БЫВШЕГО»

Подпишись на сообщество VK Видео, чтобы не пропустить новые выпуски: https://vk.com/vkvideo",4826,1732957200,11149147,3343,23009,3009,https://vk.com/video_ext.php?oid=-220754053&id=456242564&hash=17ade2a13d2b575c&__ref=vk.admin_android&api_hash=1740606830abe561983aa71b4f06_GMZDANZRGM2TCOA,1,1,1,False,https://sun1-19.userapi.com/impg/TKi50nrJWDpj9BSXRbk6R3Qiw60vdrYCe1x7tw/US0sUSH0gQE.jpg?size=130x96&quality=95&keep_aspect_ratio=1&background=000000&sign=8d8899743b7d460d76b3f3e357b2d9a2&c_uniq_tag=YsDzycHjyjrixqukEI5KCFudo272WQxQzPGrmWzh_Bw&type=video_thumb
456242563,-220754053,"КСТАТИ #61 – Ростислав Хаит, Александр Демидов, Анастасия Белоусова, Люся Чеботина, Василий Бейнарович. Тизер","61-й выпуск шоу «Кстати» – 30 ноября в 12:00 эксклюзивно в VK Видео!

Подпишись, чтобы не пропустить: https://vk.com/vkvideo",74,1732950000,97350,13,122,5,https://vk.com/video_ext.php?oid=-220754053&id=456242563&hash=61cb7eb2936444e6&__ref=vk.admin_android&api_hash=1740606830482c08b78db92cdf12_GMZDANZRGM2TCOA,1,1,1,False,https://sun1-91.userapi.com/impg/IHRN8t6fzz1UVmroMte7w88I9BP7JUAB30riiw/PqwSUKltK5Y.jpg?size=130x96&quality=95&keep_aspect_ratio=1&background=000000&sign=c826e0ecae6fd8ebb06d39e9bfe9b0da&c_uniq_tag=YFL_VO9Jk7HCTLdubUP4lJ1ro-EOnsWWxXtgwTRk2uA&type=video_thumb
456242556,-220754053,Стиль #2. Игорь Джабраилов,"Стильная одежда Muted на Яндекс Маркете https://clck.ru/3Es8x8

В новом выпуске стилист Алина Герман и комик Саша Ваш пригласили к себе Игоря Джабраилова, чтобы разобрать его ошибки. И предложить ему новые стилистические эксперименты. 

Таймкоды:
 
00:00 – Стиль
01:57 – Начало
02:48 – Гость шоу Игорь Джабраилов
05:34 – Игорь про любимого человека
09:46 – Обсуждение образов Игоря
13:44 – Про широкие брюки
19:00 – Подарок, который не хотел носить
24:35 – Игорь про желание выбросить все вещи
32:39 – Неудачный подарок Андрея Бебуришвили
37:43 – Игорь в смокинге
40:30 – Мудборд от Алины
41:30 – Мудборд от Саши
42:35 – Образ Саши для Игоря
47:30 – Образ Алины для Игоря
50:33 – Финал

Подпишись на сообщество VK Видео, чтобы не пропустить новые выпуски: https://vk.com/vkvideo",3353,1732878000,2355453,232,2453,374,https://vk.com/video_ext.php?oid=-220754053&id=456242556&hash=6086874308046a68&__ref=vk.admin_android&api_hash=174060683075f9bac50ac9af591f_GMZDANZRGM2TCOA,1,1,1,False,https://sun1-19.userapi.com/impg/u7ervb3fIoKKTTgf9fknxgeTKmi6zJZ_oJZPjQ/Z9sEIqzvINw.jpg?size=130x96&quality=95&keep_aspect_ratio=1&background=000000&sign=8c05aa1f84b8ebc52ec385457496c676&c_uniq_tag=4Ilc3XroGdjKrL291cygczwqtjCUvH3KaJJR4iXUnVs&type=video_thumb
456242553,-220754053,Битва за время 2 | 12 выпуск | ШАСТУН х ДЕДИЩЕВ х МАРКОНИ х ВАШ,"Замиксовали в одной подписке музыку, кино, сериалы, скидки и кэшбек на маркетплейсах и в сервисах партнеров. Подключайте MiXX: https://vk.cc/cEVALz
erid: 2Vtzqxm6X8A

Распродабрь – лучший месяц для шопинга в Спортмастере. Успейте приобрести товары дня со скидками до 70% до 2 декабря в мобильном приложении: https://clck.ru/3EqWKG
Erid: 2VtzqxfXjLT

Начинается полуфинал! У участников по-прежнему изначально есть только одна минута на выступление, а если жюри нравится происходящее на сцене, они будут добавлять минуты к таймеру. В этом этапе участникам нужно получить «да» от всех членов жюри, чтобы пройти в финал. И уже там побороться за призовой фонд – 6 миллионов рублей!

Ведущий: 

Саша Ваш https://vk.com/sasavash 

Жюри: 

Антон Шастун https://vk.com/shastoon.channel 
Павел Дедищев https://vk.com/paveldedishchev
Владимир Маркони https://vk.com/v_markoni

Таймкоды:

00:00 – начало
04:56 – Дима Птицин
14:21 – дуэт «Иван-да-Аза»
19:42 – Настасья Чеботарь
26:53 – трио «Вологодские»
34:28 – Рита Шимова
40:32 – Влад Коробейников
47:07 – трио «Нетяжёлый люкс»
55:00 – Лера Ломакина
01:01:43 – Макс Пихуля

Подписывайся на сообщество VK Видео, чтобы не пропустить новые выпуски: https://vk.com/vkvideo",4172,1732870800,3065050,372,9238,1188,https://vk.com/video_ext.php?oid=-220754053&id=456242553&hash=1cb32b9eb78680ad&__ref=vk.admin_android&api_hash=174060683048d8124e5f98d679ce_GMZDANZRGM2TCOA,1,1,1,False,https://sun1-90.userapi.com/impg/fW0-3tpkINHQkSo0mO6JBET4bkusryCGBrxYGw/m0uXML0NOyw.jpg?size=130x96&quality=95&keep_aspect_ratio=1&background=000000&sign=0c7f8503b23a6bcdd8b84c926979da7f&c_uniq_tag=L04A1g27ivw6w4M2mlE_SimUbLny3jNsI9nfO98UTIk&type=video_thumb
456242551,-220754053,Битва за время 2 | 12 выпуск | Тизер,"Это второй сезон «Битвы за время» – шоу, в котором комики в разных юмористических жанрах пытаются рассмешить жюри за отведённое им время. Самый смешной в конце сезона получит 6 млн рублей!  

Участникам дают минуту на выступление, но если жюри нравится выступление, они могут добавить время.

Подписывайся на сообщество VK Видео, чтобы не пропустить новые выпуски: https://vk.com/vkvideo",54,1732807860,55925,3,84,1,https://vk.com/video_ext.php?oid=-220754053&id=456242551&hash=e483c61f125c8074&__ref=vk.admin_android&api_hash=174060683000da06496654d42bea_GMZDANZRGM2TCOA,1,1,1,False,https://sun1-98.userapi.com/impg/uKiXOi--2RQeyQzb-OJkKfL0M25MrGsiB335rw/u0zGHmMBm-E.jpg?size=130x96&quality=95&keep_aspect_ratio=1&background=000000&sign=0a91cbd165ab3d6ba884dcbdb1af6690&c_uniq_tag=PLNrIag8L0bbfPwkySooNquXTdjgTf7jQlQ-LiUaBXU&type=video_thumb
456242549,-220754053,Стиль #2. Игорь Джабраилов. Тизер,"В новом выпуске шоу «Стиль» стилист Алина Герман и комик Саша Ваш пригласят к себе Игоря Джабраилова, чтобы разобрать его ошибки. И предложить ему новые стилистические эксперименты. 

Премьера выпуска – 29 ноября в 14:00 эксклюзивно в VK Видео. Подпишись, чтобы не пропустить: https://vk.com/vkvideo",42,1732804200,84158,9,162,14,https://vk.com/video_ext.php?oid=-220754053&id=456242549&hash=cc9a2d0ffd7795ac&__ref=vk.admin_android&api_hash=1740606830b2644557deeeed952f_GMZDANZRGM2TCOA,1,1,1,False,https://sun1-92.userapi.com/impg/NomBWRGGuchDE_KW6pXAv6Oy_PKkFHMUu6k5WA/0ETbgodw13g.jpg?size=130x96&quality=95&keep_aspect_ratio=1&background=000000&sign=fc4cfedff60394f7bdb4eb37d6c9e6e2&c_uniq_tag=bh-FhfkFlcZ0zATYjorR6SxAZh_11aBdj5_iIeJw0A8&type=video_thumb
456242534,-220754053,Money Mic 2 | Выпуск 7 | Малой х Абрамов х Бебуришвили х Амарян,"С 15 ноября по 3 декабря Чёрная пятница на Ozon. Магия скидок до 95%, а выбор товаров – нереально большой: одежда, электроника, косметика и многое другое. Настоящее волшебство: https://ozon.ru/t/EG78Jvo

Реклама. ООО «Интернет Решения», 123112, г. Москва, Пресненская наб., д. 10 эт. 41 пом I, комн. 6; ОГРН 1027739244741, erid: 2VtzqvQjzMK

Участники, прошедшие шоу Open Mic соревнуются с опытными комиками за денежный приз! Лучший в каждом выпуске получает 100 тысяч рублей и проходит в Big Money Mic, где будет разыгран 1 миллион рублей.

В новом выпуске:

00:00 – Начало
00:57 – Правила проекта
01:10 – Разговор с жюри
01:52 – Ваня Колесников
08:46 – Костя Ромашов
14:54 – Котыченко Егор
22:01 – Роман Рор
29:44 – Дима Растопчинов 
39:02 – Валера Киракосьян
46:01 – Итоги выпуска

Ведущий: 

Гурам Амарян – https://vk.com/am_gur

Жюри:

Саша Малой – https://vk.com/alex_rv 
Андрей Бебуришвили – https://vk.com/andrewcomedy 
Иван Абрамов – https://vk.com/ivan_abramov_standup

Подпишись на сообщество VK Видео, чтобы не пропустить новые выпуски: https://vk.com/vkvideo",3045,1732698000,3165343,361,4471,1018,https://vk.com/video_ext.php?oid=-220754053&id=456242534&hash=67371a4d96bc0c76&__ref=vk.admin_android&api_hash=17406068302666dbe78a210d3c71_GMZDANZRGM2TCOA,1,1,1,False,https://sun1-96.userapi.com/impg/tIhpMo1vHPg6kCxUZvSOpaPl_A2GKcCvJr4aZA/r1rp-o_w1zE.jpg?size=130x96&quality=95&keep_aspect_ratio=1&background=000000&sign=141d8a977513112ebbe01848100b623e&c_uniq_tag=CCTUkTo0h6lxbzD_hHK2xBX8ipUfI6_hvm8MISrz4Js&type=video_thumb
456242532,-220754053,Money Mic 2 | Выпуск 7 | Тизер,"Лучшие участники из проекта Open Mic борются с опытными комиками за денежные призы!

В каждом выпуске самый смешной комик получает 100 000 рублей, а также проходит в Big Money Mic, где будет разыгран 1 миллион рублей.

Подпишись, чтобы не пропустить: https://vk.com/vkvideo",61,1732690800,143659,2,21,2,https://vk.com/video_ext.php?oid=-220754053&id=456242532&hash=1b7840ab7f17be8f&__ref=vk.admin_android&api_hash=17406068300f2cd0df191daa5806_GMZDANZRGM2TCOA,1,1,1,False,https://sun1-55.userapi.com/impg/naQIwGSmorzaHfdos4saK-C3g7POBWZD8Tihew/rEw6TEz25Jo.jpg?size=130x96&quality=95&keep_aspect_ratio=1&background=000000&sign=87f22038a1703da1067021faa62bf1aa&c_uniq_tag=E55ivPBibPn__3uawhDzR6dkju-jn2xqkoSOieWmsxk&type=video_thumb
456242527,-220754053,Сессия. Клава Кока,"В новом выпуске шоу «Сессия» с Клавой Кокой вы узнаете, какие чувства она испытывает из-за завершившихся отношений с Александром Повериным, почему, несмотря на стремление к замужеству и материнству, артистка любит проводить время в одиночестве, и как постоянное блокирование негативных эмоций привело её к депрессивному состоянию. 

В разговоре с Дмитрием Дибровым героиня поделится сокровенными подробностями и воспоминаниями из жизни, рассказав про эмоции и чувства, которые она вкладывала в написание нового альбома и разобрав детально свои треки, а в завершение программы оставит послание своему будущему ребенку. 

Подводя черту под откровенной беседой, Клава Кока исполнит трек «Депрессаунд» из нового альбома в лайв формате. Смотрите эксклюзивно в VK Видео. 

Слушайте новый альбом Клавы Коки «Депрессаунд» в VK Музыке: https://vk.com/music/album/-2000526879_22526879_dde889ab3d2f754d5d

Таймкоды:

00:00 – Начало выпуска
00:30 – Психологическое досье
01:59 – Гипотезы диагнозов
02:13 – Начало сессии
03:06 – Новый альбом «Депрессаунд» и нестандартные для публики эмоции
07:25 – Расставание с Александром Повериным
14:53 – Комментарий психотерапевта
15:15 – Поиск партнера и одиночество
17:04 – Время в лирике и в жизни Клавы
20:56 – Первая сильная ссора в отношениях
22:22 – Реакция близких на отношения
24:19 – Эмоции и забота в отношениях
28:02 – Комментарий психотерапевта
28:23 – Счастье в совместной жизни
32:40 – Отношение Саши к семье Клавы
35:55 – Культ свадебного платья и институт семьи
39:14 – Комментарий психотерапевта
39:37 – Принятие расставание 
42:31 – Любовь и крушение мечты
46:20 – Психологический прием «Обращение к Саше» 
49:46 – Комментарий психотерапевта
50:09 – Материнство
51:41 – Психологический прием «Обращение к будущему ребенку» 
54:48 – Трек «Депрессаунд»  
58:07 – Психологическое заключение

Подписывайтесь на сообщество VK Видео, чтобы не пропустить новые выпуски: https://vk.com/vkvideo",3583,1732615293,6289343,428,10370,3922,https://vk.com/video_ext.php?oid=-220754053&id=456242527&hash=4502b9b48d475c1c&__ref=vk.admin_android&api_hash=17406068301625a6a95ef4316ae0_GMZDANZRGM2TCOA,1,1,1,False,https://sun1-85.userapi.com/impg/o5NWDRMHsztoQpUsurJv-DHtGvd6MOQvYTvj-g/Fn9ZD419Kqw.jpg?size=130x96&quality=95&keep_aspect_ratio=1&background=000000&sign=b2ad823908332539609962db3b6dcc3c&c_uniq_tag=9qUh9fkiq9jUsQjcXLAyRWwk-96mX3Vy2cepkh4roXg&type=video_thumb
456242528,-220754053,Сессия. Клава Кока. Тизер,"«Сессия» – это шоу, в котором ведущий и приглашённые гости в формате психотерапевтического сеанса разбирают, как их психологические проблемы и травмы влияют на творчество. А психотерапевт за кадром поясняет происходящее с профессиональной точки зрения.

Новый выпуск – 26 ноября эксклюзивно в VK Видео!",45,1732615280,4911,1,29,1,https://vk.com/video_ext.php?oid=-220754053&id=456242528&hash=229f1319e47c74e5&__ref=vk.admin_android&api_hash=1740606830f316b3e74c66e28a34_GMZDANZRGM2TCOA,1,1,1,False,https://sun1-17.userapi.com/impg/WHCT6pN3jMzkQs50VEVjPD2lGkP2B4Pnvtco7g/ZPwar4_Xiqk.jpg?size=130x96&quality=95&keep_aspect_ratio=1&background=000000&sign=329bda376168ac49201104d9d4a905cb&c_uniq_tag=Wkyh4DwtMzFKu6Ac1xVeoJCGva29XeHnYs_JpZAhAMQ&type=video_thumb
456242525,-220754053,"Грязные Мысли 2. 1/4 Финала. Кадрол, Виталик, Карена Макарена vs. Дюшес, Антон Токарев, Мустафаева","Крутите колесо призов на Яндекс Маркете https://clck.ru/3EpLWq

«Грязные Мысли 2» – продолжение первого медийного интеллектуального чемпионата от КликКлак и VK Видео. Здесь вы увидите, как 8 лучших команд, прошедших невероятно сложный отбор, поборются за звание чемпиона второго сезона. Ответив правильно, команда зарабатывает баллы. Но, если ответы будут неверными, то на участников перевернётся ведро с грязью!

Ведущий:

Александр Пушной
https://vk.com/pushnoy_nadorad

Участники:

Кадрол
https://vk.com/ghost_70
Виталик
https://vk.com/kramsah
Карена Макарена
https://vk.com/karena_macaren
Андрей Дюшес
https://vk.com/duchessofficial
Антон Токарев
https://vk.com/antontokarevmusic
Самира Мустафаева
https://vk.com/samira__mustafaeva

Таймкоды:

00:00 – Что можно выиграть, покрутив Колесо Призов?
01:31 – Правила второго сезона «Грязных Мыслей»
04:13 – Представление команд
05:30 – Первый раунд
19:36 – Второй раунд
30:24 – Третий раунд
39:57 – Финальный раунд третьего четвертьфинала
45:42 – Итоги выпуска

Подписывайся на сообщество VK Видео, чтобы не пропустить новые выпуски: https://vk.com/vkvideo",2789,1732536000,4952962,79,1984,306,https://vk.com/video_ext.php?oid=-220754053&id=456242525&hash=79d03d6c891f3417&__ref=vk.admin_android&api_hash=1740606830b757c9f05f45a0cab9_GMZDANZRGM2TCOA,1,1,1,False,https://sun1-83.userapi.com/impg/cl12ZLDV9Uv2ATdCNF7JpbLA6Dz9PQbkkJNg1A/oGk6gLnRIK0.jpg?size=130x96&quality=95&keep_aspect_ratio=1&background=000000&sign=2a87cfc0eddea2c16b0c6a72e77a5688&c_uniq_tag=BZBJKOfwxcSYp-kEGXpuEOc4JcP-C45Wf-ADHueHDU4&type=video_thumb
456242518,-220754053,тринадцать карат. во снах,"В заключение беседы с Дмитрием Дибровым Саша «тринадцать карат» исполнил трек «во снах», подведя черту под откровенной беседой.

Полный выпуск «Сессии» с Сашей смотрите эксклюзивно в VK Видео: https://vkvideo.ru/video-220754053_456242473",137,1732453200,8283,0,83,8,https://vk.com/video_ext.php?oid=-220754053&id=456242518&hash=b9e77c36a329c317&__ref=vk.admin_android&api_hash=1740606830a46e5289f58a8efa30_GMZDANZRGM2TCOA,1,1,1,False,https://sun1-85.userapi.com/impg/ZnblmjVogGlWUSvYGRW24BzDyduPquHBpqLg3w/aYHLtZ4mTQg.jpg?size=130x96&quality=95&keep_aspect_ratio=1&background=000000&sign=d1af58e2f6fe629d847e7faf40331b72&c_uniq_tag=uo4nljD5XzXnGg5IuNc1A2tQX9EIp7ukXnT-5AwDqJs&type=video_thumb
456242516,-220754053,Грязные Мысли 2 – Тизер 3 серии,"Смотри третий выпуск «Грязных Мыслей 2» 25 ноября в 12:00 эксклюзивно в VK Видео!

Подпишись, чтобы не пропустить: https://vk.com/vkvideo",37,1732438800,71771,1,69,1,https://vk.com/video_ext.php?oid=-220754053&id=456242516&hash=0e71678743be9261&__ref=vk.admin_android&api_hash=1740606830413fc7dd88d89138b2_GMZDANZRGM2TCOA,1,1,1,False,https://sun1-19.userapi.com/impg/mZh6Y5Dbmlgxz5jpJ-5875Q1tQIqG3UslsYFHw/xEUfyTP5-Cc.jpg?size=130x96&quality=95&keep_aspect_ratio=1&background=000000&sign=081269177636dbac346436dc7609f4be&c_uniq_tag=vHBFCi4y3onY495Kska6Li827_fZxvj0EHiS97cWQcc&type=video_thumb
456242514,-220754053,"КСТАТИ #60 – Юлия Барановская, Влад Канопка, Иван Мулин и Егор Кирячок, Зоя Яровицына, КУОК, Харламов, Мусагалиев, Дорохов","Купер поможет быстро закупиться всем необходимым и сделает каждый заказ максимально выгодным. Особенно в Чёрную пятницу со скидками до 60%!

Купер – твой человек по покупкам!
Ссылка: https://vk.cc/cF4Y4M
Erid: 2VtzqwtcTy1

Мамин лайк: инсталляции от VK

В период с 23 по 25 ноября в Москве и Санкт-Петербурге компания разместит арт-объекты – символы маминого лайка, самого важного лайка под любым фото или постом в соцсети. В столице инсталляция появится в центре города, а в Санкт-Петербурге – на Малой Конюшенной улице. Арт-объекты представляют собой теплые, мягкие сердца, с которыми может сфотографироваться любой желающий. Каждого участника ждет подарок – яркий стикерпак.

Топ-книг от Зои Яровицыной можно послушать тут:

Уилл Гомперц «Непонятное искусство»: https://vk.com/audiobook1297
Амитав Гош «Маковое море»: https://vk.com/audiobook6744
Леонид Юзефович «Поход на Бар-Хото»: https://vk.com/audiobook6750

Шестидесятый выпуск шоу «Кстати» с Азаматом Харламовым. Дорох взаимодействовал с подарками от гостей, а еще вспомнил название ската, пока оставим такого активного соведущего. Гостями шестидесятого выпуска стали: та, кому везде хорошо, и на болотах, и в океане, и в телестудии – Юлия Барановская; те, кому лёд к лицу – Влад Канопка, Иван Мулин и Егор Кирячок; та, кто не признаётся, что подсмотрела концепт своего шоу у нас – Зоя Яровицына; Музыкальный гость: КУОК

Таймкоды:

00:00 – Начинаем шестидесятый выпуск «Кстати»
04:46 – Дорох и логистическая цепочка
06:06 – Первая гостья. Юлия Барановская
07:15 – «Мужское / Женское» 10 лет в эфире
11:38 – Какой проект готовит Юлия
16:30 – Семейный телеканал
19:32 – Юлия и Васюганские болота
21:47 – Погружение в морские миры
31:05 – История про дедушку
33:14 – Делаем прогнозы на будущее
35:41 – Вторые гости. Влад Канопка, Иван Мулин и Егор Кирячок
36:30 – «Молодёжка. Новая смена» - подарки, трейлер, обсуждение
41:41 – Сложности при съемках хоккейного сериала
44:07 – Как случился проект «Молодёжка»
45:18 – Егор Кирячок и ТЭФИ KIDS
46:20 – Влад Канопка и «Пастбище богов»
48:21 – Иван Мулин и проект, которого не будет
52:09 – Третья гостья. Зоя Яровицына
53:31 – Шоу Зои «Читатели» уже в VK Видео
57:11 – Книга для Азамата - Уилл Гомперц «Непонятное искусство»
01:02:05 – Книга для Дороха - Амитав Гош «Маковое море»
01:04:58 – Книга для Гарика - Леонид Юзефович «Поход на Бар-Хото»
01:12:00 – QUOK - FINAL FANTASY

Подпишись на сообщество VK Видео, чтобы не пропустить новые выпуски: https://vk.com/vkvideo",4593,1732352400,12124507,2553,23701,5116,https://vk.com/video_ext.php?oid=-220754053&id=456242514&hash=921dbd7809e4ca23&__ref=vk.admin_android&api_hash=1740606830fa4863bf465b98239d_GMZDANZRGM2TCOA,1,1,1,False,https://sun1-18.userapi.com/impg/NnOabPMQpR74TVlgM3IRm0uW0vDnGTiREw9eQQ/eKKUmT-oaj0.jpg?size=130x96&quality=95&keep_aspect_ratio=1&background=000000&sign=6d51f9af7c667e4aab8e474d993aee5a&c_uniq_tag=V5UTqnd_SMbImHXdx8vDrOStEQyK7dVOd5ZxvkjXLTg&type=video_thumb
456242511,-220754053,"КСТАТИ #60 –  Юлия Барановская, Влад Канопка, Иван Мулин и Егор Кирячок, Зоя Яровицына, КУОК. Тизер","60-й выпуск шоу «Кстати» – 16 ноября в 12:00 эксклюзивно в VK Видео!

Подпишись, чтобы не пропустить: https://vk.com/vkvideo",58,1732345200,13000,19,98,8,https://vk.com/video_ext.php?oid=-220754053&id=456242511&hash=9a52cbbd27227603&__ref=vk.admin_android&api_hash=17406068307c097b909005ecf692_GMZDANZRGM2TCOA,1,1,1,False,https://sun1-22.userapi.com/impg/k10KHsiuU5kfMUIc1yVI5tDpQuHnK2sidJrODw/9BWuhq3EF0o.jpg?size=130x96&quality=95&keep_aspect_ratio=1&background=000000&sign=7bcbcdff70d08840e9f29157b22a615b&c_uniq_tag=19rHID13S22yi9tHp8lVakpjwvFb29h6bMM1XFqz8wE&type=video_thumb
456242487,-220754053,Стиль #1. Артемий Лебедев,"Samsung Galaxy Z Fold6 – больше, чем смартфон: складной экран и искусственный интеллект! Доступен в сети премиальных магазинов электроники Технопарк. https://vk.cc/cEUUKH

С 15 ноября по 3 декабря Чёрная пятница на Ozon. Магия скидок до 95%, а выбор товаров – нереально большой: одежда, электроника, косметика и многое другое. Настоящее волшебство: https://ozon.ru/t/eJY32za

«Стиль» – новое шоу, в котором стилист Алина Герман и комик Саша Ваш приглашают звёзд, чтобы обсудить их повседневные образы, разобрать ошибки и предложить новые варианты. В гостях сегодня Артемий Лебедев!

Таймкоды:

00:00 – Стиль
01:04 – начало
02:45 – гость шоу Артемий Лебедев
05:17 – Артемий Лебедев о своём гардеробе
09:38 – обсуждение образов Артемия
17:30 – Артемий про цвет волос и кепки
22:00 – образ Артемия, который понравился Алине
26:05 – Артемий рассказывает Алине про мужские заморочки
28:00 – все повседневные образы Артемия
28:39 – вердикт от Алины
31:22 – про работу с Nike
33:25 – мудборд от Алины 
35:10 – мудборд от Саши
37:10 – образ Саши для Артемия
44:20 – образ Алины для Артемия
47:28 – финал

Подпишись на сообщество VK Видео, чтобы не пропустить новые выпуски: https://vk.com/vkvideo",2952,1732273200,2814118,854,4478,1156,https://vk.com/video_ext.php?oid=-220754053&id=456242487&hash=ba2805bc32d91eb2&__ref=vk.admin_android&api_hash=1740606830f3fb58e2cb5c872be6_GMZDANZRGM2TCOA,1,1,1,False,https://sun1-21.userapi.com/impg/77xcedRxrYxW46LymDmlBYSRkHKb2pwYiP0qtg/VdurUPyql_w.jpg?size=130x96&quality=95&keep_aspect_ratio=1&background=000000&sign=829b4ad8e0193b5456004b53b533dfcc&c_uniq_tag=H59plJ29Bu_LK4MOWbi8HuwcWmRNlFoxmSE_76MsOyg&type=video_thumb
456242485,-220754053,Стиль #1. Артемий Лебедев. Тизер,"«Стиль» – новое шоу, в котором стилист Алина Герман и комик Саша Ваш приглашают звёзд, чтобы обсудить их повседневные образы, разобрать ошибки и предложить новые варианты. 

Премьера – 22 ноября в 14:00 эксклюзивно в Vk Видео!",21,1732269600,50422,1,184,3,https://vk.com/video_ext.php?oid=-220754053&id=456242485&hash=c44fc24457858224&__ref=vk.admin_android&api_hash=1740606830f9b904905a43901abe_GMZDANZRGM2TCOA,1,1,1,False,https://sun1-84.userapi.com/impg/F0n4q2e3_AE8YIzJguTFpa4N_zikkKEb5AlPPA/cAJ36WdZaac.jpg?size=130x96&quality=95&keep_aspect_ratio=1&background=000000&sign=4fd62bdf5bee8928f79f638ec8ea1292&c_uniq_tag=tUfTy4Mkv-USMUORCby_kj1Y1alatWEqiXVenQfgTtw&type=video_thumb
456242484,-220754053,Битва за время 2 | 11 выпуск | ШАСТУН х СКЛАДЧИКОВА х МАРКОНИ х ВАШ,"С 15 ноября по 3 декабря Чёрная пятница на Ozon. Магия скидок до 95%, а выбор товаров – нереально большой: одежда, электроника, косметика и многое другое. Настоящее волшебство: https://ozon.ru/t/0pwwWro

Реклама. ООО «Интернет Решения», 123112, г. Москва, Пресненская наб., д. 10 эт. 41 пом I, комн. 6; ОГРН 1027739244741, erid: 2VtzqwgXZwc

Это второй сезон проекта «Битва за время»! Всё осталось по-прежнему: сюда приходят комики, чтобы покорить жюри за отведённое им время. Любой жанр, любая форма, любые способы, главное – успеть рассмешить судей за одну минуту, чтобы они добавили время к твоему таймеру. Нововведение лишь одно: призовой фонд сезона увеличен до 6 миллионов рублей!

Ведущий: 

Саша Ваш https://vk.com/sasavash 

Жюри: 

Антон Шастун https://vk.com/shastoon.channel 
Виктория Складчикова https://vk.com/vikaskladchikova
Владимир Маркони https://vk.com/v_markoni

Таймкоды:

00:00 – начало
05:24 – Лера Круглик
14:29 – дуэт «Женя и Эвальд»
24:12 – Азад Гагарин
30:36 – дуэт «Мама Стифлера»
40:55 – Маргарита Шимова
47:07 – Влад Коробейников
53:27 – трио «Вологодские»
01:01:30 – Макс Пихуля

Подпишись на сообщество VK Видео, чтобы не пропустить новые выпуски: https://vk.com/vkvideo",4767,1732266000,3358631,340,8478,1295,https://vk.com/video_ext.php?oid=-220754053&id=456242484&hash=d25557839ada6c02&__ref=vk.admin_android&api_hash=1740606830197786e8ef98c98589_GMZDANZRGM2TCOA,1,1,1,False,https://sun1-89.userapi.com/impg/5hbHau3riCYd5FJW2TZCKmWUO-fBR8ZZUzmDTA/-ox6-lTYHXA.jpg?size=130x96&quality=95&keep_aspect_ratio=1&background=000000&sign=7f80786a6d296e8c7b38000fe3e46340&c_uniq_tag=uiH_ogdYGHLauw5hWlS8zcrMHSYEkEmTlvRlAw7v-BI&type=video_thumb
456242480,-220754053,Стиль. Тизер сезона,"Новое шоу Стиль. Комик Саша Ваш и стилист Алина Герман приглашают к себе гостей, с которыми хотят поговорить про одежду и их стиль. И предложить им новые, неожиданные для них образы.

Премьера – 22 ноября в сообществе VK Видео. Подпишись, чтобы не пропустить: https://vk.com/vkvideo",31,1732197600,301242,6,407,31,https://vk.com/video_ext.php?oid=-220754053&id=456242480&hash=3ce462edd552d095&__ref=vk.admin_android&api_hash=1740606830ec2f064ce7c66efa7b_GMZDANZRGM2TCOA,1,1,1,False,https://sun1-95.userapi.com/impg/GWD6VdegOKMJeN5M1fm_k9eNNbaTfGf53HMM1w/nwgs74goQ8A.jpg?size=130x96&quality=95&keep_aspect_ratio=1&background=000000&sign=eec3d63c5968c5fc9002ce380a23601f&c_uniq_tag=HSI3ShN5SBpaMbgN9_OyxWlOm8TuxvudD0mhCSm3WrM&type=video_thumb
456242476,-220754053,Битва за время 2 | 11 выпуск | Тизер,"Это второй сезон «Битвы за время» – шоу, в котором комики в разных юмористических жанрах пытаются рассмешить жюри за отведённое им время. Самый смешной в конце сезона получит 6 млн рублей!  

Участникам дают минуту на выступление, но если жюри нравится выступление, они могут добавить время.

Подписывайся на сообщество VK Видео, чтобы не пропустить новые выпуски: https://vk.com/vkvideo",58,1732188900,51125,2,138,2,https://vk.com/video_ext.php?oid=-220754053&id=456242476&hash=483156b73bfc1c01&__ref=vk.admin_android&api_hash=1740606830408961e0cfd11653ab_GMZDANZRGM2TCOA,1,1,1,False,https://sun1-56.userapi.com/impg/sTuKUyMauC0P-v7bqpLXz0JG43hYZ35Snw5oEQ/T_DuhcFrwj8.jpg?size=130x96&quality=95&keep_aspect_ratio=1&background=000000&sign=71efde3ba6ce0e03d9b6dc3c66624bb9&c_uniq_tag=uz_crSoWhTwMFe1vHgdtl-bCqRPCgn8QqwTWwsJ9_cA&type=video_thumb
456242473,-220754053,Сессия. тринадцать карат,"С 15 ноября по 3 декабря Чёрная пятница на Ozon. Магия скидок до 95%, а выбор товаров – нереально большой: одежда, электроника, косметика и многое другое. Настоящее волшебство: https://ozon.ru/t/yXAWgwG 
Реклама. erid: 2VtzqwCbx6a

В шестом выпуске шоу «Сессия» с Сашей «тринадцать карат», молодым рок-артистом, вы узнаете, как стремление к обеспечению собственной безопасности в детстве сформировало у музыканта обсессивно-компульсивное расстройство, почему, несмотря на внутреннюю организацию и высокое чувство ответственности, артист уходил от проблем в алкоголизм, и что для него сейчас является главной мотивацией в жизни. 

В общении с Дмитрием Дибровым герой поделится тяжелыми моментами и историями из жизни, вспомнив  последние совместные минуты с одним из самых дорогих для него людей – с его бабушкой. 

В заключение выпуска Саша исполнит трек «во снах», подведя черту под откровенной беседой. 

Смотрите эксклюзивно в VK Видео. 

Все треки из выпусков «Сессии» слушайте эксклюзивно в VK Музыке: https://vk.cc/cECarH

Таймкоды:

00:00 – Начало выпуска
00:30 – Психологическое досье
01:35 – Гипотезы диагнозов
01:45 – Рекламная интеграция
02:50 – Начало сессии
03:42 – Обсессивно-компульсивное расстройство
05:42 – Комментарий психотерапевта
06:00 – Опасная дорога в музыкальную школу
09:36 – Комментарий психотерапевта
09:54 – Отношения с бабушкой и грусть по её смерти
13:40 – Похороны бабушки
15:21 – Психологический прием «Обращение к бабушке»
16:43 – Комментарий психотерапевта
17:00 – Начало карьеры
20:14 – Депрессивные мысли
21:45 – Отношения с мамой 
23:03 – Психологический прием «Обращение к родителям» 
25:23 – Комментарий психотерапевта
25:38 – Аутоагрессия и алкоголизм
28:17 – Человек, ради которого хочется жить
31:44 – Комментарий психотерапевта
32:02 – Мегаломания
36:08 – Комментарий психотерапевта
36:22 – Психологический прием «Обращение к подросткам в буллинге»
38:42 – Психологический прием «Обращение к себе подростку» 
43:14 – Трек «во снах»
45:14 – Психологическое заключение

Подписывайтесь на сообщество VK Видео, чтобы не пропустить новые выпуски: https://vk.com/vkvideo",2785,1732179600,5719596,51,3115,1162,https://vk.com/video_ext.php?oid=-220754053&id=456242473&hash=361c345c523d2b36&__ref=vk.admin_android&api_hash=17406068307026a44f43c8cc5fcd_GMZDANZRGM2TCOA,1,1,1,False,https://sun1-14.userapi.com/impg/yBxxzmEWHeaMhhlH_gYd9Sm76YKSZl5hmCXgGg/_VnJaL2xflw.jpg?size=130x96&quality=95&keep_aspect_ratio=1&background=000000&sign=7ba3662505d7747acdd7c092801cb66a&c_uniq_tag=MB83xLVzv0nkuwOGhEwHTqkzHhuZSU1Tkt1tv-UUZuE&type=video_thumb
456242472,-220754053,Сессия. тринадцать карат. Тизер,"«Сессия» – это шоу, в котором ведущий и приглашённые гости в формате психотерапевтического сеанса разбирают, как их психологические проблемы и травмы влияют на творчество. А психотерапевт за кадром поясняет происходящее с профессиональной точки зрения.

Новый выпуск – 21 ноября эксклюзивно в VK Видео!",59,1732173882,41020,0,8,4,https://vk.com/video_ext.php?oid=-220754053&id=456242472&hash=6b43cebd5ea6c404&__ref=vk.admin_android&api_hash=174060683087c72d80703d241f00_GMZDANZRGM2TCOA,1,1,1,False,https://i.mycdn.me/getVideoPreview?id=7266990819973&idx=2&type=39&tkn=dDIAY-OMpkOPsQ9qUA8xpIP2oT8&fn=vid_s
456242462,-220754053,Money Mic 2 | Выпуск 6 | Мейханаджян х Абрамов х Бебуришвили х Амарян,"С 15 ноября по 3 декабря Чёрная пятница на Ozon. Магия скидок до 95%, а выбор товаров – нереально большой: одежда, электроника, косметика и многое другое. Настоящее волшебство: https://ozon.ru/t/EG78Jvo
erid: 2VtzqwJs1Pc
 
Здесь лучшие участники, прошедшие проект Open Mic, сражаются с более опытными комиками за деньги! В каждом выпуске тот, кто больше всего понравится жюри и зрителям уносит домой 100 тысяч рублей и продолжает путь к главному призу – 1 миллиону рублей, который будет разыгран в Big Money Mic!
 
В этом выпуске:
 
00:00 – Начало
02:15 – Правила проекта
02:28 – Разговор с жюри
03:47 – Карен Гевандян
10:48 – Саша Муратова
18:25 – Анастасия Едигарова
26:38 – Михаил Гулакян
34:01 – Станислав Сафронов
41:02 – Ерёма
48:44 – Итоги выпуска
 
Ведущий: 

Гурам Амарян – https://vk.com/am_gur
 
Жюри: 

Карина Мейханаджян – https://vk.com/karinameyhanajyan  
Андрей Бебуришвили – https://vk.com/andrewcomedy 
Иван Абрамов – https://vk.com/ivan_abramov_standup

Подпишись на сообщество VK Видео, чтобы не пропустить новые выпуски: https://vk.com/vkvideo",3201,1732093200,3228829,411,6783,1208,https://vk.com/video_ext.php?oid=-220754053&id=456242462&hash=80d0c8460ec3ed8f&__ref=vk.admin_android&api_hash=17406068306ac7329dedc3e92724_GMZDANZRGM2TCOA,1,1,1,False,https://sun1-16.userapi.com/impg/FEe8MejYtgoVb9aLe43r3MXsWmcjdxTYOvcEUQ/ryugZureeqY.jpg?size=130x96&quality=95&keep_aspect_ratio=1&background=000000&sign=2534cd6a340bbcb032669c6a85c55bf7&c_uniq_tag=51En6Haxwpb5JtJMzp36XqH9lgfBDVblhNEIddh5JTo&type=video_thumb
456242460,-220754053,Money Mic 2 | Выпуск 6 | Тизер,"Лучшие участники из проекта Open Mic борются с опытными комиками за денежные призы!

В каждом выпуске самый смешной комик получает 100 000 рублей, а также проходит в Big Money Mic, где будет разыгран 1 миллион рублей.

Подпишись, чтобы не пропустить: https://vk.com/vkvideo",70,1732032060,61825,9,131,17,https://vk.com/video_ext.php?oid=-220754053&id=456242460&hash=5eae2860e2290ebd&__ref=vk.admin_android&api_hash=1740606830f68eaf8b5da84dcf7e_GMZDANZRGM2TCOA,1,1,1,False,https://sun1-20.userapi.com/impg/K04IHWV4qrTwWVXUxaC8mEigoDNLP3zlzBelnA/pvqLy5k_kMw.jpg?size=130x96&quality=95&keep_aspect_ratio=1&background=000000&sign=2d8141443b807242fe0667f0cdea363b&c_uniq_tag=PSJBHWrHVnX2wBPvcX1vXFd5USGW7PHgZE4lrDlM-ww&type=video_thumb
456242454,-220754053,Дикая кухня | Мосин x Исаков | Выживание в Карелии,"С 15 ноября по 3 декабря Чёрная пятница на Ozon. Магия скидок до 95%, а выбор товаров – нереально большой: одежда, электроника, косметика и многое другое. Настоящее волшебство: https://ozon.ru/t/MLeGogY
Реклама. ООО «Интернет Решения»; 123112, г. Москва, Пресненская наб., д. 10, эт. 41, пом. I, комн. 6; ОГРН 1027739244741, ИНН 7704217370. erid: 2VtzqvTfJMc

Оформляйте комбо-ипотеку в ВТБ и расширяйте кредитный лимит по льготной ипотеке: https://vk.cc/cENMw3
erid: 2VtzqxQQ49U

Балтика 8 Безалкогольное – безупречное пшеничное с освежающим многогранным вкусом. Взболтайте бутылку, перед тем как наполнить бокал до конца, и все грани пшеничного вкуса раскроются!
Реклама. Рекламодатель ООО «Пивоваренная компания «Балтика», ИНН 7802849641, ОГРН 1147847032838.  
Erid: 2VtzqwwL7Hp
Erid: 2VtzquZfe5t

С безлимитным интернетом по выходным и праздникам от t2 — вам хватит! Успейте подключить тариф «Хватит» от t2 до 31.01 https://vk.cc/cEXhFW
Erid: 2Vtzqx3aXuQ

Это финальный выпуск проекта «Дикая кухня»! В этот раз участниками станут Антон Исаков и Григорий Мосин. Шефов ждет маршрут вдоль реки Шуя с опасными порогами и перекатами.

Падение в воду,  невыполнимый чек-пойнт и многое другое ждет вас в новом выпуске «Дикой кухни»! А самые внимательные зрители получат шанс выиграть ужин от одного из шеф-поваров участников шоу!

Таймкоды:

00:00 – Начало 
00:14 – Тизер 
01:34 – Правила шоу
03:10 – Ведущий выкидывает рюкзаки 
15:03 – Опасный порог 
19:32 – Первый чек-пойнт
20:10 – Черная метка
31:55 – «Касаемо медведей»
35:23 – «Как я мог оказаться в этой дичке»
36:35 – Второй чек-пойнт 
37:40 – За минуту до…
44:30 – Установка лагеря
51:49 – Утро
55:10 – «У нас есть рыба!»
57:30 – Надводная охота
1:00:00 – Сам попался на крючок
1:03:00 – Третий чек-пойнт 
1:03:38 – Черная метка 
1:11:50 – «Я прям не вывезу»
1:13:05 – Дикая кухня 
1:16:35 – Приход второй команды 
1:34:40 – Дегустация 
1:44:20 – Объявление победителя

Подпишись на сообщество VK Видео, чтобы не пропустить новые выпуски: https://vk.com/vkvideo",6402,1732006800,7146936,245,4896,701,https://vk.com/video_ext.php?oid=-220754053&id=456242454&hash=9c8150a4da9b1827&__ref=vk.admin_android&api_hash=174060683027ccf6bcf833e8cf58_GMZDANZRGM2TCOA,1,1,1,False,https://sun1-29.userapi.com/impg/DXU66SLb4e0c3R9RaDpflcGxyQZhnXtnW0tQlg/UWlZkAV4lQk.jpg?size=130x96&quality=95&keep_aspect_ratio=1&background=000000&sign=336d71257cc18bfaf940a037e4e367b5&c_uniq_tag=qq5Yz04kwF_YsE5mdpgkl4F9w2AQDyOavVkCOIb0W6I&type=video_thumb
456242448,-220754053,Дикая кухня | Исаков х Мосин | Тизер,"Это проект «Дикая кухня», где каждый выпуск 2 крутых шеф повара за 32 часа должны найти ингредиенты для приготовления 3-х блюд и, самое главное, выжить!

Подпишись на сообщество VK Видео, чтобы не пропустить новые выпуски: https://vk.com/vkvideo",49,1731927600,47518,1,88,4,https://vk.com/video_ext.php?oid=-220754053&id=456242448&hash=0a0da6a41247d855&__ref=vk.admin_android&api_hash=17406068301c58f1dab6c4e0a525_GMZDANZRGM2TCOA,1,1,1,False,https://sun1-92.userapi.com/impg/unIlYrreZE8EDlMDwUM-HgPzrre0eS7iH_oIyA/Om-zwQJ9Tuk.jpg?size=130x96&quality=95&keep_aspect_ratio=1&background=000000&sign=9ff7e704e37bfdf3599d28d97c7ff419&c_uniq_tag=mioviSu1qccb2qQ9vTX8cahWv61w_VbGRCEZNzXYr90&type=video_thumb
456242447,-220754053,"Грязные Мысли 2. 1/4 Финала. Чехов, Кукота, Авилина vs. Шукаша, Akstar, Ekatze","«Грязные Мысли 2» – продолжение первого медийного интеллектуального чемпионата от КликКлак и VK Видео. Здесь вы увидите, как 8 лучших команд, прошедших невероятно сложный отбор, поборются за звание чемпиона второго сезона. Ответив правильно, команда зарабатывает баллы. Но, если ответы будут неверными, то на участников перевернётся ведро с грязью!

Ведущий: 

Александр Пушной https://vk.com/pushnoy_nadorad

Участники: 

Игорь Чехов 
https://vk.com/id18195959 
Михаил Кукота 
https://vk.com/kukot 
Авилина 
https://vk.com/avi.vuni 
Аслан Шукаша 
https://vk.com/aslanshukasha 
Паша Asktar 
https://vk.com/akstar.music 
Ekatze 
https://vk.com/ekatzestream

Таймкоды:  

00:00 – Правила второго сезона «Грязных Мыслей» 
02:09 – Представление команд 
03:30 – Первый раунд 
18:46 – Второй раунд 
30:05 – Третий раунд 
39:19 – Финальный раунд второго четвертьфинала 
45:00 – Итоги выпуска

Подпишись на сообщество VK Видео, чтобы не пропустить новые выпуски: https://vk.com/vkvideo",2748,1731920400,4907384,107,1777,376,https://vk.com/video_ext.php?oid=-220754053&id=456242447&hash=c82803a6b89af515&__ref=vk.admin_android&api_hash=1740606830a7b0e431a0551b4e8c_GMZDANZRGM2TCOA,1,1,1,False,https://sun1-20.userapi.com/impg/DXcT1vxbWAx69mW7ajwKrL5YC7knnwkhiCA7Lg/i2HLTFSk7UE.jpg?size=130x96&quality=95&keep_aspect_ratio=1&background=000000&sign=b90fda8e46c69916d4e4ff44376b512d&c_uniq_tag=8NzbeCj6lVN2GbG0Cxc5EbjXGCyRif-OxXBB5CIF_5k&type=video_thumb
456242446,-220754053,Виктория Складчикова. Одиночество,"В заключение беседы с Дмитрием Дибровым Виктория Складчикова исполнила стихотворение Ивана Бунина «Одиночество», подведя черту под откровенной беседой.

Полный выпуск «Сессии» с Викторией смотрите эксклюзивно в VK Видео: https://vk.com/video-220754053_456242414",87,1731841260,73340,43,331,62,https://vk.com/video_ext.php?oid=-220754053&id=456242446&hash=cac80fc7ebc6ca96&__ref=vk.admin_android&api_hash=17406068307e2d19e06d94e4c6b9_GMZDANZRGM2TCOA,1,1,1,False,https://sun1-56.userapi.com/impg/Do2mXcLzVY_07DVV7f3ujdqtKwSJHkXi85ReKw/kA7RIts29dM.jpg?size=130x96&quality=95&keep_aspect_ratio=1&background=000000&sign=114317bc7fc080bbe4597615ba578780&c_uniq_tag=Kgd6NU3DtINGVXHGSAXs72XC2c4C7OTqAb4CK_yj_Sg&type=video_thumb
456242444,-220754053,Грязные Мысли 2 – Тизер 2 серии,"Смотри второй выпуск «Грязных Мыслей 2» 18 ноября в 12:00 эксклюзивно в VK Видео!

Подпишись, чтобы не пропустить: https://vk.com/vkvideo",33,1731834000,63809,0,73,0,https://vk.com/video_ext.php?oid=-220754053&id=456242444&hash=d6f09889b9079bcc&__ref=vk.admin_android&api_hash=1740606830be1b90b787aa3420a6_GMZDANZRGM2TCOA,1,1,1,False,https://sun1-90.userapi.com/impg/QZOYW7vwiDF3jqYzB9kZDQNAryhEi5CZX-zahA/E3Z9Qa7Ui78.jpg?size=130x96&quality=95&keep_aspect_ratio=1&background=000000&sign=4115877aa8cd5fb53ca8e087f874e2fa&c_uniq_tag=7Q7n7YfiuPiijUOv4d9etLJ8tPHGemgf66cmgUkPAJ4&type=video_thumb
456242436,-220754053,"КСТАТИ #59 – Леонид Слуцкий, Ян Цапник и Дарья Петриченко, MONA, Харламов, Мусагалиев, Дорохов","Узнайте больше о настоящих красных томатах Flamenco: https://vk.com/rost.companygroup
Реклама. erid: 2Vtzqwc4rGE
 
С 15 ноября по 3 декабря Чёрная пятница на Ozon. Магия скидок до 95%, а выбор товаров – нереально большой: одежда, электроника, косметика и многое другое. Настоящее волшебство: https://ozon.ru/t/O4aZ4Q Реклама. erid: 2VtzquvTAtD
 
Пятьдесят девятый выпуск шоу «Кстати» с Азаматом Харламовым. Дороха надо не просто оставлять, а уже удерживать в шоу – некоторые гости считают, что он нас перерос. Гостями пятьдесят девятого выпуска стали: наша азиатская гордость – Леонид Слуцкий; прошлое, настоящие и будущее нашего кино – Ян Цапник и Дарья Петриченко; у неё новый альбом, 15 питомцев и 120000 шагов по Сеулу – MONA.

Таймкоды: 

00:00 – Начинаем пятьдесят девятый выпуск «Кстати»
07:16 – Дорохов превращается в скуфа
08:48 – Первый гость. Леонид Слуцкий
10:55 – Подводим сезон Китайской Суперлиги
12:03 – Как ругаются китайцы
13:25 – Гарик и Дорох признают очевидное
14:51 – Футбол - это трагедия
15:45 – Азиатская Лига Чемпионов
17:29 – Дорох перерос соведущих
19:00 – Бытовуха Китая
23:21 – Шанхай - город будущего
24:34 – Как болеют в Китае
26:15 – Почему Азамату надо посочувствовать
27:35 – Чемпионат по знанию китайского языка им. Шанг Цунга
39:41 – Вторые гости. Ян Цапник и Дарья Петриченко
41:33 – Смотрим трейлер фильма «Зять»
44:25 – Как соблазнить Дмитрия Нагиева
46:45 – Цапник и Нагиев сквозь года
48:43 – Вспоминаем где еще гости снимались вместе
51:48 – Стремительный переход от семейного кино к несемейному
54:09 – «ВИА Васильки» и чача
58:34 – Делаем прогнозы на будущее
01:02:35 – Третья гостья. MONA
01:03:30 – Новый альбом - «Дневник памяти»
01:05:42 – Принюхивание Моны и Эльдара Джарахова
01:07:40 – MONA и 15 питомцев
01:10:20 – О чём переживала MONA
01:12:50 – Даша и Сеул
01:16:43 – Будущий фит с Лолитой
01:19:52 – MONA - «В твоих глазах»

Подписывайся на сообщество VK Видео, чтобы не пропустить новые выпуски: https://vk.com/vkvideo",4960,1731747600,12187552,2062,23148,3392,https://vk.com/video_ext.php?oid=-220754053&id=456242436&hash=8e706000ea5d094a&__ref=vk.admin_android&api_hash=17406068302440f857734d6e51e3_GMZDANZRGM2TCOA,1,1,1,False,https://sun1-94.userapi.com/impg/qcZh4bBxJZEY3YO0mvUZBmZ4pJUtRsGhKy6pgg/OKHOZoqr6N0.jpg?size=130x96&quality=95&keep_aspect_ratio=1&background=000000&sign=104e016c3971eca9cb11fa48fc7495fd&c_uniq_tag=K5QhKMgUE7Cp861INpMeVOGAr063G6-pCSGe4lulrvo&type=video_thumb
456242434,-220754053,"КСТАТИ #59 – Леонид Слуцкий, Ян Цапник и Дарья Петриченко, MONA, Харламов, Мусагалиев, Дорохов. Тизер","59-й выпуск шоу «Кстати» – 16 ноября в 12:00 эксклюзивно в VK Видео!

Подпишись, чтобы не пропустить: https://vk.com/vkvideo",60,1731740400,82562,6,130,3,https://vk.com/video_ext.php?oid=-220754053&id=456242434&hash=105ca19782adf8c2&__ref=vk.admin_android&api_hash=1740606830dc1264b91f11808f94_GMZDANZRGM2TCOA,1,1,1,False,https://sun1-47.userapi.com/impg/K1Fl9OGxSXOyehFlz6KEnJRY3tdx3TviEI6ceg/CH3snhvLzlA.jpg?size=130x96&quality=95&keep_aspect_ratio=1&background=000000&sign=b42d881cd3702dce94957fb966f9d509&c_uniq_tag=y7z4YtcOhkOX65ntbIph7ZX16cOn8bXrLHmK7ch0z4Y&type=video_thumb
456242418,-220754053,Битва за время 2 | 10 выпуск | ШАСТУН х ДОРОХОВ х КУРУЧ х ВАШ,"Впереди еще целый рабочий день или даже неделя – а ты уже устал? Замешай перерыв вместе с MONARCH 3в1! Он поможет быть эффективным и выполнять свою работу с удовольствием, а не просто «на автомате». Подписывайся на сообщество Monarch ВКонтакте, чтобы всегда быть в курсе новостей от бренда vk.cc/cAyi06
erid: 2VtzqwNyMzv
 
Встречайте новинку – Балтика 0 Вишня Black edition с темным солодом и соком вишни. Ощутите темную сторону вкуса! https://vk.cc/cEaXFp
erid: 2VtzqutheGv
 
С 15 ноября по 3 декабря Чёрная пятница на Ozon. Магия скидок до 95%, а выбор товаров – нереально большой: одежда, электроника, косметика и многое другое. Настоящее волшебство: https://ozon.ru/t/0pwwWro
 
Реклама. ООО «Интернет Решения», 123112, г. Москва, Пресненская наб., д. 10 эт. 41 пом I, комн. 6; ОГРН 1027739244741, erid: 2VtzqxGp1vM
 
Это второй сезон проекта «Битва за время»! Всё осталось по прежнему: сюда приходят комики, чтобы покорить жюри за отведённое им время. Любой жанр, любая форма, любые способы, главное – успеть рассмешить судей за одну минуту, чтобы они добавили время к твоему таймеру. Нововведение лишь одно: призовой фонд сезона увеличен до 6 миллионов рублей!
 
Ведущий:

Саша Ваш https://vk.com/sasavash
 
Жюри:

Антон Шастун https://vk.com/shastoon.channel
Денис Дорохов https://vk.com/denisdorokhov1987
Илья Куруч https://vk.com/kuruchbro1
 
Таймкоды:
 
00:00 – начало
00:59 – объяснение правил
02:16 – представление Жюри
06:21 – Михаил Тюляев
14:01 – дуэт Иван-Да-Аза
21:24 – Настасья Чеботарь
28:40 – дуэт МЛС
34:12 – Карим Курмангалиев
40:24 – дуэт «ПОЛТОРА»
48:31 – Дарья Шуклецова
55:28 – дуэт «Трипл Андеграунд»
01:01:49 – Калыван Прохоров

Подписывайтесь на сообщество VK Видео, чтобы не пропустить новые выпуски: https://vk.com/vkvideo",4266,1731661200,3255398,338,9602,1372,https://vk.com/video_ext.php?oid=-220754053&id=456242418&hash=9a82899063f1ed88&__ref=vk.admin_android&api_hash=17406068302e0110266a6a851524_GMZDANZRGM2TCOA,1,1,1,False,https://sun1-57.userapi.com/impg/lgWVJsvf2N7LqPV9p1PFarT837piv6pRphOPug/x9zAi4eTn-U.jpg?size=130x96&quality=95&keep_aspect_ratio=1&background=000000&sign=e0a5d08686de46883521d8e82bec7e58&c_uniq_tag=TzDy6Trc8dbLm_MoSHRsfqT-7w1FImD7Ux0P0D_vP0g&type=video_thumb
456242416,-220754053,Битва за время 2 | 10 выпуск | Тизер,"Это второй сезон «Битвы за время» – шоу, в котором комики в разных юмористических жанрах пытаются рассмешить жюри за отведённое им время. Самый смешной в конце сезона получит 6 млн рублей!  

Участникам дают минуту на выступление, но если жюри нравится выступление, они могут добавить время.

Подписывайся на сообщество VK Видео, чтобы не пропустить новые выпуски: https://vk.com/vkvideo",62,1731596580,57996,0,185,1,https://vk.com/video_ext.php?oid=-220754053&id=456242416&hash=3b378f7bb7d83c77&__ref=vk.admin_android&api_hash=1740606830e4c4ef86d3a94e87e4_GMZDANZRGM2TCOA,1,1,1,False,https://sun1-98.userapi.com/impg/wjXjiZm8sHX_HVUqyQAF2-8RklwnPI7k9xIjzw/bFcmuHmwgxg.jpg?size=130x96&quality=95&keep_aspect_ratio=1&background=000000&sign=17773b24a6331d6cc9eca1331273c518&c_uniq_tag=UlyZvExJlJAgYeQNkLDxEewZqigvrNr3PhW-FjKEyFs&type=video_thumb
456242414,-220754053,Сессия. Виктория Складчикова,"Дебетовая карта «Твой кешбэк» от Банка ПСБ – бесплатная навсегда и без условий. Только для новых клиентов кешбэк 25% на все. Успейте оформить карту до 30 ноября https://clck.ru/3Eb5ZV
Реклама. erid: 2VtzqwWdnhk 

Станьте клиентом ПСБ и откройте для себя все преимущества надежного, доступного и современного банка. ПСБ. Банк сильной страны.

В новом выпуске шоу «Сессия» с Викторией Складчиковой, одной из самых популярных стендап-комиков страны, вы узнаете, почему юмор является одним из главных защитных механизмов Вики в жизни, как на неё повлияли недостаток внимания и заботы со стороны родителей и семейные конфликты в детстве и почему девушка стремится избегать обсуждения своих эмоций, закрываясь и уводя тему разговора в другое русло. 

В диалоге с Дмитрием Дибровым героиня поделится тяжелыми моментами и воспоминаниями из жизни, также рассказав про свое стремление проводить время на кладбищах с умершими людьми, а психотерапевт за кадром объяснит её мотивацию в этом. 

В заключение беседы Виктория исполнит стихотворение Ивана Бунина «Одиночество», подведя черту под откровенной беседой.

Смотрите эксклюзивно в VK Видео.

Таймкоды:

00:00 – Начало выпуска
00:51 – Психологическое досье
01:57 – Гипотезы диагнозовё
02:12 – Рекламная интеграция
03:30 – Начало сессии
03:47 – Опыт с психотерапией
07:55 – Решение психологических вопросов
09:22 – Комментарий психотерапевта
09:38 – Синдром белого кролика и ритм жизни
12:54 – Комментарий психотерапевта
13:11 – Интелектуализация
16:00 – Семья в детстве и отношение с родителями
20:42 – Психологический прием «Обращение к папе»
22:07 – Комментарий психотерапевта
22:55 – Юность в Сорочинске и зависть
24:35 – Денежная дисморфия
26:49 – Комментарий психотерапевта
27:09 – Успех и желания
28:22 – Заниженная самооценка
29:44 – Комментарий психотерапевта
30:05 – Измена
31:57 – Восприятие любви в семье
35:05 – Смерть бабушки и отношения с мамой
37:35 – Комментарий психотерапевта
38:00 – Мотивация и карьера
40:16 – Седатефобия и интерес к смерти
43:08 – Психологический прием «Структура личности»
46:20 – Психологический прием «Обращение к себе маленькой»
48:46 – Стихотворение Ивана Бунина «Одиночество»
50:00 – Психологическое заключение

Подписывайтесь на сообщество VK Видео, чтобы не пропустить новые выпуски: https://vk.com/vkvideo",3075,1731574800,4764542,246,5588,2322,https://vk.com/video_ext.php?oid=-220754053&id=456242414&hash=f33497bf7df3e122&__ref=vk.admin_android&api_hash=1740606830fc0cdca568f4959827_GMZDANZRGM2TCOA,1,1,1,False,https://sun1-84.userapi.com/impg/OykHUTbsePo6v3BqlzuwlLD-JpwRQdwy2umO2g/EDTBjgMKPXo.jpg?size=130x96&quality=95&keep_aspect_ratio=1&background=000000&sign=59d07023f7a7efe1769f8fa8e2d79406&c_uniq_tag=dcft_kzrsYqlLY3BN9SRYQvnJ6u-U4gUv-mbsziTRvg&type=video_thumb
456242412,-220754053,Сессия. Виктория Складчикова. Тизер,"«Сессия» – это шоу, в котором ведущий и приглашённые гости в формате психотерапевтического сеанса разбирают, как их психологические проблемы и травмы влияют на творчество. А психотерапевт за кадром поясняет происходящее с профессиональной точки зрения.

Новый выпуск с Викой Складчиковой – 14 ноября эксклюзивно в VK Видео!",50,1731567600,114636,1,50,3,https://vk.com/video_ext.php?oid=-220754053&id=456242412&hash=f540ff30523ff16e&__ref=vk.admin_android&api_hash=174060683066a4e079f81ca93128_GMZDANZRGM2TCOA,1,1,1,False,https://sun1-83.userapi.com/impg/17SkKiRm22oJodHVzRQx6IYp_cUWQbYp90gQww/rgPVlHHR8C8.jpg?size=130x96&quality=95&keep_aspect_ratio=1&background=000000&sign=584eda7118ea58d6b914ead7515c641a&c_uniq_tag=P7koRtglTw971QFRhTR--p8hpEh0o9kExVyuevxwWmY&type=video_thumb
456242411,-220754053,Эксклюзивное интервью с Антонио Бандерасом и Оливией Колман для ВКонтакте,"Антонио Бандерас и Оливия Колман рассказали о съёмках новых «Приключений Паддингтона» в эксклюзивном интервью в VK Видео

ВКонтакте выпустила интервью с Антонио Бандерасом и Оливией Колман. Актёры, присоединившиеся к касту новой части «Приключений Паддингтона», рассказали про съёмки, талант художников-постановщиков и вспомнили беседу с Энтони Хопкинсом про злодеев.

#паддингтон #интервью #антониобандерас #оливияколман",366,1731506763,2604936,9,632,30,https://vk.com/video_ext.php?oid=-220754053&id=456242411&hash=2ba70ddb03e2f56b&__ref=vk.admin_android&api_hash=1740606830fb0500901856d2cee6_GMZDANZRGM2TCOA,1,1,1,False,https://sun1-14.userapi.com/impg/lc_ttFh5dgwQTstHU4fher8gfD6sb1VD1UL-wA/SMy4L2ysU7w.jpg?size=130x96&quality=95&keep_aspect_ratio=1&background=000000&sign=cce7574771cc57b3b9a90ed94b43342e&c_uniq_tag=Zz6RR5Semw_7KV4Ev0747KxrAeQMiG-N8S95FJK76Ck&type=video_thumb
456242409,-220754053,Money Mic 2 | Выпуск 5 | Парфенюк х Абрамов х Бебуришвили х Амарян,"На Ozon Travel выгодные цены, удобный и простой интерфейс, а еще есть мильная программа! Переходите по ссылке и планируйте свой отдых легко – https://ozon.ru/t/rEy8764
Erid: 2Vtzqumbqwt  

Лучшие комики из проекта Open Mic борются с опытными комиками за деньги! Самый смешной из выпуска получает 100 000 рублей, а также проходит в Big Money Mic, где будет разыгран 1 миллион рублей. Определять лучших будет жюри, а выбирать, кому достанутся деньги – зрительный зал.

Сегодня в выпуске:

00:00 – Начало
00:47 – Правила проекта 
01:00 – Разговор с жюри
02:14 – Ярослав Якимов
10:20 – Анарбек Аскаров
17:34 – Камиль Зулфугаров
28:22 – Борис Зелигер
38:00 – Артём Осипов
48:26 – Миша Переходько
58:41 – Итоги выпуска

Ведущий: 

Гурам Амарян – https://vk.com/am_gur

Жюри:

Оля Парфенюк – https://vk.com/oparfenyuk
Андрей Бебуришвили – https://vk.com/andrewcomedy 
Иван Абрамов – https://vk.com/ivan_abramov_standup
 
Подписывайся на сообщество VK Видео, чтобы не пропустить новые выпуски: https://vk.com/vkvideo",3854,1731488400,3312442,379,6053,1317,https://vk.com/video_ext.php?oid=-220754053&id=456242409&hash=41cd8f2108800f1f&__ref=vk.admin_android&api_hash=17406068307011f443de9b0bb950_GMZDANZRGM2TCOA,1,1,1,False,https://sun1-22.userapi.com/impg/KGfOrazjUAK0FT-kIpou4bpwSKf7iyPBM2EH-g/kapV0pebM2c.jpg?size=130x96&quality=95&keep_aspect_ratio=1&background=000000&sign=f49f600aaab37d848fc7a90e23a3c3d1&c_uniq_tag=7NgKvyCldmSDXeObvoi8-9heG9PbMvp63j3Q-u4kJyQ&type=video_thumb
456242405,-220754053,Money Mic 2 | Выпуск 5 | Тизер,"Лучшие участники из проекта Open Mic борются с опытными комиками за денежные призы!

В каждом выпуске самый смешной комик получает 100 000 рублей, а также проходит в Big Money Mic, где будет разыгран 1 миллион рублей.

Подпишись, чтобы не пропустить: https://vk.com/vkvideo",58,1731429900,73228,1,123,2,https://vk.com/video_ext.php?oid=-220754053&id=456242405&hash=f303da6542697dda&__ref=vk.admin_android&api_hash=1740606830d85d5a3ea22bc79721_GMZDANZRGM2TCOA,1,1,1,False,https://sun1-24.userapi.com/impg/HFNN3Tm88xl4-X0BOsN-TOPLSUYLW_3h4gnYhw/ihS_ee936F0.jpg?size=130x96&quality=95&keep_aspect_ratio=1&background=000000&sign=f01bd833d8d11e13c27f35a204fe6f11&c_uniq_tag=bg0I45X6o5o1RyGu1KGWHwForTeD-N8pu0T818xr9TE&type=video_thumb
456242401,-220754053,Дикая кухня | Козубов x Корпусов | Выживание на Белом море,"Балтика 8 Безалкогольное – безупречное пшеничное с освежающим многогранным вкусом. Взболтайте бутылку, перед тем как наполнить бокал до конца, и все грани пшеничного вкуса раскроются!
Реклама. Рекламодатель ООО «Пивоваренная компания «Балтика», ИНН 7802849641, ОГРН 1147847032838.  
Erid: 2VtzqvWbdQy
Erid: 2VtzqvcnXmx

Надеемся, что вы ждали новый выпуск «Дикой кухни» так же сильно, как Евгений Козубов и Владислав Корпусов ждали, когда 32 часа их выживания подойдут к концу. 

Смогут ли шефы построить вручную плот и переплыть на нем километровый залив Белого моря – смотри новый выпуск и все узнаешь! А самые внимательные получат шанс выиграть ужин от одного из шеф-поваров участников шоу!

Пишите в комментариях, куда бы еще вы хотели отправить наших отважных шефов? Автор самого оригинального варианта получит в подарок ужин в ресторане одного из наших шеф-поваров.

Таймкоды:

00:00 – Начало 
00:20 – Тизер 
01:50 – Правила шоу
03:53 – Ведущий выкидывает рюкзаки 
09:25 – «Медведей тут дохрена»
18:38 – Первый чек-пойнт 
19:40 – Черная метка 
23:20 – Подарок от соперника
30:06 – Это реально выживание 
31:35 – Второй чек-пойнт
32:00 – Борьба за черную метку 
37:45 – Установка лагеря
48:00 – Утро
50:20 –  Мечты о еде
54:00 – Третий чек-пойнт
55:55 – Ссора в команде 
01:01:30 – Первый пошел
01:02:30 – Поймали рыбу
01:03:15 – Дикая кухня
01:06:15 – Второй пошел 
01:09:25 – Приход второй команды 
01:24:00 – Дегустация 
01:32:30 – Объявление победителя 

Подписывайся на сообщество VK Видео, чтобы не пропустить новые выпуски: https://vk.com/vkvideo",5688,1731402000,7613157,367,5509,795,https://vk.com/video_ext.php?oid=-220754053&id=456242401&hash=94aae95f312aaf97&__ref=vk.admin_android&api_hash=1740606830263e00225587141217_GMZDANZRGM2TCOA,1,1,1,False,https://sun1-47.userapi.com/impg/FN1h7mhd1kxUadjWjGmq5mQLKOVrhTqeoTNW1g/rYRAQjiXxok.jpg?size=130x96&quality=95&keep_aspect_ratio=1&background=000000&sign=8ffbfc35ed4b3d7d50e0aedffeab08b0&c_uniq_tag=9VY0lNgcjnK1p9B0WdeNqceI7mg_j8gbEgIhXm7Q1Ug&type=video_thumb
456242376,-220754053,Дикая кухня | Корпусов х Козубов | Тизер,"Это проект «Дикая кухня», где каждый выпуск 2 крутых шеф повара за 32 часа должны найти ингредиенты для приготовления 3-х блюд и, самое главное, выжить!

Подпишись на сообщество VK Видео, чтобы не пропустить новые выпуски: https://vk.com/vkvideo",45,1731322860,74168,11,97,7,https://vk.com/video_ext.php?oid=-220754053&id=456242376&hash=9dccaa921b386cba&__ref=vk.admin_android&api_hash=1740606830a199718d082d08f7e4_GMZDANZRGM2TCOA,1,1,1,False,https://sun1-96.userapi.com/impg/er9pOs_BOoYsNGIZvmtMPVqdj7hMlHPyzrJFAg/tLh8pHv_l9I.jpg?size=130x96&quality=95&keep_aspect_ratio=1&background=000000&sign=5a50abbb7da7078d3042d4e718f9eaf3&c_uniq_tag=O72TN2wErjJh3rW49rSenph0i9Zs5zhkeVa9fdEChks&type=video_thumb
456242371,-220754053,НЕДРЫ. У МЕНЯ НИЧЕГО НЕТ,"В заключение «Сессии» НЕДРЫ исполнил лайв-версию своего трека «У меня ничего нет», подведя черту под откровенной беседой с Дмитрием Дибровым. 

Полный выпуск смотрите эксклюзивно в VK Видео: https://vk.com/video-220754053_456242349",196,1731238500,61862,42,145,44,https://vk.com/video_ext.php?oid=-220754053&id=456242371&hash=bee02e7f6e27cb91&__ref=vk.admin_android&api_hash=1740606830ffe161c3e6cbb1fb91_GMZDANZRGM2TCOA,1,1,1,False,https://sun1-94.userapi.com/impg/ROLnNN0opZzcjYtiojkpXP1Yd9xz5nONMexKrQ/lrsNxEDDLIA.jpg?size=130x96&quality=95&keep_aspect_ratio=1&background=000000&sign=a0464ae82a906a9712a696b52a19cd8f&c_uniq_tag=LI1bA-o01zD5cHuJFJQO11GDHb49ZujDFHndPeN-2G0&type=video_thumb
456242374,-220754053,"Грязные Мысли 2. 1/4 Финала. Старый, Прокофьев, Травма vs. Любятинка, Сударь, Блондинка Драйв","«Грязные Мысли 2» – продолжение первого медийного интеллектуального чемпионата от КликКлак и VK Видео. Здесь вы увидите, как 8 лучших команд, прошедших невероятно сложный отбор, поборются за звание чемпиона второго сезона. Ответив правильно, команда зарабатывает баллы. Но, если ответы будут неверными, то на участников перевернётся ведро с грязью!

Ведущий:  

Александр Пушной 
https://vk.com/pushnoy_nadorad

Участники: 

Андрей Старый 
https://vk.com/stariyx 
Андрюша Прокофьев 
https://vk.com/projik 
Травма 
https://vk.com/travmavmarte 
Любятинка 
https://vk.com/lubyatinka 
Никита Сударь 
https://vk.com/nikitasudar 
Блондинка Drive 
https://vk.com/blondinka__drive

Таймкоды: 

00:00 – Что вас ждет во втором сезоне «Грязных Мыслей»? 
00:34 – Правила игры 
01:42 – Представление команд 
03:46 – Первый раунд 
17:43 – Второй раунд 
27:13 – Третий раунд 
37:20 – Финальный раунд первого четвертьфинала 
39:48 – Итоги выпуска

Подписывайся на сообщество VK Видео, чтобы не пропустить новые выпуски: https://vk.com/vkvideo",2431,1731315600,4824041,93,2671,590,https://vk.com/video_ext.php?oid=-220754053&id=456242374&hash=9485f343a39914b6&__ref=vk.admin_android&api_hash=1740606830577baa6ec54b0caa8a_GMZDANZRGM2TCOA,1,1,1,False,https://sun1-47.userapi.com/impg/q5Hd4-2JsHh16t0M7kWykV4oMy3CoSBhNLNE5Q/9tBJ8elKy7M.jpg?size=130x96&quality=95&keep_aspect_ratio=1&background=000000&sign=ca7c8d01669680696e664d1d8ae485bc&c_uniq_tag=OoW1g34ERyWBrjZTjZgqTXaX5M_pJsOVteNilXq8kLY&type=video_thumb
456242362,-220754053,Грязные Мысли 2. 1/4 Финала. Тизер,"Премьера нового сезона «Грязных Мыслей» – 11 ноября в 12:00 эксклюзивно в VK Видео!

Подпишись на сообщество, чтобы не пропустить: https://vk.com/vkvideo",38,1731229200,76802,0,81,2,https://vk.com/video_ext.php?oid=-220754053&id=456242362&hash=6e8edcb60f72ee87&__ref=vk.admin_android&api_hash=174060683089257212a292d5fa65_GMZDANZRGM2TCOA,1,1,1,False,https://sun1-54.userapi.com/impg/ZWwjsfUyl5LYPMVt_kksfNpRjxa6aN1h1SmPnQ/da-II5-BRSI.jpg?size=130x96&quality=95&keep_aspect_ratio=1&background=000000&sign=bc9be28b09a72f32d227e007096ac3bd&c_uniq_tag=90vcOfxbrjYKO57VhRG-VQJ7761szSYg4M9TJE8bOkQ&type=video_thumb
456242360,-220754053,Грязные Мысли – 2 Сезон (Трейлер),"«Грязные Мысли 2» – продолжение медийного интеллектуального чемпионата от КЛИККЛАК и VK Видео. Это юмористическое шоу, в котором звёздные команды из трёх человек играют друг против друга на вылет.

Смотри шоу «Грязные Мысли» 11 ноября в 12:00 эксклюзивно в VK Видео: https://vk.com/vkvideo",42,1731150000,129630,2,613,8,https://vk.com/video_ext.php?oid=-220754053&id=456242360&hash=2af5d999544ebd2e&__ref=vk.admin_android&api_hash=17406068309dc314705600c6db9f_GMZDANZRGM2TCOA,1,1,1,False,https://sun1-87.userapi.com/impg/NjudQuVH6jVNu-7QQs0KUCAgZMCZcvxqyChIEw/mT6AzSLIjQI.jpg?size=130x96&quality=95&keep_aspect_ratio=1&background=000000&sign=72f0f2e818ceb0dc3edd1b500db1d121&c_uniq_tag=Av9g1bKp0XP-1lIHhMx6yIOVGZ4fL_AY59rONT1-hYA&type=video_thumb
456242367,-220754053,"КСТАТИ #58 – Luxury Girl, Александр Ревва, Харламов, Мусагалиев, Дорохов","На Ozon огромный выбор товаров для строительства и ремонта: инструменты, освещение, сантехника, строительные материалы и многое другое по выгодным ценам и с удобной доставкой: https://ozon.ru/t/JpXG989
Реклама. erid: 2Vtzqug2Rrm
 
Пятьдесят восьмой выпуск шоу «Кстати» с Азаматом Харламовым. Дорох сегодня проявлял свою эрудированность и насмотренность, пока что оставим его. Гостями пятьдесят восьмого выпуска стали: сочетающая в себе рыбалку и кундалини Luxury Girl и сочетающий в себе кентавра и подростка, дважды юбиляр, Александр Ревва. Музыкальный гость: Артур Пирожков.

Таймкоды:

00:00 – Начинаем пятьдесят восьмой выпуск «Кстати»
03:08 – Попытка провести реновацию студии
04:23 – Первая гостья. Luxury Girl
08:25 – Регалии Полины
09:41 – Полина ушла в музыкальную индустрию
10:28 – Зачем дарить мужчинам деньги
12:42 – FREEDUROV
14:12 – Подарок для Азамата
15:42 – Ищем сходства с Викторией Складчиковой
16:06 – Рыболовная медиалига Luxury Girl
19:03 – Занимаемся кундалини
24:24 – Снимаем первый фильм для взрослых в истории «Кстати»
30:07 – Делаем прогнозы на будущее
33:47 – Второй гость. Александр Ревва
35:21 – Два юбилея Александра
36:25 – Подарок для Азамата 2
37:56 – 15 лет Артуру Пирожкову
40:42 – Юбилейный концерт Артура Пирожкова
42:26 – Новые релизы Артура Пирожкова
45:14 – Александр Ревва и квадробинг
48:20 – Совместный трек группы «ХЛЕБ» и Артура Пирожкова
49:23 – Пятая свадьба Александра и Анжелики
51:15 – Артур Пирожков - «Делай всё»

Подписывайся на сообщество VK Видео, чтобы не пропустить новые выпуски: https://vk.com/vkvideo",3296,1731142800,12541776,3696,28565,7639,https://vk.com/video_ext.php?oid=-220754053&id=456242367&hash=813e3f39a45d7bb0&__ref=vk.admin_android&api_hash=17406068309b8b7b6dcc6a2027bf_GMZDANZRGM2TCOA,1,1,1,False,https://sun1-19.userapi.com/impg/72ske5b3OzxV4AzR9nODwaYgRgZhjnshtTFDfw/kGdQTsVmk5k.jpg?size=130x96&quality=95&keep_aspect_ratio=1&background=000000&sign=784d581694514fa4521b4c8325767b76&c_uniq_tag=1IsDvau6TNeGXCZ_TxZoVFtAshG7NziNl0SDXtbW7Cg&type=video_thumb
456242364,-220754053,"КСТАТИ #58 – Александр Ревва, Luxury Girl, Гарик Харламов, Азамат Мусагалиев, Денис Дорохов","58-й выпуск шоу «Кстати» – 9 ноября эксклюзивно в VK Видео!

Подпишись, чтобы не пропустить: https://vk.com/vkvideo",43,1731083700,171395,34,719,41,https://vk.com/video_ext.php?oid=-220754053&id=456242364&hash=18add44b49f8d6f2&__ref=vk.admin_android&api_hash=17406068303d90f1b5abe6ce9876_GMZDANZRGM2TCOA,1,1,1,False,https://sun1-91.userapi.com/impg/FaUyISnIgSCWLlsI5BFkgHz1hwKrdRpSoosk-g/jCpyF5L8WLo.jpg?size=130x96&quality=95&keep_aspect_ratio=1&background=000000&sign=25cd904759c2ca5706b5294387505d59&c_uniq_tag=XYhYkUkzV1iITLOgpZe-uPwvaoqqzD5CR9LBoyGmUp0&type=video_thumb
456242358,-220754053,Битва за время 2 | 9 выпуск | ШАСТУН х ДЖАБРАИЛОВА х ЯРОВИЦЫНА х ВАШ,"Те самые чехлы и зарядки для вашего смартфона от бренда Commo на Яндекс Маркете https://clck.ru/3ERDET 
erid: 2VtzqwHKwW5

Это второй сезон проекта «Битва за время»! 

Всё осталось по-прежнему: сюда приходят комики, чтобы покорить жюри за отведённое им время. Любой жанр, любая форма, любые способы, главное – успеть рассмешить судей за одну минуту, чтобы они добавили время к твоему таймеру.

Нововведение лишь одно: призовой фонд сезона увеличен до 6 миллионов рублей!

Ведущий: 

Саша Ваш https://vk.com/sasavash 

Жюри: 

Антон Шастун https://vk.com/shastoon.channel 
Надя Джабраилова https://vk.com/electronadya
Зоя Яровицына https://vk.com/zoya_yarovitsyna

Таймкоды:

00:00 – начало
05:03 – «Уфа-Лабытнанги»
11:48 – Алексей Муллин
17:16 – трио «18+» 
25:56 – Дима Птицин
33:30 – трио «Нетяжёлый люкс» 
40:06 – Никита Небо 
47:15 – дуэт «Наши»
56:04 – Алия Абдирова
01:02:39 – дуэт «Абрамов и Тайфун»

Подписывайтесь на сообщество VK Видео, чтобы не пропустить новые выпуски: https://vk.com/vkvideo",4275,1731056400,3220742,278,9543,1216,https://vk.com/video_ext.php?oid=-220754053&id=456242358&hash=1b4789aee574257c&__ref=vk.admin_android&api_hash=174060683052d207e20584644dba_GMZDANZRGM2TCOA,1,1,1,False,https://sun1-97.userapi.com/impg/xHjKk4xsbXk0FcsSPSmp2KhgqINxmKBrh7f9Uw/DfiW7RgcpO8.jpg?size=130x96&quality=95&keep_aspect_ratio=1&background=000000&sign=25d8afd70012d184f7d094d3cd9d280a&c_uniq_tag=vRhMhBFFlFJXAvCRPATZCk97u0hs0vDhSvb-Av5H7wU&type=video_thumb
456242351,-220754053,Битва за время 2 | 9 выпуск | Тизер,"Это второй сезон «Битвы за время» – шоу, в котором комики в разных юмористических жанрах пытаются рассмешить жюри за отведённое им время. Самый смешной в конце сезона получит 6 млн рублей!  

Участникам дают минуту на выступление, но если жюри нравится выступление, они могут добавить время.

Подписывайся на сообщество VK Видео, чтобы не пропустить новые выпуски: https://vk.com/vkvideo",50,1730982300,61192,0,141,0,https://vk.com/video_ext.php?oid=-220754053&id=456242351&hash=6bd04235072ddf62&__ref=vk.admin_android&api_hash=1740606830f46d4e02c92f50697e_GMZDANZRGM2TCOA,1,1,1,False,https://sun1-85.userapi.com/impg/NrAqDv9Evp8iMYzUg2nP_-gqdslvIzqQAEor2w/alSa4YScwLM.jpg?size=130x96&quality=95&keep_aspect_ratio=1&background=000000&sign=cd799d3219651ddde887430651b5a371&c_uniq_tag=85wXgjL7wANhYTBINCdQOkqNpN-L6P5Yuyek8jqETw8&type=video_thumb
456242349,-220754053,Сессия. НЕДРЫ,"До 14 ноября проходит главная распродажа 11.11 на Ozon. Исключительные скидки до 95% и суперогромный выбор желанного – от косметики до электроники. Главное – вовремя купить: https://ozon.ru/t/opYG0qX

Реклама. ООО «Интернет Решения», 123112, г. Москва, Пресненская наб., д. 10 эт. 41 пом I, комн. 6; ОГРН 1027739244741, erid: 2Vtzqw84cAY

В четвертом выпуске шоу «Сессия» с музыкантом НЕДРЫ вы узнаете, как строгое воспитание и предвзятое отношение родителей к творчеству Вани стали основой для формирования его чрезмерной маскулинности как защитной реакции во взрослом возрасте, почему тюрьма стала для него одним из самых важных жизненных опытов и какие испытания и преодоления сформировали в нем склонность к эзотерике как способу ухода от реальности в фантазийный мир. 

В разговоре с Дмитрием Дибровым музыкант поделится личными историями и переживаниями, рассказав про то, как пил успокоительные в детстве, чтобы уснуть, и как сейчас проходит воспитание его дочери в разводе, который они с бывшей женой скрывают от ребенка.

В заключение выпуска НЕДРЫ исполнит лайв-версию своего трека «У меня ничего нет», подведя черту под откровенной беседой.

Смотрите эксклюзивно в VK Видео. 

Все треки из выпусков «Сессии» слушайте эксклюзивно в VK Музыке: https://vk.com/audios-147845620?z=audio_playlist-147845620_3256

Таймкоды: 

00:00 – Начало выпуска
00:47 – Психологическое досье
02:00 – Гипотезы диагнозов
02:17 – Начало сессии
03:00 – Транслируемая Ваней мужественность
04:36 – Строгое воспитание
05:42 – Отношения с отцом
07:54 – Комментарий психотерапевта
08:11 – Музыкальные вкусы
08:55 – Неуравновешенность и противоположность семье
10:21 – Детские воспоминания
11:28 – Обида и принятие родителей
12:48 – Комментарий психотерапевта
13:08 – Отчисление и армия
17:21 – Комментарий психотерапевта
17:38 – Переезд в Петербург и первые деньги
20:14 – Воспитание дочери
22:40 – Психологический прием «Обращение к отцу»
23:28 – Комментарий психотерапевта
23:45 – Ассоциация с животными
26:35 – Общение с людьми
29:30 – Тюрьма
31:35 – Комментарий психотерапевта
31:54 – Феноменальная память
34:10 – Искра в человеке и выплеск энергии
36:08 – Популярность и андерграунд
37:58 – Комментарий психотерапевта
38:16 – Мануальная терапия и накшатры
40:24 – Отношения в семье Вани
41:40 – Комментарий психотерапевта
41:57 – Развод
43:43 – Последний день в жизни
44:38 – Психологический прием «Обращение к дочери»
47:14 – Трек «У меня ничего нет»
50:11 – Психологическое заключение  

Подписывайтесь на сообщество VK Видео, чтобы не пропустить новые выпуски: https://vk.com/vkvideo",3078,1730970000,4737012,131,1878,499,https://vk.com/video_ext.php?oid=-220754053&id=456242349&hash=6c7a190030ff5386&__ref=vk.admin_android&api_hash=1740606830c091ec894d58524b48_GMZDANZRGM2TCOA,1,1,1,False,https://sun1-25.userapi.com/impg/eGyfSP3vlwhPT82CNQx14iWFYF7G2wXEFhYjoQ/fKZcJWkZ7zs.jpg?size=130x96&quality=95&keep_aspect_ratio=1&background=000000&sign=ca433e801027d8785be6dcc8f84b2998&c_uniq_tag=wopxR0k4xqECDteC9VXjQApWHH_L8CSjjDPhvoN6i_U&type=video_thumb
456242347,-220754053,Сессия. НЕДРЫ. Тизер,"«Сессия» – это шоу, в котором ведущий и приглашённые гости в формате психотерапевтического сеанса разбирают, как их психологические проблемы и травмы влияют на творчество. А психотерапевт за кадром поясняет происходящее с профессиональной точки зрения.

Новый выпуск с НЕДРЫ – 7 ноября эксклюзивно в VK Видео!",35,1730962800,91255,0,90,8,https://vk.com/video_ext.php?oid=-220754053&id=456242347&hash=1d9c66f9b87a7dac&__ref=vk.admin_android&api_hash=1740606830b83aa1bc7f4693b67d_GMZDANZRGM2TCOA,1,1,1,False,https://sun1-30.userapi.com/impg/R8Viq5gTX9rAXqyHZqosA5q11rG37g7EOBpByQ/EmHJOHWgEJg.jpg?size=130x96&quality=95&keep_aspect_ratio=1&background=000000&sign=03acad8e5aba26b73a05f48132745260&c_uniq_tag=7Eeo54xumO-U8J_zKIg8SH7Fx778UKCb8wrQA5vL0Kw&type=video_thumb
456242344,-220754053,«Дикая кухня» в VK Видео,"Смотри шоу «Дикая кухня»: https://vk.com/video/playlist/-220754053_35

#дикаякухня #дикая #кухня #шоу #vkвидеоoriginals",30,1730902994,7697,2,27,1,https://vk.com/video_ext.php?oid=-220754053&id=456242344&hash=dc6a529abe027a59&__ref=vk.admin_android&api_hash=174060683042e2ce0b3fa3de414c_GMZDANZRGM2TCOA,1,1,1,False,https://i.mycdn.me/getVideoPreview?id=7220951059005&idx=13&type=39&tkn=nrPGxddi6QxgpcCn92ibZF0BKDQ&fn=vid_s
456242339,-220754053,Money Mic 2 | Выпуск 4 | Satyr х Абрамов х Бебуришвили х Амарян,"Новые машины продаются на Авто.ру 
https://clck.ru/3ERV97
Реклама. ООО «Яндекс.Вертикали» ИНН 7704340327. 
Erid: 2VtzqvL4YGu

До 14 ноября проходит главная распродажа 11.11 на Ozon. Исключительные скидки до 85% и суперогромный выбор желанного – от косметики до электроники. Главное – вовремя купить: https://ozon.ru/t/7a3qVyV
Еrid: 2VtzqxTdQJ9

В проекте Money Mic лучшие участники из Open Mic состязаются с опытными комиками за деньги! Победитель каждого выпуска получает 100 000 рублей и выходит в Big Money Mic, где будет разыграна сумма в 1 000 000 рублей. За оценку выступлений отвечает жюри, однако кому достанутся деньги – решают зрители.

Сегодня в выпуске: 

00:00 – Начало
02:12 – Правила проекта 
02:38 – Разговор с жюри
04:22 – Андрей Корчевский 
12:02 – Давид Шахраманян 
20:13 – Владимир Дунаев 
29:36 – Игорь Ерошенко 
38:05 – Асельдер Махмудов 
47:57 – Заур Туганов 
58:13 – Итоги выпуска

Ведущий: 

Гурам Амарян – https://vk.com/am_gur

Жюри:

Satyr – https://vk.com/satyrchannel
Андрей Бебуришвили – https://vk.com/andrewcomedy 
Иван Абрамов – https://vk.com/ivan_abramov_standup
 
Подписывайся на сообщество VK Видео, чтобы не пропустить новые выпуски: https://vk.com/vkvideo",3713,1730883600,3138102,234,6525,1092,https://vk.com/video_ext.php?oid=-220754053&id=456242339&hash=f0ab0531ca4fd3e4&__ref=vk.admin_android&api_hash=1740606830633f16f9e2dc226ab5_GMZDANZRGM2TCOA,1,1,1,False,https://sun1-83.userapi.com/impg/2_tfAKt3QQFxcqPaX_4WZfgo2_7iXCA87LXoZg/U2ScF_j5ds8.jpg?size=130x96&quality=95&keep_aspect_ratio=1&background=000000&sign=1d4fc6a400b77d2a09755b921e332a29&c_uniq_tag=AyMCkvycEbj-CxV6sT3VvkZElCNJD6GbP9ZSSkwmNPA&type=video_thumb
456242337,-220754053,Money Mic 2 | Выпуск 4 | Тизер,"Лучшие участники из проекта Open Mic борются с опытными комиками за денежные призы!

В каждом выпуске самый смешной комик получает 100 000 рублей, а также проходит в Big Money Mic, где будет разыгран 1 миллион рублей.

Подпишись, чтобы не пропустить: https://vk.com/vkvideo",75,1730876400,49549,1,86,0,https://vk.com/video_ext.php?oid=-220754053&id=456242337&hash=c3d5a2ad2b07c230&__ref=vk.admin_android&api_hash=17406068307ece52be4407ae8d4c_GMZDANZRGM2TCOA,1,1,1,False,https://sun1-84.userapi.com/impg/wpi_nojIFdWECLW97Epu-dyIq0lO2Cc95JQCkg/t1W_JH8yYA4.jpg?size=130x96&quality=95&keep_aspect_ratio=1&background=000000&sign=d8d09ab53b0c8edcfb2d354131bbf9cd&c_uniq_tag=7CQxC4Q8oedm1wZcR6gzgLwW3SxadfA0oKqYOw0UPYg&type=video_thumb
456242333,-220754053,Дикая кухня | Морозенко x Алёхина | Выживание на Среднем Урале,"Балтика 8 Безалкогольное – безупречное пшеничное с освежающим многогранным вкусом. Взболтайте бутылку, перед тем как наполнить бокал до конца, и все грани пшеничного вкуса раскроются!

Реклама. Рекламодатель ООО «Пивоваренная компания «Балтика», ИНН 7802849641, ОГРН 1147847032838. 
Erid: 2VtzqvfeHAk
 
На этот раз тайга проверит на прочность не просто супер шефов. На выживание отправятся девушки – Ольга Морозенко и Екатерина Алёхина. Их ждут самые экстремальные погодные условия на кухне и самая беспокойная ночь за все выпуски «Дикой кухни». Смотри выпуск и все узнаешь!
 
Таймкоды:  

00:00 – Начало
00:15 – Тизер
01:32 – Правила шоу
04:12 – Ведущий выкидывает рюкзаки
13:02 – Сомнительные грибы
16:10 – Порывы кабана
18:40 – Перебираются через реку
20:40 – Первый чек поинт
26:30 – Короеды
31:18 – Рыбалка
36:30 – Второй чек-пойнт
41:20 – Установка лагеря
51:30 – Беспокойная ночь
53:49 – Утро
57:08 – Чистят ёлкой зубы
1:03:30 – Третий чек-пойнт
01:14:30 – Дикая кухня
01:18:28 – Приход второй команды
01:30:50 – Дегустация
01:41:40 – Объявление победителя

Подписывайся на сообщество VK Видео, чтобы не пропустить новые выпуски: https://vk.com/vkvideo",6180,1730797200,5967848,423,6148,1120,https://vk.com/video_ext.php?oid=-220754053&id=456242333&hash=8c1d4dda40fc9a64&__ref=vk.admin_android&api_hash=1740606830da53e2c15a932b1962_GMZDANZRGM2TCOA,1,1,1,False,https://sun1-16.userapi.com/impg/Kh0TiVcBegHit4zMYiDTrciJLvfrNpB3QWuKsQ/WclN-6cR3uk.jpg?size=130x96&quality=95&keep_aspect_ratio=1&background=000000&sign=5e0665221f2ef2cb47eb87a9ba4926e1&c_uniq_tag=b1ExhqQ1MRFL_LMYVMSI7IFnFKhfoLHAsEojPX5Q8Bg&type=video_thumb
456242327,-220754053,Дикая кухня | Морозенко х Алёхина | Тизер,"Это проект «Дикая кухня», где каждый выпуск 2 крутых шеф повара за 32 часа должны найти ингредиенты для приготовления 3-х блюд и, самое главное, выжить!

Подпишись на сообщество VK Видео, чтобы не пропустить новые выпуски: https://vk.com/vkvideo",50,1730710800,73529,1,126,5,https://vk.com/video_ext.php?oid=-220754053&id=456242327&hash=abe6ae54027674ba&__ref=vk.admin_android&api_hash=17406068309269f11f8e53f5f0bb_GMZDANZRGM2TCOA,1,1,1,False,https://sun1-89.userapi.com/impg/pI03z71i24aMVOSNK1KeYT6VeW9P3_YaQqI-Sg/FviATeAhaBQ.jpg?size=130x96&quality=95&keep_aspect_ratio=1&background=000000&sign=0d5d2d908a24fab13c8584d907150735&c_uniq_tag=LIeIRV7JwqRfYbThav-Ym-DYeNVIeLH_jMoDVSpr5WA&type=video_thumb
456242325,-220754053,Амина Tenderlybae. Игрушка,"Амина Tenderlybae подвела черту под откровенной беседой с Дмитрием Дибровым своим треком «Игрушка» в лайв исполнении. 

Полный выпуск «Сессии» с Аминой смотрите эксклюзивно в VK Видео: https://vk.com/video-220754053_456242293",136,1730633640,20940,14,69,6,https://vk.com/video_ext.php?oid=-220754053&id=456242325&hash=5eef77aa6c00f258&__ref=vk.admin_android&api_hash=174060683034d32d7a8f1c7d1a1e_GMZDANZRGM2TCOA,1,1,1,False,https://sun1-23.userapi.com/impg/4CgQdBocrPNhua9hjPVgLKAwAVgCtgMjSoj1KA/N4nbOpqcHUM.jpg?size=130x96&quality=95&keep_aspect_ratio=1&background=000000&sign=3fe3f7e54c0cf40fe4cf7a97bb6fc48c&c_uniq_tag=6Bl10c6AIKCBGiCVF5qo2MPKkJOoFf0LJ4SrMIrR-9c&type=video_thumb
456242320,-220754053,"КСТАТИ #57 – Лолита Милявская, Умар Кремлёв, Гарик Харламов, Азамат Мусагалиев, Денис Дорохов","Теперь абоненты t2 могут получать завтраки, такси, кофе и другие классные предложения в обмен на гигабайты и минуты! Подробности по ссылке: https://vk.cc/cDNvEl
Реклама. erid: 2VtzqvTTDQ8

Цена тарифа из линейки «Навсегда» никогда не изменится. Подключайтесь до 31 января и фиксируйте цену. https://vk.cc/cDMsWn erid: 2VtzqwMnyXA

VK запустил «Месяц борьбы с кибербуллингом» – ежегодный социальный проект, посвященный борьбе с травлей в интернете и за его пределами. Цель проекта – остановить агрессию, объединить всех, для кого насилие недопустимо и помочь тем, кто столкнулся проблемой.
 На kiberbulling.net собраны реальные истории жертв, полезные советы, добавлен чат психологической поддержки и многое другое.

Пятьдесят седьмой выпуск шоу «Кстати» с Азаматом Харламовым. Дорох сегодня даже просвещал гостей, пока оставим его. Гостями пятьдесят седьмого выпуска стали: человек спортивный – Умар Кремлёв; человек экономный – Лолита Милявская.

Таймкоды:

00:00 – Начинаем пятьдесят седьмой выпуск «Кстати»
09:55 – Считаем семейный бюджет
11:19 – Первый гость. Умар Кремлёв
12:47 – Говорим о форуме «Россия - спортивная держава»
17:54 – Бой за звание абсолютного чемпиона мира
22:48 – Зачем становиться президентом МОК
24:18 – Когда нужно переезжать в Серпухов
27:57 – Пересаживаемся на наши мотоциклы
32:35 – Угадываем подарки для ведущих
34:29 – Делаем прогнозы на будущее
39:23 – Вторая гостья. Лолита
42:00 – Лолита дарит Азамату свою жизнь
44:08 – Как Лолита будет праздновать день рождения
47:57 – Тестируем Лолиту
53:52 – Каково стоять в гробу
54:50 – Квадробинг - советский вид спорта
57:16 – На чём нельзя экономить
58:19 – Как Лолиту называет молодёжь
01:00:14 – Первая музыкально-картинковая игра
01:08:18 – Лолита - «OFFSET»

Подписывайся на сообщество VK Видео, чтобы не пропустить новые выпуски: https://vk.com/vkvideo",4281,1730538000,12722857,3257,24143,3549,https://vk.com/video_ext.php?oid=-220754053&id=456242320&hash=5a3f19e42a885e00&__ref=vk.admin_android&api_hash=174060683045a82252932c707091_GMZDANZRGM2TCOA,1,1,1,False,https://sun1-92.userapi.com/impg/-z9fKdUasRbcWb_bQ3sr5rZ1L2WkQFjSXpomOA/flVK6Af03xU.jpg?size=130x96&quality=95&keep_aspect_ratio=1&background=000000&sign=dbad872867f0a9ca66d6f181f7d5186d&c_uniq_tag=oGUI_mJ7cWnIcFP-_Chpg8qaRSbXg_RjVIlLR3PuStA&type=video_thumb
456242318,-220754053,"КСТАТИ #57 – Лолита Милявская, Умар Кремлёв, Гарик Харламов, Азамат Мусагалиев, Денис Дорохов. Тизер","57-й выпуск шоу «Кстати» – 2 ноября эксклюзивно в VK Видео!

Подпишись, чтобы не пропустить: https://vk.com/vkvideo",46,1730530800,56154,7,108,5,https://vk.com/video_ext.php?oid=-220754053&id=456242318&hash=001a6838622a6d39&__ref=vk.admin_android&api_hash=1740606830b34c0582402a1e26de_GMZDANZRGM2TCOA,1,1,1,False,https://sun1-28.userapi.com/impg/Go38J1Nlo_F6M9y9TJQsAj2ZUlh27rSvTanDbA/0OjESS91aBc.jpg?size=130x96&quality=95&keep_aspect_ratio=1&background=000000&sign=df68de5f53cb2e9ffff6d74ad8374af2&c_uniq_tag=qYD2jaWJ6s5rNbL0eBTsUuajo8_a65K-o5eXLkmsowA&type=video_thumb
456242311,-220754053,Смотрите как удобно в приложении VK Видео,"Скачивай приложение VK Видео, чтобы удобно смотреть любимые шоу, фильмы и сериалы: https://trk.mail.ru/c/u9nps17

#vkвидео #вквидео #vkvideo #реклама #рекламныйролик #рекламаноябрь #федор #бондарчук #приложение #смотрикакудобно #удобно #функции",15,1730713020,1797111,2,195,6,https://vk.com/video_ext.php?oid=-220754053&id=456242311&hash=89d405ffd924854d&__ref=vk.admin_android&api_hash=1740606830bdb5e9c7d9b27870c3_GMZDANZRGM2TCOA,1,1,1,False,https://i.mycdn.me/getVideoPreview?id=7510625290930&idx=9&type=39&tkn=J-B7J9fzwA5TsPK34nPbpcJfKCw&fn=vid_s
456242310,-220754053,Новое реалити-шоу «Большое переселение» в VK Видео,,27,1730462340,672604,14,2821,28,https://vk.com/video_ext.php?oid=-220754053&id=456242310&hash=92f96a94873e1b3e&__ref=vk.admin_android&api_hash=17406068303135cbf6ce0f749a10_GMZDANZRGM2TCOA,1,1,1,False,https://i.mycdn.me/getVideoPreview?id=7662113721043&idx=15&type=39&tkn=X416IXgwJhQRzdtfklCD5wHjdvs&fn=vid_s
456242306,-220754053,Битва за время 2 | 8 выпуск | ШАСТУН х ДЖАБРАИЛОВ х ДОРОХОВ х ВАШ,"До 14 ноября проходит главная распродажа 11.11 на Ozon. Исключительные скидки до 95% и суперогромный выбор желанного – от косметики до электроники. Главное – вовремя купить: https://ozon.ru/t/l0VZ70y
 
Реклама. ООО «Интернет Решения», 123112, г. Москва, Пресненская наб., д. 10 эт. 41 пом I, комн. 6; ОГРН 1027739244741, erid: 2VtzqxZ4Wfv
 
Теперь абоненты t2 могут воспользоваться классными предложениями от партнеров не только в обмен на минуты, но и гигабайты! Обменивайте их на завтраки, скидки на такси, кофе и многое другое. Подробности по ссылке: https://vk.cc/cDtuT2
erid: 2VtzqwXr2ZJ
 
Ведущий:

Саша Ваш https://vk.com/sasavash
 
Жюри:

Антон Шастун https://vk.com/shastoon.channel
Игорь Джабраилов https://vk.com/igordzhabrailov
Денис Дорохов https://vk.com/denisdorokhov1987
 
Таймкоды:
 
00:00 – начало
03:41 – дуэт «Осипов и Ужахов»
10:21 – дуэт «Ксюша и Ариша»
18:06 – Лера Ломакина
24:30 – Илья Ганичев
28:43 – Ксения Парамонова
35:45 – Юлита Беляевская
43:25 – трио «Жон Бон Жови»
50:42 – Лена Гранкина
56:27 – дуэт «Дайте посмеяться»
 
Подпишись на сообщество VK Видео, чтобы не пропустить новые выпуски: https://vk.com/vkvideo",3785,1730451600,3195346,384,10076,1353,https://vk.com/video_ext.php?oid=-220754053&id=456242306&hash=ce5e7e78e1c212d5&__ref=vk.admin_android&api_hash=174060683061e08b581ec98ef45a_GMZDANZRGM2TCOA,1,1,1,False,https://sun1-47.userapi.com/impg/4IapTXmbPZTN5E0vHnwAPvGzACgq87McEp9zZA/w2xK9XdZBr4.jpg?size=130x96&quality=95&keep_aspect_ratio=1&background=000000&sign=58ee865f9f3fa7f193f99f9750ac2360&c_uniq_tag=Rwmn1o76por6wyEadpQrYIykAyZbSLR1rip-twi4qW4&type=video_thumb
456242304,-220754053,Битва за время 2 | 8 выпуск | Тизер,"Это второй сезон «Битвы за время» – шоу, в котором комики в разных юмористических жанрах пытаются рассмешить жюри за отведённое им время. Самый смешной в конце сезона получит 6 млн рублей!  

Участникам дают минуту на выступление, но если жюри нравится выступление, они могут добавить время.

Подписывайся на сообщество VK Видео, чтобы не пропустить новые выпуски: https://vk.com/vkvideo",61,1730391900,87900,0,160,4,https://vk.com/video_ext.php?oid=-220754053&id=456242304&hash=e654c9e50b9d659c&__ref=vk.admin_android&api_hash=1740606830ae4f8eae7b9783aa83_GMZDANZRGM2TCOA,1,1,1,False,https://sun1-90.userapi.com/impg/q7n5zs7fglCHxQYRBe9GBo0uKvE-oVlpOsPDIA/ihNFxRq6d3Q.jpg?size=130x96&quality=95&keep_aspect_ratio=1&background=000000&sign=2e7b4c77b04b6378f3ff850fcb1f66dc&c_uniq_tag=WZpOdh4hGPon9PCWztVpUlXj5txw4T7Ob_MYCpcmgeo&type=video_thumb
456242293,-220754053,Сессия. Амина Tenderlybae,"С 28 октября по 14 ноября пройдёт главная распродажа 11.11 на Ozon. Исключительные скидки до 85% и суперогромный выбор желанного – от косметики до электроники. Главное – вовремя купить: https://ozon.ru/t/odzo9XL 
Реклама. erid: 2VtzqxEHsmE

В новом выпуске шоу «Сессия» с Аминой Tenderlybae, популярной певицей и стримером, вы узнаете, как постоянная травля в Интернете и буллинг с применением физического насилия закалили маленькую девочку, почему она не рассказывала родителям, находившимся в разводе и скрывавшим это от нее, про свои проблемы, и насколько сильную травму нанесли ей последние отношения, в которых она потеряла себя настоящую.
 
В диалоге с Дмитрием Дибровым девушка поделится сокровенными подробностями и воспоминаниями из своей жизни, рассказав про тяжелые испытания, которые во многом стали почвой для её творческой деятельности, а также обратится к отцу, который не принимал участия в её жизни, за что она прозвала его призраком.
 
Финальную черту под откровенной беседой Амина подведет своим треком «Игрушка» в лайв исполнении.
 
Смотрите эксклюзивно в VK Видео.
 
Таймкоды:

00:00 – Начало выпуска
00:26 – Психологическое досье
01:41 – Гипотезы диагнозов
01:51 – Рекламная интеграция
02:58 – Начало сессии
03:13 – Начало стримерской деятельности и жизнь в интернете
03:54 – Недостаток мамы в детстве Амины
06:27 – Отстранение от компьютера и суперспособность Амины
08:43 – Комментарий психотерапевта
09:03 – Хэйт в Интернете и поддержка мамы
10:40 – Отстаивание своих границ и сепарация от мамы
12:58 – Папа в жизни Амины
16:15 – Психологический прием «Обращение к папе»
17:43 – Комментарий психотерапевта
18:02 – Травля в Интернете и в жизни
22:56 – Комментарий психотерапевта
23:16 – Маска на лице и образ
26:43 – Комментарий психотерапевта
27:02 – Пластическая операция
29:02 – Свежая рана от отношений
35:21 – Комментарий психотерапевта
35:46 – Мотивация для творчества
39:52 – Комментарий психотерапевта
40:11 – Психологический прием «Обращение к маленькой Амине»
43:12 – Психологический прием «Обращение к хейтерам»
44:34 – Трек «Игрушка»
46:37 – Психологическое заключение

Все треки из выпусков «Сессии» слушайте эксклюзивно в VK Музыке: https://vk.com/audios-147845620?z=audio_playlist-147845620_3256

И подписывайтесь на сообщество VK Видео, чтобы не пропустить новые выпуски: https://vk.com/vkvideo",2878,1730365200,4348291,284,5268,1918,https://vk.com/video_ext.php?oid=-220754053&id=456242293&hash=1c34511e7dd1332d&__ref=vk.admin_android&api_hash=1740606830a6e0a50eb93c163d1f_GMZDANZRGM2TCOA,1,1,1,False,https://sun1-30.userapi.com/impg/0tWmY4ptpDbMC2D7ARIMYpda9tPp7dEPTr8KuA/YznS_a2FO3A.jpg?size=130x96&quality=95&keep_aspect_ratio=1&background=000000&sign=579f09f778ead767fc8c422c370ba853&c_uniq_tag=aH4dh25wt9fNmREC_apBskm_vuvZ_WdbQXyE8N3tu8g&type=video_thumb
456242294,-220754053,Сессия. Амина Tenderlybae. Тизер,"«Сессия» – это шоу, в котором ведущий и приглашённые гости в формате психотерапевтического сеанса разбирают, как их психологические проблемы и травмы влияют на творчество. А психотерапевт за кадром поясняет происходящее с профессиональной точки зрения.

Новый выпуск с Аминой Tenderlybae – 31 октября эксклюзивно в VK Видео!",38,1730358000,95550,3,144,13,https://vk.com/video_ext.php?oid=-220754053&id=456242294&hash=880515acff212674&__ref=vk.admin_android&api_hash=1740606830c98b3b111d849c03c1_GMZDANZRGM2TCOA,1,1,1,False,https://sun1-93.userapi.com/impg/vjRWpIxVQoVkkye8WjvzY6XjwTHG6f5ZvM_edQ/7BSYYtjRzoQ.jpg?size=130x96&quality=95&keep_aspect_ratio=1&background=000000&sign=15bdf940a9afada01669887a78fde0ad&c_uniq_tag=Ujcn1JP3GikIyd0FEWlA4Js-Z4ul51hojCpkQhp9oAg&type=video_thumb
456242256,-220754053,Money Mic 2 | Выпуск 3 | Кросс х Абрамов х Бебуришвили х Амарян,"До 14 ноября проходит главная распродажа 11.11 на Ozon. Исключительные скидки до 85% и суперогромный выбор желанного – от косметики до электроники. Главное – вовремя купить: https://ozon.ru/t/ZnPNZ6e
erid: 2VtzqwXnkJo

Участники, прошедшие шоу Open Mic соревнуются с опытными комиками за денежный приз! Лучший в каждом выпуске получает 100 тысяч рублей и проходит в Big Money Mic, где будет разыгран 1 миллион рублей.

В новом выпуске:

00:00 – Начало
02:25 – Правила проекта 
02:44 – Разговор с жюри
04:09 – Автандил Георгобиани 
12:04 – Матюк
19:57 – Влад Лавренчук
27:29 – Дмитрий Егоров
33:26 – Сармат Босиев
40:34 – Илья Краснов
47:21 – Итоги выпуска

Ведущий: 

Гурам Амарян – https://vk.com/am_gur

Жюри:

Карина Кросс – https://vk.com/krosskarina 
Андрей Бебуришвили – https://vk.com/andrewcomedy 
Иван Абрамов – https://vk.com/ivan_abramov_standup
 
Подписывайся на сообщество VK Видео, чтобы не пропустить новые выпуски: https://vk.com/vkvideo",3152,1730278800,3475707,243,5665,930,https://vk.com/video_ext.php?oid=-220754053&id=456242256&hash=1a8f236b3828f555&__ref=vk.admin_android&api_hash=17406068307d7bf26b36bb18bef3_GMZDANZRGM2TCOA,1,1,1,False,https://sun1-91.userapi.com/impg/k-e81nNILOzxvDP4wdpskezZTQoBMGiWQ9dH9g/vc3s0AA74cg.jpg?size=130x96&quality=95&keep_aspect_ratio=1&background=000000&sign=72d83b8e8d2517e8a0d8370e5dc9cca2&c_uniq_tag=2FNHsDIGkaJM3iLRlYgfReeb1AX9Hr_rfUyWQp8CpJ4&type=video_thumb
456242254,-220754053,Money Mic 2 | Выпуск 3 | Тизер,"Лучшие участники из проекта Open Mic борются с опытными комиками за денежные призы!

В каждом выпуске самый смешной комик получает 100 000 рублей, а также проходит в Big Money Mic, где будет разыгран 1 миллион рублей.

Подпишись, чтобы не пропустить: https://vk.com/vkvideo",71,1730218860,76195,0,125,2,https://vk.com/video_ext.php?oid=-220754053&id=456242254&hash=de0d21455539dbba&__ref=vk.admin_android&api_hash=1740606830b5bda771dd175d0a50_GMZDANZRGM2TCOA,1,1,1,False,https://sun1-56.userapi.com/impg/TPCHD2URUpsXSJOgK0z0MKBtduefOLyIOouiaQ/TGJRxjL_gyQ.jpg?size=130x96&quality=95&keep_aspect_ratio=1&background=000000&sign=b46eb443b080130d81c419c0fea64b5b&c_uniq_tag=MK-YWBtU9tREWIGaWr8u48nbzZLMwlFdneKEaRVDOaw&type=video_thumb
456242250,-220754053,Дикая кухня | Крупеня x Деренчук | Выживание в Заполярье,"Балтика 8 Безалкогольное – безупречное пшеничное с освежающим многогранным вкусом. Взболтайте бутылку, перед тем как наполнить бокал до конца, и все грани пшеничного вкуса раскроются!
 
Реклама. Рекламодатель ООО «Пивоваренная компания «Балтика», ИНН 7802849641, ОГРН 1147847032838.
Erid: 2VtzqvEfUzg
Erid: 2VtzqvLamAC
 
В этот раз шефам придется выживать совершенно иначе, потому что их ждет голая тундра. Из-за сильных ветров деревья здесь не вырастают выше колена. А значит – добыть огонь здесь почти невозможно.

Смогут ли обустроить ночлег, погреться у костра и выжить в этой дикой глуши 2 крутых шефа: Денис Крупеня и Анатолий Деренчук? Смотри новый выпуск «Дикой кухни» и все узнаешь!
 
Таймкоды: 

00:00 – Начало
00:15 – Тизер
02:00 – Правила шоу
04:15 – Ведущий выкидывает рюкзаки
12:08 – Сокол, я -тигр
15:48 – Рыба!
16:47 – Здесь был медведь
21:20 – Первый чек-пойнт
24:25 – Черная метка
35:20 – Следы медведя
36:30 – Второй чек-пойнт
44:40 – Установка лагеря
51:04 – Утро
54:20 – «Мы здесь не одни ночевали»
56:05 – Третий чек-пойнт
1:02:30 – Подводная охота
01:05:10 – Дикая кухня
01:09:35 – Приход второй команды
01:25:40 – Дегустация
01:36:20 – Объявление победителя
 
Подписывайся на сообщество VK Видео, чтобы не пропустить новые выпуски: https://vk.com/vkvideo",5846,1730196000,6180444,245,5096,958,https://vk.com/video_ext.php?oid=-220754053&id=456242250&hash=0e2e3c4f20ec5732&__ref=vk.admin_android&api_hash=1740606830368da63a73da430b28_GMZDANZRGM2TCOA,1,1,1,False,https://sun1-47.userapi.com/impg/mX2EpKyknGLAtsM2FIYYFXsk4BLcwhsMfzufyA/hg2imzFV-ec.jpg?size=130x96&quality=95&keep_aspect_ratio=1&background=000000&sign=e00444ac395c22cc5ffcfd78269f4e45&c_uniq_tag=9ZxkqD4G5M5VZPiTzvdk6N2EiExn_iMZIC4kf-SsuPg&type=video_thumb
456242243,-220754053,Дикая кухня | Крупеня х Деренчук | Тизер,"Это проект «Дикая кухня», где каждый выпуск 2 крутых шеф повара за 32 часа должны найти ингредиенты для приготовления 3-х блюд и, самое главное, выжить!

Подпишись на сообщество VK Видео, чтобы не пропустить новые выпуски: https://vk.com/vkvideo",49,1730112300,70062,3,128,8,https://vk.com/video_ext.php?oid=-220754053&id=456242243&hash=fdcc4f1d11b63927&__ref=vk.admin_android&api_hash=1740606830561e59f799eea3a226_GMZDANZRGM2TCOA,1,1,1,False,https://sun1-56.userapi.com/impg/9ocsJ2hc8YkQKWYnmMfoUOBEh2Fwd_vmRxhbxw/MlJMZ1YXp7s.jpg?size=130x96&quality=95&keep_aspect_ratio=1&background=000000&sign=1fd5768c1aee65fd1cdaed46e57491e1&c_uniq_tag=s1vqwyJ0gVtwD7KjA2aquapqfk3ZakImqjP2cXBVG_4&type=video_thumb
456242241,-220754053,"Гоша Карцев. Рас-стояние: вёрсты, мили…","В заключение шоу «Сессия» Гоша исполнил стихотворение Марины Цветаевой «Рас-стояние: вёрсты, мили…», подводя черту под откровенной беседой.

Полный выпуск «Сессии» с Гошей смотрите эксклюзивно в VK Видео: https://vk.com/video-220754053_456242222",84,1730032500,31511,7,119,19,https://vk.com/video_ext.php?oid=-220754053&id=456242241&hash=ee93c9c8f29537f1&__ref=vk.admin_android&api_hash=1740606830cd0dbe9a3761e16edb_GMZDANZRGM2TCOA,1,1,1,False,https://sun1-15.userapi.com/impg/Fs3zB-NV8O-BfGR4oJWyGpvT0kyh8SjYH2UB1A/n7GZwulhdUM.jpg?size=130x96&quality=95&keep_aspect_ratio=1&background=000000&sign=ea2f79d05f4841690467ceff0b65dda0&c_uniq_tag=AqTf7c8BPTxdbgVxq4tPtCWXbrjKVe-1b0uoU83TEOc&type=video_thumb
456242239,-220754053,"КСТАТИ #56 – Варя Щербакова, Оля Парфенюк, Наташа Борисова и Саша Муратова, Паша Техник, Сергей Мазаев и «Моральный кодекс»","С 28 октября по 14 ноября пройдёт главная распродажа 11.11 на Ozon. Исключительные скидки до 85% и суперогромный выбор желанного – от косметики до электроники. Главное – вовремя купить: https://ozon.ru/t/W4dXyLN
Реклама. erid: 2Vtzqw6ovY4

Новые машины продаются на Авто.ру: https://auto.ru/s/df8LSS
Реклама. erid: 2VtzqvnfP8o

Пятьдесят шестой выпуск шоу «Кстати» с Азаматом Харламовым. Дорох сегодня был поприличнее одного из гостей, оставляем пока его. Гостями пятьдесят шестого выпуска стали: амбассадоры всех девушек в интернете – Варя Щербакова, Оля Парфенюк, Наташа Борисова и Саша Муратова; амбассадор витаминов и спорта – Паша Техник; амбассадор расстроенных гитар и горячей воды – Сергей Мазаев. Музыкальные гости: группа «Моральный кодекс».

Таймкоды:

00:00 – Начинаем пятьдесят шестой выпуск «Кстати» и поздравляем Азамата
06:00 – Первые гости. Варя Щербакова, Оля Парфенюк, Наташа Борисова и Саша Муратова
09:36 – Что такое «Женский форум»
11:45 – Претензии к Денису
15:00 – «Женский форум» на выезде
16:04 – Поддерживаем женщин
21:00 – Конфликт Парфенюк и Анны Асти
23:53 – Говорим о других проектах девчонок
25:03 – Увеселительно-кривлятельная активность
29:42 – Дорох уезжает
30:55 – Второй гость: Паша Техник
33:09 – Говорим о новом альбоме Паши
34:20 – Паша Техник и поезд
36:18 – Распроданный мерч Паши
37:02 – Паша Кинотехник
44:18 – Неожиданное предложение из Румынии
46:38 – Поздравляем всех с праздниками очень заранее
49:29 – Делаем прогнозы на будущее
55:27 – Третий гость: Сергей Мазаев
58:01 – Юбилей «Морального кодекса»
01:01:36 – Опрятная рок-группа Сергея Мазаева
01:03:35 – Молодые артисты и Сергей
01:06:12 – Мазаеву - 65!
01:07:53 – Выбираем название для юбилейного концерта
01:09:25 – Начинаем интервью сначала
01:10:17 – О чём должен петь старый рокер
01:12:33 – Анекдот от Сергея Мазаева
01:14:02 – Моральный кодекс - «Мне хорошо с тобою»

Подписывайся на сообщество VK Видео, чтобы не пропустить новые выпуски: https://vk.com/vkvideo",4768,1729933200,13591551,3007,27736,6454,https://vk.com/video_ext.php?oid=-220754053&id=456242239&hash=c62e34793c5b01e9&__ref=vk.admin_android&api_hash=174060683072129dc9c258068fa7_GMZDANZRGM2TCOA,1,1,1,False,https://sun1-30.userapi.com/impg/L3hhqexbaEz-FRAK3xM3xMGrqagEuOTCUcMuoA/9SaKRq9KilM.jpg?size=130x96&quality=95&keep_aspect_ratio=1&background=000000&sign=020fa9bb42e90bcc337d5a511241228e&c_uniq_tag=54GAbsdi0t6QurW0TWd85DV0jSPKIHrH5K-k984U2MA&type=video_thumb
456242237,-220754053,"КСТАТИ #56 – Варя Щербакова, Оля Парфенюк, Наташа Борисова, Саша Муратова, Паша Техник, Сергей Мазаев, «Моральный кодекс». Тизер","56-й выпуск шоу «Кстати» – 26 октября эксклюзивно в VK Видео!

Подпишись, чтобы не пропустить: https://vk.com/vkvideo",60,1729926000,32028,14,118,11,https://vk.com/video_ext.php?oid=-220754053&id=456242237&hash=e23de142dfda9f5a&__ref=vk.admin_android&api_hash=174060683087da11bc92618d02db_GMZDANZRGM2TCOA,1,1,1,False,https://sun1-16.userapi.com/impg/JtLWSvPQuBDTtAn06Zk20ukv8sGNK_AZK-97fQ/mebiaP7U3go.jpg?size=130x96&quality=95&keep_aspect_ratio=1&background=000000&sign=fa5b7d15c2626b6849b564f743d9184a&c_uniq_tag=5wOp69wJw7jg9LTslK5xhaklp79OAdvmQNkFNIjT5cs&type=video_thumb
456242235,-220754053,Битва за время 2 | 7 выпуск | ШАСТУН х ЯРОВИЦЫНА х ШАЛЬНОВ х ВАШ,"Развлечения и выгода теперь в одной подписке – Яндекс Пэй повысил кешбэк баллами и улучшил условия по Сплиту и Сейвам для подписчиков Плюса https://vk.cc/cAFWNO
erid: 2Vtzqxgb97Z
 
С 28 октября по 14 ноября пройдёт главная распродажа 11.11 на Ozon. Исключительные скидки до 85% и суперогромный выбор желанного – от косметики до электроники. Главное – вовремя купить: https://ozon.ru/t/Gl9VjW4
Реклама. ООО «Интернет Решения», 123112, г. Москва, Пресненская наб., д. 10 эт. 41 пом I, комн. 6; ОГРН 1027739244741, erid: 2VtzqxZamqd
 
Это второй сезон проекта «Битва за время»!

Всё осталось по прежнему: сюда приходят комики, чтобы покорить жюри за отведённое им время. Любой жанр, любая форма, любые способы, главное – успеть рассмешить судей за одну минуту, чтобы они добавили время к твоему таймеру.
 
Нововведение лишь одно: призовой фонд сезона увеличен до 6 миллионов рублей!
 
Ведущий:

Саша Ваш https://vk.com/sasavash
 
Жюри:

Антон Шастун https://vk.com/shastoon.channel
Зоя Яровицына https://vk.com/zoyazoo
Алексей Шальнов https://vk.com/aleshashalnov
 
Таймкоды:
 
00:00 – начало
00:44 – представление жюри
04:21 – Азад Гагарин
10:26 – дуэт «Женя и Эвальд»
18:07 – Настасья Чеботарь
26:26 – дуэт «Абрамов и Тайфун»
31:59 – Роман Танчинец
37:15 – дуэт «Наши»
44:22 – трио «18+»
 
Подписывайся на сообщество VK Видео, чтобы не пропустить новые выпуски: https://vk.com/vkvideo",3114,1729846800,3245541,340,8140,1196,https://vk.com/video_ext.php?oid=-220754053&id=456242235&hash=772875fe080ed81d&__ref=vk.admin_android&api_hash=1740606830e8e764994bc2abe49c_GMZDANZRGM2TCOA,1,1,1,False,https://sun1-57.userapi.com/impg/jDtddjyPtnmusrXAeZ00etzfsfdwRBSmWAWaEQ/E_g-qXrC2j8.jpg?size=130x96&quality=95&keep_aspect_ratio=1&background=000000&sign=356f4f5d0979f344c07bbd3dfe2d8a3d&c_uniq_tag=PRDGvS26BzM-vJC-2Sz0TxeNLYugm-3jAknM1R0Hrqk&type=video_thumb
456242233,-220754053,Битва за время 2 | 7 выпуск | Тизер,"Это второй сезон «Битвы за время» – шоу, в котором комики в разных юмористических жанрах пытаются рассмешить жюри за отведённое им время. Самый смешной в конце сезона получит 6 млн рублей!  

Участникам дают минуту на выступление, но если жюри нравится выступление, они могут добавить время.

Подписывайся на сообщество VK Видео, чтобы не пропустить новые выпуски: https://vk.com/vkvideo",64,1729787400,58547,1,108,2,https://vk.com/video_ext.php?oid=-220754053&id=456242233&hash=29bf77ee7ea6da83&__ref=vk.admin_android&api_hash=1740606830c5babe73c43be25c98_GMZDANZRGM2TCOA,1,1,1,False,https://sun1-87.userapi.com/impg/NpPNwd-Kimv4KWh2GwcuqP_gbRXjnAZR4w7J-w/xDr_dlfGpDk.jpg?size=130x96&quality=95&keep_aspect_ratio=1&background=000000&sign=289ada72139c37939fdf8248d2c52b69&c_uniq_tag=UHSfXeuQGln1kJxlmJYe1fAPjdYc-zaHlt0anxpCEAM&type=video_thumb
456242222,-220754053,Сессия. Гоша Карцев,"Во втором выпуске шоу «Сесссия» с Гошей Карцевым, одним из самых известных стилистов России, вы узнаете, с какими трудностями столкнулся маленький Гоша в детстве на Камчатке работая на вещевом рынке, как смерть матери повлияла на его карьеру и взаимоотношения в семье, и почему теперь у него отсутствует страх как своей смерти, так и близких людей.
 
В разговоре с Дмитрием Дибровым Гоша пройдется по тяжелым моментам и воспоминаниям из жизни, проведя параллели между детскими травмами и нынешней деятельностью, вспомнив родительские сравнения с «сыном маминой подруги», жизнь которого сложилась трагическим образом.
 
В заключение выпуска Гоша исполнит стихотворение Марины Цветаевой «Рас-стояние: вёрсты, мили…», подводя черту под откровенной беседой.
 
Смотрите эксклюзивно в VK Видео.
 
Таймкоды:
 
00:00 – Начало выпуска
00:26 – Психологическое досье
01:34 – Гипотезы диагнозов
01:51 – Начало сессии
02:15 – Формирование вкуса Гоши
04:35 – Начало карьеры и протест против непрофессионализма
07:20 – Комментарий психотерапевта
07:40 – Жизнь между гопниками и ботаниками
08:30 – Продажа одежды зимой на рынке на Камчатке
09:55 – Самовыражение и защитная реакция в творчестве
12:44 – Комментарий психотерапевта
13:02 – Эффект Даннинга-Крюгера и приступы суперэго
16:24 – Комментарий психотерапевта
16:40 – Любовь к невменяемым людям и «Болезнь Шляпника»
19:05 – Сложности в контроли агрессии и доверии к людям
21:55 – Протест против родителей и сравнение с сыном маминой подруги
23:08 – Комментарий психотерапевта
23:30 – Образ родителей
25:43 – Потеря волос и болезнь матери
30:06 – Психологический прием «Обращение к маме»
32:04 – Комментарий психотерапевта
32:21 – Глубокая депрессия после потери мамы и уход в терапию
35:20 – Комментарий психотерапевта
35:34 – Страх высоты и глубины
37:19 – Комментарий психотерапевта
37:35 – Страх смерти
40:30 – Комментарий психотерапевта
40:52 – Восприятие отца
43:55 – Психологический прием «Обращение маленького Гоши к отцу»
45:01 – Стихотворение Марины Цветаевой «Рас-стояние: вёрсты, мили…»
46:07 – Психологическое заключение

Подписывайся на сообщество VK Видео, чтобы не пропустить новые выпуски: https://vk.com/vkvideo",2841,1729760400,6021035,96,3274,832,https://vk.com/video_ext.php?oid=-220754053&id=456242222&hash=d2a632ab2fae8ae0&__ref=vk.admin_android&api_hash=174060683007dd3eea409b07b67e_GMZDANZRGM2TCOA,1,1,1,False,https://sun1-56.userapi.com/impg/3DgZQV_FQ4BO73xaZSf8LF8rhwbDXjngvy4nCg/C3CcKiVilQI.jpg?size=130x96&quality=95&keep_aspect_ratio=1&background=000000&sign=c7774178a7772a9bc0732cf38007d4e8&c_uniq_tag=G7XU2wb6VhQ8_BKCYUvMX0LaWX5ro0cqveOkIJ8STrA&type=video_thumb
456242221,-220754053,Сессия. Гоша Карцев. Тизер,"«Сессия» – это шоу, в котором ведущий и приглашённые гости в формате психотерапевтического сеанса разбирают, как их психологические проблемы и травмы влияют на творчество. А психотерапевт за кадром поясняет происходящее с профессиональной точки зрения.

Новый выпуск с Гошей Карцевым – 24 октября эксклюзивно в VK Видео!",55,1729753200,101746,3,205,5,https://vk.com/video_ext.php?oid=-220754053&id=456242221&hash=ffe35649d4055fbb&__ref=vk.admin_android&api_hash=17406068305128cdc50cd7ea1f36_GMZDANZRGM2TCOA,1,1,1,False,https://sun1-26.userapi.com/impg/3024QVnstrNoDCtS_x8v8TzkzUBka7uiscwBsA/cxbvYj0JZTM.jpg?size=130x96&quality=95&keep_aspect_ratio=1&background=000000&sign=03ed64e3ca19def5400a7cdf41b24bcc&c_uniq_tag=brAZ6HtCviY5uzo7iksNz_qBqya0FDehHxItnKzqyyg&type=video_thumb
456242208,-220754053,Money Mic 2 | Выпуск 2 | Абрамов х Бебуришвили х Чабдаров х Амарян,"Купер собрал интересные предложения в календаре выгодных покупок!
Совершайте покупки с 10 октября по 12 ноября и получайте сюрпризы каждый день!

Купер – твой человек по покупкам!

Ссылка: https://vk.cc/cC9fME
Erid: 2VtzqvpF5XZ

Здесь лучшие участники, прошедшие проект Open Mic, сражаются с матёрыми комиками за реальные деньги!

В каждом эпизоде тот, кто больше всего понравится жюри и зрителям уносит домой 100 тысяч рублей и продолжает путь к главному призу – 1 миллиону рублей, который будет разыгран в Big Money Mic!

В этом выпуске:

00:00 – Начало
02:34 – Правила проекта
02:57 – Разговор с жюри
04:03 – Никита Некрасов
12:08 – Фарид Гасанов
19:55 – Роман Мамедов
28:44 – Эдгар Исаханян
38:07 – Алексей Белобородов
45:07 – Кирилл Мазур
56:21 – Итоги выпуска

Ведущий: 

Гурам Амарян – https://vk.com/am_gur

Жюри:

Расул Чабдаров – https://vk.com/chabdarrr 
Андрей Бебуришвили – https://vk.com/andrewcomedy 
Иван Абрамов – https://vk.com/ivan_abramov_standup

Подписывайся на сообщество VK Видео, чтобы не пропустить новые выпуски: https://vk.com/vkvideo",3646,1729674000,3353006,472,5835,1306,https://vk.com/video_ext.php?oid=-220754053&id=456242208&hash=18e2d844cf723ed7&__ref=vk.admin_android&api_hash=1740606830be9aa783420b376567_GMZDANZRGM2TCOA,1,1,1,False,https://sun1-16.userapi.com/impg/Mo4hdVVyj98_b0DYP8ygV3a4hEvBJU4q4GVWmw/cMRrHK7Z_Jc.jpg?size=130x96&quality=95&keep_aspect_ratio=1&background=000000&sign=13f8e8716a8a9d7f985c961d87775184&c_uniq_tag=9KdIZt5ZYrDmLQNlXnn7Kz74svfeyhxJhHE5-5BJyx4&type=video_thumb
456242206,-220754053,Money Mic 2 | Выпуск 2 | Тизер,"Лучшие участники из проекта Open Mic борются с опытными комиками за денежные призы!

В каждом выпуске самый смешной комик получает 100 000 рублей, а также проходит в Big Money Mic, где будет разыгран 1 миллион рублей.

Подпишись, чтобы не пропустить: https://vk.com/vkvideo",77,1729614660,71600,2,122,1,https://vk.com/video_ext.php?oid=-220754053&id=456242206&hash=b776677f8abd5d23&__ref=vk.admin_android&api_hash=1740606830161b8f03b0063133b9_GMZDANZRGM2TCOA,1,1,1,False,https://sun1-22.userapi.com/impg/Yb2VYnYBIvgyFQ_FZbEQvKwmN6eZNv1WGFWWdw/WJHtao2P0wA.jpg?size=130x96&quality=95&keep_aspect_ratio=1&background=000000&sign=e321216b1eb9b865502aebd94ec2a596&c_uniq_tag=TzeVSdBIMfzP6Rgo_pXzmOwYryoXs-FWOBHRhb3WhGY&type=video_thumb
456242202,-220754053,Дикая кухня | Дзаго x Стаценко | Выживание на Ладожских островах,"Балтика 8 Безалкогольное – безупречное пшеничное с освежающим многогранным вкусом. Взболтайте бутылку, перед тем как наполнить бокал до конца, и все грани пшеничного вкуса раскроются!

Реклама. Рекламодатель ООО «Пивоваренная компания «Балтика», ИНН 7802849641, ОГРН 1147847032838. 
Erid: 2Vtzqvggzh1
Erid: 2VtzqxcaNYB

Суровое озеро и необитаемые острова Ладоги – именно здесь будут выживать участники 2-го выпуска шоу «Дикая кухня» – Мирко Дзаго и Марк Стаценко. 

Встреча со змеей, 2 черных метки, падение в воду… Всё это и многое другое вас ждет во 2-м выпуске «Дикой кухни». Не пропусти!

Таймкоды:

00:00 – Тизер 
01:22 – Правила шоу
03:40 – Ведущий выкидывает рюкзаки 
08:08 – Встреча со змеей 
15:05 – Переплывают Ладогу в шторм  
17:45 – Пьют воду из мха
18:45 – Падение
21:13 – Первый чек-пойнт
24:52 – Черная метка
30:40 – Второй чек-пойнт
34:28 – Снова черная метка
39:20 – Установка лагеря
44:15 – Утро
49:20 – Неудачная рыбалка 
52:24 – Поймали щуку
54:40 – Третий чек-пойнт
01:02:50 – Дикая кухня 
01:08:00 – Приход второй команды 
01:24:19 – Дегустация 
01:35:40 – Объявление победителя 

Подписывайся на сообщество VK Видео, чтобы не пропустить новые выпуски: https://vk.com/vkvideo",5787,1729587600,6005098,323,5533,1096,https://vk.com/video_ext.php?oid=-220754053&id=456242202&hash=1fcd3370f0c7b774&__ref=vk.admin_android&api_hash=1740606830a500fcf6434134f287_GMZDANZRGM2TCOA,1,1,1,False,https://sun1-14.userapi.com/impg/o1LaU4TIYTHQ9CBr4GErNR1l6s0nSiJRkl3Rtg/lSW2NHyAYA8.jpg?size=130x96&quality=95&keep_aspect_ratio=1&background=000000&sign=1aebbac6d89a477c6194d2fd0f377db7&c_uniq_tag=I5lFNDICQZH0hajyc17kcBlqr3HKe7wOul0gbYkoPgQ&type=video_thumb
456242186,-220754053,Дикая кухня | Дзаго х Стаценко | Тизер,"Это проект «Дикая кухня», где каждый выпуск 2 крутых шеф повара за 32 часа должны найти ингредиенты для приготовления 3-х блюд и, самое главное, выжить!

Подпишись на сообщество VK Видео, чтобы не пропустить новые выпуски: https://vk.com/vkvideo",52,1729518360,67483,10,162,3,https://vk.com/video_ext.php?oid=-220754053&id=456242186&hash=750341a15fdf12f0&__ref=vk.admin_android&api_hash=17406068300b360e0f6b0501a6a9_GMZDANZRGM2TCOA,1,1,1,False,https://sun1-98.userapi.com/impg/45WkaVELz3MM1GffBgZOgX_eXKX-VUF6CorJ-A/5F1ZmZBTc3Y.jpg?size=130x96&quality=95&keep_aspect_ratio=1&background=000000&sign=d7a48f7b95e190065967b6d0e56d91ab&c_uniq_tag=dw9iW7-AGK5_CmFVJyqeIg1Q5aG8w70kGz0Om8DzlTw&type=video_thumb
456242177,-220754053,Сессия. Тизер 4 сезона,"Новые звёзды и ещё больше глубоких личных историй! Стартовал новый сезон самого откровенного шоу «Сессия».

Это уникальный проект, в котором ведущий Дмитрий Дибров вместе с закадровым психотерапевтом разбирают, как психологические проблемы и травмы влияют на творчество известных личностей. 

Все выпуски ищите в сообществе VK Видео: https://vk.com/video/playlist/-220754053_5",106,1729501261,202030,10,426,18,https://vk.com/video_ext.php?oid=-220754053&id=456242177&hash=089ee2da24a2c043&__ref=vk.admin_android&api_hash=1740606830d2e88fc754a87f00f8_GMZDANZRGM2TCOA,1,1,1,False,https://sun1-17.userapi.com/impg/vxUQtYNEd_BJMgsl6IsHKWAzn3yTYxNaQkqPfw/TDiwx_Lnjoo.jpg?size=130x96&quality=95&keep_aspect_ratio=1&background=000000&sign=8609262e714cce1a436b7588c9067ace&c_uniq_tag=g0Ftnz70b37RA3uo1KgCusvgVxduJJo2G4f6P8ClNE4&type=video_thumb
456242173,-220754053,Амиран Сардаров. Когда ты в Потоке...,"Подводя черту под откровенной беседой в шоу «Сессия», Амиран исполнил стихотворение своего психотерапевта Слепа Сергея Анатольевича – «Когда ты в Потоке…», которое отражает пройденный им путь.

Полный выпуск «Сессии» с Амираном смотрите эксклюзивно в VK Видео: https://vk.com/video-220754053_456242153",62,1729429860,26391,15,47,7,https://vk.com/video_ext.php?oid=-220754053&id=456242173&hash=a5b384128681bfb0&__ref=vk.admin_android&api_hash=174060683084421924eed7b1b880_GMZDANZRGM2TCOA,1,1,1,False,https://sun1-90.userapi.com/impg/FIR61G_3uUCzFULZDPKeSluAO22baaaQ9SVmBg/-OfabbH-plE.jpg?size=130x96&quality=95&keep_aspect_ratio=1&background=000000&sign=e2fe3f57c7eb46a7a1de165b447fc770&c_uniq_tag=ensfAsbo24vpyzj7ALgL5Ysb5hugpkbC-VrXrZ7QyVo&type=video_thumb
456242171,-220754053,"КСТАТИ #55 – Игорь Крутой, Тони Джекири, Семён Антонов, Никита Курбанов, Nomad Punk, Харламов, Мусагалиев, Дорохов","Смарт-часы серии HUAWEI WATCH GT 5. Многогранность стиля: революция в области дизайна. Данные бега и велоспорта в новом формате, до 14 дней работы без подзарядки: https://vk.cc/cC97dO
Реклама. erid: 2Vtzqw9pbZV

Совершенно новая VK Музыка за 0 рублей на 3 месяца: https://vk.cc/cBIYHH

Скачай приложение VK Знакомства по ссылке и получи PREMIUM-ФУНЦИИ НА 7 ДНЕЙ В ПОДАРОК*: https://bit.ly/3Yi1nOS?erid=2Vtzqv8kaft
*ссылка активна до 17/12/2024
Erid: 2Vtzqv8kaft

Пятьдесят пятый выпуск шоу «Кстати» с Азаматом Харламовым. Дорох сегодня всего раз гостю задал неудобный вопрос, даже не за что его выгонять. Гостями пятьдесят пятого выпуска стали: самые высокие люди в истории шоу – Тони Джекири, Семён Антонов и Никита Курбанов; самый крутой человек в истории шоу – Игорь Крутой. Музыкальный гость: Nomad Punk

Таймкоды: 

00:00 – Начинаем пятьдесят пятый выпуск «Кстати»
08:48 – Стильный и технологичный Дорохов
10:25 – Первые гости. Тони Джекири, Семён Антонов и Никита Курбанов
13:25 – Кто из гостей знает русский язык
14:12 – Вопрос, который мы разрешили задать Дороху
14:52 – ЦСКА - одиннадцатикратные чемпионы
16:44 – Шокирующая правда про P. Diddy и Казахстан
18:10 – Как живется Тони в России
19:09 – Ежегодный визит ЦСКА в Норильск
21:55 – Курбанову - 38
23:05 – Обмен подарками
24:45 – По-настоящему спортивная активность
31:17 – Делаем прогнозы на будущее
38:44 – Второй гость. Игорь Крутой
40:32 – Игорю Крутому - 70!
43:41 – О готовящемся фильме про Игоря Яковлевича
45:37 – Скотти Пиппен, спа-салон и неожиданный звонок
49:44 – Подводим итоги юбилейной «Новой волны»
54:12 – Секретный проект с Димой Биланом
55:26 – Говорим о шоу «Ты супер!»
58:07 – Рояль из кустов для Игоря Крутого
01:02:49 – Nomad Punk - «Карманы»

Подписывайся на сообщество VK Видео, чтобы не пропустить новые выпуски: https://vk.com/vkvideo",3983,1729328400,13311041,2895,19553,2763,https://vk.com/video_ext.php?oid=-220754053&id=456242171&hash=cb737069e8ba4495&__ref=vk.admin_android&api_hash=1740606830ec67df9438abe7a031_GMZDANZRGM2TCOA,1,1,1,False,https://sun1-92.userapi.com/impg/3GIvbxhPIuAosQM7ofoPCAIM1YoMfPukrfr8WQ/cHSkgGsR8x0.jpg?size=130x96&quality=95&keep_aspect_ratio=1&background=000000&sign=cfb62d3f240fdf797ef1e40d2b7bcd27&c_uniq_tag=hO5to2Gs6hs0VryL1BeF300FSuvmoe18i7Fc17NYKgk&type=video_thumb
456242168,-220754053,"КСТАТИ #55 – Игорь Крутой, Тони Джекири, Семён Антонов, Никита Курбанов, Nomad Punk, Харламов, Мусагалиев, Дорохов. Тизер","55-й выпуск шоу «Кстати» – 19 октября эксклюзивно в VK Видео!

Подпишись, чтобы не пропустить: https://vk.com/vkvideo",57,1729269660,180797,12,607,15,https://vk.com/video_ext.php?oid=-220754053&id=456242168&hash=126a5c6091795b0f&__ref=vk.admin_android&api_hash=1740606830912e2bf20ac3fb049b_GMZDANZRGM2TCOA,1,1,1,False,https://sun1-24.userapi.com/impg/z--qrS-F-wIPMLjV5BFldN_W7znO4Depa5jOUg/0q0cyb9C5bg.jpg?size=130x96&quality=95&keep_aspect_ratio=1&background=000000&sign=0b3be3268f5b5d4a0713ce42232b0b62&c_uniq_tag=pnmtQifjLWVgiikYyvFT9Tnu4xSjqEuoEepX6UdOBI0&type=video_thumb
456242163,-220754053,Битва за время 2 | 6 выпуск | ШАСТУН х ГАРАЕВ х ЯНГЕР х ВАШ,"Развлечения и выгода теперь в одной подписке – Яндекс Пэй повысил кешбэк баллами и улучшил условия по Сплиту и Сейвам для подписчиков Плюса https://vk.cc/cAFWNO
erid: 2VtzqwTUMs1
 
Это второй сезон проекта «Битва за время»! Всё осталось по прежнему: сюда приходят комики, чтобы покорить жюри за отведённое им время. Любой жанр, любая форма, любые способы, главное – успеть рассмешить судей за одну минуту, чтобы они добавили время к твоему таймеру.
 
Нововведение лишь одно: призовой фонд сезона увеличен до 6 миллионов рублей!
 
Ведущий:

Саша Ваш https://vk.com/sasavash
 
Жюри:

Антон Шастун https://vk.com/shastoon.channel
Айдар Гараев https://vk.com/idargaraev
Янгер https://vk.com/youunger
 
Таймкоды:
 
00:00 – начало 
00:15 – объяснение правил 
03:48 – дуэт «ТРИПЛ АНДЕГРАУНД»
13:12 – Лена Маницкая
19:16 – дуэт «МЛС»
25:52 – Стас Захаров
33:10 – дуэт «ЛОЛ»
40:06 – Сергей Петров
46:14 – трио «НЕТЯЖЁЛЫЙ ЛЮКС»
53:28 – Калыван Прохоров
 
Смотри это и другие шоу VK Видео Originals в сообществе VK Видео: https://vk.com/vkvideo",3892,1729242000,3579731,293,8458,1297,https://vk.com/video_ext.php?oid=-220754053&id=456242163&hash=cec712119472a11d&__ref=vk.admin_android&api_hash=1740606830646223a48f647dbcf6_GMZDANZRGM2TCOA,1,1,1,False,https://sun1-14.userapi.com/impg/gOjnwNyPG8qgYN0_KqSJe_3HmHTgDgi0fG_kPQ/MrnBon4hTYU.jpg?size=130x96&quality=95&keep_aspect_ratio=1&background=000000&sign=1ab983876d07c22c9c6700082aa94a0a&c_uniq_tag=kH2LB6f9NFUy29x4Ut3NH8HuJhFYGTBQU1Q0Yg82jBY&type=video_thumb
456242156,-220754053,Битва за время 2 | 6 выпуск | Тизер,"Это второй сезон «Битвы за время» – шоу, в котором комики в разных юмористических жанрах пытаются рассмешить жюри за отведённое им время. Самый смешной в конце сезона получит 6 млн рублей!  

Участникам дают минуту на выступление, но если жюри нравится выступление, они могут добавить время.

Подписывайся на сообщество VK Видео, чтобы не пропустить новые выпуски: https://vk.com/vkvideo",59,1729182600,73231,1,199,10,https://vk.com/video_ext.php?oid=-220754053&id=456242156&hash=5ce8e3be7b5b916e&__ref=vk.admin_android&api_hash=1740606830d04f2c67e67baa2466_GMZDANZRGM2TCOA,1,1,1,False,https://sun1-27.userapi.com/impg/K8TxFcnRNswf41LavFoto5GXvLAXypm0xOb9CQ/BuHr3llUGeY.jpg?size=130x96&quality=95&keep_aspect_ratio=1&background=000000&sign=0086690217dd8459edab4f13ce5f30c5&c_uniq_tag=2RXbXehnugBIxjHwCHkOGPts9rVshWvMSXcn3u_eJIA&type=video_thumb
456242153,-220754053,Сессия. Амиран Сардаров,"Ozon – безопасное и выгодное место для покупки электроники и техники. Широкий ассортимент, большие распродажи и акции от популярных брендов, удобная доставка до дома или в пункт выдачи – всё для выгодных покупок https://ozon.ru/t/e7173Kb 

Реклама. erid: 2VtzqxTDXH4 

Начинаем новый сезон шоу «Сессия», в первом выпуске которого Амиран Сардаров, автор «Дневника Хача», поделится глубокими личными переживаниями по поводу тяжелого детства без отца, частого булинга со стороны сверстников и приобретенных в связи с этим комплексов.

В беседе с Дмитрием Дибровым Амиран поговорит о природе своих переживаний, среди которых страх повторить путь отца, остаться одиноким и вернуться в ту жизнь, от которой всегда убегал.

Подводя черту под откровенной беседой, Амиран исполнит стихотворение своего психотерапевта Слепа Сергея Анатольевича – «Когда ты в Потоке…», которое отражает пройденный им путь.

Смотрите эксклюзивно в VK Видео. 

Таймкоды:

00:00 – Начало выпуска
00:30 – Психологическое досье
01:56 – Гипотезы диагнозов
02:05 – Рекламная интеграция
03:17 – Начало сессии
03:47 – Амиран в детстве и сейчас
05:34 – Комментарий психотерапевта
05:54 – Кочевничество по жизни
09:52 – Книги Амирана как отражение жизненного пути
12:30 – Комментарий психотерапевта
12:50 – Гиперконтроль матери и благодарность
14:16 – Отсутствие отца в жизни
18:12 – Психологический прием «Обращение к отцу»
21:28 – Комментарий психотерапевта
21:50 – Любовь в жизни и интерес женщин
24:34 – Страх повторения сценария отца
28:39 – Комментарий психотерапевта
29:04 – Экзистенциальный кризис 
33:27 – Лайки и просмотры как заглушение комплексов 
39:33 – Комментарий психотерапевта
39:58 – Отсутствие поддержки и «синдром белой вороны»
42:44 – Рассуждения о смысле жизни
44:44 – Удовольствие от жизни
48:37 – Психологический прием «Обращение к себе 64 лет2
52:28 – Стихотворение Слепа Сергея Анатольевича «Когда ты в Потоке…»
53:17 – Психологическое заключение  

Подписывайся на сообщество VK Видео, чтобы не пропустить новые выпуски: https://vk.com/vkvideo",3276,1729155600,6313875,217,10013,1068,https://vk.com/video_ext.php?oid=-220754053&id=456242153&hash=5c91774d35e695a5&__ref=vk.admin_android&api_hash=174060683047a5098279d2f0923b_GMZDANZRGM2TCOA,1,1,1,False,https://sun1-30.userapi.com/impg/NTiuZa6OOoIMVGWw_KSIKEsxYSkDdNfc4IN3Ew/AGhI0iu4fkE.jpg?size=130x96&quality=95&keep_aspect_ratio=1&background=000000&sign=1c425d15334f2bf67193cda51d845277&c_uniq_tag=A26hXvpw09JW5QUZOp83EWcCP38fG0948SG3pfJ1Tvs&type=video_thumb
456242154,-220754053,VK Видео запускает «Детский режим»,"В VK Видео появился «Детский режим», который откроет доступ только к библиотеке обучающего и развлекательного контента, обеспечивая безопасность для юных зрителей. Функция уже доступна в бета-версии на Smart TV и Android TV. В этом видео рассказываем, как в VK Видео включить детский режим.

00:00 — в VK Видео появился детский режим
00:04 — как в VK Видео включить детский режим
00:27 — пин-код защищает ребёнка от взрослого профиля
00:30 — только проверенный детский контент 
00:45 — пока ребёнок занят, включай любимые шоу на другом устройстве

#vkвидео #vkvideo #вквидео #детский_режим  #как_включить #фичи",54,1729150840,312420,12,197,22,https://vk.com/video_ext.php?oid=-220754053&id=456242154&hash=944b82d0d1c4ad2b&__ref=vk.admin_android&api_hash=1740606830aaa267c461290e5a9c_GMZDANZRGM2TCOA,1,1,1,False,https://i.mycdn.me/getVideoPreview?id=7545715559153&idx=1&type=39&tkn=Ji6iWXw_hv7BN0yWSeFSE0UJmY4&fn=vid_s
456242151,-220754053,Сессия. Амиран Сардаров. Тизер,"«Сессия» – это шоу, в котором ведущий и приглашённые гости в формате психотерапевтического сеанса разбирают, как их психологические проблемы и травмы влияют на творчество. А психотерапевт за кадром поясняет происходящее с профессиональной точки зрения.

Премьера нового сезона – 17 октября эксклюзивно в VK Видео!",48,1729076400,130242,6,254,14,https://vk.com/video_ext.php?oid=-220754053&id=456242151&hash=1910b405baa872cc&__ref=vk.admin_android&api_hash=17406068306015a3b9f798f06544_GMZDANZRGM2TCOA,1,1,1,False,https://sun1-24.userapi.com/impg/3OLJ9pTSY2iz1V_0FZawmkynWWszX_SZnSKpgw/CeVjyucrVQs.jpg?size=130x96&quality=95&keep_aspect_ratio=1&background=000000&sign=97847d0b296b53fdf6ec3b10165948ac&c_uniq_tag=Fj5t9aIKkT2efgAlCyTh8WPZz4RAo-I9qQ1cqARMMvE&type=video_thumb
456242149,-220754053,Money Mic 2 | Выпуск 1 | Абрамов х Бебуришвили х Мейханаджян х Амарян,"Ozon – безопасное и выгодное место для покупки электроники и техники. Широкий ассортимент, большие распродажи и акции от популярных брендов, удобная доставка до дома или в пункт выдачи – всё для выгодных покупок https://ozon.ru/t/rPVPZX8
erid: 2Vtzqv7DuY6

Лучшие участники из проекта Open Mic борются с опытными комиками за денежные призы! В каждом выпуске самый смешной комик получает 100 000 рублей, а также проходит в Big Money Mic, где будет разыгран 1 миллион рублей.
 
Определять лучших будет жюри, а выбирать, кому достанутся деньги – зрительный зал.
 
Сегодня в выпуске:
 
00:00 – Начало
02:14 – Правила проекта
02:28 – Разговор с жюри
03:35 – Никита Иншаков 
09:30 – Влад Ворсин 
14:44 – Ян Карпунькин 
23:25 – Глеб Капелюх 
30:38 – Гамлет Кароян  
39:07 – Сергей Аграфонов 
46:46 – Итоги выпуска
 
Ведущий: 

Гурам Амарян – https://vk.com/am_gur
 
Жюри:

Карина Мейханаджян – https://vk.com/karinameyhanajyan  
Андрей Бебуришвили – https://vk.com/andrewcomedy 
Иван Абрамов – https://vk.com/ivan_abramov_standup

Подписывайся на сообщество VK Видео, чтобы не пропустить новые выпуски: https://vk.com/vkvideo",3073,1729069212,3225704,298,6190,1556,https://vk.com/video_ext.php?oid=-220754053&id=456242149&hash=774168f419f48828&__ref=vk.admin_android&api_hash=1740606830f609bef4f693b666cc_GMZDANZRGM2TCOA,1,1,1,False,https://sun1-13.userapi.com/impg/BZJ8ZhoKAExb6U7DbOvfh_vrvq3cmeFBB4ErIw/PXzzGWIlLS0.jpg?size=130x96&quality=95&keep_aspect_ratio=1&background=000000&sign=48262f1e63171e7607b0200fb5e296b3&c_uniq_tag=OmM3GqZFV-z93GuC1Qfbi15nyVb6iBaWlThEhU3zxss&type=video_thumb
456242133,-220754053,Money Mic 2 | Выпуск 1 | Тизер,"Лучшие участники из проекта Open Mic борются с опытными комиками за денежные призы!

В каждом выпуске самый смешной комик получает 100 000 рублей, а также проходит в Big Money Mic, где будет разыгран 1 миллион рублей.

Премьера – 16 октября эксклюзивно в VK Видео.",58,1729012620,78483,5,150,2,https://vk.com/video_ext.php?oid=-220754053&id=456242133&hash=4d861dc95e36565c&__ref=vk.admin_android&api_hash=17406068334fbede073c3c01aec0_GMZDANZRGM2TCOA,1,1,1,False,https://sun1-98.userapi.com/impg/jKuf3xYu2JTm_09j875Xz2jLcLR5t2PlRWNoDQ/w-gqkSKhZHE.jpg?size=130x96&quality=95&keep_aspect_ratio=1&background=000000&sign=d038072ba8ca5743a8ec5053d123d966&c_uniq_tag=S-DmQB66fWdGIWVE8YFtMI-DOBz7O-MaQgCgMX2kYeI&type=video_thumb
456242122,-220754053,Дикая кухня | Мартиросов x Редман | Выживание в тайге,"«М Свежесть» от Магнит.
Свежие овощи, грибы и зелень «М Свежесть» попадают с грядки на полки со скоростью свежести.
https://www.gastronom.ru/sp/2024/mfreshness/

Реклама magnit.ru
Erid: 2Vtzque1vVY

Балтика 8 Безалкогольное – безупречное пшеничное с освежающим многогранным вкусом. Взболтайте бутылку, перед тем как наполнить бокал до конца, и все грани пшеничного вкуса раскроются!

Реклама. Рекламодатель ООО «Пивоваренная компания «Балтика», ИНН 7802849641, ОГРН 1147847032838. Erid: 2VtzqxFnt6e

Это проект «Дикая кухня», где каждый выпуск 2 крутых шеф повара за 32 часа должны найти ингредиенты для приготовления 3-х блюд и, самое главное, выжить!

Дикие животные, опасные болота, отвесные скалы, непредсказуемая погода и даже пропажа человека – все это ждет шефов уже в первом выпуске нашего шоу, участниками которого стали Артем Мартиросов и Роман Редман. Какими окажутся эти 32 часа? Смотри выпуск и все узнаешь.  

Таймкоды:

00:00 – Начало
00:23 – Тизер 
01:25 – Правила шоу
03:44 – Ведущий выкидывает рюкзаки из вертолета
08:15 – Встреча с выживальщиками 
13:30 – Медведь где-то рядом
18:10 – Первый чек-пойнт
23:21 – Сорвался со скалы
25:25 – Истерика Редмана
33:47 – Пропал человек
39:21 – Второй чек-пойнт
42:50 – Установка лагеря
50:38 – Утро
52:45 – Незваные гости?
57:08 – Третий чек-пойнт
01:01:07 – Падение в болото 
01:03:12 – Месть за метку 
01:05:45 – Дикая кухня 
01:10:13 – Приход второй команды 
01:15:30 – Дегустация 
01:23:50 – Объявление победителя

Подписывайся на сообщество VK Видео, чтобы не пропустить новые выпуски: https://vk.com/vkvideo",5124,1728982996,10659523,578,6096,2389,https://vk.com/video_ext.php?oid=-220754053&id=456242122&hash=c904cbb876bc082a&__ref=vk.admin_android&api_hash=1740606833c98aab06e55efdc11b_GMZDANZRGM2TCOA,1,1,1,False,https://sun1-47.userapi.com/impg/_-vdGDiG-YzbjZEEKSHNh969fyDOfSvHs6bEMA/76nwbAnhDmg.jpg?size=130x96&quality=95&keep_aspect_ratio=1&background=000000&sign=856983617b02e0cdf0e4d380802e0389&c_uniq_tag=CAR6LPCzK3sBfltfUHQouk1sMeF0qqeserRKqFfK_e8&type=video_thumb
456242120,-220754053,Дикая кухня | Мартиросов x Редман | Тизер,"Это проект «Дикая кухня», где каждый выпуск 2 крутых шеф повара за 32 часа должны найти ингредиенты для приготовления 3-х блюд и, самое главное, выжить!

Премьера реалити – 15 октября в 12:00 эксклюзивно в VK Видео.",52,1728975600,71686,1,215,12,https://vk.com/video_ext.php?oid=-220754053&id=456242120&hash=200b35d4c394c87f&__ref=vk.admin_android&api_hash=17406068332a5ef7b803f2a24764_GMZDANZRGM2TCOA,1,1,1,False,https://sun1-97.userapi.com/impg/VYN6ax5AIwdGGTxNJDNyq9QSZeYwYp_HP1Zd6A/tDDlSp6pPtg.jpg?size=130x96&quality=95&keep_aspect_ratio=1&background=000000&sign=b5c1bef513c86acd46ad11e7f5faaeab&c_uniq_tag=9oWXSZcK4TBvrWO39baqnm9I_qJ60RhcQM5lrpinrXQ&type=video_thumb
456242116,-220754053,Дикая кухня. Тизер сезона,"В новом реалити-шоу знаменитые шеф-повара отправятся в двухдневный поход по дикой природе. Их задача – найти и собрать ингредиенты для трёх блюд, которые они приготовят в финале. 

На маршруте участников ждут три испытания в которых у них будет шанс заработать монеты, на которые можно будет приобрести недостающие ингредиенты в финале шоу.  

Вместе с поварами в поход отправятся профессиональные выживальщики, которые помогут развести костёр, разбить лагерь и добыть ингредиенты. 

В финале обе команды встречаются на большой открытой кухне. У них будет всего ограниченное время, чтобы приготовить 3 блюда ресторанного уровня. На кухне у героев будут все необходимые инструменты, а так же шанс расширить свой список ингредиентов в продуктовой лавке шоу. 

Пробовать блюда будет ведущий шоу и два местных жителя. Побеждает та команда, блюда которой выше оценит жюри шоу.

Премьера «Дикой кухни» – 15 октября эксклюзивно в VK Видео! 

Подпишись на сообщество, чтобы не пропустить: https://vk.com/vkvideo",71,1728903600,522725,15,660,71,https://vk.com/video_ext.php?oid=-220754053&id=456242116&hash=05eea22efe2d3bfd&__ref=vk.admin_android&api_hash=1740606833789c23e158d7f50586_GMZDANZRGM2TCOA,1,1,1,False,https://sun1-96.userapi.com/impg/OE_dIWeErCoPC28dxBOF_x0l1QESXFk08Yqfjw/mPsA-VBpHIc.jpg?size=130x96&quality=95&keep_aspect_ratio=1&background=000000&sign=7619a96359dacefbd13bdd58b62f9735&c_uniq_tag=kNDavpH_9mEJE6tIeeE7lQ2ybEjLkHzedmvvekCCsgE&type=video_thumb
456242114,-220754053,"ОФИСНЫЕ ИГРЫ КликКлак 3 СЕЗОН 6 СЕРИЯ: Джарахов, SQWOZ BAB, Сатир, Прокофьев, Старый","Товары для дома с выгодой на Мегамаркете: https://vk.cc/cCnjNG  

Erid: 2Vtzqur5XQW

В заключительной серии сезона сотрудники сыграю в бирпонг с роботом пылесосом, сыграют в царя горы под потолком офиса и вспомнят все легендарные игры прошлого сезона: сядут на кактусы, разобьют об голову клавиатуры, сыграют в вышибалы. И всё это во время звонка по телефону.

Эльдар Джарахов 
https://vk.com/rocknrofl 
Андрюша Прокофьев 
https://vk.com/prok_kok 
Илья Satyr Шабельников 
https://vk.com/satyrchannel 
Марат SQWOZ BAB 
https://vk.com/sqwozbab 
Андрей Старый 
https://vk.com/stariyx 
Микки 
https://vk.com/id827321418

Таймкоды: 

00:00 – Где найти уютную мебель? 
00:10 – Как сотрудники относятся к потере работы? 
02:29 – На что обиделся Эльдар? 
03:21 – Бармен робот-пылесос 
12:15 – Эльдар сорвался? 
13:10 – Пол — это лава 
22:45 – Кто достоин победы в финале? 
23:32 – Собеседование 
39:26 – Финал сезона. Кто заберет деньги?

Подписывайся на сообщество VK Видео и будь в курсе новинок: https://vk.com/vkvideo",2566,1728896400,3835306,121,5039,598,https://vk.com/video_ext.php?oid=-220754053&id=456242114&hash=16ed3d6839975481&__ref=vk.admin_android&api_hash=1740606833c683f14b4237228fe9_GMZDANZRGM2TCOA,1,1,1,False,https://sun1-88.userapi.com/impg/feJAfYdfdFOETQoLvzg5QAV-CuvCfs86eMxxUQ/iiLkrnJCoL8.jpg?size=130x96&quality=95&keep_aspect_ratio=1&background=000000&sign=b502460c381f5eead70f169e39066470&c_uniq_tag=GyTiqgzIMaAqGfasvm0NTFCKravhNkQYrbv8F9PD_FM&type=video_thumb
456242111,-220754053,ОФИСНЫЕ ИГРЫ 3 Сезон 6 серия (Тизер),"Финал третьего сезона «Офисных Игр» 14 октября эксклюзивно в VK Видео!

Подписывайся на сообщество VK Видео и будь в курсе новинок: https://vk.com/vkvideo",41,1728810056,101224,8,110,6,https://vk.com/video_ext.php?oid=-220754053&id=456242111&hash=bcb402b1e4aea089&__ref=vk.admin_android&api_hash=17406068340cf0d6a1b4346bba97_GMZDANZRGM2TCOA,1,1,1,False,https://sun1-47.userapi.com/impg/bImjMODXtbTafZAMHribMj9A4RzZJiIvo72mFg/jLH5pUZ775A.jpg?size=130x96&quality=95&keep_aspect_ratio=1&background=000000&sign=40f2fe37c8b1db4c9c052c1988e044a7&c_uniq_tag=jaTmZvtZHlDkRJa6KIYpHh9YUpRJw653ICxqtmRfqJY&type=video_thumb
456242106,-220754053,"КСТАТИ #54 – Константин Ивлев, Антон Шастун, Арсений Попов, Дмитрий Позов и Сергей Матвиенко, Харламов, Мусагалиев, Дорохов","На Ozon проходит Вау-распродажа со скидками до 80% на множество товаров – от одежды и обуви до электроники и товаров для дома! Поторопитесь, чтобы успеть купить товары на Вау-распродаже: https://ozon.ru/t/zzaz4gD 
Реклама. erid: 2VtzqxarHwg 
 
Совершенно новая VK Музыка за 0 рублей на 3 месяца: https://vk.cc/cBIYHH 
Реклама. erid: 2VtzqxCQyn2

Секрет идеальных отношений – смотреть вечерами любимое шоу в обнимку. Найди вторую половинку в приложении VK Знакомства:  https://trk.mail.ru/c/li40o8 erid: 2VtzqvQmePU
 
Пятьдесят четвёртый выпуск шоу «Кстати» с Азаматом Харламовым. Дорох даже какие-то вопросы задавал гостям, а не просто что-то выкрикивал, пока придержим его. Гостями пятьдесят четвёртого выпуска стали: главный шеф страны – Константин Ивлев; да, наконец-то они, главные весёлые ребята страны – Антон Шастун, Арсений Попов, Дмитрий Позов и Сергей Матвиенко. Музыкальные гости: «Купание обезьяны в тёплой воде». 

Таймкоды

00:00 – Начинаем пятьдесят четвёртый выпуск «Кстати»
04:14 – Очень занятой Дорох
05:06 – Первый гость. Константин Ивлев
06:09 – Признаки плохого ресторана
07:08 – Ожидаемый вопрос от Дороха
10:11 – Кастинг в проект «Молодые ножи»
13:45 – Как Ивлева звали на «Спас»
15:53 – О всех ТВ-проектах шефа Ивлева
17:40 – Гастро-столица России
18:14 – 500 миллионов просмотров шефа Ивлева
21:02 – Говорим о книгах шефа Ивлева
22:47 – Константин пробует сосиску Гарика
28:37 – Кулинарная битва с шефом Ивлевым
36:14 – Делаем прогнозы на будущее
40:41 – Вторые гости: Антон Шастун, Арсений Попов, Дмитрий Позов и Сергей Матвиенко
42:40 – Антон и Дима - самые первые гости «КСТАТИ»
43:49 – Концерты импровизаторов в столице
44:37 – О скорой премьере шоу «Шоу из шоу»
48:28 – «Чудо» Арсения Попова 
50:56 – «В поисках призраков» режиссёра Алексея Чумакова
55:36 – Бесшовная склейка на «Тейбл Тайм»
57:48 – БИНГО!
00:58:45 – Арсений золото принёс
01:00:57 – Официальное приглашение для Гарика в шоу ребят
01:02:22 – Первая в истории «КСТАТИ» активность от гостей
01:17:17 – Купание обезьяны в тёплой воде - «Бэтмэн»

Подписывайся на сообщество VK Видео, чтобы не пропустить новые выпуски: https://vk.com/vkvideo",4836,1728723600,17629540,2620,51721,9454,https://vk.com/video_ext.php?oid=-220754053&id=456242106&hash=eeb2c7aec9e62171&__ref=vk.admin_android&api_hash=1740606834c30c25111dcd54418f_GMZDANZRGM2TCOA,1,1,1,False,https://sun1-93.userapi.com/impg/ESVxLkyVRIIG4NW967gcOkeRBihMhrKsHD24Hw/-aWMEusL7cs.jpg?size=130x96&quality=95&keep_aspect_ratio=1&background=000000&sign=f60276f09d3d58119660db297218fd80&c_uniq_tag=9QUYVeouFwEd_eRjEG9rw2i97zH908BcMY7IEIcfsqM&type=video_thumb
456242104,-220754053,"КСТАТИ #54 – Константин Ивлев, Антон Шастун, Арсений Попов, Дмитрий Позов и Сергей Матвиенко, Харламов, Мусагалиев, Дорохов","54-й выпуск шоу «Кстати» – 12 октября эксклюзивно в VK Видео!

Подпишись, чтобы не пропустить: https://vk.com/vkvideo",49,1728716400,36010,15,609,20,https://vk.com/video_ext.php?oid=-220754053&id=456242104&hash=88f40292aee98355&__ref=vk.admin_android&api_hash=17406068348b5e339f6eeedcb74c_GMZDANZRGM2TCOA,1,1,1,False,https://sun1-21.userapi.com/impg/UoEZOw02-XVggT2niCXKEgZYHpfZG9rgRMna9Q/U481cRc9prk.jpg?size=130x96&quality=95&keep_aspect_ratio=1&background=000000&sign=3693fac7dcc835d90e00aa1542879a03&c_uniq_tag=5hK2aeZF7zbqOiuwntSO_aLLp2Zg7vgcMJ7kWqa52jY&type=video_thumb
456242099,-220754053,Шар предсказаний от VK Видео,"Наш проект по мотивам шоу «Натальная карта» в «Авиапарке» подошёл к концу, но вы всё ещё можете получить предсказание и разбор натальной карты в мини-приложении: https://vk.cc/cAX849",56,1728648960,71836,1,131,7,https://vk.com/video_ext.php?oid=-220754053&id=456242099&hash=e37656d0b046ecd2&__ref=vk.admin_android&api_hash=17406068349905f2a6e9d8c9f9a2_GMZDANZRGM2TCOA,1,1,1,False,https://i.mycdn.me/getVideoPreview?id=7210662169257&idx=11&type=39&tkn=yROP02c2Zh2OJerfUuu4ZBFOZsc&fn=vid_s
456242098,-220754053,Битва за время 2 | 5 выпуск | ШАСТУН х МАРКОНИ х КРОСС х ВАШ,"Развлечения и выгода теперь в одной подписке – Яндекс Пэй повысил кешбэк баллами и улучшил условия по Сплиту и Сейвам для подписчиков Плюса https://vk.cc/cAFWNO erid: 2VtzquYcqmT
 
На Ozon проходит Вау-распродажа со скидками до 80% на множество товаров – от одежды и обуви до электроники и товаров для дома! Поторопитесь, чтобы успеть купить товары на Вау-распродаже: https://ozon.ru/t/bbNbkW1
Реклама. ООО «Интернет Решения», 123112, г. Москва, Пресненская наб., д. 10 эт. 41 пом I, комн. 6; ОГРН 1027739244741, erid: 2VtzqvXsXHK
 
Чудо-сериал «Последний богатырь. Наследие». Смотрите прямо сейчас в онлайн-кинотеатре Okko: https://okko.tv/s/j2x erid: 2VtzqvRzn9G
 
Это второй сезон проекта «Битва за время»! Всё осталось по прежнему: сюда приходят комики, чтобы покорить жюри за отведённое им время. Любой жанр, любая форма, любые способы, главное – успеть рассмешить судей за одну минуту, чтобы они добавили время к твоему таймеру. Нововведение лишь одно: призовой фонд сезона увеличен до 6 миллионов рублей!
 
Ведущий:

Саша Ваш https://vk.com/sasavash
 
Жюри:

Антон Шастун https://vk.com/shastoon.channel
Владимир Маркони https://vk.com/v_markoni
Карина Кросс https://vk.com/krosskarina
 
Таймкоды:

00:00 – начало
00:56 – объяснение правил
03:56 – Лера Круглик
09:18 – Трио Вологодские
18:15 – Саша Кангосин
24:36 – Дуэт Моя Хорошая
32:04 – Алия Абдирова
41:53 – Роман Шаповалов
48:26 – Лера Ломакина

Подписывайся на сообщество VK Видео, чтобы не пропустить новые выпуски: https://vk.com/vkvideo",3322,1728637200,3317513,364,8818,1337,https://vk.com/video_ext.php?oid=-220754053&id=456242098&hash=a5f693a866f60a7f&__ref=vk.admin_android&api_hash=17406068346c5b119d041781e612_GMZDANZRGM2TCOA,1,1,1,False,https://sun1-86.userapi.com/impg/ZvxmYXY46YR77jjOzyUD0Yg1lDkXtEt-cJ0NCw/xJIhv0GHsdc.jpg?size=130x96&quality=95&keep_aspect_ratio=1&background=000000&sign=cdf2fcb43e1ac1d7007976df7906622a&c_uniq_tag=MkI3U15uRW47FElU9CZKq5kFGz8lkOwQA4_mmq-HPSg&type=video_thumb
456242096,-220754053,Битва за время 2 | 5 выпуск | Тизер,"Это второй сезон «Битвы за время» – шоу, в котором комики в разных юмористических жанрах пытаются рассмешить жюри за отведённое им время. Самый смешной в конце сезона получит 6 млн рублей!  

Участникам дают минуту на выступление, но если жюри нравится выступление, они могут добавить время.

Подписывайся на сообщество VK Видео, чтобы не пропустить новые выпуски: https://vk.com/vkvideo",58,1728575040,67281,1,164,2,https://vk.com/video_ext.php?oid=-220754053&id=456242096&hash=5fb4a87990b7a99e&__ref=vk.admin_android&api_hash=174060683407369023a5987656a8_GMZDANZRGM2TCOA,1,1,1,False,https://sun1-90.userapi.com/impg/hvrr6ujnDvAind7pDBc3VavmkWcNnJhFBqYEqw/DEBFYj_OyBQ.jpg?size=130x96&quality=95&keep_aspect_ratio=1&background=000000&sign=06ca3528d0c620d64949d1c1600c1478&c_uniq_tag=IQzAMIcMsbDQqKgkTM3FKFbqbTjPYK8baEoJd9uhdnE&type=video_thumb
456242081,-220754053,Open Mic 2 | Выпуск 10 | Дорохов х Бебуришвили х Амарян х Артюхов,"На Ozon проходит Вау-распродажа со скидками до 80% на множество товаров – от одежды и обуви до электроники и товаров для дома! Поторопитесь, чтобы успеть купить товары на Вау-распродаже: https://ozon.ru/t/V4b4nJL
Erid: 2Vtzqv8eGhw

Выгода 80% на все авиабилеты S7 Airlines доступна только на Ozon Travel 10.10 в 13ч00мин при оплате Ozon Картой! Любые направления, любые даты вылета.  
Переходите по ссылке и планируйте путешествия – https://vk.cc/cC9R5p
Erid: 2VtzqxWAVdC

Совершенно новая VK Музыка за 0 рублей на 3 месяца: https://vk.cc/cBIYEa
Erid: 2VtzqxcEpxJ

Заключительный выпуск второго сезона Open Mic! Лучших за сезон мы уже отправили в Money Mic, осталось выбрать ещё четверых. Этим и займутся в новом выпуске жюри и ведущий. Борьба за деньги стартует уже через неделю, не пропусти новые выпуски в VK Видео! 

А сегодня нас ждёт:

00:00 – Начало
00:50 – Правила проекта
01:12 – Разговор с жюри
04:15 – Сергей Лунёв
10:35 – Настя Ткаченко
16:41 – Дмитрий Ударенко
24:09 – Автандил Георгобиани
31:46 – Влад Возий
36:32 – Владимир Моргачев
42:11 – Владимир Дунаев 
49:00  –  Подведение итогов

Ведущий: 

Валера Артюхов – https://vk.com/artvalery_public 

Жюри:

Андрей Бебуришвили – https://vk.com/andrewcomedy 
Денис Дорохов – https://vk.com/doroxovdenis 
Гурам Амарян – https://vk.com/club220893324

Подписывайся на сообщество VK Видео и будь в курсе новинок: https://vk.com/vkvideo

И не забывай про наше приложение, в котором можно смотреть Open Mic и другие любимые шоу с любого смартфона и Smart TV: https://trk.mail.ru/c/oy96s5",3161,1728464400,3291168,178,6029,1336,https://vk.com/video_ext.php?oid=-220754053&id=456242081&hash=2d7305c873ac949d&__ref=vk.admin_android&api_hash=174060683428e79fb8f9d671c0ca_GMZDANZRGM2TCOA,1,1,1,False,https://sun1-13.userapi.com/impg/-kPwyYWkxclpEs8pY5SCHXzbALBJM7JDLCBy2A/azIxuV-yJjc.jpg?size=130x96&quality=95&keep_aspect_ratio=1&background=000000&sign=4399d54d5e3e0d1afaa8fcee03827ef4&c_uniq_tag=PbpydoVimNbnBHoUg4mxz-QnHE6l7LsCF4EWfbPhbjc&type=video_thumb
456242079,-220754053,Open Mic 2 | Выпуск 10 | Тизер,"Это второй сезон шоу Open Mic, где молодые комики из разных регионов России борются за выход в Money Mic. Все участники были отобраны по итогам Большого Стендап Фестиваля VK!

Подписывайся на сообщество VK Видео и будь в курсе новинок: https://vk.com/vkvideo 

И не забывай про наше приложение, в котором можно смотреть любимые шоу с любого смартфона и Smart TV: https://trk.mail.ru/c/oy96s5",57,1728457200,35303,1,27,2,https://vk.com/video_ext.php?oid=-220754053&id=456242079&hash=9d7ae6ebdfe2952a&__ref=vk.admin_android&api_hash=17406068345d58a028cc58265729_GMZDANZRGM2TCOA,1,1,1,False,https://sun1-89.userapi.com/impg/sbyUkU2SXdj5zjShc4REVTnBkVXBiFwqAEExuA/yP4kVfEfA-Q.jpg?size=130x96&quality=95&keep_aspect_ratio=1&background=000000&sign=088a1c88e7722ace52626472928e40ee&c_uniq_tag=i10508HA90H51cUIrTAdXDw4mDtq4c2QL8YHE37XB5s&type=video_thumb
456242074,-220754053,"Смотри видео в VK Видео | Сериалы, фильмы и шоу","Не можешь заснуть без любимого сериала? Скачай приложение VK Видео и найди свой идеальный контент, чтобы расслабиться перед сном: https://trk.mail.ru/c/u9nps17

#vkвидео #вквидео #vkvideo #реклама #рекламныйролик",15,1728380321,16653,4,40,5,https://vk.com/video_ext.php?oid=-220754053&id=456242074&hash=5f2648acf8de31a8&__ref=vk.admin_android&api_hash=17406068341345be7beb63281952_GMZDANZRGM2TCOA,1,1,1,False,https://i.mycdn.me/getVideoPreview?id=7245852445417&idx=9&type=39&tkn=vjHNWs1oi5JL4GtASEd5ksn_vHo&fn=vid_s
456242073,-220754053,Смотри видео в VK Видео | Мультики и развивающие шоу,"Мечтаешь о минутке тишины? Скачай отдельное приложение VK Видео и включай детям их любимые мультики и развивающие шоу: https://trk.mail.ru/c/u9nps17

#vkвидео #вквидео #vkvideo #реклама #рекламныйролик",15,1728380321,15483,0,34,4,https://vk.com/video_ext.php?oid=-220754053&id=456242073&hash=00fbdf84e5993ee2&__ref=vk.admin_android&api_hash=1740606834136910a205b799bb2b_GMZDANZRGM2TCOA,1,1,1,False,https://i.mycdn.me/getVideoPreview?id=7359994989099&idx=4&type=39&tkn=9fge5ocPeRLevERxt-Zwj3vI80s&fn=vid_s
456242055,-220754053,Смотри видео в VK Видео | Лайфхаки и обзоры,"Если у тебя есть вопросы, ищи ответы в VK Видео. Нужно узнать, как отремонтировать машину или освоить новую технику рисования? Скачай отдельное приложение и смотри нужные ролики в VK Видео: https://trk.mail.ru/c/u9nps17

#vkвидео #вквидео #vkvideo #реклама #рекламныйролик",15,1728307320,454920,4,518,25,https://vk.com/video_ext.php?oid=-220754053&id=456242055&hash=7952d95ede57442a&__ref=vk.admin_android&api_hash=174060683432f98aa14a2659694c_GMZDANZRGM2TCOA,1,1,1,False,https://i.mycdn.me/getVideoPreview?id=7010723105339&idx=5&type=39&tkn=FRziuLJ3TiwQN-UoUN8GVa4tPEQ&fn=vid_s
456242046,-220754053,"ОФИСНЫЕ ИГРЫ КликКлак 3 СЕЗОН 5 СЕРИЯ: Джарахов, SQWOZ BAB, Сатир, Прокофьев, Старый","В пятой серии у сотрудников нашего офиса возникает конфликт с конкурентами. А именно с Карена Макарена, Даней Крастером, Никитой Никитиным и Травмой. Выяснять отношения они будут сначала дракой, а потом играми. Футбол закрытыми глазами, документальное рэгби и многое другое!

Эльдар Джарахов 
https://vk.com/rocknrofl 
Андрюша Прокофьев 
https://vk.com/prok_kok 
Илья Satyr Шабельников 
https://vk.com/satyrchannel 
Марат SQWOZ BAB 
https://vk.com/sqwozbab 
Андрей Старый 
https://vk.com/stariyx 
Микки 
https://vk.com/id827321418

Таймкоды: 

00:00 – Тимбилдинг продолжается 
01:36 – Как разрешить конфликт? 
02:37 – Капитошечный хэдшот 
10:08 – Что главное в драке? 
11:13 – Документальное регби  
22:59 – Команда готова сдаться? 
23:53 – Футбол наощупь 
35:55 – Итоги пятого дня

Подписывайся на сообщество VK Видео и будь в курсе новинок: https://vk.com/vkvideo

И не забывай про наше приложение, в котором можно смотреть «Офисные Игры» и другие любимые шоу с любого смартфона и Smart TV: https://trk.mail.ru/c/oy96s5",2188,1728291600,3035939,177,7716,628,https://vk.com/video_ext.php?oid=-220754053&id=456242046&hash=cbfa0a5ab8085854&__ref=vk.admin_android&api_hash=1740606834c6a18c4e955b204ea9_GMZDANZRGM2TCOA,1,1,1,False,https://sun1-92.userapi.com/impg/CgT-qcC48hvyEOyvInowa0ZCXynNqTRuCv0COg/eDa34FLcoIY.jpg?size=130x96&quality=95&keep_aspect_ratio=1&background=000000&sign=adc110e3952bbf4fa785cf3fa68b389c&c_uniq_tag=e83_xzNYEGyehInDvUyXXCKgcR4sVHJH1QvoS_TWONE&type=video_thumb
456242042,-220754053,ОФИСНЫЕ ИГРЫ 3 Сезон 5 серия (Тизер),"Смотри пятый выпуск «Офисных Игр» 7 октября в 12:00 эксклюзивно в VK Видео!

Подписывайся на сообщество VK Видео и будь в курсе новинок: https://vk.com/vkvideo 

И не забывай про наше приложение, в котором можно смотреть любимые шоу с любого смартфона и Smart TV: https://trk.mail.ru/c/oy96s5",45,1728205200,144866,1,159,5,https://vk.com/video_ext.php?oid=-220754053&id=456242042&hash=01f7e7077ae8e4dc&__ref=vk.admin_android&api_hash=1740606834e38dd81a9e08d9134e_GMZDANZRGM2TCOA,1,1,1,False,https://sun1-95.userapi.com/impg/qDbKZyWiRbnvmN4K-bjW2HKm_tS8RO9Hbik0Kw/ghh1riPpFgo.jpg?size=130x96&quality=95&keep_aspect_ratio=1&background=000000&sign=6fd14afd74a6d5f5f8021cdaef48dfe2&c_uniq_tag=zZmJr6cHFf1oK98anrmaYRITbNgQ0QNTk3fzaFlI2hM&type=video_thumb
456242037,-220754053,"КСТАТИ #53 – Сергей Жуков, Влад Прохоров, Konfuz, Зоя Яровицына, Харламов, Мусагалиев, Дорохов","Кстати, замиксовали в одной подписке музыку, кино, сериалы, скидки и кэшбеки на маркетплейсах и в сервисах партнеров. Подключайте MiXX: https://vk.cc/cBSROY 
Реклама. erid: 2Vtzquu8FXX
 
Авито Селект – ваш личный помощник в покупке авто: clck.ru/3D3r7x
Реклама. ООО «КЕХ ЕКОММЕРЦ"" ИНН 7710668349 erid: 2VtzqvWfcT8

В приложении VK Знакомства ты легко найдёшь, с кем посмотреть и обсудить новый выпуск шоу «Кстати»:  https://trk.mail.ru/c/sx0uc8  erid: 2VtzqxXocLJ
 
Топ-книг от Зои Яровицыной можно послушать тут:

Делия Оуэнс «Там, где раки поют» https://vk.com/audiobook6740
Кэтрин Стокетт «Прислуга» https://vk.com/audiobook6736
Оливер Беркман «4000 недель. Тайм-менеджмент для смертных»(саммари) https://vk.com/audiobook550
Ангелина и Вероника Шэн «Канашибари. Том 2» https://vk.com/audiobook5917
 
Пятьдесят третий выпуск шоу «Кстати» с Азаматом Харламовым. Дорох готовит шокирующий релиз для Outside Stand Up, пока что придержим его для хайпа. Гостями пятьдесят третьего выпуска стали: она теперь приходит ещё и с реквизитом – Зоя Яровицына; энергетические близнецы – легендарный Сергей Жуков и перспективный Влад Прохоров. Музыкальный гость: Konfuz
 
Таймкоды:

00:00 – Начинаем пятьдесят третий выпуск «Кстати»
04:02 – Первая гостья. Зоя Яровицына
05:07 – Книга для Гарика - Кэтрин Стокетт «Прислуга»
13:41 – Книга для Дениса - Делия Оуэнс «Там, где раки поют»
20:37 – Книга для Азамата - Оливер Беркман «4000 недель. Тайм-менеджмент для смертных»
22:47 – Книга для всех - Ангелина и Вероника Шэн «Канашибари. Том 2»
26:21 – Миксуем востребованное и нужное
27:31 – Делаем прогнозы на будущее
29:51 – Вторые гости. Сергей Жуков и Влад Прохоров
30:44 – Говорим о фильме «Руки Вверх!»
34:15 – Как Влад Прохоров стал Сергеем Жуковым
38:52 – Энджел Сергеевич в роли Сергея Евгеньевича
40:53 – Обсуждаем сериал «Плакса»
42:21 – Ищем родственные связи между Сергеем и Владом
43:25 – О чём будет «Министерство всего хорошего»
44:47 – Ветер шумит негромко в трибьюте «Руки Вверх!»
48:11 – Какие сюрпризы готовит группа «Руки Вверх!2
49:16 – Ждём перерождение «Универа»
50:33 – Разбираем хит «Крошка моя»
52:18 – Топ-3 звука Влада Прохорова
55:13 – Проверяем насколько Влад изучил Сергея
01:00:43 – Подводим итоги и анонсируем фит «Руки Вверх!» с «Купанием обезьяны в тёплой воде»
01:02:58 – Konfuz - «Италия»

КСТАТИ, скачивай приложение VK Видео и смотри шоу «КСТАТИ» и другие проекты VK Видео Originals: https://trk.mail.ru/c/oy96s5",3956,1728118800,15105510,1958,22945,4686,https://vk.com/video_ext.php?oid=-220754053&id=456242037&hash=2199c7d29276c4d1&__ref=vk.admin_android&api_hash=1740606834b5cbeb3eee9c7c0efe_GMZDANZRGM2TCOA,1,1,1,False,https://sun1-92.userapi.com/impg/IvFwAKvthEtG0Tc4WTGSv3gW-hcw34S9HKbydw/z9rxPpUDL2w.jpg?size=130x96&quality=95&keep_aspect_ratio=1&background=000000&sign=d640004ceac5f051e5d17de9484813be&c_uniq_tag=-o_c_BKWhk3khf9nZ1iRwwpryzL-TVVZn2i-McgmEu4&type=video_thumb
456242038,-220754053,"КСТАТИ #53 – Сергей Жуков, Влад Прохоров, Konfuz, Зоя Яровицына, Харламов, Мусагалиев, Дорохов. Тизер","Подписывайся на сообщество VK Видео и будь в курсе новинок: https://vk.com/vkvideo 

И не забывай про наше приложение, в котором можно смотреть любимые шоу с любого смартфона и Smart TV: https://trk.mail.ru/c/oy96s5",54,1728111600,57605,12,151,8,https://vk.com/video_ext.php?oid=-220754053&id=456242038&hash=71402cc1af4dd0cf&__ref=vk.admin_android&api_hash=17406068342df2016be7edcfdc86_GMZDANZRGM2TCOA,1,1,1,False,https://sun1-89.userapi.com/impg/zeVEYHWciiGjywAHGzwkiedU-pOhsMO-2lRcrg/qOUEnivsQQ4.jpg?size=130x96&quality=95&keep_aspect_ratio=1&background=000000&sign=105fb643c9e7a44f515acca211f72e19&c_uniq_tag=86kgpvF46tQdrfiZ8wtQtMbIvMlKXtmdwsal4rJFn_s&type=video_thumb
456242035,-220754053,Битва за время 2 | 4 выпуск | ШАСТУН х ЯРОВИЦЫНА х ШАЛЬНОВ х ВАШ,"Развлечения и выгода теперь в одной подписке – Яндекс Пэй повысил кешбэк баллами и улучшил условия по Сплиту и Сейвам для подписчиков Плюса https://vk.cc/cAFWNO
erid: 2Vtzqvpj8mf
 
На Ozon проходит Вау-распродажа со скидками до 80% на множество товаров – от одежды и обуви до электроники и товаров для дома! Поторопитесь, чтобы успеть купить товары на Вау-распродаже: https://ozon.ru/t/G84J6aR
 
Реклама. ООО «Интернет Решения», 123112, г. Москва, Пресненская наб., д. 10 эт. 41 пом I, комн. 6; ОГРН 1027739244741, erid: 2VtzqwfimEH
 
Это второй сезон проекта «Битва за время»! Всё осталось по прежнему: сюда приходят комики, чтобы покорить жюри за отведённое им время. Любой жанр, любая форма, любые способы, главное – успеть рассмешить судей за одну минуту, чтобы они добавили время к твоему таймеру.
 
Нововведение лишь одно: призовой фонд сезона увеличен до 6 миллионов рублей!
 
Ведущий:

Саша Ваш https://vk.com/sasavash 
 
Жюри:

Антон Шастун https://vk.com/shastoon.channel 
Зоя Яровицына https://vk.com/zoyazoo 
Алексей Шальнов https://vk.com/aleshashalnov
 
Таймкоды:
 
00:00 – начало
00:47 – объяснение правил
02:08 – реклама YANDEX PAY
04:12 – Дуэт «Мама Стифлера»
11:22 – Лена Гранкина
17:06 – Дуэт «Саенко и Вертей»
20:40 – Илья Ганичев
27:45 – Трио «Жон Бон Жови»
37:09 – Дуэт «Осипов и Ужахов»
44:06 – Макс Пихуля

Подписывайся на сообщество VK Видео и будь в курсе новинок: https://vk.com/vkvideo

И не забывай про наше приложение, в котором можно смотреть Open Mic и другие любимые шоу с любого смартфона и Smart TV: https://trk.mail.ru/c/oy96s5",2992,1728032400,3267108,204,8984,1089,https://vk.com/video_ext.php?oid=-220754053&id=456242035&hash=d5f5a87dc5e62565&__ref=vk.admin_android&api_hash=174060683419dfddae9e66b1bbe4_GMZDANZRGM2TCOA,1,1,1,False,https://sun1-92.userapi.com/impg/3PhUgNEJRHFwUOOVsOQWn98IopYG1XFeRFKoFg/digLkQnBhYY.jpg?size=130x96&quality=95&keep_aspect_ratio=1&background=000000&sign=a8604d1a1f365ddd63b2cfa2b9411364&c_uniq_tag=HLFKyAEnzcG7O5Uoz2pxqkJuQ8cvNMPMueL5cmAk8Zk&type=video_thumb
456242033,-220754053,Битва за время 2 | 4 выпуск | Тизер,"Это второй сезон «Битвы за время» — шоу, в котором комики в разных юмористических жанрах пытаются рассмешить жюри за отведённое им время. Самый смешной в конце сезона получит 6 млн рублей!  

Участникам дают минуту на выступление, но если жюри нравится выступление, они могут добавить время.

Подписывайся на сообщество VK Видео и будь в курсе новинок: https://vk.com/vkvideo

И не забывай про наше приложение, в котором можно смотреть «Битву за время» и другие любимые шоу с любого смартфона и Smart TV: https://trk.mail.ru/c/oy96s5",67,1727972100,81540,8,180,6,https://vk.com/video_ext.php?oid=-220754053&id=456242033&hash=a7488752bfbcdc21&__ref=vk.admin_android&api_hash=17406068348b695ace00bb3d4965_GMZDANZRGM2TCOA,1,1,1,False,https://sun1-83.userapi.com/impg/dq66j7FWd-z3DPem4nRXI9Z0nwUizAniCSxymg/_HRe-lYPFPc.jpg?size=130x96&quality=95&keep_aspect_ratio=1&background=000000&sign=1060f4daf075d7a51f89ef3107ecd746&c_uniq_tag=qZ663Fmn0hflsEjh3lgv-5QudRA_sAhShmQNIK6Qufk&type=video_thumb
456242026,-220754053,Детский интерактивный контент в VK Видео,"Премьера интерактивного контента в VK Видео! Теперь вы сами выбираете, как будет развиваться сюжет видео. Не нужно ничего устанавливать дополнительно — всё работает прямо в браузере или приложении: https://trk.mail.ru/c/b0b9u2

Весь интерактивный детский контент доступен по ссылке: https://vk.com/video/interactives/for_kids",30,1727963298,75870,4,23,4,https://vk.com/video_ext.php?oid=-220754053&id=456242026&hash=bd57e74232b55134&__ref=vk.admin_android&api_hash=1740606834f08a77fe3d72e2089f_GMZDANZRGM2TCOA,1,1,1,False,https://sun1-19.userapi.com/impg/CBLkpB-FmFOcD4gphfFAfUr9w72L5IRhpNu8CA/QGsGzOaZjPU.jpg?size=130x96&quality=95&keep_aspect_ratio=1&background=000000&sign=3e2567026d4e50d818e2cca58b94639f&c_uniq_tag=LJ7cCksGyv2nqK4Q1Ekq4rBZVOkviALPikCQU98yVPU&type=video_thumb
456242017,-220754053,Open Mic 2 | Выпуск 9 | Абрамов х Бебуришвили х Амарян х Чабдаров,"Это Open Mic, второй сезон! Здесь молодые комики борются за выход в Money Mic. Уже там они будут состязаться с опытными стендаперами и бороться за денежный приз. А пока в конце каждого выпуска жюри и ведущие выбирают самых смешных, а мы наблюдаем за этим эксклюзивно в VK Видео.

В этом выпуске:

00:00 – Начало
00:51 – Правила проекта
01:27 – Разговор с жюри
02:35 – Руслан Цеев
07:20 – Азамат Цеев
11:26 – Бислан Цеев
17:09 – Роман Рор  
22:58 – Илья Стрелков 
30:44 – Роман Хорошевский  
35:31 – Никита Иншаков
41:07 – Итоги выпуска

Ведущий: 

Расул Чабдаров – https://vk.com/chabdarrr 

Жюри:

Гурам Амарян – https://vk.com/club220893324
Иван Абрамов – https://vk.com/ivan_abramov_standup
Андрей Бебуришвили – https://vk.com/andrewcomedy

Подписывайся на сообщество VK Видео и будь в курсе новинок: https://vk.com/vkvideo

И не забывай про наше приложение, в котором можно смотреть Open Mic и другие любимые шоу с любого смартфона и Smart TV: https://trk.mail.ru/c/oy96s5",2711,1727859658,3721499,354,6429,1295,https://vk.com/video_ext.php?oid=-220754053&id=456242017&hash=380244a8253bb64a&__ref=vk.admin_android&api_hash=1740606834764cc3d1953da0228f_GMZDANZRGM2TCOA,1,1,1,False,https://sun1-96.userapi.com/impg/tth4ueXkVdfzAVSM9WDmSJKgCZoZ6duK20xggg/lFECIZHa-CM.jpg?size=130x96&quality=95&keep_aspect_ratio=1&background=000000&sign=7966f86c94aeb558ff3aa5699fbb892f&c_uniq_tag=5GcDC-a1AGcO9hyY_nEZNVo4-DxPujUIksUuaw0gok0&type=video_thumb
456242016,-220754053,Open Mic 2 | Выпуск 9 | Тизер,"Это второй сезон шоу Open Mic, где молодые комики из разных регионов России борются за выход в Money Mic. Все участники были отобраны по итогам Большого Стендап Фестиваля VK!

Подписывайся на сообщество VK Видео и будь в курсе новинок: https://vk.com/vkvideo 

И не забывай про наше приложение, в котором можно смотреть любимые шоу с любого смартфона и Smart TV: https://trk.mail.ru/c/oy96s5",71,1727800303,124167,20,180,28,https://vk.com/video_ext.php?oid=-220754053&id=456242016&hash=3de2046b95a2472b&__ref=vk.admin_android&api_hash=17406068341a52d157899f33d0ec_GMZDANZRGM2TCOA,1,1,1,False,https://sun1-86.userapi.com/impg/su70m_dIsG1wJMey0wmVvN6a19WrawjYiegjQA/32vZziY4m8I.jpg?size=130x96&quality=95&keep_aspect_ratio=1&background=000000&sign=cbd143bcc71a1ccadf5315ebda1b52dc&c_uniq_tag=2YuoaHkrlOIamu6H5PynP_zO7-ekhb_gfgN0NDKRJ-A&type=video_thumb
456242013,-220754053,Привязка клипов к длинным видео,"Новая функция в VK Видео позволяет авторам связывать короткие клипы с длинными видео, создавая тизеры и продвигая основной контент. Доступна как для уже опубликованных, так и для новых видео, помогая авторам расширять аудиторию и улучшать взаимодействие с ней. Расширенные инструменты редактирования упрощают работу с видео и поддерживают актуальность контента.

00:00 — как привязать клип к видео в VK Видео и получить больше просмотров?
00:06 — выбери конкретное видео
00:09 — начни редактировать
00:11 — нажми «привязть клип»
00:13 — выбери один или несколько клипов
00:16 — сохрани результат, готово!

#vkвидео #vkvideo #вквидео #привязка_клипов #фичи",27,1727772777,43911,0,41,18,https://vk.com/video_ext.php?oid=-220754053&id=456242013&hash=b9d177ed7780c520&__ref=vk.admin_android&api_hash=17406068346d3d1ebbfbccf63598_GMZDANZRGM2TCOA,1,1,1,False,https://i.mycdn.me/getVideoPreview?id=7166533634572&idx=1&type=39&tkn=Bfpm_BqxUG1TINLsa-aLIzURI0M&fn=vid_s
456242005,-220754053,Как записывались шутки в новый сезон «Большого шоу»,,99,1727704560,188862,2,112,4,https://vk.com/video_ext.php?oid=-220754053&id=456242005&hash=e8adba17fd612792&__ref=vk.admin_android&api_hash=1740606834c7108afe530df88e02_GMZDANZRGM2TCOA,1,1,1,False,https://i.mycdn.me/getVideoPreview?id=6969749015260&idx=12&type=39&tkn=uoDyUsRT5gULRSKvuY_jXI_NNZc&fn=vid_s
456242000,-220754053,"ОФИСНЫЕ ИГРЫ КликКлак 3 СЕЗОН 4 СЕРИЯ: Джарахов, SQWOZ BAB, Сатир, Прокофьев, Старый","В четвёртой серии Эльдар Джарахов решил устроить для компании тимбилдинг. Сотрудники едут на базу отдыха, где будут сражаться в бассейне, садиться на бочки с фейерверком и искать старые мониторы в заброшке.

Эльдар Джарахов 
https://vk.com/rocknrofl 
Андрюша Прокофьев 
https://vk.com/prok_kok 
Илья Satyr Шабельников 
https://vk.com/satyrchannel 
Марат SQWOZ BAB 
https://vk.com/sqwozbab 
Андрей Старый 
https://vk.com/stariyx 
Микки 
https://vk.com/id827321418

Таймкоды: 

00:00 – У команды проблемы с доверием? 
01:47 – Куда отправятся сотрудники офиса? 
03:07 – Пиратики 
16:04 – Что поможет сплотить команду? 
19:25 – Битва на сапах 
27:10 – Сможет ли Эльдар напугать парней? 
27:42 – Метание моников 
40:45 – Итоги четвертого дня

Подписывайся на сообщество VK Видео и будь в курсе новинок: https://vk.com/vkvideo

И не забывай про наше приложение, в котором можно смотреть «Офисные Игры» и другие любимые шоу с любого смартфона и Smart TV: https://trk.mail.ru/c/oy96s5",2511,1727686800,3174625,115,8670,793,https://vk.com/video_ext.php?oid=-220754053&id=456242000&hash=ed48b59172c1068b&__ref=vk.admin_android&api_hash=1740606834093ff20e4d5f710a49_GMZDANZRGM2TCOA,1,1,1,False,https://sun1-13.userapi.com/impg/aGSV4zkYS_3kRMPkZpRjSbdzUQR6b9tEkLrPvg/Cobg6Fyw0kw.jpg?size=130x96&quality=95&keep_aspect_ratio=1&background=000000&sign=7a6907ba9be7bd42cf49f05c7327e28d&c_uniq_tag=r1honUPvR7v84PVjQrpwutbUPcSj5SqA0bvawGLecdA&type=video_thumb
456241998,-220754053,ОФИСНЫЕ ИГРЫ 3 Сезон 4 серия (Тизер),"Смотри четвёртый выпуск «Офисных Игр» 30 сентября в 12:00 эксклюзивно в VK Видео!

Подписывайся на сообщество VK Видео и будь в курсе новинок: https://vk.com/vkvideo 

И не забывай про наше приложение, в котором можно смотреть любимые шоу с любого смартфона и Smart TV: https://trk.mail.ru/c/oy96s5",31,1727616600,84206,0,87,0,https://vk.com/video_ext.php?oid=-220754053&id=456241998&hash=e7405448697c489c&__ref=vk.admin_android&api_hash=1740606834c32a114638f498ee23_GMZDANZRGM2TCOA,1,1,1,False,https://sun1-54.userapi.com/impg/5jFcb5Cf98YKZf0H2HCilEnT4mwEmxfJsQZz1Q/iymXrj6vCZg.jpg?size=130x96&quality=95&keep_aspect_ratio=1&background=000000&sign=116456e954be41d4b235939ee4ac3265&c_uniq_tag=lEA4w02HdSpnYP5XwMgGl37uMRIhF0ZdyJVVnyS7EuQ&type=video_thumb
456241993,-220754053,"КСТАТИ #52 – Ирина Старшенбаум, Денис Михеев, Стас Асафьев и Дмитрий Шпеньков, Сироткин, Ярослав Святославский и Юрий Матвиенко","Новые машины продаются на Авто.ру: https://auto.ru/s/GhqcgB
Реклама. erid: 2VtzqwW9fVz

Вдвоём смотреть шоу «Кстати» намного приятнее. Найди свой идеальный мэтч в приложении VK Знакомства: https://trk.mail.ru/c/dplgg9 erid: 2VtzqvnxSHG

Патьдесят второй выпуск шоу «Кстати» с Азаматом Харламовым. Дороха больше всех хвалят в комментариях, выходит, что надо оставлять его. Гостями пятьдесят второго выпуска стали: обладатели двенадцати автомобилей на троих, ведущие шоу «Разгон» – Денис Михеев, Стас Асафьев и Дмитрий Шпеньков; настоящие герои – Ярослав Святославский и Юрий Матвиенко; теперь ещё и царица – Ирина Старшенбаум. Музыкальные гости: группа Сироткин.

Таймкоды:

00:00 – Начинаем пятьдесят второй выпуск «Кстати»
08:24 – Первые гости. Денис Михеев, Стас Асафьев и Дмитрий Шпеньков
09:39 – Как появилось шоу «Разгон»
11:25 – Короткий обзор автомобилей ведущих «Кстати»
12:41 – Что водят ведущие шоу «Разгон»
17:11 – К сожалению, говорим о «Рыцаре Дорох»
19:42 – Машина Азамата в «Разгоне»
21:27 – Скучный разговор про похудение
25:16 – Делаем прогнозы на будущее
26:49 – Существуют ли русый цвет волос
37:27 – Вторые гости. Ярослав Святославский и Юрий Матвиенко
38:27 – Ультратриатлон Ярослава
42:08 – О фонде поддержки исследований травм спинного мозга
43:44 – Про протезы, которые возвращают осязание
49:47 – Третья гостья. Ирина Старшенбаум
51:19 – Обсуждаем фильм «Огниво»
53:03 – Денис тоже играет в кино
54:23 – Как Ирина попала в кинематограф
57:30 – Говорим о фильме «Втроём»
01:00:31 – Как целоваться в кадре
01:04:05 – Пытаемся начать активность
01:06:44 – Чемпионат по плохим пародиям
01:12:00 – Cироткин - «Карман весны»

КСТАТИ, скачивай приложение VK Видео и смотри шоу «КСТАТИ» и другие проекты VK Видео Originals: https://trk.mail.ru/c/oy96s5",4547,1727514000,26045412,3888,36435,6957,https://vk.com/video_ext.php?oid=-220754053&id=456241993&hash=4af30862537977e7&__ref=vk.admin_android&api_hash=17406068342ff206cec6f45859a9_GMZDANZRGM2TCOA,1,1,1,False,https://sun1-23.userapi.com/impg/gGaT9dJM6EKuhVj-YkOqjQjsULpaIMTJBwZX7Q/2atyBE10Cm8.jpg?size=130x96&quality=95&keep_aspect_ratio=1&background=000000&sign=4a919ed1100bb7705507e324ba9a5c4e&c_uniq_tag=v8ZO07wTHlpb1doHqdAFJ_u3rpIE5e7InseThTnGl30&type=video_thumb
456241988,-220754053,"КСТАТИ #52 – Старшенбаум, Михеев, Асафьев, Шпеньков, Сироткин, Святославский, Матвиенко. Тизер","Подписывайся на сообщество VK Видео и будь в курсе новинок: https://vk.com/vkvideo 

И не забывай про наше приложение, в котором можно смотреть любимые шоу с любого смартфона и Smart TV: https://trk.mail.ru/c/oy96s5",59,1727454060,155050,15,479,21,https://vk.com/video_ext.php?oid=-220754053&id=456241988&hash=8881911a6cb6e3e5&__ref=vk.admin_android&api_hash=174060683444508566dbb7b717ae_GMZDANZRGM2TCOA,1,1,1,False,https://i.mycdn.me/getVideoPreview?id=6844870167044&idx=2&type=39&tkn=5KD3Orl-TilWz-orIg573ygp8TE&fn=vid_s
456241985,-220754053,Битва за время 2 | 3 выпуск | ШАСТУН х ГАРАЕВ х ЯНГЕР х ВАШ,"Яндекс Пэй и Плюс. Развлечения и выгода в одной подписке.
https://vk.cc/cAFWNO
Реклама. erid: 2VtzqvWJLZv
 
На Ozon представлены товары-нарасхват – это популярные товары на каждый день по максимально низким ценам. Покупайте нужное выгодно: https://ozon.ru/t/90qJ1yr
 
Реклама. ООО «Интернет Решения», 123112, г. Москва, Пресненская наб., д. 10 эт. 41 пом I, комн. 6; ОГРН 1027739244741, erid: 2VtzqwL6rco
 
Это второй сезон проекта «Битва за время»! Всё осталось по прежнему: сюда приходят комики, чтобы покорить жюри за отведённое им время. Любой жанр, любая форма, любые способы, главное - успеть рассмешить судей за одну минуту, чтобы они добавили время к твоему таймеру. Нововведение лишь одно: призовой фонд сезона увеличен до 6 миллионов рублей!
 
Ведущий:

Саша Ваш: https://vk.com/sasavash
 
Жюри:

Антон Шастун: https://vk.com/shastoon.channel
Айдар Гараев: https://vk.com/idargaraev
Янгер: https://vk.com/youunger
 
Таймкоды:
 
00:26 – начало
00:41 – объяснение правил
01:00 – представление Жюри
04:29 – Михаил Тюляев
11:03 – дуэт «Иван-да-аза»
18:35 – Аня Засыпко
26:54 – Александр Лукашов
32:44 – дуэт «Полтора»
39:45 – Артём Киндт
46:51 – Юлита Беляевская
55:59 – дуэт «Знакомые»
03:48 – прощание
 
Подписывайся на сообщество VK Видео и будь в курсе новинок: https://vk.com/vkvideo

И не забывай про наше приложение, в котором можно смотреть Open Mic и другие любимые шоу с любого смартфона и Smart TV: https://trk.mail.ru/c/oy96s5",3865,1727427600,4726031,302,10124,1236,https://vk.com/video_ext.php?oid=-220754053&id=456241985&hash=98141756343e5741&__ref=vk.admin_android&api_hash=1740606834ffcacb69ec59573638_GMZDANZRGM2TCOA,1,1,1,False,https://sun1-94.userapi.com/impg/UtMr6gyy5i_74D0oxcqK_-bXoxQTScMAhITO5A/nRf1XpAAkwk.jpg?size=130x96&quality=95&keep_aspect_ratio=1&background=000000&sign=89e12087b5a2602a4d88825c2b62789e&c_uniq_tag=XSsl0NaYjcqi-xE7eX0-9-2-JPL_-LIfLo9f55eJHa4&type=video_thumb
456241975,-220754053,Битва за время 2 | 3 выпуск | Тизер,"Это второй сезон «Битвы за время» — шоу, в котором комики в разных юмористических жанрах пытаются рассмешить жюри за отведённое им время. Самый смешной в конце сезона получит 6 млн рублей!  

Участникам дают минуту на выступление, но если жюри нравится выступление, они могут добавить время.

Подписывайся на сообщество VK Видео и будь в курсе новинок: https://vk.com/vkvideo

И не забывай про наше приложение, в котором можно смотреть «Битву за время» и другие любимые шоу с любого смартфона и Smart TV: https://trk.mail.ru/c/oy96s5",61,1727367300,90531,2,145,4,https://vk.com/video_ext.php?oid=-220754053&id=456241975&hash=2bcca1672db44f4f&__ref=vk.admin_android&api_hash=174060683481fe3769beeb8cc4ff_GMZDANZRGM2TCOA,1,1,1,False,https://sun1-24.userapi.com/impg/iqW8luwe7esrKEKBekV7TZu9tSAsZHnj9Qdw6A/k7hDJZ1h4aw.jpg?size=130x96&quality=95&keep_aspect_ratio=1&background=000000&sign=4528a7474a46c2ba904f603c1915b6c7&c_uniq_tag=WKRCaCM36VFHZAkEkQQYTl8nvOzMf__tlWyzmhIfa9w&type=video_thumb
456241924,-220754053,Open Mic 2 | Выпуск 8 | Дорохов х Амарян х Бебуришвили х Мейханаджян,"Ozon Банк разыгрывает айфон, плейстейшн, 1 млн ₽ на шопинг, целых две тысячи призов на 10 млн ₽ за покупки по карте вне Ozon. Подробности и условия по ccылке: https://s.ozon.ru/86gdWle?erid=2VtzqvTnM5z
Erid: 2VtzqvTnM5z

В разгаре второй сезон проекта Open Mic, где участвуют молодые комики из разных городов. Как всегда, в конце выпуска жюри и ведущая определят тех, кто выступил круче остальных. Этих счастливчиков ждёт участие в проекте Money Mic, в котором уже будут разыграны реальные деньги. Эксклюзивно в VK Видео!

В этом выпуске:

00:00 – Начало
01:01 – Правила проекта
01:10 – Разговор с жюри
3:14 – Алексей Кузнецов
10:34 – Дмитрий Егоров
17:49  – Илья Краснов
25:01 – Кристина Хецуриани
32:10 – Андрей Корчевский
40:11 – Давид Шахраманян
49:31 – Подведение итогов

Ведущая:

Карина Мейханаджян – https://vk.com/karinameyhanajyan

Жюри:

Денис Дорохов – https://vk.com/doroxovdenis
Гурам Амарян – https://vk.com/club220893324
Андрей Бебуришвили – https://vk.com/andrewcomedy

Подписывайся на сообщество VK Видео и будь в курсе новинок: https://vk.com/vkvideo

И не забывай про наше приложение, в котором можно смотреть Open Mic и другие любимые шоу с любого смартфона и Smart TV: https://trk.mail.ru/c/oy96s5",3323,1727254800,3417506,438,7242,1439,https://vk.com/video_ext.php?oid=-220754053&id=456241924&hash=45363ac30f33f0a5&__ref=vk.admin_android&api_hash=1740606834f8ca0563fb7bb3659c_GMZDANZRGM2TCOA,1,1,1,False,https://sun1-88.userapi.com/impg/X6WSUlhB7AoX2NpCL_eHu0SYsmoRtqeO-DBOjw/sFHI-_xIBFA.jpg?size=130x96&quality=95&keep_aspect_ratio=1&background=000000&sign=6e2f8a7d7b2a94722d08178f3d8cc9ab&c_uniq_tag=uJLGXqOFEbg9t-HcCOUdRrVauBcMEAjWRvmHC6-CVEg&type=video_thumb
456241921,-220754053,Open Mic 2 | Выпуск 8 | Тизер,"Это второй сезон шоу Open Mic, где молодые комики из разных регионов России борются за выход в Money Mic. Все участники были отобраны по итогам Большого Стендап Фестиваля VK!

Подписывайся на сообщество VK Видео и будь в курсе новинок: https://vk.com/vkvideo 

И не забывай про наше приложение, в котором можно смотреть любимые шоу с любого смартфона и Smart TV: https://trk.mail.ru/c/oy96s5",63,1727186400,81266,2,126,2,https://vk.com/video_ext.php?oid=-220754053&id=456241921&hash=9aa14288db9d017a&__ref=vk.admin_android&api_hash=174060683420b9bc98205c5713b8_GMZDANZRGM2TCOA,1,1,1,False,https://sun1-27.userapi.com/impg/dYfRSCtYbJVIhM7eHP0ZRvvvc3Qu4Ylcx6TlgQ/TjcxvKwlq68.jpg?size=130x96&quality=95&keep_aspect_ratio=1&background=000000&sign=43b41138af8f9d0b7d39569b60a503b2&c_uniq_tag=R6F_fyjlTkhAjZJJ5Nf4hOo-50DAtQgdWCTu9e_-BBI&type=video_thumb
456241915,-220754053,"ОФИСНЫЕ ИГРЫ КликКлак 3 СЕЗОН 3 СЕРИЯ: Джарахов, SQWOZ BAB, Сатир, Прокофьев, Старый","Попробуйте мексиканское меню в ROSTIC’S! Используйте промокод MEXICO с 15% скидкой на заказ от 349 рублей, оформленный на самовывоз в приложении ROSTIC’S: https://clck.ru/3DSgsZ

В третьей серии сотрудники офиса должны будут принести как можно больше сахорной пудры для Валентины Валентиновны передвигаясь на стремянках (Сатир жёстко считерит), Марат SQWOZ BAB покажет на сколько он хорош в фехтавании и сломает шпаги своим соперникам, а Прокофьев исполнит headshot…А вот кому, смотрите в заключительной игре серии! 

Эльдар Джарахов
https://vk.com/rocknrofl
Андрюша Прокофьев
https://vk.com/prok_kok
Илья Satyr Шабельников
https://vk.com/satyrchannel
Марат SQWOZ BAB
https://vk.com/sqwozbab
Андрей Старый
https://vk.com/stariyx
Микки
https://vk.com/id827321418

Таймкоды:

00:00 – Как проходят планерки в компании?
02:53 – В офисе новый гость
04:09 – Стремяночные бега
14:04 – У Эльдара проблемы?
15:18 – Фехтомаркирование
27:25 – Есть ли в коллективе харассмент?
28:27 – Налепи коллегу
37:58 – Итоги третьего дня

Подписывайся на сообщество VK Видео и будь в курсе новинок: https://vk.com/vkvideo

И не забывай про наше приложение, в котором можно смотреть «Офисные Игры» и другие любимые шоу с любого смартфона и Smart TV: https://trk.mail.ru/c/oy96s5",2319,1727082000,3725215,99,9714,681,https://vk.com/video_ext.php?oid=-220754053&id=456241915&hash=ae6b7584a4382658&__ref=vk.admin_android&api_hash=174060683461e39e682f6a4e912c_GMZDANZRGM2TCOA,1,1,1,False,https://sun1-30.userapi.com/impg/ZtHGkua2pztURCKmZCxO1xstQ0avtyeRFZlGvQ/IOoUjCKD0eY.jpg?size=130x96&quality=95&keep_aspect_ratio=1&background=000000&sign=523c3e38bbc30e0821b5f23735828eda&c_uniq_tag=No7SDcHmHonMQ1yWmnk_UBHcPDnYFCN5-jvpF69fY74&type=video_thumb
456241914,-220754053,ОФИСНЫЕ ИГРЫ 3 Сезон 3 серия (Тизер),"Смотри третий выпуск «Офисных Игр» 23 сентября в 12:00 эксклюзивно в VK Видео!

Подписывайся на сообщество VK Видео и будь в курсе новинок: https://vk.com/vkvideo 

И не забывай про наше приложение, в котором можно смотреть любимые шоу с любого смартфона и Smart TV: https://trk.mail.ru/c/oy96s5",38,1726995600,84183,2,104,2,https://vk.com/video_ext.php?oid=-220754053&id=456241914&hash=f6d1ad4cd0898fa3&__ref=vk.admin_android&api_hash=1740606834d2ab170c5c5f02de6b_GMZDANZRGM2TCOA,1,1,1,False,https://sun1-18.userapi.com/impg/Jfuxue6HgKBTdxcK_folJOiTvnnijT3rR1gwng/_4CgEPwyZ2A.jpg?size=130x96&quality=95&keep_aspect_ratio=1&background=000000&sign=4dcd3a0d3e4f3c3ba52bd791fc2f3559&c_uniq_tag=rEYqDqY85pngxFT1yvxwhnrG7zv0J0OZAbbMX2tLVDQ&type=video_thumb
456241910,-220754053,"КСТАТИ #51 – Анна Седокова, Вован и Лексус, Гарик Рудник, Илья Принцев, Диляра Туравеева, Вадим Whiphead, BLIZKEY","На Ozon представлены товары-нарасхват – это популярные товары на каждый день по максимально низким ценам. Покупайте нужное выгодно: https://ozon.ru/t/ar7JXyo
Реклама. erid: 2VtzqwbGAUY  

Ozon Банк разыгрывает айфон, плейстейшн, 1 млн ₽ на шопинг, целых две тысячи призов на 10 млн ₽ за покупки по карте вне Ozon. Подробности и условия по ccылке: https://s.ozon.ru/YKR3DW3?erid=2VtzqwZMzkQ
Реклама. erid: 2VtzqwZMzkQ (https://s.ozon.ru/YKR3DW3?erid=2VtzqwZMzkQ)  

Пятьдесят первый выпуск шоу «Кстати» с Азаматом Харламовым. Дорох теперь «крампер», пока что оставим его, может пригодится на подтанцовке. Гостями пятьдесят первого выпуска стали: главные крамперы страны – Гарик Рудник, Илья Принцев, Диляра Туравеева и Вадим Whiphead; люди с самой интересной телефонной книгой – Вован и Лексус; полюбившая себя Анна Седокова. Музыкальный гость: BLIZKEY.

Таймкоды:

00:00 – Начинаем пятьдесят первый выпуск «Кстати»
05:38 – Первые гости: Гарик Рудник, Илья Принцев, Диляра Туравеева и Вадим Whiphead
06:54 – Говорим о шоу «Не говори кто»
09:07 – Зачем танцевальному шоу 56 вариантов сценария
09:30 – Что такое «крамп»
11:59 – Делаем из Дороха крампера
15:05 – Как формируется сценарий шоу «Не говори кто»
16:02 – Что такое «фэмы» и что значат крамп-имена
20:56 – Как попасть в «фэм» (спойлер: надо круто валить)
22:32 – Играем в «Танцевальную интуицию»
26:20 – Дорох и нехватка времени
27:19 – Вторые гости: Вован и Лексус
28:52 – Как не узнают голоса Владимира и Алексея
30:35 – Вишлист Вована и Лексуса
31:16 – Как позвонить Эммануэлю Макрону
34:31 – Как пранкерам живётся на ТВ
35:49 – Поприкалывались и раскрыли международный заговор
39:16 – Какие в жизни Вован и Лексус
39:53 – Как Джоан Роулинг увидела настоящих ведьм
41:18 – Главная цитата Ротшильда
42:51 – Как разыграли деда Дороха
43:41 – Джоан Роулинг продвигала Вована и Лексуса
45:40 – Делаем прогнозы на будущее
51:26 – Третья гостья: Анна Седокова
53:52 – Сложное семейное решение Анны Седоковой
55:23 – Смена имиджа Анны
57:02 – Вопросы от СПИД-Инфо
59:12 – Как Анна «Полюбила себя»
01:00:31 – Как пройдёт день рождения Азамата
01:01:25 – Анна против «Выжить в Дубае»
01:03:21 – Анна против шоу «Токсики»
01:05:15 – Играем в пятисекундную викторину с Анной Седоковой
01:17:19 – BLIZKEY - «Горы»

КСТАТИ, скачивай приложение VK Видео и смотри шоу «КСТАТИ» и другие проекты VK Видео Originals: https://trk.mail.ru/c/oy96s5",4834,1726909200,22445304,1861,28352,5527,https://vk.com/video_ext.php?oid=-220754053&id=456241910&hash=71231f9c6efc9990&__ref=vk.admin_android&api_hash=17406068343f3c2b64cdd7272603_GMZDANZRGM2TCOA,1,1,1,False,https://sun1-97.userapi.com/impg/ui-JY4s76mMd6KX8KRqG5pmHC9iWElQUle89bQ/tV8XyhTHMkY.jpg?size=130x96&quality=95&keep_aspect_ratio=1&background=000000&sign=200abc4004c0cfee906af4d097437bf0&c_uniq_tag=Ma_k7eqTX5TjJIT6rltgAmhVVh0A4i5iY9SFU5dQe_w&type=video_thumb
456241907,-220754053,"КСТАТИ #51 – Анна Седокова, Вован и Лексус, Гарик Рудник, Илья Принцев, Диляра Туравеева, Вадим Whiphead, BLIZKEY. Тизер","Подписывайся на сообщество VK Видео и будь в курсе новинок: https://vk.com/vkvideo 

И не забывай про наше приложение, в котором можно смотреть любимые шоу с любого смартфона и Smart TV: https://trk.mail.ru/c/oy96s5",57,1726902000,151414,7,173,27,https://vk.com/video_ext.php?oid=-220754053&id=456241907&hash=79ee7a5a9b3c3200&__ref=vk.admin_android&api_hash=174060683409cb78af3b256d78be_GMZDANZRGM2TCOA,1,1,1,False,https://sun1-90.userapi.com/impg/9BTUPztwk_eygUq7pbNlz-a5D-QLybpVLkGiFA/wfs6P_G_3kM.jpg?size=130x96&quality=95&keep_aspect_ratio=1&background=000000&sign=3208545681b9d9fbf1c43b448a894bcc&c_uniq_tag=QvAnC3lE_a-1_1cI6sBAyHDLBMi9jX9X6-6lomoLO6g&type=video_thumb
456241900,-220754053,Битва за время 2 | 2 выпуск | ШАСТУН х МАРКОНИ х КРОСС х ВАШ,"Яндекс Пэй и Плюс. Развлечения и выгода в одной подписке.
https://vk.cc/cAFWNO
Реклама. erid: 2VtzqurT3bV

На Ozon можно обновить гардероб и выбрать трендовые образы на осень. На маркетплейсе удобная доставка, оплата после примерки в пункте выдачи и бесплатный возврат: https://ozon.ru/t/MPzaVnJ
Реклама. ООО «Интернет Решения», 123112, г. Москва, Пресненская наб., д. 10 эт. 41 пом I, комн. 6; ОГРН 1027739244741, erid: 2VtzqxgVka3

Это второй сезон проекта «Битва за время»! Всё осталось по прежнему: сюда приходят комики, чтобы покорить
жюри за отведённое им время. Любой жанр, любая форма, любые способы, главное - успеть рассмешить судей за одну минуту, чтобы они добавили время к твоему таймеру. Нововведение лишь одно: призовой фонд сезона увеличен до 6 миллионов рублей!

Ведущий:

Саша Ваш https://vk.com/sasavash

Жюри:

Антон Шастун https://vk.com/shastoon.channel
Владимир Маркони https://vk.com/v_markoni
Карина Кросс https://vk.com/krosskarina

Таймкоды:

00:27 - Начало
01:01 – Объяснение правил
03:45 - Дуэт Уфа Лабытнанги
04:58 - Дима Птицин
18:17 - Макс и Юля
22:21 - Влад Коробейников
29:30 - Дуэт 20/24
35:44 - Рита Шимова
40:47 - Андрей Салеев
49:14 - Никита Небо

Смотри это и другие шоу VK Видео Originals в сообществе VK Видео – https://vk.com/vkvideo",3434,1726822828,4415594,602,11008,1981,https://vk.com/video_ext.php?oid=-220754053&id=456241900&hash=a9c843655cfb273b&__ref=vk.admin_android&api_hash=174060683498ff08cf5dcc00fe3b_GMZDANZRGM2TCOA,1,1,1,False,https://sun1-93.userapi.com/impg/wQ082GAL1L8bxLhfo4RQhN6OiGSLqG_9ZYtDiw/UooHH19-cv0.jpg?size=130x96&quality=95&keep_aspect_ratio=1&background=000000&sign=41b727f5b2c244ac16bfdeda561374ae&c_uniq_tag=wu_tkMfXIS_JKcgQ3lHNWqxJ6zJ8DvWlQXbYzfpywB4&type=video_thumb
456241898,-220754053,Битва за время 2 | 2 выпуск | Тизер,"Это второй сезон «Битвы за время» — шоу, в котором комики в разных юмористических жанрах пытаются рассмешить жюри за отведённое им время. Самый смешной в конце сезона получит 6 млн рублей!  

Участникам дают минуту на выступление, но если жюри нравится выступление, они могут добавить время.

Подписывайся на сообщество VK Видео и будь в курсе новинок: https://vk.com/vkvideo

И не забывай про наше приложение, в котором можно смотреть «Битву за время» и другие любимые шоу с любого смартфона и Smart TV: https://trk.mail.ru/c/oy96s5",58,1726747200,288657,3,470,5,https://vk.com/video_ext.php?oid=-220754053&id=456241898&hash=d1d98b03584ee8b7&__ref=vk.admin_android&api_hash=1740606834368de11c1b35164d23_GMZDANZRGM2TCOA,1,1,1,False,https://i.mycdn.me/getVideoPreview?id=7083815209608&idx=1&type=39&tkn=rDyxqnb3d2Hg6BqbQwTWIGnEt8k&fn=vid_s
456241894,-220754053,Open Mic 2 | Выпуск 7 | Абрамов х Бебуришвили х Амарян х Гиновян,"Это новый выпуск Open Mic! Здесь выступают перспективные стендап-комики, а лучшие попадают в проект Money Mic, где уже будут бороться за деньги. Самых смешных выберет жюри и ведущий, а вы можете оставить своё мнение в комментариях под видео. Смотрим!

В этом выпуске:

00:00 – Начало
00:38 – Правила проекта
01:04 – Разговор с жюри
02:29 – Юрий Сидельников
08:22 – Евгений Еремеев
14:28 – Дима Растопчинов
21:33 – Ксения Тихонова
26:33 – Эдуард Лобачев
33:05 – Мкртич Никогосян
39:36 – Анарбек Аскаров
45:17 – Итоги выпуска

Ведущий:

Самвел Гиновян – https://vk.com/id188327

Жюри:

Андрей Бебуришвили – https://vk.com/andrewcomedy
Гурам Амарян – https://vk.com/club220893324
Иван Абрамов - https://vk.com/ivan_abramov_standup",2900,1726650057,2255266,350,6318,1476,https://vk.com/video_ext.php?oid=-220754053&id=456241894&hash=ea4dd207ed68df74&__ref=vk.admin_android&api_hash=17406068342b9bdfc007b923f24a_GMZDANZRGM2TCOA,1,1,1,False,https://sun1-91.userapi.com/impg/7llevDKAWd5BW3Jb3Pz_YyqbN8C-jPbPJ2dHow/msA62jqH8bI.jpg?size=130x96&quality=95&keep_aspect_ratio=1&background=000000&sign=792227a4f4da260f943dbe57f71360a7&c_uniq_tag=_HHMoaqwtb_Z4HC-13ou7WIjZ9Q1_fLedoWpLYdk8DU&type=video_thumb
456241890,-220754053,Open Mic 2 | Выпуск 7 | Тизер,"Это второй сезон шоу Open Mic, где молодые комики из разных регионов России борются за выход в Money Mic. Все участники были отобраны по итогам Большого Стендап Фестиваля VK!

Подписывайся на сообщество VK Видео и будь в курсе новинок: https://vk.com/vkvideo 

И не забывай про наше приложение, в котором можно смотреть любимые шоу с любого смартфона и Smart TV: https://trk.mail.ru/c/oy96s5",61,1726570800,202496,5,301,2,https://vk.com/video_ext.php?oid=-220754053&id=456241890&hash=d644aa43782ed9b0&__ref=vk.admin_android&api_hash=17406068340db908fe14201f503a_GMZDANZRGM2TCOA,1,1,1,False,https://i.mycdn.me/getVideoPreview?id=6916840688348&idx=1&type=39&tkn=afDsZYLWJW6MmGPMZDUEIeAK9Sk&fn=vid_s
456241861,-220754053,"ОФИСНЫЕ ИГРЫ КликКлак 3 СЕЗОН 2 СЕРИЯ: Джарахов, SQWOZ BAB, Сатир, Прокофьев, Старый","Во второй серии сотрудники будут разбиты по парам, а значит все игры будут командные. Сатир сильно ударит Старого в лицо, Прокофьев подставит своего напарника, Марат SQWOZ BAB включит режим берсерка, а Джарахов чуть не утонет в бочке с энергетиком.

Эльдар Джарахов
https://vk.com/rocknrofl
Андрюша Прокофьев
https://vk.com/prok_kok
Илья Satyr Шабельников
https://vk.com/satyrchannel
Марат SQWOZ BAB
https://vk.com/sqwozbab
Андрей Старый
https://vk.com/stariyx
Микки
https://vk.com/id827321418

Таймкоды:

00:00 – Как сотрудники относятся к сокращению?
01:30 – Что нового придумал Эльдар?
02:19 – Жеребьёвка
03:27 – Связанные одним скотчем
12:37 – Чем Сатир обидел Эльдара?
13:19 – Мучное нахлобучивание
18:08 – Старый выбирает новую профессию
19:25 – Прыгскокеры
35:50 – Итоги второго дня

Подписывайся на сообщество VK Видео и будь в курсе новинок: https://vk.com/vkvideo

И не забывай про наше приложение, в котором можно смотреть «Офисные Игры» и другие любимые шоу с любого смартфона и Smart TV: https://play.google.com/store/apps/details?id=com.vk.vkvideo",2178,1726477200,3232534,84,10301,689,https://vk.com/video_ext.php?oid=-220754053&id=456241861&hash=378d55c90db8f1c2&__ref=vk.admin_android&api_hash=174060683417ed32cac2cb7cdef4_GMZDANZRGM2TCOA,1,1,1,False,https://sun1-89.userapi.com/impg/HxZTcGwnk6mXju9upxgmyCEAQR2MZfy231JREA/36wU-1aWd48.jpg?size=130x96&quality=95&keep_aspect_ratio=1&background=000000&sign=9b202354755ee1ec8c254c1425a37d2a&c_uniq_tag=ToxDZrRfpdce9uqpVkETuZH_KYTospHHDEkDeXTT7IE&type=video_thumb
456241854,-220754053,"КСТАТИ #50 – Лариса Долина, Константин Образцов, Константин Борисов, nkeeei, uniqe, ARTEM SHILOVETS & Wipo, Харламов, Мусагалиев","Заказывайте оригинальные товары из брендовых магазинов Америки на USmall:
https://usmall.ru/aq/kstati140924vk
По промокоду KSTATI скидка 25% до 21.09.2024 и 20% до 13.11.2024
Реклама. erid: 2VtzqvQiH3D

Смотри шоу «Космическая Россия» эксклюзивно в VK Видео —https://trk.mail.ru/c/ahrsm0

Пятидесятый выпуск шоу «Кстати» с Азаматом Харламовым. Дороха всё равно скоро заберут на родную планету, пусть пока тоже побудет в шоу. Гостями пятидесятого выпуска стали: единственная и неповторимая – Лариса Долина; тот, кто помог написать книгу девятерым незнакомцам – Константин Образцов; человек, которому иногда комфортнее в космосе – космонавт-испытатель Константин Борисов. Музыкальные гости: nkeeei, uniqe, ARTEM SHILOVETS & Wipo.

Таймкоды:

00:00 Начинаем юбилейный выпуск ""Кстати""
01:10 Азамат первый раз пробует окрошку
10:00 А. В. Масляков
18:17 Первая гостья. Лариса Долина
19:28 Как прошла ""Новая Волна""
21:58 ST выступил с Ларисой Александровной
22:37 Есть ли будущее у российской эстрады
24:46 Говорим о первом ""Долинафест"" и музыкальной академии Ларисы Долиной
29:39 Юбилейные туры Ларисы Долиной в 2025 году
31:42 Расщепление Гарика Харламова
33:42 Урок по вокалу от Ларисы Долиной
42:30 Одеваем Дороха без пересечения границ
44:15 Второй гость. Константин Образцов
45:26 Что такое ""Литературный пазл""
48:08 Как Константину заблокировали YouTube-канал
49:28 Готовимся к следующему визиту Зои
50:44 Сколько зарабатывают писатели
51:57 Кто плюнет в вечность
54:28 Делаем прогнозы на будущее
57:20 Третий гость. Константин Борисов
58:33 Где комфортнее - на Земле или в космосе
59:42 Говорим о проекте ""Космическая Россия""
01:02:31 Рабочий день и быт в космосе
01:07:58 Что вызывает оторопь в космосе
01:08:53 Почему мы должны верить ""Роскосмосу"", а не Лозе
01:11:14 Космические планы Константина
01:12:38 Когда мы покорим Марс
01:13:51 nkeeei, uniqe, ARTEM SHILOVETS & Wipo - ""ГЛАМУР""

КСТАТИ, скачивай приложение VK Видео и смотри шоу «КСТАТИ» и другие проекты VK Видео Originals: https://trk.mail.ru/c/oy96s5",4664,1726304400,21665955,2533,23138,3304,https://vk.com/video_ext.php?oid=-220754053&id=456241854&hash=ac62bd10cc6ecafa&__ref=vk.admin_android&api_hash=17406068348dd1071fd02390c04f_GMZDANZRGM2TCOA,1,1,1,False,https://sun1-13.userapi.com/impg/IY4gnL-yioqrtkxMBwwKLmubsvplV22TH4crHw/F2R4AoCJnNQ.jpg?size=130x96&quality=95&keep_aspect_ratio=1&background=000000&sign=62821b55fcadfce024d70b90702c6b41&c_uniq_tag=TqOwbvZ0noEG5USABxC5-ePXAw9Mmai_CvZfoHNHZR4&type=video_thumb
456241849,-220754053,"КСТАТИ #50 - Лариса Долина, Константин Образцов, Константин Борисов, nkeeei, uniqe, ARTEM SHILOVETS & Wipo. Тизер","Подписывайся на сообщество VK Видео и будь в курсе новинок: https://vk.com/vkvideo 

И не забывай про наше приложение, в котором можно смотреть любимые шоу с любого смартфона и Smart TV: https://trk.mail.ru/c/oy96s5",59,1726297200,171053,7,268,16,https://vk.com/video_ext.php?oid=-220754053&id=456241849&hash=2033f643a089b4ad&__ref=vk.admin_android&api_hash=1740606834d58fe03852fc29f0f8_GMZDANZRGM2TCOA,1,1,1,False,https://i.mycdn.me/getVideoPreview?id=7221678770803&idx=1&type=39&tkn=dKFUakZ4-CYYUW-HNqiHSFkOca4&fn=vid_s
456241847,-220754053,ОФИСНЫЕ ИГРЫ 3 Сезон 2 серия (Тизер),"Смотри первый выпуск «Офисных Игр» 16 сентября в 12:00. Подпишись, чтобы не пропустить! Эксклюзивно в VK Видео!",32,1726390800,102617,2,107,6,https://vk.com/video_ext.php?oid=-220754053&id=456241847&hash=13926edfa2aaab01&__ref=vk.admin_android&api_hash=1740606834a8d2d2a7a03b3e15d2_GMZDANZRGM2TCOA,1,1,1,False,https://i.mycdn.me/getVideoPreview?id=7058390387416&idx=1&type=39&tkn=TFe2IeDiOkQ2pwRgESCgMu7EWLc&fn=vid_s
456241844,-220754053,Битва за время 2 | 1 выпуск | ШАСТУН х ЯРОВИЦЫНА х ШАЛЬНОВ х ВАШ,"В нашем шоу каждая минуту на счету. А смотреть его лучше не спеша с Velkopopovický Kozel светлое безалкогольное. Чешское с долгой историей.
erid: 2VtzqwTWS2H

С 11 по 24 сентября Ozon запускает мощную выгоду на Большой распродаже электроники! Турбоскидки до 80% на множество товаров — ноутбуки, посудомойки, фены, стайлеры: https://ozon.ru/t/G39kWAV

Реклама. ООО «Интернет Решения», 123112, г. Москва, Пресненская наб., д. 10 эт. 41 пом I, комн. 6; ОГРН 1027739244741, ИНН 7704217370 erid: 2Vtzqx9F3LJ

Сериал «Комбинация» — захватывающий путь к славе и успеху с Никитой Кологривым, Елизаветой Базыкиной и Анастасией Уколовой в главных ролях. Смотрите только на Wink https://vk.cc/cABEG2 erid: 2VtzqwT8a3h

Это второй сезон проекта «Битва за время»!
Всё осталось по прежнему: сюда приходят комики, чтобы покорить жюри за отведённое им время. Любой жанр, любая форма, любые способы, главное - успеть рассмешить судей за одну минуту, чтобы они добавили время к твоему таймеру.

Нововведение лишь одно: призовой фонд сезона увеличен до 6 миллионов рублей!

Ведущий: 

Саша Ваш https://vk.com/sasavash 

Жюри: 

Антон Шастун https://vk.com/shastoon.channel 
Зоя Яровицына https://vk.com/zoyazoo 
Алексей Шальнов https://vk.com/aleshashalnov

Таймкоды:

00:26 - начало
00:57 - объяснение правил
05:37 - Алексей Муллин 
11:21 – Дуэт «Ксюша и Ариша»
17:50 - Трио «Четыре»
24:07 - Ксения Парамонова
30:22 - Карим Курмангалиев
36:37 - Дарья Шуклецова
42:48 - Дуэт «Дайте Посмеяться»

Смотри это и другие шоу VK Видео Originals в сообществе VK Видео – https://vk.com/vkvideo",3022,1726218000,4230862,407,14902,2224,https://vk.com/video_ext.php?oid=-220754053&id=456241844&hash=dc8521461675585e&__ref=vk.admin_android&api_hash=17406068348a5f9b8d41eb0dfae5_GMZDANZRGM2TCOA,1,1,1,False,https://sun1-18.userapi.com/impg/1zgaP1IW8WcDJhH7w249NL6tFghLfRli3tlCzQ/Mde4R8IncOg.jpg?size=130x96&quality=95&keep_aspect_ratio=1&background=000000&sign=55881a8f5b2d785c61c7a09d03faef0b&c_uniq_tag=1fo4JUtM4LKUZw8fkaxrt2nJNvtimAjtwZO2AOqPKx8&type=video_thumb
456241821,-220754053,Битва за время 2 | 1 выпуск | Тизер,"Это второй сезон «Битвы за время» — шоу, в котором комики в разных юмористических жанрах пытаются рассмешить жюри за отведённое им время. Самый смешной в конце сезона получит 6 млн рублей!  

Участникам дают минуту на выступление, но если жюри нравится выступление, они могут добавить время.

Подписывайся на сообщество VK Видео и будь в курсе новинок: https://vk.com/vkvideo

И не забывай про наше приложение, в котором можно смотреть «Битву за время» и другие любимые шоу с любого смартфона и Smart TV: https://trk.mail.ru/c/oy96s5",64,1726131600,629827,5,343,20,https://vk.com/video_ext.php?oid=-220754053&id=456241821&hash=f67eafbefd58182d&__ref=vk.admin_android&api_hash=1740606834598430d06015ee47a8_GMZDANZRGM2TCOA,1,1,1,False,https://sun1-89.userapi.com/impg/iCatKqy1dScL69JUwi820mur3IFRIOGQZBxgKQ/QiEM-LzOIIU.jpg?size=130x96&quality=95&keep_aspect_ratio=1&background=000000&sign=e874a1332d4b80f2e466223098863f3a&c_uniq_tag=X0OTd4xmYaflBUVqd0c3hEa2ur2QZRU_qcBWk8bC-dg&type=video_thumb
456241820,-220754053,Битва за время 2 | Тизер сезона,"Это второй сезон «Битвы за время» — шоу, в котором комики в разных юмористических жанрах пытаются рассмешить жюри за отведённое им время. Самый смешной в конце сезона получит 6 млн рублей!  

Участникам дают минуту на выступление, но если жюри нравится выступление, они могут добавить время.

Подписывайся на сообщество VK Видео и будь в курсе новинок: https://vk.com/vkvideo

И не забывай про наше приложение, в котором можно смотреть «Битву за время» и другие любимые шоу с любого смартфона и Smart TV: https://trk.mail.ru/c/oy96s5",58,1726070400,847414,8,864,41,https://vk.com/video_ext.php?oid=-220754053&id=456241820&hash=64fe745203c90dc8&__ref=vk.admin_android&api_hash=1740606834947e5c6aa52d49b270_GMZDANZRGM2TCOA,1,1,1,False,https://i.mycdn.me/getVideoPreview?id=7050066660025&idx=0&type=39&tkn=i_wsC-jP9HhhpiWBm1FO_eUjinw&fn=vid_s
456241810,-220754053,Open Mic 2 | Выпуск 6 | Дорохов х Бебуришвили х Амарян х Мягкова,"Для вас мы теперь t2, и это новые технологии, новые решения, новые возможности. Подробнее на https://vk.cc/cABktW
Erid: 2VtzquqxnwH

Продолжается второй сезон шоу Open Mic, где начинающие комики со всей страны соревнуются за попадание в проект Money Mic. Участники были отобраны по результатам Большого Стендап фестиваля VK.

В финале выпуска профессиональное жюри и ведущая выберут наиболее смешных комиков. Эти счастливчики получают шанс принять участие в Money Mic – шоу, которое стартует сразу после завершения Open Mic. Там они сразятся с опытными комиками за денежный приз. Смотрим эксклюзивно в VK Видео!

В этом выпуске:

00:00 – Начало
01:21 – Правила проекта
01:34 – Разговор с жюри
03:02 – Влад Хандешин 
09:05 – Михаил Гулакян
15:21 – Эдгар Исаханян
21:50 – Замрат Вартанянц
28:26 – Лёша Лысенко
35:37 – Миша Переходько
43:24 – Итоги выпуска
 
Ведущая: 

Ирина Мягкова – https://vk.com/irina_myagkova 

Жюри:

Андрей Бебуришвили – https://vk.com/andrewcomedy 
Гурам Амарян – https://vk.com/club220893324 
Денис Дорохов – https://vk.com/doroxovdenis

Подписывайся на сообщество VK Видео и будь в курсе новинок: https://vk.com/vkvideo

И не забывай про наше приложение, в котором можно смотреть Open Mic и другие любимые шоу с любого смартфона и Smart TV: https://trk.mail.ru/c/oy96s5",2846,1726045200,3463282,354,7001,1582,https://vk.com/video_ext.php?oid=-220754053&id=456241810&hash=8761e5fadd2c05ad&__ref=vk.admin_android&api_hash=174060683490f03e6555c1c655f4_GMZDANZRGM2TCOA,1,1,1,False,https://sun1-56.userapi.com/impg/CL0jtTDhdUTKh89bDtAwYzfpVoLt543tW6MWnA/ev1sloby54I.jpg?size=130x96&quality=95&keep_aspect_ratio=1&background=000000&sign=8d1fb324eb29ba810dbd1185afe46fdb&c_uniq_tag=sbRh-blks-QA3QdzhauGXa0wReVyiO0NH2lNTecuREE&type=video_thumb
456241806,-220754053,В VK Видео появился интерактивный контент,"Встречайте новинку в VK Видео — интерактивный контент! Теперь зрители сами решают, как будет развиваться сюжет видео, которые они смотрят. Дополнительно скачивать ничего не надо — всё работает прямо в вашем браузере или приложении VK Видео: https://trk.mail.ru/c/b0b9u2

Весь интерактивный контент доступен по ссылке: https://vk.com/video/interactive 

00:00 — начало
00:05 — как это работает
00:17 — десятки альтернативных финалов 
00:26 — возможности для детей
00:38 — доступно на всех платформах

#vkvideo #вквидео #vkвидео #интерактив #интерактивноевидео",45,1725964123,135709,6,146,14,https://vk.com/video_ext.php?oid=-220754053&id=456241806&hash=c6410fbc7783d33d&__ref=vk.admin_android&api_hash=1740606834f26f34af647318f636_GMZDANZRGM2TCOA,1,1,1,False,https://i.mycdn.me/getVideoPreview?id=7038717463255&idx=1&type=39&tkn=EK6mBQhoOW-WEdn7HrVxzNjVW10&fn=vid_s
456241804,-220754053,Интерактивный контент в VK Видео,"Премьера интерактивного контента в VK Видео! Теперь вы сами выбираете, как будет развиваться сюжет видео. Не нужно ничего устанавливать дополнительно — всё работает прямо в браузере или приложении: https://trk.mail.ru/c/b0b9u2

Весь интерактивный контент доступен по ссылке: https://vk.com/video/interactive 

00:00 — начало
00:03 — ты управляешь сюжетом
00:11 — от тебя зависят решения блогеров
00:15 — какие ещё есть возможности 
00:24 — доступно на любом устройстве
00:28 — смотри интерактивный контент и все видео в VK Видео 

#vkvideo #вквидео #vkвидео #интерактив #интерактивноевидео",30,1725958838,1048600,63,218,45,https://vk.com/video_ext.php?oid=-220754053&id=456241804&hash=16333ba6f91e64cc&__ref=vk.admin_android&api_hash=1740606834acc278386fedbc259b_GMZDANZRGM2TCOA,1,1,1,False,https://i.mycdn.me/getVideoPreview?id=6972225817274&idx=3&type=39&tkn=DldITCS7Xo4uVm15od7i3zUV-L4&fn=vid_s
456241802,-220754053,Open Mic 2 | Выпуск 6 | Тизер,"Это второй сезон шоу Open Mic, где молодые комики из разных регионов России борются за выход в Money Mic. Все участники были отобраны по итогам Большого Стендап Фестиваля VK!

Подписывайся на сообщество VK Видео и будь в курсе новинок: https://vk.com/vkvideo 

И не забывай про наше приложение, в котором можно смотреть любимые шоу с любого смартфона и Smart TV: https://trk.mail.ru/c/oy96s5",63,1725966900,427429,4,298,5,https://vk.com/video_ext.php?oid=-220754053&id=456241802&hash=49a056c09c81f8ed&__ref=vk.admin_android&api_hash=1740606834c9de31fb1a0a15fb76_GMZDANZRGM2TCOA,1,1,1,False,https://i.mycdn.me/getVideoPreview?id=7184728328940&idx=3&type=39&tkn=tFaJgF25zx-PM84t3Zab1IFgLyY&fn=vid_s
456241799,-220754053,Приложение VK Видео теперь и на планшетах,"Скачивай приложение VK Видео: https://trk.mail.ru/c/b0b9u2

Приложение VK Видео с удобным интерфейсом теперь доступно на планшетах. 

Функции включают поиск контента, создание плейлистов, управление уведомлениями и подписками, а также регулирование качества видео. Без авторизации доступен широкий спектр контента: спортивные трансляции, новости, кулинарные шоу, блогерские ролики, фильмы и сериалы, эксклюзивные программы, детские и обучающие материалы.

00:00 — начало
00:02 — приложение VK Видео теперь и на планшетах
00:05 — море контента на любой вкус
00:12 — без рекламы и подписки 
00:16 — смотри видео на iPad или на планшетах Android
00:23 — продолжай смотреть на SmartTV
00:26 — VK Видео — смотри всё и даже больше

#vkвидео_на_планшетах #вквидеонапланшетах #вквидео #vkвидео",27,1725874824,112191,5,144,17,https://vk.com/video_ext.php?oid=-220754053&id=456241799&hash=ba951dc79f1907f7&__ref=vk.admin_android&api_hash=174060683419da19c1ff7d3b2be0_GMZDANZRGM2TCOA,1,1,1,False,https://i.mycdn.me/getVideoPreview?id=6799247673985&idx=1&type=39&tkn=eJU8kdDvqVcGWzSWh2-dPjGdKcU&fn=vid_s
456241772,-220754053,"ОФИСНЫЕ ИГРЫ КликКлак 3 СЕЗОН 1 СЕРИЯ: Джарахов, SQWOZ BAB, Сатир, Прокофьев, Старый","Кому достанется вся последняя зарплата – это долгая история. За которой приятно наблюдать вместе с Velkopopovický Kozel светлое безалкогольное. Чешское с долгой историей. Erid: 2Vtzqub6CSR  

В первой серии нового сезона «Офисных игр» Сатира стошнит от вони под столом, Прокофьев получит лыжей по голове, Старый начнёт распускаться, а Марат SQWOZ BAB подскальзнётся на мыле. Как обычно за всеми играми будет следить Эльдар Джарахов.

Эльдар Джарахов
 https://vk.com/rocknrofl 
Андрюша Прокофьев
 https://vk.com/prok_kok 
Илья Satyr Шабельников
 https://vk.com/satyrchannel 
Марат SQWOZ BAB
 https://vk.com/sqwozbab 
Андрей Старый
 https://vk.com/stariyx 
Микки 
https://vk.com/id827321418

Таймкоды: 

00:00 – В компании произошли изменения 
02:28 – Что снится Старому? 
03:38 – На что будут играть парни? 
04:27 – Кроты огородные 
12:29 – Чем займётся Андрюша после увольнения? 
13:42 – Офисный биатлон 
27:56 – Валентина Валентиновна сменила профессию? 
28:55 – Мыльное кунг-фу
 36:02 – Итоги первого дня

Подписывайся на сообщество VK Видео и будь в курсе новинок: https://vk.com/vkvideo

И не забывай про наше приложение, в котором можно смотреть «Офисные Игры» и другие любимые шоу с любого смартфона и Smart TV: https://trk.mail.ru/c/oy96s5",2201,1725872400,5929912,165,12080,1413,https://vk.com/video_ext.php?oid=-220754053&id=456241772&hash=bd773d82cde358ce&__ref=vk.admin_android&api_hash=17406068343cce03172a18e86428_GMZDANZRGM2TCOA,1,1,1,False,https://sun1-97.userapi.com/impg/Ent37miMxT8MA7jyLFRp3r3kSQpmQc9LA44h1Q/urEewdDXImo.jpg?size=130x96&quality=95&keep_aspect_ratio=1&background=000000&sign=6858d059e775f61a4e61949a2cc35ee7&c_uniq_tag=AKuEPiTCZmGw84LT9XXNHPbDduap-vogUWauw0Pp9RU&type=video_thumb
456241771,-220754053,ОФИСНЫЕ ИГРЫ 3 Сезон 1 серия (Тизер),"Смотри первый выпуск «Офисных Игр» 9 сентября в 12:00. Подпишись, чтобы не пропустить! Эксклюзивно в VK Видео!

Подписывайся на сообщество VK Видео и будь в курсе новинок: https://vk.com/vkvideo 

И не забывай про наше приложение, в котором можно смотреть любимые шоу с любого смартфона и Smart TV: https://trk.mail.ru/c/oy96s5",41,1725786000,173003,15,274,18,https://vk.com/video_ext.php?oid=-220754053&id=456241771&hash=02b3153a3622b938&__ref=vk.admin_android&api_hash=1740606834357e60630e0af5606b_GMZDANZRGM2TCOA,1,1,1,False,https://sun1-19.userapi.com/impg/oFQQgdDiFEbxrVK48sS5IZGFDqmmfIYs3Fw8_Q/GVkmpgZrcFM.jpg?size=130x96&quality=95&keep_aspect_ratio=1&background=000000&sign=4837af86bda7b50d18bf55033bbb82ba&c_uniq_tag=PtRf8Q5fSfPJCsAvPEZjA1v73jdavJJ2i3RUSqrK7Sw&type=video_thumb
456241768,-220754053,ОФИСНЫЕ ИГРЫ 3 СЕЗОН. Тизер,"Новый сезон юмористического, развлекательного шоу, в котором звезды становятся сотрудниками офиса. Им предстоит выполнить дурацкие, смешные и безумные испытания. 

В третьем сезоне «Офисных игр» произошло сокращение. Уволили директора, а всех сотрудников обязали подписать заявление на увольнение. Компания переезжает в старый, обшарпанный офис, чтобы доработать последний месяц. 

Коллектив, в лице Андрея Старого, Ильи Сатира, Марата Sqwoz Bab и Андрея Прокофьева решает сыграть в этом сезоне на деньги. Лучший сотрудник забирает последнюю зарплату всех участников. 

В 3 сезоне Эльдар Джарахов подготовил испытания не только в офисе, но и на выезде. Так что сотрудников компании ждёт тимбилдинг и соревнования против конкурентов.

Подписывайся на сообщество VK Видео и будь в курсе новинок: https://vk.com/vkvideo 

И не забывай про наше приложение, в котором можно смотреть любимые шоу с любого смартфона и Smart TV: https://trk.mail.ru/c/oy96s5",40,1725706800,858324,14,437,72,https://vk.com/video_ext.php?oid=-220754053&id=456241768&hash=7f394aa5186055e9&__ref=vk.admin_android&api_hash=1740606834578c55e620f13ce483_GMZDANZRGM2TCOA,1,1,1,False,https://sun1-54.userapi.com/impg/bDgYgVT5KqYqYNkA-9sF-52jB4QEO35MDPckOw/nzNao7Dzo8c.jpg?size=130x96&quality=95&keep_aspect_ratio=1&background=000000&sign=63ba20faf50cd972ea3966275f058cb4&c_uniq_tag=usWy6WHTUeB-xAm-OPITgh3qsLqI-K9iPXhmjtQIlxs&type=video_thumb
456241785,-220754053,"КСТАТИ #49 – Отар Кушанашвили, XOLIDAYBOY, Зоя Яровицына, Харламов, Мусагалиев, Дорохов","t2. Другие правила. Новый уровень: clck.ru/3D2mqh
Реклама. ООО «Т2 Мобайл» ИНН 7743895280 erid: 2Vtzqvgu7Pt

Сервелат Финский. Колбаса Мясная. Папа Может. Больше тут: https://vk.cc/cAm9h6?erid=2VtzqwcMhqg
Реклама. АО «ОМПК» ИНН 7715034360 erid: 2VtzqwcMhqg

Книги от Зои можно послушать тут:

1. Доменико Старноне «Шутка» https://vk.com/audiobook4911
2. Абрахам Вергезе «Рассечение Стоуна» https://vk.com/audiobook5160
3. Клэр Александер «Одиночество Мередит» https://vk.com/audiobook5889

Сорок девятый выпуск шоу «Кстати» с Азаматом Харламовым. Дорох сменит имя и станет звездой кино, пока что его оставили в шоу. Гостями сорок девятого выпуска стали: терминатор российского шоу-бизнеса Отар Кушанашвили; пришедшая проверять летнее домашнее задание Зоя Яровицына; преобразившийся и теперь официально прорывной XOLIDAYBOY.

Таймкоды:

00:00 – Начинаем сорок девятый выпуск «Кстати» и подводим итоги лета
14:50 – Первый гость. Отар Кушанашвили
16:15 – Как Отар узнал о своем диагнозе
21:03 – Когда Отару исполнится 600 лет
23:03 – Кто откликнулся на беду Отара
25:47 – Как прошла первая съемка программы «Каково» после перерыва
27:53 – Поздравляем Гарика со свадьбой вместе с Отаром
29:04 – Что такое деньги?
31:57 – Зовём Отара в «КСТАТИ» ещё раз
34:25 – Составляем «Энциклопедию Отара»
46:11 – Меняем имена Дороху и Гарику
48:05 – Вторая гостья. Зоя Яровицына
52:03 – Играем в книжный ребус с Зоей
55:31 – Книга для Дороха - Доменико Старноне «Шутка»
58:27 – Книга для Азамата - Абрахам Вергезе «Рассечение Стоуна»
01:01:05 – Книга для Гарика - Клэр Александер «Одиночество Мередит»
01:04:25 – Делаем прогнозы на будущее
01:09:26 – Третий гость. XOLIDAYBOY
01:11:38 – Что успел Ваня сделать за год
01:14:10 – Здоровый образ жизни и внешние изменения Ивана
01:15:10 – Подарки от Ивана для Гарика Харламова
01:20:50 – Рекорды Ивана на стриминг сервисах
01:21:32 – Как Азамат всё успевает
01:23:38 – Ежегодная единоразовая игра «Изобрази ртом»
01:29:53 – XOLIDAYBOY - «Кино»

КСТАТИ, скачивай приложение VK Видео и смотри шоу «КСТАТИ» и другие проекты VK Видео Originals: https://trk.mail.ru/c/oy96s5",5622,1725699600,36993696,3424,46581,12094,https://vk.com/video_ext.php?oid=-220754053&id=456241785&hash=710d57e3b2bfa02a&__ref=vk.admin_android&api_hash=1740606834619bd1ebfe4e0c1bd9_GMZDANZRGM2TCOA,1,1,1,False,https://sun1-55.userapi.com/impg/demhbMQDk2wW-zX4JxSWkiwkHksvkHyiD2fdjw/8sizAJ3DjZ4.jpg?size=130x96&quality=95&keep_aspect_ratio=1&background=000000&sign=051b1410dd13c72467d0748f74981108&c_uniq_tag=u3q19O2c4s-iEgPqIJCVXD7eNmWe6W3N4ZDkYF7Jjbc&type=video_thumb
456241783,-220754053,"КСТАТИ #49 – Отар Кушанашвили, XOLIDAYBOY, Зоя Яровицына, Харламов, Мусагалиев, Дорохов. Тизер","Подписывайся на сообщество VK Видео и будь в курсе новинок: https://vk.com/vkvideo 

И не забывай про наше приложение, в котором можно смотреть любимые шоу с любого смартфона и Smart TV: https://trk.mail.ru/c/oy96s5",58,1725692400,212688,10,396,27,https://vk.com/video_ext.php?oid=-220754053&id=456241783&hash=2b64920493e333d8&__ref=vk.admin_android&api_hash=174060683490a480d6b059a4cd89_GMZDANZRGM2TCOA,1,1,1,False,https://sun1-16.userapi.com/impg/CiHwvB7nQuV6aeAAHoyUbifIAPV0eGSg5_DaYA/yFjx61JxALA.jpg?size=130x96&quality=95&keep_aspect_ratio=1&background=000000&sign=f5432f777043cb132c6c6243a893d25d&c_uniq_tag=gNiOcFQP6wpI_rzthgb-ZNdXyXYuzPm-Rk0gGPgoqVk&type=video_thumb
456241749,-220754053,Open Mic 2 | Выпуск 5 | Абрамов х Бебуришвили х Амарян х Дедищев,"Это пятый эпизод шоу Open Mic! Здесь молодые комики из разных городов показывают свой стендап. В конце выпуска жюри и ведущий выбирают лучших, и они отправляются в проект Money Mic, где уже будет разыгран денежный приз. А мы продолжаем наблюдать, как появляются новые звёздочки на стендап-небосклоне эксклюзивно в VK Видео!

В этом выпуске:

00:00 – Начало
00:44 – Правила проекта
01:00 – Разговор с жюри
02:20 – Костя Ромашов
09:29 – Дима Илюхин
16:00 – Ваня Колесников
24:07 – Ян Карпунькин
32:38 – Эд Авдали
40:12 – Ярослав Якимов
45:50 – Итоги выпуска

Ведущий:

Павел Дедищев – https://vk.com/paveldedishchev

Жюри:

Гурам Амарян – https://vk.com/club220893324
Иван Абрамов – https://vk.com/ivan_abramov_standup
Андрей Бебуришвили – https://vk.com/andrewcomedy

Подписывайся на сообщество VK Видео и будь в курсе новинок: https://vk.com/vkvideo

И не забывай про наше приложение, в котором можно смотреть «Грязные Мысли» и другие любимые шоу с любого смартфона и Smart TV: https://trk.mail.ru/c/oy96s5",2930,1725440400,2555255,263,6648,1345,https://vk.com/video_ext.php?oid=-220754053&id=456241749&hash=d297ce6edf61e180&__ref=vk.admin_android&api_hash=17406068346521d7706c3df78201_GMZDANZRGM2TCOA,1,1,1,False,https://sun1-93.userapi.com/impg/rxv4fbnti_MRDC4X6biF_5z1AYBZ9HTeTK5lIQ/j5cMIRd4NY0.jpg?size=130x96&quality=95&keep_aspect_ratio=1&background=000000&sign=d2b07a6df5c7fbe4b1a10787530fd93a&c_uniq_tag=WXOfTUxcAtIb2Khs9JBXhTF8z4Tthd9BUIJv0kpW-z0&type=video_thumb
456241747,-220754053,Open Mic 2 | Выпуск 5 | Тизер,"Это второй сезон шоу Open Mic, где молодые комики из разных регионов России борются за выход в Money Mic. Все участники были отобраны по итогам Большого Стендап Фестиваля VK!

Подписывайся на сообщество VK Видео и будь в курсе новинок: https://vk.com/vkvideo 

И не забывай про наше приложение, в котором можно смотреть любимые шоу с любого смартфона и Smart TV: https://trk.mail.ru/c/oy96s5",69,1725369900,168633,8,207,7,https://vk.com/video_ext.php?oid=-220754053&id=456241747&hash=6fd7833fc802dfef&__ref=vk.admin_android&api_hash=1740606834e5540a019a024af47b_GMZDANZRGM2TCOA,1,1,1,False,https://i.mycdn.me/getVideoPreview?id=7577940724419&idx=0&type=39&tkn=ModC6-cIq3M8uDEdgtp3mHK2V1U&fn=vid_s
456241738,-220754053,Смотри все видео в VK Видео,"Скачивай приложение VK Видео и смотри видео, которые тебе нравятся: https://trk.mail.ru/c/u9nps17
 
Фильмы, шоу, мультфильмы, спортивные трансляции, интервью и блоги — всё это доступно бесплатно и на любом устройстве.

#vkвидео #вквидео #vkvideo #реклама #рекламныйролик",30,1725277012,5501914,54,796,218,https://vk.com/video_ext.php?oid=-220754053&id=456241738&hash=e155a7f713a82e19&__ref=vk.admin_android&api_hash=174060683440cd92ee680e91744a_GMZDANZRGM2TCOA,1,1,1,False,https://i.mycdn.me/getVideoPreview?id=7260420049487&idx=5&type=39&tkn=7cT1Zc-61EratvT_3pk0KzSBlBE&fn=vid_s
456241713,-220754053,"КСТАТИ #48 – Ярослав Могильников, Михаил Сергачёв, Александр Романов, Кирилл Марченко, 10AGE и Анет Сай","Покупай в рассрочку Смартфон HUAWEI Pura 70 и получай кешбэк 24% в М.Видео https://vk.cc/czEEBh 
erid: 2Vtzqw9uwD8

Аудиокнига «Подкати ко мне нежно» Карли Робин. Ромком в антураже большого спорта. Первые главы ромкома озвучили музыканты 10AGE и Анет Сай. https://vk.com/audiobook5916

Сорок восьмой выпуск шоу «Кстати» с Азаматом Харламовым. Дорох для одного из гостей почти как отец – так что пока его оставляем. Гостями сорок восьмого выпуска стали: обладатель идеального внутреннего таймера Ярослав Могильников; богатые до уплаты налогов, наши парни в НХЛ – Михаил Сергачёв, Александр Романов и Кирилл Марченко; готовящиеся к большому торжеству 10AGE и Анет Сай. Музыкальные гости: группа «Парода».

Таймкоды:  

00:00 – Начинаем сорок восьмой выпуск «Кстати»
09:18 – Первый гость. Ярослав Могильников
10:40 – Обсуждаем сериал «Юг» и смотрим трейлер
12:35 – «Красный шелк» - грядущий фильм с Ярославом
13:45 – Конкурс от Ярослава для ведущих «Кстати»
14:46 – Суперигра «Внутренний таймер»
23:09 – Рассказываем Дороху о современных технологиях
24:29 – Вторые гости. Михаил Сергачёв, Александр Романов и Кирилл Марченко
26:31 – Подводим итоги благотворительного «Матча Года»
29:05 – Как Азамат клюшку Сергачёва передарил
30:42 – Говорим про социальный проект Сергачёва «Проект 98»
32:16 – Новый контракт Кирилла Марченко с «Голубыми Куртками»
34:20 – Сколько зарабатывают наши в НХЛ
39:10 – Как Михаила Сергачёва обменяли в «Юту»
40:53 – Отдых в НХЛовцев в России и что они повезут с собой в США
43:44 – Зачем тренироваться во время отпуска
44:57 – Хоккейная философия
47:40 – Делаем прогнозы на будущее
50:44 – 10AGE и Анет Сай
52:10 – Чем занимается Дима после демобилизации
55:39 – Как прошел этот год у Анет Сай
57:14 – Каково это быть барбером в армии
58:26 – О службе в Ансамбле песни и пляски им. Александрова
59:56 – Как Дима и Аня записали аудиокнигу
01:02:49 – Как пройдет свадьба у ребят
01:04:37 – Облегчаем подготовку к свадьбе Димы и Ани
01:10:39 – Парода (10AGE и Анет Сай) - «Победители»

КСТАТИ, скачивай приложение VK Видео и смотри шоу «КСТАТИ» и другие проекты VK Видео Originals: https://trk.mail.ru/c/oy96s5",4508,1725094800,18199467,3804,25552,4378,https://vk.com/video_ext.php?oid=-220754053&id=456241713&hash=42705940b9ce466a&__ref=vk.admin_android&api_hash=174060683438baf2b354250dbee9_GMZDANZRGM2TCOA,1,1,1,False,https://sun1-89.userapi.com/impg/5kOdtQeH45sY3Kd8MNpphC-ho_Pal4Oqv8g19g/Y5iIQ2d0C2Y.jpg?size=130x96&quality=95&keep_aspect_ratio=1&background=000000&sign=fe72d692b17a35edcb762e85d491dc3f&c_uniq_tag=L0yX-68vppMpC1vk4NkRqL8oNLqT4YGRz7zKPkw652I&type=video_thumb
456241707,-220754053,"КСТАТИ #48 – Ярослав Могильников, Михаил Сергачёв, Александр Романов, Кирилл Марченко, 10AGE и Анет Сай. Тизер","Подписывайся на сообщество VK Видео и будь в курсе новинок: https://vk.com/vkvideo 

И не забывай про наше приложение, в котором можно смотреть любимые шоу с любого смартфона и Smart TV: https://trk.mail.ru/c/oy96s5",50,1725087600,215519,12,289,16,https://vk.com/video_ext.php?oid=-220754053&id=456241707&hash=4c6c53f72d56adc4&__ref=vk.admin_android&api_hash=17406068343bebaebaa1c88bd19a_GMZDANZRGM2TCOA,1,1,1,False,https://i.mycdn.me/getVideoPreview?id=7577950948035&idx=2&type=39&tkn=GPjY3Xk86s-tBrFATv59PRyisMk&fn=vid_s
456241677,-220754053,Open Mic 2 | Выпуск 4 | Дорохов х Бебуришвили х Амарян х Джабраилов,"Новый выпуск Open Mic! Все комики, попавшие в сезон, были отобраны на Большом Стендап Фесте VK. Самые смешные пройдут в проект Money Mic и там уже будут бороться за деньги. Лучших в конце выпуска выберет жюри и ведущий. Приглашаем вас насладиться комедией!

В этом выпуске:

00:00 – Начало
01:02 – Правила проекта
01:45 – Разговор с жюри
03:18 – Женя Ежова
10:18 – Карен Гевандян
17:40 – Никита Некрасов
22:50 – Влад Ворсин
30:25 – Сергей Обирин
36:04 – Алексей Скрытно
42:31 – Итоги выпуска
 
Ведущий:

Игорь Джабраилов – https://vk.com/igordzhabrailov

Жюри:

Денис Дорохов – https://vk.com/doroxovdenis
Андрей Бебуришвили – https://vk.com/andrewcomedy
Гурам Амарян – https://vk.com/club220893324

Подписывайся на сообщество VK Видео и будь в курсе новинок: https://vk.com/vkvideo

И не забывай про наше приложение, в котором можно смотреть «Грязные Мысли» и другие любимые шоу с любого смартфона и Smart TV: https://trk.mail.ru/c/oy96s5",2754,1724835600,3060981,317,8502,1849,https://vk.com/video_ext.php?oid=-220754053&id=456241677&hash=c1a0a50bfafffb9f&__ref=vk.admin_android&api_hash=17406068344216ff1896426b36a7_GMZDANZRGM2TCOA,1,1,1,False,https://sun1-86.userapi.com/impg/_Lk7eKZPOcKWAzGtKHDR9ij3mi2rwjXL-ltUMA/mofMsucSXos.jpg?size=130x96&quality=95&keep_aspect_ratio=1&background=000000&sign=7ac0b1c5d7af014cbcadb5e601cf1cb4&c_uniq_tag=mRcb7uwIHQq0EskLORtUE6x5dcOQKq8wtgByg9WGYeA&type=video_thumb
456241670,-220754053,Open Mic 2 | Выпуск 4 | Тизер,"Это второй сезон шоу Open Mic, где молодые комики из разных регионов России борются за выход в Money Mic. Все участники были отобраны по итогам Большого Стендап Фестиваля VK!

Подписывайся на сообщество VK Видео и будь в курсе новинок: https://vk.com/vkvideo 

И не забывай про наше приложение, в котором можно смотреть любимые шоу с любого смартфона и Smart TV: https://trk.mail.ru/c/oy96s5",63,1724762220,181574,1,249,13,https://vk.com/video_ext.php?oid=-220754053&id=456241670&hash=4679325cc8afe79b&__ref=vk.admin_android&api_hash=1740606834267853985d587d178f_GMZDANZRGM2TCOA,1,1,1,False,https://sun1-47.userapi.com/impg/FMTa56x0iQY5eYMyQBX3ULNXN5Tqu6ajKKZNvw/EQrYOeljqVQ.jpg?size=130x96&quality=95&keep_aspect_ratio=1&background=000000&sign=4416f88568bcbc3d9bc419acc57e6036&c_uniq_tag=dsTri94G1SiKwwXsjbIKTxQv8D9LCtZdmyQyd4ysVmY&type=video_thumb
456241658,-220754053,"КСТАТИ #47 – Алина Загитова, Катерина Ковальчук, Гоша Карцев, Минаева, Харламов, Мусагалиев, Дорохов","Покупай в рассрочку Смартфон HUAWEI Pura 70 и получай кешбэк 24% в М.Видео https://vk.cc/czEEwI
erid: 2VtzqwTN2ub
 
Скидка 20% по промокоду KSTATI20 на синтетические моторные масла Sintec на Ozon: https://clck.ru/3Cdtt2
Реклама. АО «СИНТЕК ГРУПП» ИНН 4025458167 erid: 2VtzqwtZCYt
 
Сорок седьмой выпуск шоу «Кстати» с Азаматом Харламовым. Дороха пока оставляем, всё-таки первый выпуск после возвращения. Гостями сорок седьмого выпуска стали: чемпионка всего Алина Загитова, любитель родного края Гоша Карцев и с недавних пор снимающаяся под псевдонимом Катерина Ковальчук. Музыкальные гости: Минаева, Купание обезьяны в тёплой воде.

Таймкоды:

0:00 – Минаева - «Шоколадка»
03:26 – Начинаем сорок седьмой выпуск «Кстати» и подводим итоги лета
13:36 – Первая гостья - Алина Загитова
16:01 – Как Алина провела лето
16:55 – Говорим о ледовом шоу «Хранители Времени»
17:58 – Смотрела ли Алина летнюю олимпиаду
19:42 – Ищем роль для кино дебюта Алины
23:00 – Как у Алины с личной жизнью
23:58 – Вопрос, ради которого мы пригласили Алину Загитову
24:37 – Первый танцевальный чемпионат шоу «КСТАТИ»
32:44 – Выбираем подарок для Дороха
34:01 – Делаем прогнозы на будущее
38:11 – Второй гость. Гоша Карцев
39:27 – Говорим о новом мерче Гоши
45:44 – Смотрим луки гостей на свадьбе Гарика Харламова
55:28 – Третья гостья. Катерина Ковальчук
57:30 – Говорим о свадьбе Катерины и Гарика
59:55 – Как Гарик помогал делать предложение на краю горы
01:02:17 – Как изменились отношения после свадьбы
01:05:06 – Тест для новобрачных
01:07:08 – Специальная японская слива
01:11:00 – Что ждет зрителей во втором сезоне «Гусара»
01:16:09 – Смотрим и обсуждаем трейлер фильма «Любовь зла»
01:20:09 – Выясняем насколько «половинки» знают друг друга
01:31:51 – Купание обезьяны в тёплой воде - «Придумаю»
 
КСТАТИ, скачивай приложение VK Видео и смотри шоу «КСТАТИ» и другие проекты VK Видео Originals: https://trk.mail.ru/c/oy96s5",5795,1724490000,21082170,2729,43884,7025,https://vk.com/video_ext.php?oid=-220754053&id=456241658&hash=9aedd1e075337b6c&__ref=vk.admin_android&api_hash=17406068340dbeb16c6ceb6f6725_GMZDANZRGM2TCOA,1,1,1,False,https://sun1-28.userapi.com/impg/b_zYyvseM3h0C6RSS6SkS66LRrzu-GeUwdX4cQ/YqrQS_7lkUM.jpg?size=130x96&quality=95&keep_aspect_ratio=1&background=000000&sign=30b1d7a843244903eb980eafcf245a18&c_uniq_tag=wDpB5GFfHFNC-s8Yo1mNLyVrJRUW1ijiUiFMwkvN6AY&type=video_thumb
456241656,-220754053,"КСТАТИ #47 – Алина Загитова, Катерина Ковальчук, Гоша Карцев, Минаева, Харламов, Мусагалиев, Дорохов. Тизер","Подписывайся на сообщество VK Видео и будь в курсе новинок: https://vk.com/vkvideo 

И не забывай про наше приложение, в котором можно смотреть любимые шоу с любого смартфона и Smart TV: https://trk.mail.ru/c/oy96s5",59,1724482800,322005,26,1265,40,https://vk.com/video_ext.php?oid=-220754053&id=456241656&hash=a4c2c78d77dae17b&__ref=vk.admin_android&api_hash=1740606834674d55bdba32269392_GMZDANZRGM2TCOA,1,1,1,False,https://sun1-30.userapi.com/impg/f3Nb6hLiDuQ1KSwr4goiH44TczL0_-HWrC-kpw/T8qSZpFZ1m8.jpg?size=130x96&quality=95&keep_aspect_ratio=1&background=000000&sign=340146aef4ca2c45a34236ea3502e900&c_uniq_tag=FWJNV_LmscpGQ5XVafXFL_Lc5fzVT2WZakHe1KoPEa0&type=video_thumb
456241655,-220754053,24.08.24,Ну вы поняли🙃,48,1724439495,386066,39,1040,59,https://vk.com/video_ext.php?oid=-220754053&id=456241655&hash=bac2291d5881efc4&__ref=vk.admin_android&api_hash=17406068346d4e004801ebda6cbe_GMZDANZRGM2TCOA,1,1,1,False,https://i.mycdn.me/getVideoPreview?id=7055276706518&idx=15&type=39&tkn=8cAU_7n47qVFrNrQmwH7C6HzaOc&fn=vid_s
456241625,-220754053,Open Mic 2 | Выпуск 3 | Абрамов х Бебуришвили х Амарян х Сидоров,"Это новый Open Mic по старым правилами: тут молодые комики из разных городов показывают свою стендап-комедию. Лучших в конце выпуска выберет жюри и ведущий, и они отправятся в проект Money Mic, где уже будет разыгран денежный приз.

В этом выпуске:

00:00 – Начало
00:36 – Правила проекта
00:56 – Разговор с жюри
02:48 – Виталий Борзенков
09:08 – Давид Дряев
14:56 – Алексей Белобородов
21:28 – Ян Олегаш
27:45 – Сергей Аграфонов
35:28 – Настя Догодина
40:54 – Сармат Босиев
47:50 – Итоги выпуска
 
Ведущий:

Валентин Сидоров – https://vk.com/sidorov.valentin
 
Жюри:

Иван Абрамов - https://vk.com/ivan_abramov_standup
Андрей Бебуришвили – https://vk.com/andrewcomedy
Гурам Амарян – https://vk.com/club220893324

Подписывайся на сообщество VK Видео и будь в курсе новинок: https://vk.com/vkvideo

И не забывай про наше приложение, в котором можно смотреть «Грязные Мысли» и другие любимые шоу с любого смартфона и Smart TV: https://trk.mail.ru/c/oy96s5",3090,1724230800,3259667,265,7486,1411,https://vk.com/video_ext.php?oid=-220754053&id=456241625&hash=553e0377300ac14d&__ref=vk.admin_android&api_hash=1740606834d3b13c5f6d816117d8_GMZDANZRGM2TCOA,1,1,1,False,https://sun1-94.userapi.com/impg/SM1uaiBkOpMnTIGNDqElJK9X0LquQYcMpu4UkQ/0Ep-a4ech7Y.jpg?size=130x96&quality=95&keep_aspect_ratio=1&background=000000&sign=14be52fb3bb898b321461662a5c1c4d2&c_uniq_tag=ZJsDvT5ZrXsJzzZ7qAsKEOQz1oyhggPxVJUUYpjcf6w&type=video_thumb
456241620,-220754053,Open Mic 2 | Выпуск 3 | Тизер,"Это второй сезон шоу Open Mic, где молодые комики из разных регионов России борются за выход в Money Mic. Все участники были отобраны по итогам Большого Стендап Фестиваля VK!

Подписывайся на сообщество VK Видео и будь в курсе новинок: https://vk.com/vkvideo 

И не забывай про наше приложение, в котором можно смотреть любимые шоу с любого смартфона и Smart TV: https://trk.mail.ru/c/oy96s5",65,1724158999,187849,3,221,12,https://vk.com/video_ext.php?oid=-220754053&id=456241620&hash=3bd1e1f1fff0bfc6&__ref=vk.admin_android&api_hash=17406068345da5cc2a3106b39f5b_GMZDANZRGM2TCOA,1,1,1,False,https://sun1-29.userapi.com/impg/FeWkk4tKDTUX2uc7mGeEv4qrmoYLNeVp3Qs3tg/j47TlbP6WY8.jpg?size=130x96&quality=95&keep_aspect_ratio=1&background=000000&sign=1484fe67ebb6ecab32bb1cb955854938&c_uniq_tag=RkfP7KU71Bbn0qyKSrd-x6BS7Be8cNyG5EPf1bqfzGM&type=video_thumb
456241586,-220754053,Open Mic 2 | Выпуск 2 | Дорохов х Бебуришвили х Амарян х Складчикова,"Второй выпуск нового сезона Open Mic, где молодые комики, приехавшие на Большой Стендап Фест VK из разных городов, пытаются попасть в Money Mic.

Как всегда в конце выпуска ведущая и жюри определят лучших и уже они продолжат борьбу за деньги в следующем проекте VK Видео. Смотрите внимательно - возможно, кто-то из них заберёт главный приз!

Сегодня в выпуске:

00:00 – Начало
00:30 – Правила проекта
00:43 – Разговор с жюри
02:21 –  Ерёма
08:13 – Макс Поваго
13:52 – Артём Осипов
19:59 – Никита Ермолаев 
26:43 – Фарид Гасанов
35:05 – Наталья Корчмарек
42:11 – Итоги выпуска
 
Ведущая: 

Вика Складчикова – https://vk.com/vikaskladchikova 

Жюри:

Денис Дорохов – https://vk.com/doroxovdenis 
Андрей Бебуришвили – https://vk.com/andrewcomedy 
Гурам Амарян – https://vk.com/club220893324

Подписывайся на сообщество VK Видео и будь в курсе новинок: https://vk.com/vkvideo

И не забывай про наше приложение, в котором можно смотреть «Грязные Мысли» и другие любимые шоу с любого смартфона и Smart TV: https://trk.mail.ru/c/oy96s5",2721,1723626000,3633139,408,10869,2347,https://vk.com/video_ext.php?oid=-220754053&id=456241586&hash=3d704413176dd904&__ref=vk.admin_android&api_hash=174060683424568b52396a9e7c35_GMZDANZRGM2TCOA,1,1,1,False,https://sun1-56.userapi.com/impg/7wjKTPj6odhBVTKA_nvZYaY6OVNCW5Iw0_6MLA/89u1oTaeHhw.jpg?size=130x96&quality=95&keep_aspect_ratio=1&background=000000&sign=394897a53991bd2560122ee4ec76f47a&c_uniq_tag=y9n6gUQfWjuDRV1fFxkE5Ln8J19qzlG4NSPJKuepi-U&type=video_thumb
456241582,-220754053,Open Mic 2 | Выпуск 2 | Тизер,"Это второй сезон шоу Open Mic, где молодые комики из разных регионов России борются за выход в Money Mic. Все участники были отобраны по итогам Большого Стендап Фестиваля VK!

Подписывайся на сообщество VK Видео и будь в курсе новинок: https://vk.com/vkvideo 

И не забывай про наше приложение, в котором можно смотреть любимые шоу с любого смартфона и Smart TV: https://trk.mail.ru/c/oy96s5",55,1723555500,394941,1,892,10,https://vk.com/video_ext.php?oid=-220754053&id=456241582&hash=6c535ec117b3ab4f&__ref=vk.admin_android&api_hash=17406068340f22c251b4588e7e66_GMZDANZRGM2TCOA,1,1,1,False,https://sun1-91.userapi.com/impg/Pj7DGDOuFpCvyutOvxRMCqpenMe-PvhXgLLT2A/_OqE6DldHkc.jpg?size=130x96&quality=95&keep_aspect_ratio=1&background=000000&sign=bcfd78c648328dfe036ca79f79a5d7a7&c_uniq_tag=TmH7TcNEUE5dzK4zJ8kWZjlr6bc0spu3pkpybkTG2cg&type=video_thumb
456241579,-220754053,Миллион подписчиков в сообществе VK Видео,,43,1723473135,460866,12,1639,4,https://vk.com/video_ext.php?oid=-220754053&id=456241579&hash=28a5c92177d277cb&__ref=vk.admin_android&api_hash=1740606834d94c447a309678697e_GMZDANZRGM2TCOA,1,1,1,False,https://i.mycdn.me/getVideoPreview?id=7222622161453&idx=14&type=39&tkn=phrDN01KH7TBYJhVsok-c7_oEEY&fn=vid_s
456241555,-220754053,Open Mic 2 | Выпуск 1 | Абрамов х Бебуришвили х Амарян х Мазур,"Это второй сезон шоу Open Mic, где молодые комики из разных регионов России борются за выход в Money Mic. Все участники были отобраны по итогам Большого Стендап Фестиваля VK!

В конце каждого выпуска Open Mic жюри вместе с ведущим определяют самых смешных. Именно эти комики становятся участниками шоу Money Mic, эфиры которого стартуют сразу после выхода Open Mic. Эксклюзивно в VK Видео.
 
Таймкоды:

00:00 – Начало
00:49 – Правила проекта
01:05 – Представление жюри
04:36 – Никита Ершов
11:04 – Татьяна Садыкова
18:10 – Влад Мирошниченко
23:54 – Артур Бетиров
30:37 – Асельдер Махмудов
36:13 – Илья Якомаскин
41:04 – Станислав Сафронов
49:01 – Итоги выпуска
 
Ведущий: 

Кирилл Мазур – https://vk.com/mazurkiril 

Жюри:

Иван Абрамов – https://vk.com/ivan_abramov_standup
Андрей Бебуришвили – https://vk.com/andrewcomedy 
Гурам Амарян – https://vk.com/club220893324 

Подписывайся на сообщество VK Видео и будь в курсе новинок: https://vk.com/vkvideo

И не забывай про наше приложение, в котором можно смотреть «Грязные Мысли» и другие любимые шоу с любого смартфона и Smart TV: https://trk.mail.ru/c/oy96s5",3165,1723021200,4600508,487,11605,2357,https://vk.com/video_ext.php?oid=-220754053&id=456241555&hash=e2624e978e7be4a8&__ref=vk.admin_android&api_hash=17406068348a08197c2a6814254c_GMZDANZRGM2TCOA,1,1,1,False,https://sun1-89.userapi.com/impg/KFl6gxRB3vgXgX0CdWq6j9qdsrMVTFs0njQG0Q/l45nPF9PHYY.jpg?size=130x96&quality=95&keep_aspect_ratio=1&background=000000&sign=c4839417637092fac59637c2912d6156&c_uniq_tag=b_5oqT6WIXIV19v9udU5CyGqnNCmsaICCWLtW8FZWSs&type=video_thumb
456241551,-220754053,Open Mic 2 | Выпуск 1 | Тизер,"Это второй сезон шоу Open Mic, где молодые комики из разных регионов России борются за выход в Money Mic. Все участники были отобраны по итогам Большого Стендап Фестиваля VK!

Подписывайся на сообщество VK Видео и будь в курсе новинок: https://vk.com/vkvideo 

И не забывай про наше приложение, в котором можно смотреть любимые шоу с любого смартфона и Smart TV: https://trk.mail.ru/c/oy96s5",55,1723014000,147897,3,189,11,https://vk.com/video_ext.php?oid=-220754053&id=456241551&hash=f6af95dafaa23ad9&__ref=vk.admin_android&api_hash=1740606834f1219e87a4f929258c_GMZDANZRGM2TCOA,1,1,1,False,https://sun1-95.userapi.com/impg/CYu45eAipzqlKU7tDezMeBOXZhx4UZkOtjlHCg/hozyQbfErBQ.jpg?size=130x96&quality=95&keep_aspect_ratio=1&background=000000&sign=8f0860d15ec790068a81e3185f9f2f5d&c_uniq_tag=68dM8fUiwDBed5HMzxZ7AR5Bjf04ksq-4kR0Jsadrk4&type=video_thumb
456241547,-220754053,Open Mic 2 | Тизер сезона,"Это второй сезон шоу Open Mic, где молодые комики из разных регионов России борются за выход в Money Mic. Все участники были отобраны по итогам Большого Стендап Фестиваля VK!

В конце каждого выпуска Open Mic жюри вместе с ведущим определяют самых смешных. Именно эти комики становятся участниками шоу Money Mic, эфиры которого стартуют сразу после выхода Open Mic. Эксклюзивно в VK Видео.

Премьера 7 августа в 12:00 в сообществе VK Видео: https://vk.com/vkvideo",68,1722960000,1214925,7,1025,32,https://vk.com/video_ext.php?oid=-220754053&id=456241547&hash=a9e538c55657ea57&__ref=vk.admin_android&api_hash=17406068348d0334ac997eaa076b_GMZDANZRGM2TCOA,1,1,1,False,https://sun1-94.userapi.com/impg/e6DZ6oZoxvkEHVvBNW4Z6M8dgI4qc6yhLVOvVg/ZeZEdiJzQqw.jpg?size=130x96&quality=95&keep_aspect_ratio=1&background=000000&sign=e6a3102eff4a29764d24d57a38226bd8&c_uniq_tag=Cq5btvzlxDJss42u-KoeWLqC6EGgTRml4ePj1MyIznI&type=video_thumb
456241515,-220754053,"Грязные Мысли. Финал. Резник, Копейкин, Вольт vs. Сергиенко, Шальнов, Горох","Участвуй в викторине по мотивам шоу «Грязные Мысли» и забери главный приз – 500 000 ₽

https://vk.com/app51931769
Монетизируй свои знания!

«Грязные мысли» – первый медийный интеллектуальный чемпионат от КликКлак и VK Видео. Здесь вы увидите, как 2 лучшие команды, прошедшие невероятно сложный отбор, поборются за звание чемпиона первого сезона. Ответив правильно, команда зарабатывает баллы. Но, если ответы будут неверными, то на участников перевернётся ведро с грязью!

Ведущий:

Александр Пушной
https://vk.com/pushnoy_nadorad

Участники:

Марк Сергиенко
https://vk.com/sergienkomark
Алексей Шальнов
https://vk.com/aleshalnov
Сергей Горох
https://vk.com/ggoorroohh
Слава Копейкин
https://vk.com/id772477900
Ася Резник
https://vk.com/malimambo
Вера Вольт
https://vk.com/veravolt

Таймкоды:

00:00 – Правила финала первого сезона «Грязных Мыслей»
01:20 – Представление команд
03:07 – Первый раунд
16:01 – Второй раунд
23:52 – Третий раунд
32:18 – Финальный раунд первого сезона
39:06 – Итоги первого сезона

Подписывайся на сообщество VK Видео и будь в курсе новинок: https://vk.com/vkvideo

И не забывай про наше приложение, в котором можно смотреть «Грязные Мысли» и другие любимые шоу с любого смартфона и Smart TV: https://trk.mail.ru/c/oy96s5",2451,1721034000,9756743,304,19165,1182,https://vk.com/video_ext.php?oid=-220754053&id=456241515&hash=983f045ae7db904e&__ref=vk.admin_android&api_hash=17406068343a079b8b9c235c8d47_GMZDANZRGM2TCOA,1,1,1,False,https://sun1-93.userapi.com/impg/Mz-YdkGEAeGEeGEGA9ltJofq9_Q69_HUGi0P9A/zBpDijl1Ros.jpg?size=130x96&quality=95&keep_aspect_ratio=1&background=000000&sign=c36656f444a7e9d5a5560c2a166d4072&c_uniq_tag=FfUjQJu-wJnY_gsWwxCKG55c-0FCUWtQI8aZnONeCwU&type=video_thumb
456241497,-220754053,Грязные Мысли. Финал первого сезона (Тизер),"Смотри финал «Грязных Мыслей» 16 июля в 12:00 эксклюзивно в VK Видео!

Подписывайся на сообщество VK Видео и будь в курсе новинок: https://vk.com/vkvideo 

И не забывай про наше приложение, в котором можно смотреть любимые шоу с любого смартфона и Smart TV: https://trk.mail.ru/c/oy96s5",42,1720947600,196206,5,201,18,https://vk.com/video_ext.php?oid=-220754053&id=456241497&hash=81deb9c7e63ceccd&__ref=vk.admin_android&api_hash=17406068345dd3fb5be07ec71c93_GMZDANZRGM2TCOA,1,1,1,False,https://sun1-16.userapi.com/impg/BqH-L3KmVwslvDn1lDgJZOMoUpSgDmIdE3hqcw/KVA8IKLELjs.jpg?size=130x96&quality=95&keep_aspect_ratio=1&background=000000&sign=a28f75652c3f9b86616b97a452871071&c_uniq_tag=JEKtojtbKMggV-m8_S_-TM5zqTJkkvg5E6cx92G9VxU&type=video_thumb
456241437,-220754053,"Грязные Мысли. Второй полуфинал. Слава Копейкин, Ася Резник, Вера Вольт vs. Паша Техник, Кисло-Сладкий, blago white","Участвуй в викторине по мотивам шоу «Грязные мысли» и забери главный приз – 500 000 ₽

https://vk.com/app51931769
Монетизируй свои знания!

«Грязные мысли» – первый медийный интеллектуальный чемпионат от КликКлак и VK Видео. Здесь вы увидите, как 4 лучшие команды, прошедших невероятно сложный отбор, поборются за выход в финал первого сезона. Ответив правильно, команда зарабатывает баллы. Но, если ответы будут неверными, то на участников перевернётся ведро с грязью!

Ведущий:

Александр Пушной
https://vk.com/pushnoy_nadorad

Участники:

Кисло-Сладкий
https://vk.com/sweetchilixbonah
blago white
https://vk.com/blagowhite
Паша Техник
https://vk.com/kunteynir_alive
Слава Копейкин
https://vk.com/id772477900
Ася Резник
https://vk.com/malimambo
Вера Вольт
https://vk.com/veravolt

Таймкоды:

00:00 – Правила первого сезона «Грязных Мыслей»
00:41 – Представление команд
02:34 – Первый раунд
12:44 – Второй раунд
19:46 – Третий раунд
28:59 – Финальный раунд второго полуфинала
33:46 – Итоги выпуска 

Подписывайся на сообщество VK Видео и будь в курсе новинок: https://vk.com/vkvideo

И не забывай про наше приложение, в котором можно смотреть «Грязные Мысли» и другие любимые шоу с любого смартфона и Smart TV: https://trk.mail.ru/c/oy96s5",2108,1720429200,5255861,560,3816,1569,https://vk.com/video_ext.php?oid=-220754053&id=456241437&hash=72730facb8c22ed4&__ref=vk.admin_android&api_hash=17406068349806512a39ee1206be_GMZDANZRGM2TCOA,1,1,1,False,https://sun1-25.userapi.com/impg/tQd8-HOqSFllXkIqhPZnR68ys3GqMWvFktR89w/OjCqHmltv_Q.jpg?size=130x96&quality=95&keep_aspect_ratio=1&background=000000&sign=1c295f3617d5052f696cafeef85b7573&c_uniq_tag=TkyCtcCvsrJgZ3stXy8_1S-xsUniXaU87Mp4K7Hy6CI&type=video_thumb
456241435,-220754053,Грязные Мысли. Второй полуфинал (Тизер),"Смотри шестой выпуск «Грязных Мыслей» 8 июля в 12:00 эксклюзивно в VK Видео!

Подписывайся на сообщество VK Видео и будь в курсе новинок: https://vk.com/vkvideo 

И не забывай про наше приложение, в котором можно смотреть любимые шоу с любого смартфона и Smart TV: https://trk.mail.ru/c/oy96s5",44,1720342800,255366,5,280,46,https://vk.com/video_ext.php?oid=-220754053&id=456241435&hash=f0f57c1578b2270f&__ref=vk.admin_android&api_hash=1740606834eb84285ab1677599cb_GMZDANZRGM2TCOA,1,1,1,False,https://sun1-22.userapi.com/impg/FynqfPZLjX3BivcdK9yQbBfv920cPDwokygRiQ/8tmORdLjOQY.jpg?size=130x96&quality=95&keep_aspect_ratio=1&background=000000&sign=192ab9d6366557427975a8dd27cb8c3a&c_uniq_tag=gOre1h3x7jdNOQgwNOFKyx5uR-5DoXEiYv2PGyUqeiY&type=video_thumb
456241316,-220754053,"Грязные Мысли. Первый полуфинал. Сергиенко, Шальнов, Горох vs. Сабина, Янчик, Керя","Участвуй в викторине по мотивам шоу «Грязные мысли» и забери главный приз – 500 000 ₽

https://vk.com/app51931769
Монетизируй свои знания!

«Грязные мысли» – первый медийный интеллектуальный чемпионат от КликКлак и VK Видео. Здесь вы увидите, как 4 лучшие команды, прошедших невероятно сложный отбор, поборются за выход в финал первого сезона. Ответив правильно, команда зарабатывает баллы. Но, если ответы будут неверными, то на участников перевернётся ведро с грязью!

Ведущий:

Александр Пушной
https://vk.com/pushnoy_nadorad

Участники:

Марк Сергиенко
https://vk.com/sergienkomark
Алексей Шальнов
https://vk.com/aleshalnov
Сергей Горох
https://vk.com/ggoorroohh
Сабина Хайрова
https://vk.com/sabina_khayrova
Янчик (ynchq)
https://vk.com/ynchq
KERYA
https://vk.com/keryagg

Таймкоды:

00:00 – Правила первого сезона «Грязных Мыслей»
00:57 – Представление команд
01:58 – Первый раунд
13:51 – Второй раунд
22:13 – Третий раунд
30:49 – Финальный раунд первого полуфинала
37:29 – Итоги выпуска

Подписывайся на сообщество VK Видео и будь в курсе новинок: https://vk.com/vkvideo

И не забывай про наше приложение, в котором можно смотреть «Грязные Мысли» и другие любимые шоу с любого смартфона и Smart TV: https://trk.mail.ru/c/oy96s5",2296,1719824400,6401181,487,22037,1379,https://vk.com/video_ext.php?oid=-220754053&id=456241316&hash=f78a1e632b3b030c&__ref=vk.admin_android&api_hash=17406068344027bdbeae5d374fdf_GMZDANZRGM2TCOA,1,1,1,False,https://sun1-56.userapi.com/impg/LROMdhLW8alrDnneJgHO1RlWwvOCJsjLzWZ6PQ/UET7LP0Pfu8.jpg?size=130x96&quality=95&keep_aspect_ratio=1&background=000000&sign=a3ec09e455f604f38d73ed956bc084b5&c_uniq_tag=jPHNLBHKzcPzjzz3H8xPHi0cCKggroQz15_nfFTFM9w&type=video_thumb
456241304,-220754053,Грязные Мысли. Первый полуфинал (Тизер),"Смотри пятый выпуск «Грязных Мыслей» 1 июля в 12:00. 

Подписывайся на сообщество VK Видео и будь в курсе новинок: https://vk.com/vkvideo 

И не забывай про наше приложение, в котором можно смотреть любимые шоу с любого смартфона и Smart TV: https://trk.mail.ru/c/oy96s5",34,1719738000,146784,1,166,7,https://vk.com/video_ext.php?oid=-220754053&id=456241304&hash=d39adf5710c48d65&__ref=vk.admin_android&api_hash=174060683457d4c018c68bab99d8_GMZDANZRGM2TCOA,1,1,1,False,https://sun1-98.userapi.com/impg/eZQZWz4_vhU2SCykZROln5Taqk9SLz2_rUg6Bg/07958otmKDw.jpg?size=130x96&quality=95&keep_aspect_ratio=1&background=000000&sign=e50cc9e84c7f906d4728102fbb627d56&c_uniq_tag=EyY6LvkYOjc3N-icuqDEKJhoFr8xotw-GS7wlHijUyA&type=video_thumb
456241042,-220754053,Основной Выпускной,,3069,1719478800,53063902,376,14531,1783,https://vk.com/video_ext.php?oid=-220754053&id=456241042&hash=607d4987c57d98cc&__ref=vk.admin_android&api_hash=1740606834473a88b11b8ae7bec5_GMZDANZRGM2TCOA,1,1,1,False,https://sun1-56.userapi.com/impg/M4pitN4RR6RJsjr64NQ8tiK0vmsVri2OBm-hbA/v9M623HSohY.jpg?size=130x96&quality=95&keep_aspect_ratio=1&background=000000&sign=7938d9f37251c38536bae2e6f5dd1ba1&c_uniq_tag=UicFwusR2xo_D1F1YZYCKE3Q34ro_3jSxg1Xm0T_p78&type=video_thumb
456241039,-220754053,Одна безумная история | №8: Дефицит в СССР,"Автозащита от скрытых подписок уже включена в каждый тариф Tele2 и абсолютно бесплатна
https://goo.su/uFjwCgC

Erid: 2VtzqvMjv2J

Массовая драка в Москве – 180 тысяч человек не поделили трех породистых питомцев! Танцы
на костях – что связывает американский джаз, советских модников и рентген сломанной
ключицы? «Прогресс» – советский продуктовый без продавцов за 50 лет до «Амазона»!
Финальный выпуск – о том, чего в СССР было предостаточно – о дефиците.

Одна безумная история – новое шоу о самых невероятных, авантюрных и необычных
экспериментах, инициативах и проектах в истории СССР. В каждом эпизоде ведущий –
Евгений Чебатков – разбирается в историях, про которые можно сказать только – «Что это
вообще было?».

Каждый выпуск «Одной безумной истории» доступен эксклюзивно в VK Видео. Подписывайтесь на сообщество, чтобы не пропустить новые выпуски: https://vk.com/vkvideo

Таймкоды:  

0:00 – Начало
0:45 – Вступление
1:15 – В этом выпуске
1:44 – История №1: Как коты навели суету в Москве
2:50 – Первая выставка кошек в России
3:23 – Ольга Боэм – история главной котоэнтузиастки СССР
4:04 – Как завирусившийся анонс выставки стал причиной хаоса
4:19 – Что пошло не так с самого начала выставки
5:46 – История о том, как бревно спасло людей от давки
7:16 – Как вышло, что породистых кошек оказалось всего три?
8:03 – В природе не существует оранжевых кошек
8:47 – История №2: Как Советский Союз обогнал Amazon
9:52 – «Прогресс» – первый в мире магазин без продавцов
10:25 – Как Никите Хрущеву пришла в голову идея уникального магазина
11:11 – «Технооптимизм» в 60-х годах
12:02 – Провал «Прогресса» – почему продавцы оказались больше, чем просто продавцы?
13:39 – Аналог «Прогресса» от Безоса оказался аферой
14:33 – История №3: Как советские пираты торговали костями
15:23 – Как Невский проспект стал центром пиратской музыки в СССР
15:50 – Для чего аудиопиратам нужны были старые рентгеновские снимки
16:11 – История запрещенной музыки в Союзе
18:06 – Руслан Богословский: изобретатель «музыки на костях»
19:39 – Письмо Дудорова: как нелегальными торговцами заинтересовались на самом верху
20:18 – Почему «музыка на костях» исчезла?
21:15 – Мы вернемся – когда вы будете меньше всего этого ждать!

  Смотри шоу «Одна безумная история» в приложении VK Видео: https://trk.mail.ru/c/oy96s5",1333,1719392400,4400692,220,3666,1007,https://vk.com/video_ext.php?oid=-220754053&id=456241039&hash=404ed53e6a2e0ab4&__ref=vk.admin_android&api_hash=1740606834e08bfc62d07302dec4_GMZDANZRGM2TCOA,1,1,1,False,https://sun1-22.userapi.com/impg/Uam3PtYyjw5jeSz7lmouJRGcjTheMklDEstSMA/7-DOSnPDW2I.jpg?size=130x96&quality=95&keep_aspect_ratio=1&background=000000&sign=1363f66c57478020d8bcf39682534962&c_uniq_tag=ufEXZSfO9VY7dPhZt-Lm0xBrtVlQHwsX_eyyrTSXmzo&type=video_thumb
456241038,-220754053,Основной Выпускной 2024. Тизер,"Подписывайся на сообщество VK Видео и будь в курсе новинок: https://vk.com/vkvideo        

И не забывай про наше приложение, в котором можно смотреть фильмы, сериалы и любимые шоу с любого смартфона и Smart TV: https://trk.mail.ru/c/oy96s5",40,1719318600,2212819,14,572,42,https://vk.com/video_ext.php?oid=-220754053&id=456241038&hash=a483d712e5d52bc6&__ref=vk.admin_android&api_hash=174060683475a7d36a459f44fe97_GMZDANZRGM2TCOA,1,1,1,False,https://i.mycdn.me/getVideoPreview?id=6652429339257&idx=15&type=39&tkn=pDrtVTzFzMZ7g4w9YNGzfPtENCE&fn=vid_s
456241034,-220754053,Одна безумная история | №8: Дефицит в СССР | Тизер,"Одна безумная история – новое шоу о самых невероятных, авантюрных и необычных экспериментах, инициативах и проектах в истории СССР. В каждом эпизоде ведущий – Евгений Чебатков – разбирается в историях, про которые можно сказать только – «Что это вообще было?».     Подписывайся на сообщество VK Видео и будь в курсе новинок: https://vk.com/vkvideo     И не забывай про наше приложение, в котором можно смотреть любимые шоу с любого смартфона и Smart TV: https://trk.mail.ru/c/oy96s5",53,1719314400,104213,11,161,6,https://vk.com/video_ext.php?oid=-220754053&id=456241034&hash=bbd7b23f466de283&__ref=vk.admin_android&api_hash=174060683434f43e56ef4e7d5511_GMZDANZRGM2TCOA,1,1,1,False,https://sun1-25.userapi.com/impg/L9vhaDthehAMuM1MZStktk-_n47u57WGSmc8_Q/gUAjn2v1l_k.jpg?size=130x96&quality=95&keep_aspect_ratio=1&background=000000&sign=397012f9c92de7d2b20afb2eb1a407ad&c_uniq_tag=dtD7OBh2Octhznf5nIj6Sq-tLXNLflV6w1Hc4vfANrE&type=video_thumb
456241028,-220754053,"Грязные Мысли. 1/4 Финала. Паша Техник, Кисло-сладкий, blago white vs. Крастер, Кшиштовский, Брандт","Участвуй в викторине по мотивам шоу «Грязные мысли» и забери главный приз – 500 000 ₽

https://vk.com/app51931769
Монетизируй свои знания!

Автозащита от скрытых подписок уже включена в каждый тариф Tele2 и абсолютно бесплатна https://goo.su/pLqXOB      

«Грязные Мысли» – первый медийный интеллектуальный чемпионат от КликКлак и VK Видео. Здесь вы увидите, как 8 лучших команд, прошедших невероятно сложный отбор, поборются за звание чемпиона первого сезона. Ответив правильно, команда зарабатывает баллы. Но, если ответы будут неверными, то на участников перевернётся ведро с грязью!      

Ведущий:       

Александр Пушной https://vk.com/pushnoy_nadorad      

Участники:      

Кисло-Сладкий https://vk.com/sweetchilixbonah   
blago white https://vk.com/blagowhite   
Паша Техник https://vk.com/kunteynir_alive   
Даня Крастер https://vk.com/bnbproduction   
Михаил Кшиштовский https://vk.com/kshishtos   
Макс Брандт https://vk.com/maxbrandtpublic      

Таймкоды:      

00:00 – Как играть по другим правилам?   
00:15 – Правила первого сезона «Грязных Мыслей»   
01:38 – Представление команд   
03:01 – Первый раунд   
13:50 – Второй раунд   
20:52 – Третий раунд   
31:01 – Финальный раунд четвертого четвертьфинала   
37:22 – Итоги выпуска      

Подписывайся на сообщество VK Видео и будь в курсе новинок: https://vk.com/vkvideo        

И не забывай про наше приложение, в котором можно смотреть «Грязные Мысли» и другие любимые шоу с любого смартфона и Smart TV: https://trk.mail.ru/c/oy96s5",2363,1719309600,6124457,494,22943,2095,https://vk.com/video_ext.php?oid=-220754053&id=456241028&hash=8faac7b476a1baee&__ref=vk.admin_android&api_hash=17406068340a551ba8d3c346cee4_GMZDANZRGM2TCOA,1,1,1,False,https://sun1-23.userapi.com/impg/CO6CKgcns_y8NNfjVGSs68Mq2gFnlWPVuBcQdw/p3U1nJdkkZI.jpg?size=130x96&quality=95&keep_aspect_ratio=1&background=000000&sign=5231538014770db91b2eef05a0e2e4a0&c_uniq_tag=iyQsUeb7CqCpcjZOdXl3qirdEVDYL2r-yPOKBEh8ARI&type=video_thumb
456241025,-220754053,Грязные Мысли. Четвёртый четвертьфинал (Тизер),"Смотри четвёртый выпуск «Грязных Мыслей» 24 июня в 12:00. Эксклюзивно в VK Видео!

Подписывайся на сообщество VK Видео и будь в курсе новинок: https://vk.com/vkvideo 

И не забывай про наше приложение, в котором можно смотреть любимые шоу с любого смартфона и Smart TV: https://trk.mail.ru/c/oy96s5",50,1719133200,152939,4,224,12,https://vk.com/video_ext.php?oid=-220754053&id=456241025&hash=a4ab2b086ba43166&__ref=vk.admin_android&api_hash=1740606834a7d2faaaba09cc347c_GMZDANZRGM2TCOA,1,1,1,False,https://sun1-30.userapi.com/impg/gj7KAePB1pUPz5dBoI9ENc9gtJ4Fur3SOqpR8Q/cpD5VXdhkfE.jpg?size=130x96&quality=95&keep_aspect_ratio=1&background=000000&sign=218cda5b9a5f368dee3f947bd5449290&c_uniq_tag=zXiuysAXT8yU2CH_tIddO_wXupKwqDi0Jm5alN5oTlc&type=video_thumb
456240997,-220754053,"Грязные Мысли. 1/4 Финала. Даша Дошик, Диана Астер, Янгер vs. Слава Копейкин, Ася Резник, Вера Вольт","Участвуй в викторине по мотивам шоу «Грязные мысли» и забери главный приз – 500 000 ₽

https://vk.com/app51931769
Монетизируй свои знания!

«Грязные Мысли» – первый медийный интеллектуальный чемпионат от КликКлак и VK Видео. Здесь вы увидите, как 8 лучших команд, прошедших невероятно сложный отбор, поборются за звание чемпиона первого сезона. Ответив правильно, команда зарабатывает баллы. Но, если ответы будут неверными, то на участников перевернётся ведро с грязью!

Ведущий: 

Александр Пушной
https://vk.com/pushnoy_nadorad

Участники:

Даша Дошик
https://vk.com/i_am_doshik
Диана Астер
https://vk.com/di_aster
Янгер
https://vk.com/youunger
Слава Копейкин
https://vk.com/id772477900
Ася Резник
https://vk.com/malimambo
Вера Вольт
https://vk.com/veravolt

Таймкоды:

00:00 – Правила первого сезона «Грязных Мыслей»
01:04 – Представление команд
01:51 – Первый раунд
15:53 – Второй раунд
24:25 – Третий раунд
30:35 – Финальный раунд третьего четвертьфинала
36:48 – Итоги выпуска

Подписывайся на сообщество VK Видео и будь в курсе новинок: https://vk.com/vkvideo

И не забывай про наше приложение, в котором можно смотреть «Грязные Мысли» и другие любимые шоу с любого смартфона и Smart TV: https://trk.mail.ru/c/oy96s5",2289,1718614800,4686358,1179,13687,1432,https://vk.com/video_ext.php?oid=-220754053&id=456240997&hash=c26756addb6bc893&__ref=vk.admin_android&api_hash=17406068346492a5bee8fd27a5b5_GMZDANZRGM2TCOA,1,1,1,False,https://sun1-27.userapi.com/impg/5l49qgNinYPVWMgtmEZlMh-gTnr_dUxnDHbb0A/Z1WrIyxDLhU.jpg?size=130x96&quality=95&keep_aspect_ratio=1&background=000000&sign=1bd85a348cb87d9cb2294ecd22330d22&c_uniq_tag=XEi7PPpbobe5aOsesnTHg6-LHEaq5BPcq-2jC9KBODw&type=video_thumb
456240986,-220754053,"КСТАТИ #46 – Полина Гагарина, Леонид Агутин, Антон Беляев, Зоя Яровицына, Андрей Гризли, Анастасия Садковская. Тизер","Подписывайся на сообщество VK Видео и будь в курсе новинок: https://vk.com/vkvideo 

И не забывай про наше приложение, в котором можно смотреть любимые шоу с любого смартфона и Smart TV: https://trk.mail.ru/c/oy96s5",72,1718434800,137229,14,342,38,https://vk.com/video_ext.php?oid=-220754053&id=456240986&hash=90a77179694976f9&__ref=vk.admin_android&api_hash=1740606834e69be41b8189d209d5_GMZDANZRGM2TCOA,1,1,1,False,https://sun1-13.userapi.com/impg/JscjhITjFvhilOSlY-ik8uF1lsfXKMqYlpt1ew/lmkgtiRQ40w.jpg?size=130x96&quality=95&keep_aspect_ratio=1&background=000000&sign=4755f26278509868ae8164f47e5d8ce4&c_uniq_tag=oCQ5NDd4x5dyOf9h-oHRHEDs7xHoBVj-t3z1X6uPgVQ&type=video_thumb
456240985,-220754053,"КСТАТИ #46 – Полина Гагарина, Леонид Агутин, Антон Беляев, Зоя Яровицына, Андрей Гризли, Анастасия Садковская","О! Промокод О!КСТАТИ на скидку 30% на бронирование отелей и квартир на Островке!
*Действует до 30.06.2024 на одно бронирование при оплате на сайте или в мобильном приложении. Максимальная скидка – 1000 руб – https://bit.ly/45uZeRZ

Реклама. ООО «Бронирование гостиниц», ИНН 7703389880

erid: 2VtzqxFXVkJ

В июне покупайте одежду, обувь и аксессуары с повышенным кешбэком до 50% бонусами СберСпасибо на Мегамаркете – https://vk.cc/cxCIes

Правила акции: https://vk.cc/cxCIiq

Также используйте промокод КСТАТИ и получите дополнительную скидку 3 000 рублей при первом заказе от 10 000 рублей! Правила использования промокода: https://vk.cc/cxCIk2

erid: 2VtzqwqXYSz

Встречайте VK Fest 2024! Читайте подробную информацию и покупайте билеты на https://vk.cc/cxAoUc.

VK Fest – место встречи. Увидимся!

erid: 2VtzqwwXE5c

Книги от Зои можно послушать тут:

Селеста Финн «И повсюду тлеют пожары»: https://vk.com/audiobook5155

Энн Тайлер «Случайный турист»: https://vk.com/audiobook5162

Алеся Казанцева «Режиссер сказал одевайся теплее, тут холодно»: https://vk.com/audiobook5177

Подкаст «КРЧ»: https://vk.com/podcasts-225895109

Сорок шестой выпуск шоу «Кстати» с Азаматом Харламовым. Дорох сегодня даже какие-то умные мысли говорил, успокоился, после лета уже глянем, оставлять ли его. Гостями сорок шестого выпуска стали: невероятная во всём – Полина Гагарина; раздавшая всем списки чтения на лето – Зоя Яровицына; люди из прошлого, настоящего и будущего – Антон Беляев и Леонид Агутин. Музыкальные гости: Андрей Гризли и Анастасия Садковская.

Таймкоды:

0:00 – Начинаем сорок шестой выпуск «Кстати»
02:59 – Играем в слова
04:07 – Первая гостья. Полина Гагарина
05:11 – Скандальная правда о Полине Гагариной
07:27 – Подводим итога «Голоса»
09:17 – Говорим о грядущем концерте Полины в Лужниках
12:00 – Когда Полина уйдет на пенсию
13:26 – Гагарина - рептилоид
14:39 – Говорим о сериале «Красные линии»
21:44 – Каково быть не в своей тарелке
24:32 – Полина Гагарина - «Родной»
28:02 – Делаем прогнозы на будущее
31:12 – Вторая гостья. Зоя Яровицына
33:51 – Зачем нужно перечитывать книги
36:46 – Книга для Азамата - Селеста Инг «И повсюду тлеют пожары»
41:45 – Книга для Дороха - Энн Тайлер «Случайный турист»
45:53 – Книга для Гарика - Алеся Казанцева «Режиссёр сказал: Одевайся теплее, тут холодно»
51:39 – Что делать, если нет времени читать
53:53 – Третьи гости. Антон Беляев и Леонид Агутин
57:34 – Говорим о концерте LAB
01:03:38 – Агутин собирает стадионы
01:06:31 – Говорим о новом альбоме Леонида
01:11:58 – Песня Антона - в фильме «Сто лет тому вперёд»
01:18:01 – Стряпуха
01:20:57 – Босоногому мальчику - 30 лет
01:25:06 – Угадываем танцы под Леонида Агутина
01:31:28 – Битва музыкальных поколений
01:39:28 – Андрей Гризли и Анастасия Садковская - «Летний дождь»

КСТАТИ, скачивай приложение VK Видео и смотри шоу «КСТАТИ» и другие проекты VK Видео Originals: https://trk.mail.ru/c/oy96s5",6226,1718442000,15301287,1723,23883,3670,https://vk.com/video_ext.php?oid=-220754053&id=456240985&hash=eda4b83e1550f2cf&__ref=vk.admin_android&api_hash=17406068341ef8616896d4a0ee9f_GMZDANZRGM2TCOA,1,1,1,False,https://sun1-93.userapi.com/impg/4dEdgoP07O1r__elDO-UVGOoVgWoUSZo6KBu7Q/-f1Husmj9tw.jpg?size=130x96&quality=95&keep_aspect_ratio=1&background=000000&sign=e8a930f74c73849a8aef45ae44e1e978&c_uniq_tag=d3I2hO_15QYexWVa1uAIsNFZnOUCkPfQnaumDVcRKYw&type=video_thumb
456240982,-220754053,Грязные Мысли. Третий четвертьфинал (Тизер),"Смотри первый выпуск «Грязных Игр» 3 июня в 12:00. Эксклюзивно в VK Видео!

Подписывайся на сообщество VK Видео и будь в курсе новинок: https://vk.com/vkvideo 

И не забывай про наше приложение, в котором можно смотреть любимые шоу с любого смартфона и Smart TV: https://trk.mail.ru/c/oy96s5",38,1718528400,138851,1,118,20,https://vk.com/video_ext.php?oid=-220754053&id=456240982&hash=760cd57737b90af6&__ref=vk.admin_android&api_hash=174060683473c1f2178cbedc0741_GMZDANZRGM2TCOA,1,1,1,False,https://sun1-87.userapi.com/impg/R6teLLdNx4Og2DNj33VV90asQgcVGujUvSlOlw/zrLdcuv4ZBo.jpg?size=130x96&quality=95&keep_aspect_ratio=1&background=000000&sign=ebb0e55e4d68bc0a8666971a90cf6fc6&c_uniq_tag=NpFCGXziVLI5kbNEBDFe8Rbldp0Y_WqL1C15BeD2vgw&type=video_thumb
456240979,-220754053,Одна безумная история | №7: Советская медицина,"Как в Москве 60-х тайно победили опаснейшую эпидемию? Советский офтальмолог и слесарь сделали искусственный хрусталик глаза на обычной кухне! Зачем советский хирург прооперировал сам себя за полярным кругом? Этот выпуск – о советской медицине.
 
Одна безумная история – новое шоу о самых невероятных, авантюрных и необычных экспериментах, инициативах и проектах в истории СССР. В каждом эпизоде ведущий – Евгений Чебатков – разбирается в историях, про которые можно сказать только – «Что это вообще было?».
 
Каждый выпуск «Одной безумной истории» доступен эксклюзивно в VK Видео. Подписывайтесь на сообщество, чтобы не пропустить новые выпуски: https://vk.com/vkvideo
 
0:00 – Начало
0:31 – Вступление
0:55 – В этом выпуске
1:15 – История №1: Секретная эпидемия в Москве
1:57 – Начало эпидемии
2:37 – Чем черная оспа отличается от обычной?
3:37 – Алексей Кокорекин – советский художник и нулевой пациент
4:59 – Как в Москве ловили потенциальных заболевших
5:54 – Откуда взяли 8 миллионов вакцин для всех москвичей
6:55 – Итоги вспышки черной оспы
7:47 – История №2 : Гагарин в хирургии
8:15 – Леонид Рогозов – история болезни молодого врача в Антарктиде
9:03 – Почему аппендицит за полярным кругом – это смертельно опасно
9:42 – Операции на себе – Рогозов vs Кейн
10:34 – Как проходила операция за полярным кругом
12:27 – Почему никто не заметил подвиг врача?
13:22 – Уникальность случая Леонида Рогозова
14:00 – История №3: Советский стартап на кухне
14:27 – Святослав Федоров – советский хирург ездит по стране и ищет слесаря
15:16 – Что такое катаракта и как ученые придумали способ ее вылечить
16:12 – Семен Мильман – как гениальный слесарь выточил чудо-линзу
17:54 – Лена Петрова – первый человек в мире с искусственным хрусталиком глаза
18:43 – Как Федоров боролся за право делать операции
20:00 – Заключение: что это было?

Смотри шоу «Одна безумная история» в приложении VK Видео: https://trk.mail.ru/c/oy96s5",1274,1718182800,3337938,133,3447,987,https://vk.com/video_ext.php?oid=-220754053&id=456240979&hash=c1553ab99fad58a9&__ref=vk.admin_android&api_hash=1740606834661e309fce49d03efc_GMZDANZRGM2TCOA,1,1,1,False,https://sun1-98.userapi.com/impg/EVD8-_1-mOsgjCzH7s1eO7mOg46yyZtlo9ZFGw/iOfGUbGK_9s.jpg?size=130x96&quality=95&keep_aspect_ratio=1&background=000000&sign=be189eef9502dc2bfd93db9f850c00b8&c_uniq_tag=3tbfsQz0FuCwDFoGOoUzuuczJ6dyGJCCUTZALpRWtno&type=video_thumb
456240976,-220754053,Одна безумная история | №7: Советская медицина | Тизер,"Одна безумная история – новое шоу о самых невероятных, авантюрных и необычных экспериментах, инициативах и проектах в истории СССР. В каждом эпизоде ведущий – Евгений Чебатков – разбирается в историях, про которые можно сказать только – «Что это вообще было?».   

Подписывайся на сообщество VK Видео и будь в курсе новинок: https://vk.com/vkvideo   

И не забывай про наше приложение, в котором можно смотреть любимые шоу с любого смартфона и Smart TV: https://trk.mail.ru/c/oy96s5",52,1718098201,129854,9,282,40,https://vk.com/video_ext.php?oid=-220754053&id=456240976&hash=ebba05184f11b108&__ref=vk.admin_android&api_hash=17406068343f7fcd15da454d59c2_GMZDANZRGM2TCOA,1,1,1,False,https://sun1-96.userapi.com/impg/W3QwMQ-pIM6OFTkRdAboIaKhyIuow6QUL8ZDlg/jEG0qjTaOhs.jpg?size=130x96&quality=95&keep_aspect_ratio=1&background=000000&sign=5ac05d7de84e3ae063db32d97af7fb27&c_uniq_tag=iVtL86vOERPtagFgRPE71W47LxhbC4SLD_4qL6RdCYM&type=video_thumb
456240969,-220754053,"Грязные Мысли. 1/4 Финала. Сабина, Янчик, KERYA vs. Васант, Биг Смоук, Райзен","Участвуй в викторине по мотивам шоу «Грязные мысли» и забери главный приз – 500 000 ₽

https://vk.com/app51931769
Монетизируй свои знания!

«Грязные Мысли» – первый медийный интеллектуальный чемпионат от КликКлак и VK Видео. Здесь вы увидите, как 8 лучших команд, прошедших невероятно сложный отбор, поборются за звание чемпиона первого сезона. Ответив правильно, команда зарабатывает баллы. Но, если ответы будут неверными, то на участников перевернётся ведро с грязью!

Ведущий:

Александр Пушной
https://vk.com/pushnoy_nadorad

Участники:

Сабина Хайрова
https://vk.com/sabina_khayrova
Янчик (ynchq)
https://vk.com/ynchq
KERYA
https://vk.com/keryagg
Васант Балан
https://vk.com/id1759274
Биг Смоук (2DROTS)
https://vk.com/2drotslife
Райзен (Broke Boys)
https://vk.com/fcbrokeboyyys

Таймкоды:

00:00 – Правила первого сезона «Грязных Мыслей»
01:11 – Представление команд
01:57 – Первый раунд
14:03 – Второй раунд
22:30 – Третий раунд
31:09 – Финальный раунд второго четвертьфинала
35:08 – Итоги выпуска

Подписывайся на сообщество VK Видео и будь в курсе новинок: https://vk.com/vkvideo

И не забывай про наше приложение, в котором можно смотреть «Грязные Мысли» и другие любимые шоу с любого смартфона и Smart TV: https://trk.mail.ru/c/oy96s5",2181,1718010000,5350014,1843,16291,1664,https://vk.com/video_ext.php?oid=-220754053&id=456240969&hash=801d04a69debfd3c&__ref=vk.admin_android&api_hash=17406068340b0af098f515a8cb65_GMZDANZRGM2TCOA,1,1,1,False,https://sun1-47.userapi.com/impg/higjeX8efZCnoyyYJ21uJi4-VvqPwYS2av94VA/zXbvdNKNzik.jpg?size=130x96&quality=95&keep_aspect_ratio=1&background=000000&sign=060f2724a58c7275b54c45c1cc4fcc2b&c_uniq_tag=-RFUcpH1M6xn-pTa3WDcNpLgiVxOFLhQBVnWJFBGb4c&type=video_thumb
456240966,-220754053,Грязные Мысли. Второй четвертьфинал. (Тизер),"Смотри первый выпуск «Грязных Игр» 10 июня в 12:00. Подпишись, чтобы не пропустить! Эксклюзивно в VK Видео!

Подписывайся на сообщество VK Видео и будь в курсе новинок: https://vk.com/vkvideo 

И не забывай про наше приложение, в котором можно смотреть любимые шоу с любого смартфона и Smart TV: https://trk.mail.ru/c/oy96s5",38,1717923600,320921,3,261,22,https://vk.com/video_ext.php?oid=-220754053&id=456240966&hash=25066118848640e9&__ref=vk.admin_android&api_hash=174060683437015713e002c68ce8_GMZDANZRGM2TCOA,1,1,1,False,https://sun1-55.userapi.com/impg/juioNEV37EFMKwr8mVHnus01-LvlkK9S5SehLA/_klFYV2lJ0Q.jpg?size=130x96&quality=95&keep_aspect_ratio=1&background=000000&sign=a703a21e1234767a3beeacbbd8273267&c_uniq_tag=bJHgURiUUc1G2ud7IM83Oj0rajKB1FfFbfS7qbOQzGk&type=video_thumb
456240962,-220754053,"КСТАТИ #45 – Дмитрий Пучков, Серёга, Александр Зубарев, Харламов, Мусагалиев, Дорохов","BAIKAL430 – глубинная вода из великого озера Байкал с глубины 430 метров. Растворенный в Байкале кислород придает воде свежесть вкуса, а сверхлегкая минерализация – несравненное преимущество. Цивилизация и человек не оказали никакого воздействия на байкальскую экосистему, и чистота воды великого озера доходит до нас в первозданном виде https://baikal430.ru/

Реклама. ООО «Байкал» ИНН 7733319390 erid: 2VtzqwMHyUr
 
Сорок пятый выпуск шоу «Кстати» с Азаматом Харламовым. Дорох сегодня был в роли ведущего на замену, пока что его придержим. Гостями сорок пятого выпуска стали: легендарный голос из нашего детства Дмитрий Goblin Пучков; подготовившийся к лету Александр Зубарев; легендарно возвращающийся Серёга. Музыкальный гость: Полиграф (это тоже Серёга).

Таймкоды:
 
0:00 – Начинаем сорок пятый выпуск «Кстати»
02:46 – Первый гость. Дмитрий Goblin Пучков
04:40 – Говорим о вручении премии «Феникс»
07:12 – Какие книги рекомендуют Дмитрий
09:00 – Как попасть в Кремлевский дворец
09:43 – Гоблинские переводы - снова в кино
11:53 – Почему Дмитрий не доделал «Хоббита»
12:47 – Говорим о VIP-клубе Дмитрия Пучкова
13:56 – Топ-5 дебилов
16:06 – Проверяем Дмитрия на знание собственных переводов
19:15 – Посыл зрителям от Дмитрия Пучкова
19:50 – Как Гарик обрёл внутренний покой
21:05 – Второй гость. Александр Зубарев
22:33 – Поздравляем Александра с росписью
24:31 – Как Зубарев в казино ходил
25:43 – Почему Александр отменял стримы
27:22 – Летняя роспакоука Александра Зубарева
35:05 – Важные летние советы
37:26 – Делаем прогнозы на будущее
39:30 – Третий гость. Серёга
41:00 – Оцениваем лук Сергея
42:25 – Говорим о концертах Сергея и его альтер эго
44:51 – Сергей как наставник в музыкальном шоу
45:52 – Сколько раз Серёга исполнял «Черный бумер»
46:58 – Как много лет назад Серёга подставил Харламова
48:30 – Нужно ли худеть Харламову
51:04 – Первый боксёрский турнир в истории шоу «КСТАТИ»
55:33 – Посыл от Серёги зрителям «КСТАТИ»
56:13 – Полиграф - «Харизма»

КСТАТИ, скачивай приложение VK Видео и смотри шоу «КСТАТИ» и другие проекты VK Видео Originals: https://trk.mail.ru/c/oy96s5",3595,1717837200,16998171,2654,39342,8840,https://vk.com/video_ext.php?oid=-220754053&id=456240962&hash=058ca3da1402fdb4&__ref=vk.admin_android&api_hash=1740606834f5c30e7d50556181e6_GMZDANZRGM2TCOA,1,1,1,False,https://sun1-16.userapi.com/impg/V086jnGA3v_ak8DAWsgL-385wVyMm5irzDTjUA/GlMG7iO44pc.jpg?size=130x96&quality=95&keep_aspect_ratio=1&background=000000&sign=f95ed783b94e4a65920f7f00526f8544&c_uniq_tag=YCt19npCAcjqKU4oi9UC1xO5Md_sLxhuy4VzNck_eZE&type=video_thumb
456240960,-220754053,"КСТАТИ #45 – Дмитрий Пучков, Серёга, Александр Зубарев, Харламов, Мусагалиев, Дорохов. Тизер","Подписывайся на сообщество VK Видео и будь в курсе новинок: https://vk.com/vkvideo 

И не забывай про наше приложение, в котором можно смотреть любимые шоу с любого смартфона и Smart TV: https://trk.mail.ru/c/oy96s5",64,1717830000,246654,21,364,45,https://vk.com/video_ext.php?oid=-220754053&id=456240960&hash=11154233827ac5b1&__ref=vk.admin_android&api_hash=1740606834807d5280cb5e7f78d3_GMZDANZRGM2TCOA,1,1,1,False,https://sun1-56.userapi.com/impg/kGkA4LRfEkLgdvEYL6NinszlJ1tcK1116ffDDw/LbzpTDAN6eM.jpg?size=130x96&quality=95&keep_aspect_ratio=1&background=000000&sign=ece5a7d26fc1b9d7a7aec1bc1eac5fe5&c_uniq_tag=5ZyT7Ks-Qf2_-EasGYjA1cB4I5OlVeuddgu6jVC5Stc&type=video_thumb
456240933,-220754053,"Грязные Мысли. 1/4 Финала. Прокофьев, Старый, Сатир vs. Сергиенко, Шальнов, Горох","Участвуй в викторине по мотивам шоу «Грязные мысли» и забери главный приз – 500 000 ₽

https://vk.com/app51931769
Монетизируй свои знания!

«Грязные Мысли» – первый медийный интеллектуальный чемпионат от КликКлак и VK Видео. Здесь вы увидите, как 8 лучших команд, прошедших невероятно сложный отбор, поборются за звание чемпиона первого сезона. Ответив правильно, команда зарабатывает баллы. Но, если ответы будут неверными, то на участников перевернётся ведро с грязью!

Ведущий:

Александр Пушной
https://vk.com/pushnoy_nadorad

Участники:

Андрюша Прокофьев
https://vk.com/projik
Андрей Старый
https://vk.com/stariyx
Илья Сатир
https://vk.com/satyrchannel
Марк Сергиенко
https://vk.com/sergienkomark
Алексей Шальнов
https://vk.com/aleshalnov
Сергей Горох
https://vk.com/ggoorroohh

Таймкоды:

00:00 – Что вас ждет в первом сезоне «Грязных Мыслей»?
00:52 – Правила игры
01:29 – Представление команд
02:29 – Первый раунд
15:33 – Второй раунд
24:07 – Третий раунд
32:02 – Финальный раунд первого четвертьфинала
38:21 – Итоги выпуска

Подписывайся на сообщество VK Видео и будь в курсе новинок: https://vk.com/vkvideo

И не забывай про наше приложение, в котором можно смотреть «Грязные Мысли» и другие любимые шоу с любого смартфона и Smart TV: https://trk.mail.ru/c/oy96s5",2348,1717405200,5411823,383,16807,3026,https://vk.com/video_ext.php?oid=-220754053&id=456240933&hash=78127de0a926eb3a&__ref=vk.admin_android&api_hash=1740606834d4699b64b026340b9c_GMZDANZRGM2TCOA,1,1,1,False,https://sun1-15.userapi.com/impg/99Ts9I-fNjssZzVi-cQgW1WYQp8uDkgl-TGNDw/HyyC283s48c.jpg?size=130x96&quality=95&keep_aspect_ratio=1&background=000000&sign=bd13d82867bd339e76fe4ba4da821a4c&c_uniq_tag=Hy5BmwIXM45OJcjOq7wYZTbunsj-IcWZ_0kskYk_whI&type=video_thumb
456240929,-220754053,Грязные Мысли. 1/4 Финала. Тизер,"Смотри первый выпуск «Грязных Мыслей» 3 июня в 12:00. Подпишись, чтобы не пропустить. Эксклюзивно в VK Видео!",44,1717318800,234499,3,324,31,https://vk.com/video_ext.php?oid=-220754053&id=456240929&hash=9508c1fcedabc9db&__ref=vk.admin_android&api_hash=1740606834947f091c87ec7d75a7_GMZDANZRGM2TCOA,1,1,1,False,https://sun1-83.userapi.com/impg/MBP4Ym6q6_A0bkk-po_KDim5BQ52U_EzqfOhMw/tNoan0-UBhc.jpg?size=130x96&quality=95&keep_aspect_ratio=1&background=000000&sign=5c16a2717cc5ec071b1b3745d1a3cb2a&c_uniq_tag=UH3QOVeS28GuIGUHVg3JVBf-xOyUhYco2ZXLRIB-1xg&type=video_thumb
456240927,-220754053,"КСТАТИ #44 – Сатья Дас, Сергей Матвиенко, Александр Voodoosh, Татьяна Куртукова, Харламов, Мусагалиев, Дорохов","Парк развлечений «Остров Мечты» – то, что нужно увидеть своими глазами!

Окунись в мир красочных событий и ярких впечатлений. Неуловимая, спонтанная искра радости и положительные эмоции ждут тебя. Безлимитные развлечения на целый день: 1 билет = 47 захватывающих аттракционов + 5 увлекательных шоу.

Покупай билеты онлайн: https://dreamisland.ru/~bileti

Реклама. АО «РЕГИОНЫ-ЭНТЕРТЕЙНМЕНТ» ИНН 7708782870 erid: 2VtzqwVFcEY
 
Сорок четвёртый выпуск шоу «Кстати» с Азаматом Харламовым. Дороху диагноз в этом выпуске поставили, для него вся родня «в астрале», пока придержим его. Гостями сорок четвёртого выпуска стали: не случайно выживший мальчик – Сатья Дас; люди, которые умеют блефовать – импровизатор Сергей Матвиенко и стример Александр «Voodoosh» Шальчинов. Музыкальный гость: Татьяна Куртукова.

Таймкоды:

0:00 – Начинаем сорок четвёртый выпуск «Кстати»
06:03 – Строим планы на 1 июня
07:23 – Первый гость. Сатья Дас
10:33 – Почему на лекции к Сатье приходит столько женщин
11:33 – Зачем на ретрите пить молоко с секретным ингредиентом
13:12 – Опредляем психологические недуги звёзд
18:27 – Чем занять ребёнка «если не айпадом»?
20:46 – Как правильно поощрять детей
21:55 – Что делать родителю, если ребёнок столкнулся с буллингом
23:59 – Гиперопека и что с ней делать
28:04 – Определяем степень шизы ведущих «Кстати»
36:13 – Делаем прогнозы на будущее
39:47 – Сергей Матвиенко и Александр «Voodoosh» Шальчинов
42:11 – Как Серёгу Матвиенко занесло в покер
45:09 – Результаты последнего сезона Winline Медиа Покера
45:51 – Матвиенко - победитель пятого сезона
47:39 – Кому пришла в голову идея турнира
49:17 – Как Саша Voodoosh пришёл к покеру
50:30 – Поздравляем «Импровизацию» с днём рождения
51:41 – Когда следующий турнир Winline Media Poker
53:57 – Татьяна Куртукова - «Матушка»

КСТАТИ, скачивай приложение VK Видео и смотри шоу «КСТАТИ» и другие проекты VK Видео Originals: https://trk.mail.ru/c/oy96s5",3475,1717232400,17039722,2012,37741,10207,https://vk.com/video_ext.php?oid=-220754053&id=456240927&hash=9b21be2a5307af61&__ref=vk.admin_android&api_hash=17406068347faae59cb999965f44_GMZDANZRGM2TCOA,1,1,1,False,https://sun1-29.userapi.com/impg/ShJu7R-roxGm6-3Ht4g_hHVEc1eWcQLawi3wxQ/HA2vJrxBIWc.jpg?size=130x96&quality=95&keep_aspect_ratio=1&background=000000&sign=91cc75e0f25fe161d5945511d7616a33&c_uniq_tag=fAjr8Kx3DtA8APiI1p2YNheubslpS03phITMPBANdWE&type=video_thumb
456240924,-220754053,"КСТАТИ #44 – Сатья Дас, Сергей Матвиенко, Александр Voodoosh, Татьяна Куртукова, Харламов, Мусагалиев, Дорохов. Тизер","Подписывайся на сообщество VK Видео и будь в курсе новинок: https://vk.com/vkvideo 

И не забывай про наше приложение, в котором можно смотреть любимые шоу с любого смартфона и Smart TV: https://trk.mail.ru/c/oy96s5",39,1717225200,137840,14,332,44,https://vk.com/video_ext.php?oid=-220754053&id=456240924&hash=b63746815a008b8c&__ref=vk.admin_android&api_hash=1740606834c65c7ec9a8458a0d1a_GMZDANZRGM2TCOA,1,1,1,False,https://sun1-47.userapi.com/impg/YhWYBavoULTKPJwE4vyFfP7X0U4Lr9OQIwQ-6g/l-Yc1s4n6Ao.jpg?size=130x96&quality=95&keep_aspect_ratio=1&background=000000&sign=c2164ccb91f29775d8c24e32153ed72b&c_uniq_tag=QjVd--2-yXctd-vEtWhOOv_DgxrNMqbX4Aw6w8KL-34&type=video_thumb
456240915,-220754053,Грязные Мысли – 1 Сезон (Трейлер),"«Грязные Мысли» – Первый медийный интеллектуальный чемпионат от КЛИККЛАК и VK Видео. Юмористическое шоу, в котором звёздные команды из трёх человек играют друг против друга на вылет.

Смотри шоу «Грязные Мысли» 3 июня в 12:00, эксклюзивно в VK Видео: https://vk.com/vkvideo",47,1717169400,503071,9,845,102,https://vk.com/video_ext.php?oid=-220754053&id=456240915&hash=abe0e85b8ec58a32&__ref=vk.admin_android&api_hash=1740606834086355597ec0d946be_GMZDANZRGM2TCOA,1,1,1,False,https://sun1-24.userapi.com/impg/SQJHfnqS83R515x-Fsu6dd26X_Nuce9kzYN8ig/ef_eRyyqOy0.jpg?size=130x96&quality=95&keep_aspect_ratio=1&background=000000&sign=2371448ac04b6a4292beef6d25f6af84&c_uniq_tag=xyRP4vpYdRmvmxAVRu7S1tX1J8IEJwKVXR4fsVwd9u0&type=video_thumb
456240914,-220754053,VK Fest 2024,,15,1717082629,87318,1,132,7,https://vk.com/video_ext.php?oid=-220754053&id=456240914&hash=270788120f7929d3&__ref=vk.admin_android&api_hash=1740606834c8fb29c0162fd80321_GMZDANZRGM2TCOA,1,1,1,False,https://i.mycdn.me/getVideoPreview?id=6454076050138&idx=0&type=39&tkn=rapVf_jSPhaJyFfRceBY4dEqAYQ&fn=vid_s
456240897,-220754053,Одна безумная история | №6: Секс в СССР,"Как в СССР на первом женском конкурсе красоты победил мужчина? Тысячи людей ходят голыми по улице и это – в порядке вещей? Почему спектакль о суде над проституткой стал всенародным хитом? Этот выпуск – о том, чего в СССР, оказывается, было предостаточно – о сексе и всем, что с ним связано.

Одна безумная история – новое шоу о самых невероятных, авантюрных и необычных экспериментах, инициативах и проектах в истории СССР. В каждом эпизоде ведущий – Евгений Чебатков – разбирается в историях, про которые можно сказать только – «Что это вообще было?».

Каждый выпуск «Одной безумной истории» доступен эксклюзивно в VK Видео. Подписывайтесь на сообщество, чтобы не пропустить новые выпуски: https://vk.com/vkvideo

Таймкоды:

0:00 – Начало
0:36 – Вступление
0:59 – В этом выпуске
1:20 – История №1: «Долой стыд!»
2:01 – Нудисты в самом центре столицы
2:34 – Почему в раннем СССР был так популярен нудизм?
3:11 – Как «Долой стыд» стало всесоветским движением
3:44 – Нудисты в Москве: воспоминания очевидцев
5:04 – Как министр здравоохранения запрещал «Долой стыд»
6:16 – История №2: Первый конкурс красоты «мисс СССР»
7:00 – Оттепель и Академгородок
8:00 – Герман Безносов – история ученого, который придумал конкурс красоты
9:01 – Как среди участниц оказался мужик?
9:48 – Почему Герман Безносов стал балериной Земфирой
10:54 – Математик в платье выиграл конкурс женский конкурс красоты
12:13 – Что сказал президент жюри, когда узнал что победитель – мужчина?
13:16 – История №3: Спектакль «Суд над проституткой»
14:05 – Сексуальная революция и секспросвет в СССР 20-х
15:09 – Театры «санпросвета» – новое изобретение советской пропаганды
15:55 – Откуда пришла идея «суда»?
16:29 – Сюжет спектакля и твист в конце
17:36 – Эффект от успеха спектакля
18:00 – Заключение: что это было?

Смотри шоу «Одна безумная история» в приложении VK Видео: https://trk.mail.ru/c/oy96s5",1146,1716973200,6393055,239,5225,2529,https://vk.com/video_ext.php?oid=-220754053&id=456240897&hash=5ca92bea7abaff53&__ref=vk.admin_android&api_hash=17406068349d09211d60cb99f38b_GMZDANZRGM2TCOA,1,1,1,False,https://sun1-16.userapi.com/impg/OLnG1MguftIDogUVjHcLOM-58sQHZPJuG4rAeg/edEsWDJmVNc.jpg?size=130x96&quality=95&keep_aspect_ratio=1&background=000000&sign=80fcff7ccc9151f0fd070ebc9b266897&c_uniq_tag=-BX4X7t2zZYFkued01x2hOMPuxiNyGuu2raCeOAdeCc&type=video_thumb
456240891,-220754053,Одна безумная история | №6: Секс в СССР | Тизер,"Одна безумная история – новое шоу о самых невероятных, авантюрных и необычных экспериментах, инициативах и проектах в истории СССР. В каждом эпизоде ведущий – Евгений Чебатков – разбирается в историях, про которые можно сказать только – «Что это вообще было?».   

Подписывайся на сообщество VK Видео и будь в курсе новинок: https://vk.com/vkvideo   

И не забывай про наше приложение, в котором можно смотреть любимые шоу с любого смартфона и Smart TV: https://trk.mail.ru/c/oy96s5",54,1716899460,224596,5,306,23,https://vk.com/video_ext.php?oid=-220754053&id=456240891&hash=4e49f384c402f483&__ref=vk.admin_android&api_hash=1740606834038f0bf3978981d686_GMZDANZRGM2TCOA,1,1,1,False,https://sun1-89.userapi.com/impg/3wPMInuhTLkZ06AhYGJ2tHT2p2vmL0ifj2_Pyg/gqqzXsHmGqM.jpg?size=130x96&quality=95&keep_aspect_ratio=1&background=000000&sign=c739488609778a357c34be8891a2e770&c_uniq_tag=UYEjNLsu__quhgmsaTweevCpfCjvQlKkzl5gR3ZuAbk&type=video_thumb
456240878,-220754053,VK Клипы теперь и в приложении VK Видео,Скачивай приложение VK Видео: https://trk.mail.ru/c/b0b9u2,25,1716802123,834106,3,268,17,https://vk.com/video_ext.php?oid=-220754053&id=456240878&hash=6ec42497b908160f&__ref=vk.admin_android&api_hash=17406068347a957ae3895c0edfb3_GMZDANZRGM2TCOA,1,1,1,False,https://i.mycdn.me/getVideoPreview?id=6348424677987&idx=1&type=39&tkn=NS-pxEIHx8UL2Z_QLr9VDY32p1I&fn=vid_s
456240865,-220754053,"КСТАТИ #43 – «Регионы», «Металлург» Магнитогорск, Юлианна Караулова, Харламов, Мусагалиев, Дорохов","BAIKAL430 – глубинная вода из великого озера Байкал с глубины 430 метров. Растворенный в Байкале кислород придает воде свежесть вкуса, а сверхлегкая минерализация – несравненное преимущество. Цивилизация и человек не оказали никакого воздействия на байкальскую экосистему, и чистота воды великого озера доходит до нас в первозданном виде https://baikal430.ru/
Реклама. ООО «Байкал» ИНН 7733319390 erid: 2VtzqvTes5u
 
Новые телевизоры Sber Line S: https://vk.cc/cx3A5j
Erid: 2VtzqwTWjSs
 
А что для вас было первым ВКонтакте? Пишите в комментариях, присылайте фото, скрины ваших первых постов – https://vk.cc/cx2ynw?erid=2Vtzqv9vi11
Реклама. Erid: 2Vtzqv9vi11
 
Сорок третий выпуск шоу «Кстати» с Азаматом Харламовым. У нашей интернет-передачи день рождения, как-то неправильно Дороха выгонять, поэтому он опять был. Гостями сорок третьего выпуска стали: победители первого сезона «Звёзд» команда «Регионы» – Губанов Амир, Винокуров Максим, Капралов Сергей, Ермишин Иван, Ильдюганов Александр, Тян Владимир и Туганов Заурбек; обладатели Кубка Гагарина 2024 из команды «Металлург» Магнитогорск – Егор Яковлев, Илья Набоков и Денис Зернов; человек с безупречной репутацией – Юлианна Караулова.

Таймкоды:
 
0:00 – Начинаем сорок третий выпуск «Кстати»
10:18 – Первые гости. «Регионы»
12:03 – «Регионы» - победители «Звёзд»
15:44 – На что можно потратить призовые деньги «Регионов»
17:37 – Гендер-пати от Гарика Харламова
21:15 – Тест «Делал ли такое с вами Дорох?»
29:58 – Что дальше?
32:23 – Региональная игра для «Регионов»
41:51 – Замечаем перемены в Дорохе
42:52 – Вторые гости. Обладатели Кубка Гагарина-2024 из команды «Металлург» - Егор Яковлев, Илья Набоков и Денис Зернов
44:24 – «Металлург» выиграл финальную серию 4:0
46:23 – Говорим о личных достижениях ребят
48:24 – Смотрим на главного тренера «Металлурга»
49:17 – Тут должен был быть разговор о преодолении себя и игре с травмой, но Дорох все испортил
51:20 – Наши в НХЛ
53:34 – Ведущих «КСТАТИ» задрафтовал «Металлург»
54:19 – Вспоминаем Пхёнчхан-2018
56:00 – Как правильно держать Кубок Гагарина
57:51 – Как гулял Магнитогорск
01:00:39 – Делаем прогнозы на будущее
01:03:23 – Третья гостья. Юлианна Караулова
01:04:55 – Попытка поговорить о треке «Попытка»
01:06:17 – Вспоминаем как Харламов и Батрутдинов врезались в Караулову
01:08:25 – Почему с Юлианной не было скандалов
01:10:19 – Попытка поговорить о «Кто хочет стать миллионером?»
01:14:00 – Играем в «Кто хочет стать миллионером» по шоу «КСТАТИ»
01:40:55 – Юлианна Караулова - «Попытка»

КСТАТИ, скачивай приложение VK Видео и смотри шоу «КСТАТИ» и другие проекты VK Видео Originals: https://trk.mail.ru/c/oy96s5",6259,1716627600,15905937,1516,31759,4888,https://vk.com/video_ext.php?oid=-220754053&id=456240865&hash=a64d3664badcc568&__ref=vk.admin_android&api_hash=174060683470d6d35e48190c2aed_GMZDANZRGM2TCOA,1,1,1,False,https://sun1-22.userapi.com/impg/VaQgWo_3qnKyMQC2rENwacyhFtVhuTKtorB99A/QBeS-FtHOzU.jpg?size=130x96&quality=95&keep_aspect_ratio=1&background=000000&sign=85192433c6cf0c2b30eeb86b9fc57ad7&c_uniq_tag=OOaYyyMVcHUdxiq1mLd46FDyIgmAtEsHXNDNPmNRMSE&type=video_thumb
456240864,-220754053,"КСТАТИ #43 – «Регионы», «Металлург» Магнитогорск, Юлианна Караулова, Харламов, Мусагалиев, Дорохов. Тизер","Подписывайся на сообщество VK Видео и будь в курсе новинок: https://vk.com/vkvideo 

И не забывай про наше приложение, в котором можно смотреть любимые шоу с любого смартфона и Smart TV: https://trk.mail.ru/c/oy96s5",58,1716620400,250991,14,398,46,https://vk.com/video_ext.php?oid=-220754053&id=456240864&hash=867f53ad47bcd527&__ref=vk.admin_android&api_hash=1740606834f1912dac5e0dac2841_GMZDANZRGM2TCOA,1,1,1,False,https://i.mycdn.me/getVideoPreview?id=6743093676656&idx=2&type=39&tkn=HkGQOCTPvftCFPJ164hOFIs4f4M&fn=vid_s
456240800,-220754053,Звёзды. Финал,"Совершайте покупки на Мегамаркете с повышенным кешбэком до 50% бонусами СберСпасибо в мае — https://vk.cc/cwMR7M
Правила акции: https://vk.cc/cwMR9h

Также используйте промокод ЗВЕЗДЫ и получите дополнительную скидку 1 000 рублей при первом заказе от 5 000 рублей! Правила использования промокода: https://vk.cc/cwMRao

Erid: 2VtzqwL9UHG
Erid: 2VtzqxmMHKN
Erid: 2VtzqxS7o2Q
Erid: 2Vtzqv8ZXkd

Как устроить себе бьюти-шопинг не только с пользой, но и с выгодой?  

Скачайте приложение ЛЭТУАЛЬ https://letu.onelink.me/Lt2A/saet92ks и получите 1000 баллов на покупку парфюмерии, косметики, уходовых средств, аксессуаров и не только при первой регистрации. А еще дарим скидку 40%  на покупку от 8000 руб. Выбрать товары можно тут: 
https://vk.cc/cwTIPU

Найди того, кто тоже любит шоу «Звёзды», в приложении VK Знакомства: https://trk.mail.ru/c/jhssf2 erid: 2Vtzqvr1nYr

Новое, но уже легендарное шоу «Звёзды» в VK Видео! Десять супер-популярных звёзд сойдутся лицом к лицу, чтобы побороться за звание самой смешной звезды России. Помогать им в этом будут легендарные юмористические команды.

Финал! За звание первого чемпиона шоу «Звезды» и за приз в 20 миллионов рублей поборется Дмитрий Маликов, Лера Кудрявцева, Денис Дорохов, Азамат Мусагалиев, Джиган и Филипп Киркоров. 
 
00:00 – Финал первого сезона шоу «Звезды»
03:10 – в жюри Сергей Жуков
03:52 – в жюри Гарик Харламов 
04:52 – в жюри Валя Карнавал 
05:32 – в жюри Тимати
06:54 – в жюри Артемий Лебедев 
08:44 – финальное выступление Дмитрия Маликова и его команда «Сборной России» 
20:18 – жюри сегодня много раз будут на сцене. Вот первый 
26:20 – жюри после выступления Дмитрия Маликова и «Сборной России» 
30:50 – финальное выступление Леры Кудрявцевой и ее команды «Раисы» 
47:56 – жюри после выступления Леры Кудрявцевой и «Раис»
52:00 – финальное выступление Дениса Дорохова и его команды «Регионы»
01:03:00 – а вот и Артемия Лебедева затащили в команду. Он как всегда - зажигалочка 
01:10:12 – но и других членов жюри не забыли. Снова все на сцене 
01:16:26 – и бонус (вне зачета) от команды «Регионы» 
1:23:20 – жюри после выступления Дениса Дорохова и «Регионов» 
01:31:34 – финальное выступление Филиппа Киркорова и его команды «Борцы» 
01:38:05 – Филипп Киркоров о своих соперниках 
01:46:18 – жюри после выступления Филиппа Киркорова и «Борцов» 
01:50:24 – финальное выступление Азамата Мусагалиева и его команды «Астана» 
01:56:40 – Говорящая собака - часть 2
02:13:50 – жюри после выступления Азамата Мусагалиева и «Астаны» 
02:16:54 – финальное выступление Джиган и его команды «Красноярск» 
02:20:15 – «О! Оксаночка». Джиган явно не ждал жену на сцене 
02:23:20 – открыли все секреты закулисья 
02:33:52 – Джиган и симфонический оркестр
02:37:00 – жюри после выступления Джиган и «Красноярска»
02:43:50 – Валя Карнавал вручает номинацию «Открытие года»
02:44:46 – Сергей Жуков вручает номинацию «Песня года» 
02:46:40 – Тимати вручает номинацию «Лучшая пародия» 
02:47:43 – Артемий Лебедев вручает номинацию «Шутка года»
02:49:12 – Гарик Харламов вручает номинацию «Разрыв года»
02:50:10 – момент истины. Через несколько минут мы узнаем первого чемпиона шоу «Звезды» 
 
Всем спасибо! До встречи во втором сезоне шоу «Звезды». 

Подписывайся на сообщество VK Видео и будь в курсе новинок: https://vk.com/vkvideo 

И не забывай про наше приложение, в котором можно смотреть «Звёзды» и другие любимые шоу с любого смартфона и Smart TV: https://trk.mail.ru/c/oy96s5",10711,1716031200,29581794,11147,95607,30585,https://vk.com/video_ext.php?oid=-220754053&id=456240800&hash=84ba590ad4ac12e7&__ref=vk.admin_android&api_hash=17406068349ee64896756719abe7_GMZDANZRGM2TCOA,1,1,1,False,https://sun1-26.userapi.com/impg/JhY5kcEJLtOpVot4Xa4g3yFVPjHiufb5o2xhvg/3Ru--4lLlWg.jpg?size=130x96&quality=95&keep_aspect_ratio=1&background=000000&sign=75377231b4f0a50f322e71de68152bad&c_uniq_tag=DjrrYaC5lrESmuMCh_jhjXzaRTj_vDVb1NlZO_B93oE&type=video_thumb
456240799,-220754053,"КСТАТИ #42 – Николай Соболев, Ramil', Константин Плотников, Юлия Волкова, Харламов, Мусагалиев, Дорохов. Тизер","Подписывайся на сообщество VK Видео и будь в курсе новинок: https://vk.com/vkvideo 

И не забывай про наше приложение, в котором можно смотреть любимые шоу с любого смартфона и Smart TV: https://trk.mail.ru/c/oy96s5",65,1716015600,374509,28,546,48,https://vk.com/video_ext.php?oid=-220754053&id=456240799&hash=faab6f6f0010e677&__ref=vk.admin_android&api_hash=17406068345eaa376d01cd57f9a1_GMZDANZRGM2TCOA,1,1,1,False,https://sun1-25.userapi.com/impg/kGHD_coC-SdJFMe4c0w4Ueg_tQBacIdLlDl6rw/1B-MS6qRt78.jpg?size=130x96&quality=95&keep_aspect_ratio=1&background=000000&sign=178491b1b4bd473d333a8035de6fe79f&c_uniq_tag=Q5caWk8p1MJO15oNgFOyN2MgJ2cp0ow8ikH1QvUxYoI&type=video_thumb
456240798,-220754053,"КСТАТИ #42 – Николай Соболев, Ramil', Константин Плотников, Юлия Волкова, Харламов, Мусагалиев, Дорохов","GJ: новая история известного бренда. По промокоду KSTATIGJ скидка 20% на новую коллекцию и товары без скидок: https://vk.cc/cwPjfc
 
Реклама. АО «Глория Джинс» ИНН 6166019871 erid: 2VtzqwNt3wY
 
Сорок второй выпуск шоу «Кстати» с Азаматом Харламовым. Дороха еле сдержали в этот раз. Гостями сорок второго выпуска стали: актёры и участники психологического эксперимента под названием «Калимба» – Константин Плотников и Юлия Волкова; тот, кто был «там», но вернулся обратно – Николай Соболев; самый нетипичный рэпер – Ramil'.

Таймкоды:
 
0:00 – Начинаем сорок второй выпуск «Кстати»
03:18 – Первые гости. Константин Плотников и Юлия Волкова
05:14 – Говорим о сериале «Калимба» и смотрим его трейлер
10:17 – Кого Юлия и Костя играют в «Калимбе»
12:40 – Социальная миссия проекта и наше к ней отношение
14:00 – Почему Гарик и Костя встретились
15:17 – Говорим о будущих проектах Юлии
19:16 – Психологический тест с Юлией и Костей
23:59 – Подарки - в студию!
25:17 – Делаем прогнозы на будущее
28:31 – Второй гость. Николай Соболев
30:08 – Как Николая исключили из реестра иноагентов
32:02 – Последний год Николая
32:42 – Процесс включения в иноагенты
34:53 – Как изменилось отношение к Николаю
37:39 – Смотрим мемы с живой реакцией Николая Соболева
40:04 – Клятва Николая Соболева
42:30 – Блогерский юбилей
45:08 – Играем в «Уж на сковородке» с Николаем Соболевым
50:27 – Третий гость. Ramil’
53:28 – Интрига касаемо нового трека
54:38 – Проблемы со сном
55:12 – Новая (старая) песня Рамиля
57:23 – Начало карьеры Рамиля
58:42 – Почему Рамиль необычный рэпер
01:00:13 – Ramil' - «Просто лети»

КСТАТИ, скачивай приложение VK Видео и смотри шоу «КСТАТИ» и другие проекты VK Видео Originals: https://trk.mail.ru/c/oy96s5",3816,1716022800,13008320,1860,26192,3800,https://vk.com/video_ext.php?oid=-220754053&id=456240798&hash=70b7fb94ee8ac79a&__ref=vk.admin_android&api_hash=1740606834809a5362c9e6da4af9_GMZDANZRGM2TCOA,1,1,1,False,https://sun1-91.userapi.com/impg/V1uF5QLjLzojNSN5geGbNtFvGeP5GhD-ZSyXSw/O5cRiR4CIC0.jpg?size=130x96&quality=95&keep_aspect_ratio=1&background=000000&sign=975767bb9b4915d4e4aae1cffa131533&c_uniq_tag=z-h1L7JtHazFuQg5s-dOAAKe2xvSfrsIybuGKAeoi9Y&type=video_thumb
456240789,-220754053,Трейлер финального выпуска шоу «Звёзды»,"Новое, но уже легендарное шоу «Звёзды» в VK Видео! Десять супер-популярных звёзд сойдутся лицом к лицу, чтобы побороться за звание самой смешной звезды России. Помогать им в этом будут легендарные юмористические команды.   

Подписывайся на сообщество VK Видео и будь в курсе новинок: https://vk.com/vkvideo   

И не забывай про наше приложение, в котором можно смотреть любимые шоу с любого смартфона и Smart TV: https://trk.mail.ru/c/oy96s5",68,1715956200,490946,76,1749,279,https://vk.com/video_ext.php?oid=-220754053&id=456240789&hash=e0e80c29cb524fa2&__ref=vk.admin_android&api_hash=1740606834104e9f67b9908ffe43_GMZDANZRGM2TCOA,1,1,1,False,https://sun1-19.userapi.com/impg/cZOZUGbaQ6v5YU5IxkYZxRKiWEU8byOvu87Sgg/Ye3pIuFvdEI.jpg?size=130x96&quality=95&keep_aspect_ratio=1&background=000000&sign=17fb3c34b8d5f1232b708bab3b4e928d&c_uniq_tag=C1UVwhlq8lEhQI_lCLsFFDKXvEBmoJjWj6WPPQwImFA&type=video_thumb
456240783,-220754053,Битва за время | Лучшее,"«Битва за время» – это проект, в котором комики в разных юмористических жанрах пытаются рассмешить жюри за отведённое им время. Изначально у участников есть только одна минута на выступление, но если жюри нравится происходящее на сцене, они будут добавлять минуты к таймеру.

Участвуй в кастинге в новый сезон и поборись за 3 миллиона рублей! Подробности в сообществе «Битва за время» в VK: https://vk.com/battlefortime 

В этом выпуске собраны лучшие выступления первого сезона «Битвы за время». Смотри это и другие шоу VK Видео Originals в сообществе VK Видео – https://vk.com/vkvideo

И не забывай про наше приложение, в котором можно смотреть любимые шоу с любого смартфона и Smart TV: https://trk.mail.ru/c/oy96s5",5569,1715936400,3031580,81,4207,1192,https://vk.com/video_ext.php?oid=-220754053&id=456240783&hash=c5f763edc5773b27&__ref=vk.admin_android&api_hash=17406068345ee39e6e60b1f837a4_GMZDANZRGM2TCOA,1,1,1,False,https://sun1-27.userapi.com/impg/3RvHAbgbcDIPZxYyL3juBAdc2FMvIeEkDz0g5A/IiuJ6PewKY0.jpg?size=130x96&quality=95&keep_aspect_ratio=1&background=000000&sign=29129944d2d59f5dc612670fc423f66f&c_uniq_tag=6-KU9MaTby8ZoPuogtXDqknW4GhTFyjUyE2ygWkbkk0&type=video_thumb
456240774,-220754053,Одна безумная история | №5: Стройки коммунизма,"Как дома на Тверской в ночи двигали прямо с жильцами – и зачем? В СССР строили город на воде и в него чуть не врезался айсберг? Зачем москвичей поселили в хрущевку из пластика? Эта серия – о советской стройке.

Одна безумная история – новое шоу о самых невероятных, авантюрных и необычных экспериментах, инициативах и проектах в истории СССР. В каждом эпизоде ведущий – Евгений Чебатков – разбирается в историях, про которые можно сказать только – «Что это вообще было?».
 
Каждый выпуск «Одной безумной истории» доступен эксклюзивно в VK Видео. Подписывайтесь на сообщество, чтобы не пропустить новые выпуски: https://vk.com/vkvideo
 
0:00 – Начало
0:30 – Вступление
1:10 – В этом выпуске
1:28 – История №1: Как в СССР передвигали дома
2:14 – Генплан Москвы: столица мечты
4:06 – Предыстория: когда в мире стали двигать дома
4:29 – Как устроена технология передвижения зданий
5:43 – Что подвинули на Тверской
7:00 – Тверская была узкая – стала широкая: результаты грандиозного эксперимента
7:29 – История №2: Панельки из пластика
7:55 – Франция: родина хрущевок? 
8:55 – Кому пришла в голову построить пластиковую пятиэтажку?
9:43 – Борис Иофан: величайший архитектор-экспериментатор
10:30 – Пилотный проект пластикового дома в Ленинграде
11:10 – Минусы жизни в пластмассовом доме
12:20 – История №3: Город на воде
13:28 – Как Николай Байдаков нашел самое большое месторождение нефти в мире
13:50 – Когда нефть стала самым важным ресурсом?
14:34 – Зачем СССР затопил на месторождении семь кораблей?
15:08 – Уникальность первого морского месторождения
15:37 – Нефтяные камни vs лёд
16:30 – Как катаклизмы влияют на добычу нефти
16:55 – Как живут Нефтяные камни сейчас
17:48 – Заключение: что это всё было?

Смотри шоу «Одна безумная история» в приложении VK Видео: https://trk.mail.ru/c/oy96s5",1128,1715763600,3496904,100,3416,732,https://vk.com/video_ext.php?oid=-220754053&id=456240774&hash=e3dbe54cd47057a3&__ref=vk.admin_android&api_hash=17406068347dc1e7101060c53aa2_GMZDANZRGM2TCOA,1,1,1,False,https://sun1-83.userapi.com/impg/xNnBq_EoE074Hwbp5dkzY7PRABHHvlWEWsfriA/GotYASBGOY8.jpg?size=130x96&quality=95&keep_aspect_ratio=1&background=000000&sign=fee0d3a0718a660ae6e1e5fe07b950d5&c_uniq_tag=Xs2csHeTjweNcZ32yrBRmvYorzKwET2OBC-I6c18aeM&type=video_thumb
456240773,-220754053,Одна безумная история | №5: Стройки коммунизма | Тизер,"Одна безумная история – новое шоу о самых невероятных, авантюрных и необычных экспериментах, инициативах и проектах в истории СССР. В каждом эпизоде ведущий – Евгений Чебатков – разбирается в историях, про которые можно сказать только – «Что это вообще было?».   

Подписывайся на сообщество VK Видео и будь в курсе новинок: https://vk.com/vkvideo   

И не забывай про наше приложение, в котором можно смотреть любимые шоу с любого смартфона и Smart TV: https://trk.mail.ru/c/oy96s5",54,1715756400,131712,3,300,34,https://vk.com/video_ext.php?oid=-220754053&id=456240773&hash=416bf5eb321d4a45&__ref=vk.admin_android&api_hash=1740606834c7855b2cbb9d6f163a_GMZDANZRGM2TCOA,1,1,1,False,https://sun1-83.userapi.com/impg/VlvaegkYOOHBCKRhst_tmp4bfQfr75ZFlrYZCg/_JsdSf18ruo.jpg?size=130x96&quality=95&keep_aspect_ratio=1&background=000000&sign=8c105ab425156d403faf6677ead7367a&c_uniq_tag=sf0zyG-HlQUPIcCUVwiwc2gxqLrF8lzGQSqeCTkONFA&type=video_thumb
456240763,-220754053,"КСТАТИ #41 – КИНО, Кевин Маккой, Зоя Яровицына, Харламов, Мусагалиев, Дорохов. Тизер","Подписывайся на сообщество VK Видео и будь в курсе новинок: https://vk.com/vkvideo 

И не забывай про наше приложение, в котором можно смотреть любимые шоу с любого смартфона и Smart TV: https://trk.mail.ru/c/oy96s5",59,1715410800,320377,35,577,50,https://vk.com/video_ext.php?oid=-220754053&id=456240763&hash=41bced2a14863950&__ref=vk.admin_android&api_hash=1740606834e0087d5a31ff7b040f_GMZDANZRGM2TCOA,1,1,1,False,https://sun1-30.userapi.com/impg/GOzMf70lEIhzYlAk10-Uwd5xJjp1nuKTQmPKcA/ToEKykzW-5Q.jpg?size=130x96&quality=95&keep_aspect_ratio=1&background=000000&sign=20f46e21356e1e751a7962733cc85109&c_uniq_tag=t08CLq2Qv0-D_QLxk90jFJDfkfFqAaHaAT9nn24rSgk&type=video_thumb
456240761,-220754053,"КСТАТИ #41 – КИНО, Кевин Маккой, Зоя Яровицына, Харламов, Мусагалиев, Дорохов","Стань клиентом Тинькофф – https://l.tinkoff.ru/kstatimay                                       
Реклама. АО «Тинькофф Банк» ИНН 7710140679 erid: 2Vtzqwqyj29
 
Топ-книг от Зои Яровицыной можно послушать тут:
 
Ребекка Яррос «Железное пламя»: https://vk.com/audiobook5818
Ричард Руссо «Непосредственный человек»: https://vk.com/audiobook5740
Эмили Эдвардс «Толпа»: https://vk.com/audiobook4886

erid: 2Vtzqwgp4HP
 
Сорок первый выпуск шоу «Кстати» с Азаматом Харламовым. Гостями сорок первого выпуска стали: легендарные участники группы «КИНО» – Юрий Каспарян, Александр Титов, Игорь Тихомиров и Александр Цой; наша просветительница – Зоя Яровицына; главный фанат нашей страны, экс-вокалист немецкой поп-группы Bad Boys Blue – Кевин Маккой.

Таймкоды:
 
0:00 – Начинаем сорок первый выпуск «Кстати»
10:40 – Первые гости. Группа «КИНО». Юрий Каспарян, Александр Титов, Игорь Тихомиров и Александр Цой
13:24 – Кто инициировал возвращение группы
14:53 – Новая программа - «История этого мира»
16:22 – Записываем видеоряд для концерта группы «КИНО»
18:55 – Говорим о ремейке альбома «Это не любовь»
20:33 – Юбилеи «Звезды по имени солнце» и «Начальник Камчатки»
25:23 – Как появился проект «KASPARIAN»
27:02 – Выясняем, кто на самом деле легенда музыки 
31:45 – Как «Купанию обезьяны в тёплой воде» попасть в Легенды
32:41 – Эдуард Суровый - «Невнятная»
35:26 – Делаем прогнозы на будущее
38:50 – Вторая гостья. Зоя Яровицына
41:09 – Промежуточные итоги книжного вызова
44:18 – Книга для Дороха - Ребекка Яррос «Железное пламя»
46:17 – Книга для Гарика - Ричард Руссо «Непосредственный человек»
49:50 – Книга для Азамата - Эмили Эдвардс «Толпа»
53:04 – Третий гость. Кевин Маккой
54:50 – Что привело Кевина в Россию
58:02 – Удивительные вещи для Кевина в России
59:04 – Говорим о любимых блюдах русской кухни Кевина
01:00:25 – Языковой челлендж для Азамата
01:04:05 – Как у Кевина получился совместный трек с Надеждой Кадышевой
01:08:23 – Как водка помогает здоровью Кевина
01:10:40 – Говорим о юбилее Bad Boys Blue и грядущем концерте
01:11:09 – Что нужно, чтобы оставаться молодым
01:12:04 – Сколько было женщин у Кевина Маккоя
01:13:34 – Выносим в студию всё, что любит Кевин
01:17:01 – Bad Boys Blue - «You're a woman»

КСТАТИ, скачивай приложение VK Видео и смотри шоу «КСТАТИ» и другие проекты VK Видео Originals: trk.mail.ru/c/oy96s5",4877,1715418000,16908980,2168,32449,4160,https://vk.com/video_ext.php?oid=-220754053&id=456240761&hash=d4f86835b1307603&__ref=vk.admin_android&api_hash=17406068348477ee6eec7794ffa0_GMZDANZRGM2TCOA,1,1,1,False,https://sun1-20.userapi.com/impg/GWNnGslPd2MJdyc85X88Ex-rYLFUXqad4HKRbw/7hgYJdCGvzA.jpg?size=130x96&quality=95&keep_aspect_ratio=1&background=000000&sign=1d7389107e6dd91bd911cd6a582a2984&c_uniq_tag=5tecO8N1__2nJhQcloJGyzQo5vIPIWoOTCzB6BruFqM&type=video_thumb
456240702,-220754053,Габар. Безглагольность,"Все треки из выпусков «Сессии» слушай эксклюзивно в VK Музыке: https://vk.com/audios-147845620?z=audio_playlist-1478..   

Подписывайся на сообщество VK Видео и будь в курсе новинок: https://vk.com/vkvideo   

И не забывай про наше приложение, в котором можно смотреть любимые шоу с любого смартфона и Smart TV: https://trk.mail.ru/c/oy96s5",78,1714914180,279250,28,880,122,https://vk.com/video_ext.php?oid=-220754053&id=456240702&hash=8da5811dbd7a5955&__ref=vk.admin_android&api_hash=1740606834ec07226eb9d5132c4a_GMZDANZRGM2TCOA,1,1,1,False,https://sun1-97.userapi.com/impg/ANsM7T-3zktqAwaVnbfn-Tjus9IfOvPb3t3mGg/KuIdOkbitJw.jpg?size=130x96&quality=95&keep_aspect_ratio=1&background=000000&sign=0ed7b39cd0556e4a71ac666a8751e3e6&c_uniq_tag=RH9IONT_Xb0PNGb1TXMufgzNxYWJpYDpvrAxhmj9leI&type=video_thumb
456240681,-220754053,Я. Документальный фильм про буллинг,"Травля (буллинг) – проблема современного общества. По статистике в России каждый второй школьник сталкивался с травлей в школе. Как пережить буллинг, не потеряв свою индивидуальность? Как противостоять коллективному бунту? Где искать помощь? Обо всем этом и не только в документальном фильме «Я». Я – жертва и победитель!

Таймкоды:

00:00 – начало
01:12 – вступление ведущего
01:47 – начало истории Лизы
02:53 – Лизу начали травить в школе – весь класс стал относиться плохо
05:01 – история Дианы
08:00 – история Паши
09:54 – разница в травле со стороны мальчиков и девочек объясняет Анастасия
Ильина
10:47 – как Паша пытался справиться с издевательствами
12:07 – Максим Клочков о предвестниках агрессивного поведения
12:57 – Сергей Мыскин об участниках и атрибутах процесса буллинга
13:44 – Лиза рассказывает, насколько сложно ей было пережить буллинг
15:04 – почему авторитет современного учителя не работает?
16:09 – Саша Бортич рассказывает о своем опыте
21:42 – как Диана одна боролась против всего класса
22:52 – как Пашу лишили детства
24:21 – отец Алексий о влиянии родителей
25:39 – о создании программы по профилактике буллинга в воспитании детей
28:09 – вступление Станиславы Апракиной
29:11 – во сколько лет можно обратиться за помощью самостоятельно?
30:01 – о проблемы после выписки со стационара и как решить?
33:06 – буллинг это патология и требует вмешательства взрослых
33:58 – история Тамары Жуковой
36:47 – почему ребенок попадает в ситуацию изгоя и буллинга?
38:45 – как Паша понял, что с него хватит
43:09 – значение слова педагог рассказывает Владимир Головнер
43:59 – как семье реагировать на суицидальное поведение ребенка
47:13 – суицидальная попытка Паши
51:21 – о разработке программы ценностей о доброжелательном отношении
58:08 – свой и чужой
01:07:23 – главная цель человека – это, помогать

Подписывайся на сообщество VK Видео и будь в курсе новинок: https://vk.com/vkvideo   И не забывай про наше приложение, в котором можно смотреть «Звёзды» и другие любимые шоу с любого смартфона и Smart TV: https://trk.mail.ru/c/oy96s5",4287,1714834800,2379793,118,1302,1118,https://vk.com/video_ext.php?oid=-220754053&id=456240681&hash=f55756b95a0360cd&__ref=vk.admin_android&api_hash=17406068346793a2e21f01d314fd_GMZDANZRGM2TCOA,1,1,1,False,https://sun1-15.userapi.com/impg/fNTeezM3FYMXceJ91VkJoAH7LjkX9S0VAP3IJQ/UFj5NWnQI6o.jpg?size=130x96&quality=95&keep_aspect_ratio=1&background=000000&sign=ba155d303ed38ef0e19801d9b3a7b5d5&c_uniq_tag=UufGSSnUG598H2SeZfEh5fM2PoLyyKP_U3GQaKFmf9M&type=video_thumb
456240680,-220754053,Звёзды. Дуэль. 7 выпуск. Кудрявцева VS Ревва,"Совершайте покупки на Мегамаркете с повышенным кешбэком до 70% бонусами СберСпасибо в мае — https://vk.cc/cwrQCX
Правила акции: https://vk.cc/cwrQDJ
 
Также используйте промокод ЗВЕЗДЫ и получите дополнительную скидку 1 000 рублей при первом заказе от 5 000 рублей! Правила использования промокода: https://vk.cc/cwrQEC
 
Erid: 2Vtzqvk1qhA
Erid: 2VtzqxcS1ha
Erid: 2VtzqwsUiyW

Новое, но уже легендарное шоу «Звёзды» в VK Видео! Десять супер-популярных звёзд сойдутся лицом к лицу, чтобы побороться за звание самой смешной звезды России. Помогать им в этом будут легендарные юмористические команды.

Последняя дуэль первого сезона шоу «Звезды». Несчастный случай, который случился с Лерой Кудрявцевой на репетиции перед съемкой, только усилил команду, а Александр Ревва и команда «Союз» как всегда на пике формы. Но осталась только одна последняя путевка в финал. 

Таймкоды:

00:00 – седьмой выпуск шоу «Звезды», дуэль Леры Кудрявцевой и Александра Реввы
02:55 – в жюри Сергей Жуков
03:40 – в жюри Гарик Харламов
04:40 – в жюри Валя Карнавал
05:34 – в жюри Тимати
06:29 – в жюри Артемий Лебедев
08:20 – выступление Леры Кудрявцевой и ее команды «Раисы»
09:08 – а почему Лера на костылях? Реальное ЧП на шоу «Звезды»
14:13 – и снова заставляют Артемия Лебедева отвечать за свои слова на шоу
18:10 – «Секрет на миллион» в шоу «Звезды»
33:26 – жюри после выступления Леры Кудрявцевой и «Раис»
39:41 – выступление Александра Реввы и его команды «Союз»
42:17 – а вот и Александр Ревва на сцене
49:19 – у команды «Союз» две звезды в одной. Потому что на сцене Артур Пирожков
54:52 – запрещенный прием по отношению к Вале Карнавал. Но сработал он на Артемия больше
01:00:20 – жюри после выступления Александра Реввы и «Союза»
01:05:46 – очень сложное решение ждет жюри, обе команды достойны финала

Подписывайся на сообщество VK Видео и будь в курсе новинок: https://vk.com/vkvideo 

  И не забывай про наше приложение, в котором можно смотреть «Звёзды» и другие любимые шоу с любого смартфона и Smart TV: https://trk.mail.ru/c/oy96s5",4234,1714821600,27462383,8015,41688,12614,https://vk.com/video_ext.php?oid=-220754053&id=456240680&hash=1fb55776bc5c3650&__ref=vk.admin_android&api_hash=1740606834045c79d876c451cc99_GMZDANZRGM2TCOA,1,1,1,False,https://sun1-27.userapi.com/impg/aQB6A0LM3KFmFcmT6-TfW4VpXcKAydZ_576YWg/A1tT0o7-SSM.jpg?size=130x96&quality=95&keep_aspect_ratio=1&background=000000&sign=a5150593b3b890d0c581994650ef962c&c_uniq_tag=90ZOMZSbCR9YvGBSkaxb4A7AKKpgghPjjU2pgJgQ244&type=video_thumb
456240679,-220754053,"КСТАТИ #40 – Маш Милаш, Нюша, Харламов, Мусагалиев, Дорохов","Накопительный ВТБ-счет со ставкой до 16% годовых.
Достигайте своих целей быстрее!
Откройте накопительный ВТБ-Счет: https://vk.cc/cws6dC
Всё получится!
Реклама. ПАО ВТБ ИНН 7702070139 erid: 2VtzqvrCv6k
 
В новом HAVAL JOLION еще больше комфорта и интеллектуальных технологий. Сделайте шаг вперед вместе с новым HAVAL JOLION: https://vk.cc/cwoqyM
Реклама. ООО «ХАВЕЙЛ МОТОР РУС» ИНН 7729763331 erid: 2Vtzqx8GtQY
 
Информация по кастингу «Битва за время»: https://vk.com/battlefortime
 
Сороковой выпуск шоу «Кстати» с Азаматом Харламовым. Дорох наконец-то разделся в «Кстати», возможно это был его последний раз. Гостями сорокового выпуска стали: очаровательная, уникальная и безбашенная – Маш Милаш и вернувшаяся, легендарная и удачливая – Нюша.

Таймкоды:
 
0:00 – Начинаем сороковой выпуск «Кстати»
04:07 – Первая гостья. Маш Милаш
05:40 – Как Маш Милаш отпраздновала миллион подписчиков
06:58 – Дорох продержался три минуты интервью
08:19 – Пытаемся коллективно исполнять песню Маши
11:26 – Как Маш Милаш встретилась с Озчивитом и Серканом Болатом
16:50 – Дорох не выдерживает во второй раз
17:30 – Простил ли Маш Милаш Керем Бюрсин
18:05 – Когда нам ждать музыкальный альбом Маш Милаш
19:15 – Подготавливаем стриптизёра из Дороха
21:46 – Реализуем детский сон Маш Милаш
24:26 – Определяем мужские орехи с Маш Милаш
29:34 – Приятные новости для Азамата
30:23 – Делаем прогнозы на будущее
33:18 – Вторая гостья. Нюша
35:01 – О камбэке Нюши и её новых треках
37:31 – Причина перерыва в творчестве Нюши
40:52 – Обсуждаем таланты в семье Нюши
43:33 – Каково это работать с отцом-продюсером
45:41 – Нюша - заслуженная артистка Туркменистана
47:10 – Секретные творческие планы Нюши
48:53 – Крутим «Колесо удачи» с Нюшей
01:05:51 – Nyusha - «Сверху вниз»

КСТАТИ, скачивай приложение VK Видео и смотри шоу «КСТАТИ» и другие проекты VK Видео Originals: trk.mail.ru/c/oy96s5",4130,1714813200,12902479,1767,30171,8103,https://vk.com/video_ext.php?oid=-220754053&id=456240679&hash=dec46935e4a8b94a&__ref=vk.admin_android&api_hash=17406068347ce7f92422839f234d_GMZDANZRGM2TCOA,1,1,1,False,https://sun1-30.userapi.com/impg/Y9BPZ33m0PI0YP1s_w72cPlt4bkFurxJzAn34A/Bkd92SBz5Co.jpg?size=130x96&quality=95&keep_aspect_ratio=1&background=000000&sign=418c9f39298bdd66a4248702a100a138&c_uniq_tag=F5MuB2ZL41xLhibJWtsbnDoSKWcVv05eA1VeufGQASU&type=video_thumb
456240675,-220754053,"КСТАТИ #40 – Маш Милаш, Нюша, Харламов, Мусагалиев, Дорохов. Тизер","Подписывайся на сообщество VK Видео и будь в курсе новинок: https://vk.com/vkvideo 

И не забывай про наше приложение, в котором можно смотреть любимые шоу с любого смартфона и Smart TV: https://trk.mail.ru/c/oy96s5",39,1714806000,193366,9,248,36,https://vk.com/video_ext.php?oid=-220754053&id=456240675&hash=d58f327087fd051e&__ref=vk.admin_android&api_hash=1740606834ab6d3654103e19cb34_GMZDANZRGM2TCOA,1,1,1,False,https://i.mycdn.me/getVideoPreview?id=7548437990083&idx=2&type=39&tkn=SLXjqQ5IrVVjKm-RRHKdblD6qxI&fn=vid_s
456240666,-220754053,Трейлер документального фильма «Я»,"Травля (буллинг) – проблема современного общества. По статистике, в России, каждый второй школьник сталкивался с травлей в школе. Как пережить буллинг, не потеряв свою индивидуальность? Как противостоять коллективному бунту? Где искать помощь? Обо всем этом и не только в документальном фильме «Я». Премьера 4 мая.

Подписывайся на сообщество VK Видео и будь в курсе новинок: https://vk.com/vkvideo 

И не забывай про наше приложение, в котором можно смотреть любимые шоу с любого смартфона и Smart TV: https://trk.mail.ru/c/oy96s5",58,1714739010,410634,1,193,20,https://vk.com/video_ext.php?oid=-220754053&id=456240666&hash=f2a592f1ff5dae75&__ref=vk.admin_android&api_hash=17406068344fbf19bd8d39ca8244_GMZDANZRGM2TCOA,1,1,1,False,https://sun1-55.userapi.com/impg/TuDPVvNs7-1SxUuHsI2ZOA3qasG1dqUgY3mvfg/G5GhT8yJiio.jpg?size=130x96&quality=95&keep_aspect_ratio=1&background=000000&sign=5de7dc4671f965a70f4401ec0b25e688&c_uniq_tag=9yZYiEcQiUJmCqqxfE3PowJYR355TTNgJjyODWUsiGQ&type=video_thumb
456240670,-220754053,Трейлер 7 выпуска шоу «Звёзды»,"Новое, но уже легендарное шоу «Звёзды» в VK Видео! Десять супер-популярных звёзд сойдутся лицом к лицу, чтобы побороться за звание самой смешной звезды России. Помогать им в этом будут легендарные юмористические команды. 

Подписывайся на сообщество VK Видео и будь в курсе новинок: https://vk.com/vkvideo   

И не забывай про наше приложение, в котором можно смотреть любимые шоу с любого смартфона и Smart TV: https://trk.mail.ru/c/oy96s5",44,1714735418,293937,34,717,54,https://vk.com/video_ext.php?oid=-220754053&id=456240670&hash=ddf55522a222f39f&__ref=vk.admin_android&api_hash=1740606834efd7009fb9819ceb8f_GMZDANZRGM2TCOA,1,1,1,False,https://sun1-47.userapi.com/impg/KcfK47SS4FVUU6v3ABtfU7AxJOqK1PeP6hlYDw/QsAlXWdyj-A.jpg?size=130x96&quality=95&keep_aspect_ratio=1&background=000000&sign=e8f8a8cd3a2a4a60c57d5ada6b52cc2e&c_uniq_tag=qNSsbCwPAHyUtOPjG8wG2dAPhPsJfxfTYiQLtWFuJh4&type=video_thumb
456240652,-220754053,Сессия. Габар,"Участвуйте в акции «Второй шанс: Жми к Мечте» купив билеты «Мечталлион» – https://vk.cc/cws4Hz 
Один билет – два шанса на пути к мечте!
Реклама. ООО «Спортивные Лотереи» ИНН 5003133760 erid: 2Vtzqx1v8qe

В заключительном выпуске сезона шоу «Сессия» вы узнаете, почему жесткий контроль в воспитании и недоверие к людям вызвали у Габара желание манипулировать их чувствами, как это вылилось в экстремальный и треш-контент и почему такое творчество усугубило тревожность, приведя героя к кризису смысла жизни.

В разговоре с Дмитрием Дибровым блогер покопается в причинах своих нервных срывов и выгораний, ставших почвой для развития алкогольной зависимости, а также раскроет для зрителя природу своих страха старости и любви одиночества.

В финале программы Габар исполнит стихотворение Константина Бальмонта «Безглагольность», подведя черту под откровенной беседой. Смотрите эксклюзивно в VK Видео.

Все треки из выпусков «Сессии» слушайте эксклюзивно в VK Музыке: https://vk.com/audios-147845620?z=audio_playlist-147845620_3256

Таймкоды:

00:00 – Начало выпуска
00:31 – Психологическое досье
01:56 – Гипотезы диагнозов
02:06 – Рекламная интеграция
03:17 – Начало сессии
03:44 – Фигура отца в жизни Саши
06:10 – Отсутствие друзей в детстве
07:43 – Одиночество
09:56 – Комментарий психотерапевта
10:20 – Образование и путь в жизни 
13:00 – Самопогребение 
14:57 – Алкогольная зависимость
15:42 – Комментарий психотерапевта
16:05 – Селфхарм и отсутствие вкуса к жизни 
18:14 – Комментарий психотерапевта
18:37 – Эксплуатация животной части человека
19:33 – Страх высоты и смерти
22:04 – Комментарий психотерапевта
22:28 – Контроль над ситуацией и окружающими
26:08 – Манипуляция 
27:40 – Комментарий психотерапевта
28:00 – Игра на чувствах людей
30:10 – Комментарий психотерапевта
30:28 – Выгорание и нервные срывы
32:18 – Кризис смысла жизни 
34:49 – Комментарий психотерапевта
35:12 – Бессмертие
36:57 – Комментарий психотерапевта
37:22 – Страх старости
38:08 – Психологический прием «Обращение к себе взрослому»
40:19 – Стихотворение Константина Бальмонта «Безглагольность»
41:22 – Психологическое заключение 

Смотри новый сезон «Сессии» в приложении VK Видео: https://trk.mail.ru/c/oy96s5",2569,1714640400,3807469,76,2225,751,https://vk.com/video_ext.php?oid=-220754053&id=456240652&hash=c447b28f3da6be2f&__ref=vk.admin_android&api_hash=17406068342ef4739d8a076143df_GMZDANZRGM2TCOA,1,1,1,False,https://sun1-25.userapi.com/impg/fqT4rGSh0EJQKnEAXP7KwpN8adjnCI0P278r6g/kpZfsDCkBk8.jpg?size=130x96&quality=95&keep_aspect_ratio=1&background=000000&sign=f419ecb008f62f45188df8ddbd959127&c_uniq_tag=AXqA4AloCvbIM3abji4KKswhDFgL6W_lUMzdGWnxwaQ&type=video_thumb
456240651,-220754053,Сессия. Габар. Тизер,"«Сессия» – уникальный проект, в котором ведущий Дмитрий Дибров вместе с закадровым психотерапевтом разбирают, как психологические проблемы и травмы влияют на творчество известных личностей. 

Подписывайся на сообщество VK Видео и будь в курсе новинок: https://vk.com/vkvideo

И не забывай про наше приложение, в котором можно смотреть любимые шоу с любого смартфона и Smart TV: https://trk.mail.ru/c/oy96s5",56,1714633200,166354,4,124,18,https://vk.com/video_ext.php?oid=-220754053&id=456240651&hash=a944594724156f46&__ref=vk.admin_android&api_hash=174060683424bd16333fc0180d6b_GMZDANZRGM2TCOA,1,1,1,False,https://i.mycdn.me/getVideoPreview?id=7547846462147&idx=3&type=39&tkn=3lBlhhgZz4BqNtNq3aUOVDUIZFw&fn=vid_s
456240644,-220754053,Одна безумная история | №4: Советское ТВ,"Советская женщина-режиссер первой в мире экранизирует «Властелина колец»? Ведущий «Что? Где? Когда?» Устраивает в стране дефицит чая и попадает в телевизионный бан? Эстонский режиссер снимает рекламы несуществующих товаров и получает приз в Каннах?  Принято считать, что Советское телевидение было серым и скучным. Однако это совсем не так. Этот выпуск – о советском ТВ.
 
Одна безумная история – новое шоу о самых невероятных, авантюрных и необычных экспериментах, инициативах и проектах в истории СССР. В каждом эпизоде ведущий – Евгений Чебатков – разбирается в историях, про которые можно сказать только – «Что это вообще было?».
 
Каждый выпуск «Одной безумной истории» доступен эксклюзивно в VK Видео. Подписывайтесь на сообщество, чтобы не пропустить новые выпуски: https://vk.com/vkvideo
 
Таймкоды:

0:00 – Начало
0:30 – Вступление
1:16 – В этом выпуске
1:43 – История №1: Советская рекламная империя
2:07 – Туалет с двойной крышкой и другие безумные рекламы СССР
2:56 – Пееду Ояма: первый советский рекламщик
4:02 – Зачем реклама в СССР?
4:46 – Гарри Египт: история безумного автора
6:41 – За что эстонцы получили «Каннского льва»?
7:11 – История №2: «Властелин колец» в СССР
8:40 – В Союзе действительно первыми экранизировали Толкина?
8:57 – Субкультура толкинистов
9:30 – «Властелин колец» без спецэффектов: как снимали «Хранителей»?
10:37 – Советский vs Голливудский каст актеров
12:03 – История №3: Главный шоураннер Союза
12:55 – Такого в СССР еще не видели: программа «Аукцион»
13:31 – Владимир Ворошилов: как телевизионщик помогал повышать спрос на продукты
14:28 – Почему из-за Ворошилова в Союзе пропал чай?
15:04 – При чем тут «Что? Где? Когда?»
15:30 – Реальная причина «отмены» Ворошилова
17:16 – Заключение: что это было?

Смотри шоу «Одна безумная история» в приложении VK Видео: https://trk.mail.ru/c/oy96s5",1091,1714554000,3531106,119,3440,613,https://vk.com/video_ext.php?oid=-220754053&id=456240644&hash=5dbbd3f0219ea28f&__ref=vk.admin_android&api_hash=1740606834c93c102c029592e3a0_GMZDANZRGM2TCOA,1,1,1,False,https://sun1-30.userapi.com/impg/vgLlMQTQaKoTALucQj9ZHRbf3uIeY5gYp5cM0A/QrsFbDyn1EM.jpg?size=130x96&quality=95&keep_aspect_ratio=1&background=000000&sign=0b219802c8f3d7037511f40f3f9b2b54&c_uniq_tag=YrXf_kGIderbnss0n-ocxIbtnyOLyc69cQOd6YNHq_0&type=video_thumb
456240629,-220754053,Одна безумная история | №4: Советское ТВ | Тизер,"Одна безумная история – новое шоу о самых невероятных, авантюрных и необычных экспериментах, инициативах и проектах в истории СССР. В каждом эпизоде ведущий – Евгений Чебатков – разбирается в историях, про которые можно сказать только – «Что это вообще было?».   

Подписывайся на сообщество VK Видео и будь в курсе новинок: https://vk.com/vkvideo   

И не забывай про наше приложение, в котором можно смотреть любимые шоу с любого смартфона и Smart TV: https://trk.mail.ru/c/oy96s5",53,1714487222,126637,0,246,13,https://vk.com/video_ext.php?oid=-220754053&id=456240629&hash=357799c49edc8645&__ref=vk.admin_android&api_hash=17406068344db284fd5a7a919343_GMZDANZRGM2TCOA,1,1,1,False,https://sun1-16.userapi.com/impg/zGVfhAL84tZKJgOKxIy-bfXOhQoVfp6SgQ8Oqg/v-vHyEnegiU.jpg?size=130x96&quality=95&keep_aspect_ratio=1&background=000000&sign=ad5374e5aff14b47179e0d858d0b958d&c_uniq_tag=CxozXv4Z-Ig8EjJ07Q4jBdy47ia1j8D8QsxL5Y7xsK0&type=video_thumb
456240620,-220754053,Кишлак. Кодировка,"Все треки из выпусков «Сессии» слушай эксклюзивно в VK Музыке: https://vk.com/audios-147845620?z=audio_playlist-147845620_3256    

Подписывайся на сообщество VK Видео и будь в курсе новинок: https://vk.com/vkvideo   

И не забывай про наше приложение, в котором можно смотреть любимые шоу с любого смартфона и Smart TV: https://trk.mail.ru/c/oy96s5",143,1714306260,419246,184,5756,540,https://vk.com/video_ext.php?oid=-220754053&id=456240620&hash=d12e1405ea817503&__ref=vk.admin_android&api_hash=1740606834ef267bdd6b7af2bc14_GMZDANZRGM2TCOA,1,1,1,False,https://sun1-21.userapi.com/impg/bs1RGO2944_maKcgLTEmUIBwOpvx6mDt8xdDOA/Mq3XX2WUfR4.jpg?size=130x96&quality=95&keep_aspect_ratio=1&background=000000&sign=2c45de58c6b59aa9e2412869f4d99c5a&c_uniq_tag=iIb0hRB93l4aHVDNv5ITI2iHGchDiIj47jxq1VODYiU&type=video_thumb
456240616,-220754053,Звёзды. Дуэль. 6 выпуск. Джиган VS Мигель,"Совершайте покупки на Мегамаркете с повышенным кешбэком до 70% бонусами СберСпасибо в апреле — https://vk.cc/cwopRo
Правила акции: https://vk.cc/cwopU3

Также используйте промокод ЗВЕЗДЫ и получите дополнительную скидку 1 000 рублей при первом заказе от 5 000 рублей! Правила использования промокода: https://vk.cc/cwopVV

Erid: 2VtzqwiGwwn
Erid: 2Vtzqwe7VD1
Erid: 2VtzqwkASKz

Новое, но уже легендарное шоу «Звёзды» в VK Видео! Десять супер-популярных звёзд сойдутся лицом к лицу, чтобы побороться за звание самой смешной звезды России. Помогать им в этом будут легендарные юмористические команды.

Противостояние двух звезд без большого опыта в юморе, но с великолепным выступлением на фестивале – Мигель и Джиган. Кто пройдет в финал? Узнаем прямо сейчас.

Таймкоды:

00:00 – шестой выпуск шоу «Звезды», дуэль Мигель и Джигана
03:00 – в жюри Сергей Жуков
03:54 – в жюри Гарик Харламов 
04:22 – в жюри Тимати 
05:45 – в жюри Валя Карнавал 
06:33 – в жюри Артемий Лебеде
09:00 – выступление Мигеля и его команды «Сборная СССР» 
12:17 – Мигель на сцене 
12:36 – и снова Артемий Лебедев наговорил лишнего в интервью. Теперь про Мигеля
15:32 – Олеся Иванченко и ее расклад таро 
28:29 – жюри после выступления Мигеля и сборной СССР
35:20 – выступление Джигана и его команды «Красноярск» 
39:10 – а вот и сам Джиган 
46:49 – замена звезды. Теперь у Красноярска не Джиган 
54:32 – кто сильнее: Джиган или Тимати? 
01:00:38 – жюри после выступления Джигана и «Красноярска» 
01:08:40 – одна из команд должна вылететь, вторая - попасть в финал

Подписывайся на сообщество VK Видео и будь в курсе новинок: https://vk.com/vkvideo 

И не забывай про наше приложение, в котором можно смотреть «Звёзды» и другие любимые шоу с любого смартфона и Smart TV: https://trk.mail.ru/c/oy96s5",4519,1714216800,25700810,3307,49665,14021,https://vk.com/video_ext.php?oid=-220754053&id=456240616&hash=c473cc17537fec3c&__ref=vk.admin_android&api_hash=17406068340c226c3164ac01be3c_GMZDANZRGM2TCOA,1,1,1,False,https://sun1-15.userapi.com/impg/DtdHo7hViMC0cl_T4QKc443ybTp8w8WmqT1_rw/nLLZKbsqBpo.jpg?size=130x96&quality=95&keep_aspect_ratio=1&background=000000&sign=f0a4a6a0c3920e949f02a8cb95c00b46&c_uniq_tag=6CIc2NJOb_IdIsF20DKeZsZfIFI7ijch0UApCwbUWiE&type=video_thumb
456240612,-220754053,"КСТАТИ #39 – Евгений Гришковец, Николай Осипов, Максим Гончаров, Камил Гаджиев, ALMARY, Харламов, Мусагалиев, Дорохов","Нажав на ▷, вы можете быть собой. Подключайтесь к PREMIER и оставайтесь собой в компании любимых фильмов и сериалов. Всего за 1 рубль: https://clck.ru/3AHpD2
Реклама. ООО «Премьер» ИНН 9702011190 erid: 2Vtzqx8NGsa
 
Смотрите новое шоу «Одна безумная история» по ссылке:
https://vk.com/video/playlist/-220754053_20
 
Тридцать девятый выпуск шоу «Кстати» с Азаматом Харламовым. Дорох за два шоу премию получил, как мы выгоним дважды лауреата. Гостями тридцать девятого выпуска стали: представители Медийной Хоккейной Лиги – Николай Осипов, Максим Гончаров и Камил Гаджиев; человек, который не понимает, зачем он вернулся в интернет – Евгений Гришковец. Музыкальный гость: ALMARY.

Таймкоды:
 
0:00 – Скромно начинаем тридцать девятый выпуск «Кстати»
04:54 – Планы Дороха на выходные
06:00 – Первые гости. Представители МХЛ - Николай Осипов, Максим Гончаров и Камил Гаджиев
07:38 – Как возник медиа хоккей
09:23 – Кто играет в МХЛ
10:24 – Чем занимается Азамат в медиа хоккее
11:25 – Как Дорох оказался на льду
12:29 – Говорим о клубах медиа хоккея и следующем сезоне
14:46 – Оценка первого сезона МХЛ
16:14 – Смотрим мастер-класс по интервью от Максима Гончарова
17:46 – Когда появится медиа лига хоббихорсинга
19:11 – Когда нас ждет мировая МХЛ
19:58 – Ищем оппонента Дороху на дебют в Fight Nights
22:59 – Первый чемпионат шоу «КСТАТИ» по аэрохоккею
28:47 – Делаем прогнозы на будущее
31:41 – Второй гость. Евгений Гришковец
33:16 – О чем новый эстрадный концерт Евгения «Порядок слов»
35:15 – 25 лет спектаклю «Как я съел собаку»
38:35 – Как познакомились Гарик и Владимир Зельдин
40:11 – Возвращение Евгения в интернет
43:03 – Будет ли фильм-альманах о Сибири
44:41 – Почему Гришковец не смог сыграть самого себя
45:50 – Как Евгений Гришковец отстранил Никиту Кологривого
48:22 – Мемо-монологи в стиле Евгения Гришковца
53:52 – ALMARY - «До скорых встреч»

КСТАТИ, скачивай приложение VK Видео и смотри шоу «КСТАТИ» и другие проекты VK Видео Originals: trk.mail.ru/c/oy96s5",3495,1714208400,10857986,1058,19375,3030,https://vk.com/video_ext.php?oid=-220754053&id=456240612&hash=529f643c654f04f4&__ref=vk.admin_android&api_hash=17406068343dde555837393e3b60_GMZDANZRGM2TCOA,1,1,1,False,https://sun1-92.userapi.com/impg/0ImDQ7qmb5pX6z7W3awwN7GpChV4ktvrW2MfPA/n3quHWNPUl0.jpg?size=130x96&quality=95&keep_aspect_ratio=1&background=000000&sign=96381fd0183bdf974b968b8fa0a3a944&c_uniq_tag=LIYqoOJPK3kWNwsHhu0bULXS9KmHXC4Hu2V4oK0g5eo&type=video_thumb
456240614,-220754053,"КСТАТИ #39 – Евгений Гришковец, Николай Осипов, Максим Гончаров, Камил Гаджиев, ALMARY, Харламов, Мусагалиев, Дорохов. Тизер","Подписывайся на сообщество VK Видео и будь в курсе новинок: https://vk.com/vkvideo 

И не забывай про наше приложение, в котором можно смотреть любимые шоу с любого смартфона и Smart TV: https://trk.mail.ru/c/oy96s5",51,1714201200,185575,10,247,21,https://vk.com/video_ext.php?oid=-220754053&id=456240614&hash=26d750be10e0ca97&__ref=vk.admin_android&api_hash=1740606834d07b00a6d5160756cb_GMZDANZRGM2TCOA,1,1,1,False,https://sun1-86.userapi.com/impg/1R79lHCg1yEuycMMDEuWH82qUSYjEhWi34ymCw/Z8i8zuh1kCk.jpg?size=130x96&quality=95&keep_aspect_ratio=1&background=000000&sign=a3b01c477f409db0a6aac5bfe537671c&c_uniq_tag=JXvhHSz_A1qEFkqPIoICaXUTEcoYD7ondfEHTduHgxs&type=video_thumb
456240606,-220754053,Трейлер 6 выпуска шоу «Звёзды»,"Новое, но уже легендарное шоу «Звёзды» в VK Видео! Десять супер-популярных звёзд сойдутся лицом к лицу, чтобы побороться за звание самой смешной звезды России. Помогать им в этом будут легендарные юмористические команды. 

Подписывайся на сообщество VK Видео и будь в курсе новинок: https://vk.com/vkvideo   

И не забывай про наше приложение, в котором можно смотреть любимые шоу с любого смартфона и Smart TV: https://trk.mail.ru/c/oy96s5",63,1714134077,370266,28,917,88,https://vk.com/video_ext.php?oid=-220754053&id=456240606&hash=4026f4f263f25737&__ref=vk.admin_android&api_hash=174060683473fe88cd89d27dc4cf_GMZDANZRGM2TCOA,1,1,1,False,https://sun1-55.userapi.com/impg/H8irti42ZxG6lkyk1UBgQangBVR_MUHfZ1jkQw/SMmssCLVMzs.jpg?size=130x96&quality=95&keep_aspect_ratio=1&background=000000&sign=15bcea4c5d3262985d756a4251657ce2&c_uniq_tag=glkVSj_bb3R8PvBVeTsLn2q-NzS-0REAgHMBz8XcU00&type=video_thumb
456240594,-220754053,Сессия. Кишлак,"В новом выпуске шоу «Сессия» вы узнаете, как бедное детство в неполной семье с матерью, страдающей алкоголизмом, постоянный буллинг в течение жизни и пережитые тяжелые зависимости привели Кишлака к отсутствию ощущения безопастности в жизни и попытке суицида.

В разговоре с Дмитрием Дибровым музыкант расскажет, какие события спровоцировали возникновение у него ненависти ко всему миру, почему никто в семье в него раньше не верил, а также о своем диагнозе истерическое расстройство личности.

В заключении Кишлак исполнит свой трек «Кодировка» в лайве, подведя черту под откровенной беседой. Смотрите эксклюзивно в VK Видео.

Все треки из выпусков «Сессии» слушайте эксклюзивно в VK Музыке: https://vk.com/audios-147845620?z=audio_playlist-147845620_3256 

Таймкоды:

00:00 – Начало выпуска
00:31 – Психологическое досье
01:33 – Гипотезы диагнозов
01:38 – Начало сессии
02:38 – Почему Максим стал Кишлаком?
03:53 – Ошибка выжившего и зависимости родителей
05:55 – Любовь к матери несмотря ни на что
07:24 – Комментарий психотерапевта
07:48 – Нежелание расплачиваться в старости
09:46 – Изгой в мире и начало алкогольной зависимости
12:10 – Буллинг и социопатия
14:41 – Комментарий психотерапевта
15:05 – Попытка суицида 
17:30 – Недостаток заботы
18:55 – Комментарий психотерапевта
19:15 – Страдания придают силы
21:20 – Истерическое расстройство личности
22:52 – Психологический прием «Обращение к отцу»
27:33 – Комментарий психотерапевта
27:55 – Татуировки в жизни Максима
31:13 – Комментарий психотерапевта
31:31 – Дисморфофобия
34:12 – Комментарий психотерапевта
34:34 – Обиды, травмы и ненависть к миру
37:07 – Панические атаки
38:54 – Комментарий психотерапевта
39:14 – Отсутствие комфорта в трезвости и гармонии в жизни
42:17 – Психологический прием «Обращение к себе маленькому»
44:37 – Трек «Кодировка»
46:47 – Психологическое заключение

Смотри новый сезон «Сессии» в приложении VK Видео: https://trk.mail.ru/c/oy96s5",2887,1714035600,3637286,411,23602,5456,https://vk.com/video_ext.php?oid=-220754053&id=456240594&hash=438ec006e2046df5&__ref=vk.admin_android&api_hash=1740606834a338f80db1b2136211_GMZDANZRGM2TCOA,1,1,1,False,https://sun1-85.userapi.com/impg/PJCUJsftPQTXgRGpnm95aIuUmJruGkYjj9Om0Q/g_WoTGwnJK4.jpg?size=130x96&quality=95&keep_aspect_ratio=1&background=000000&sign=3fdceaa63dfcfec372e591c430a87996&c_uniq_tag=znjskmJbkD2lQ-uxfIkzN2iHfcWNvX9VI1v2uaDjI50&type=video_thumb
456240592,-220754053,Сессия. Кишлак. Тизер,"«Сессия» – уникальный проект, в котором ведущий Дмитрий Дибров вместе с закадровым психотерапевтом разбирают, как психологические проблемы и травмы влияют на творчество известных личностей. 

Подписывайся на сообщество VK Видео и будь в курсе новинок: https://vk.com/vkvideo

И не забывай про наше приложение, в котором можно смотреть любимые шоу с любого смартфона и Smart TV: https://trk.mail.ru/c/oy96s5",59,1714028400,233937,16,482,95,https://vk.com/video_ext.php?oid=-220754053&id=456240592&hash=4b0429a674d58475&__ref=vk.admin_android&api_hash=1740606834466c9b428534a81d81_GMZDANZRGM2TCOA,1,1,1,False,https://i.mycdn.me/getVideoPreview?id=7546525518531&idx=2&type=39&tkn=mclJSlNVbFPyxM3-7grHjWzPXCo&fn=vid_s
456240563,-220754053,Лёша Свик. Люби меня люби,"Все треки из выпусков «Сессии» слушай эксклюзивно в VK Музыке: https://vk.com/audios-147845620?z=audio_playlist-147845620_3256 

Подписывайся на сообщество VK Видео и будь в курсе новинок: https://vk.com/vkvideo 

И не забывай про наше приложение, в котором можно смотреть любимые шоу с любого смартфона и Smart TV: https://trk.mail.ru/c/oy96s5",217,1713705300,792370,42,1258,214,https://vk.com/video_ext.php?oid=-220754053&id=456240563&hash=3d3741f46cacd3a8&__ref=vk.admin_android&api_hash=174060683455af1589f3fa4dcdc6_GMZDANZRGM2TCOA,1,1,1,False,https://sun1-29.userapi.com/impg/yiXxybBmj_b5qhi5wtho7xzB-bw88Src9q_DAA/1NFEqL0tcl8.jpg?size=130x96&quality=95&keep_aspect_ratio=1&background=000000&sign=f313e0c2088b09c8a9e5b6f6f9ed0454&c_uniq_tag=ZglziVz1rJPynLzQnxFvukoGrnT-3R79QcAtIRFfxic&type=video_thumb
456240555,-220754053,Звёзды. Дуэль. 5 выпуск. Мусагалиев VS Чумаков,"Покупайте товары на Мегамаркете с повышенным кешбэком до 60% бонусами СберСпасибо в апреле – https://vk.cc/cwfrjL
Правила акции: https://vk.cc/cwfrlb

Также используйте промокод ЗВЕЗДЫ и получите дополнительную скидку 1 000 рублей при первом заказе от 5 000 рублей! Правила использования промокода: https://vk.cc/cwfroV

Erid: 2VtzqwPHcmd
Erid: 2VtzqxP8UXy
Erid: 2VtzquyXsNo

Новое, но уже легендарное шоу «Звёзды» в VK Видео! Десять супер-популярных звёзд сойдутся лицом к лицу, чтобы побороться за звание самой смешной звезды России. Помогать им в этом будут легендарные юмористические команды.

Очередное противостоянии в шоу «Звезды». На этот раз в дуэли сойдутся Азамат Мусагалиев с командой «Астана» и Алексей Чумаков с командой «Наполеоны».

Таймкоды:

00:00 – пятый выпуск шоу «Звезды». Дуэль Алексея Чумакова и Азамата Мусагалиева 
03:01 – в жюри Сергей Жуков 
03:56 – в жюри Тимати
05:29 – в жюри Валя Карнавал 
06:02 – в жюри Гарик Харламов 
07:26 – в жюри и в неожиданном амплуа 
09:05 – выступление Алексея Чумакова и его команды «Наполеоны» 
09:22 – и сразу же пародия от Алексея. На сцене Александр Серов 
14:55 – появляется шестой член жюри 
24:42 – песня «Малинка» в исполнении «Малинки» 
28:24 – жюри после выступления Алексея Чумакова и «Наполеонов» 
35:10 – выступление Азамата Мусагалиева и его команды «Астана» 
37:37 – Азамат поссорился с жюри 
53:24 – а вот и пародия на самого Чумакова
01:00:02 – коллаборация команд «Астана» и «Камызяки»
01:05:27 – жюри после выступления Азамата Мусагалиева и команды «Астана» 
01:11:59 – голосование за право одной из команд пройти в финал

Подписывайся на сообщество VK Видео и будь в курсе новинок: https://vk.com/vkvideo 

И не забывай про наше приложение, в котором можно смотреть «Звёзды» и другие любимые шоу с любого смартфона и Smart TV: https://trk.mail.ru/c/oy96s5",4562,1713612000,24100640,4562,52451,13972,https://vk.com/video_ext.php?oid=-220754053&id=456240555&hash=d7c57c64c989f7ab&__ref=vk.admin_android&api_hash=17406068347d9d81ed55745be7a7_GMZDANZRGM2TCOA,1,1,1,False,https://sun1-55.userapi.com/impg/kOdQWbuIA7ROa7bZYR7ADeTQLlYd-e15m42srQ/5GftNXuzn2g.jpg?size=130x96&quality=95&keep_aspect_ratio=1&background=000000&sign=2f3e09981c2be7267a2f65f4175cd1da&c_uniq_tag=37z3igAzNFacNrWtdMYc9qUqVWZP2cBljqXR6gawTfA&type=video_thumb
456240553,-220754053,"КСТАТИ #38 – Даша Дошик, Юрий Быков, Зоя Яровицына, Харламов, Мусагалиев, Дорохов","В апреле покупайте мебель с повышенным кешбэком до 60% бонусами СберСпасибо на Мегамаркете – https://vk.cc/cwh4wN

 Правила акции: https://vk.cc/cwh4Cz
 
Также используйте промокод КСТАТИ и получите дополнительную скидку 3 000 рублей при первом заказе от 10 000 рублей! Правила использования промокода: https://vk.cc/cwh4EH

Erid: 2VtzqxGumJo
 
Моторные масла Sintec с технологией MolyGuard – повышенная защита двигателя.
Скидка 15% по промокоду KSTATI на синтетические моторные масла SINTEC https://vk.cc/cwi5G9
 
Реклама. АО «Синтек Групп» ИНН 4025458167 erid: 2VtzquWTdQ3
 
Книги Зои:

Дженнифер Уорф «Вызовите акушерку»: https://vk.com/audiobook4865
Кристин Ханна «С жизнью наедине»: https://vk.com/audiobook5163
Мишель Бюсси «Черные кувшинки»: https://vk.com/audiobook2672
 
Тридцать восьмой выпуск шоу «Кстати» с Азаматом Харламовым. Дороха скоро наконец-то возьмут не в индийский фильм, в следующий раз придёт уже гостем. Гостями тридцать восьмого выпуска стали: первый миллиардер VK Клипов – Даша Дошик; единственная гостья, которая раздаёт нам домашние задания – Зоя Яровицына; человек в поисках маньяков – Юрий Быков. Музыкальные гости: Купание обезьяны в тёплой воде.

Таймкоды:
 
0:00 – Начинаем тридцать восьмой выпуск «Кстати»
08:11 – Первая гостья. Даша Дошик
08:46 – Миллиард просмотров в VK Клипах
10:06 – Появилась ли у Даши «кологривость»
11:30 – Как Даша отпраздновала двадцатилетие
12:56 – Первая роль Даши в кино и причём тут Киркоров
17:00 – Что такое «эдиты»
18:47 – Блокировка тик-тока на 22 миллиона подписчиков
19:50 – Почему Даша не рассматривает отношения
24:08 – Подбираем пару для Даши Дошик
27:49 – Играем в «Повтори эмодзи» с Дашей Дошик
31:27 – Пытаемся сдерживать Дороха
32:44 – Вторая гостья. Зоя Яровицына
34:21 – Зоя проверяет домашнее задание Азамата
41:57 – Предварительные результаты книжного вызова
43:23 – Книга для Гарика - Дженнифер Уорф «Вызовите акушерку»
47:50 – Книга для Азамата - Кристин Ханна «С жизнью наедине»
51:33 – Книга для Дороха - Мишель Бюсси «Черные кувшинки»
56:57 – Делаем прогнозы на будущее
01:00:02 – Третий гость. Юрий Быков
01:02:05 – Говорим о грядущем фильме Юрия «Хозяин»
01:04:18 – Юрий и Гордон
01:05:34 – Благодарим Юрия за «Майора» и «Дурака»
01:06:48 – Юрий ищет маньяка в «Метод 3»
01:08:54 – Говорим о сериале «Лихие»
01:12:04 – Смотрим с Юрием актёрские визитки
01:19:27 – Живые пробы Дорохова в фильм Быкова
01:21:22 – Купание обезьяны в тёплой воде - «Рехаб»

КСТАТИ, скачивай приложение VK Видео и смотри шоу «КСТАТИ» и другие проекты VK Видео Originals: trk.mail.ru/c/oy96s5",5188,1713603600,11554896,1745,25544,4399,https://vk.com/video_ext.php?oid=-220754053&id=456240553&hash=984a554878fce29b&__ref=vk.admin_android&api_hash=1740606834f34116f6ec78ded8e6_GMZDANZRGM2TCOA,1,1,1,False,https://sun1-87.userapi.com/impg/_8cByDSKDe-aN5Pm88YYSfz-f_E2crbDEDNtEA/Q5ZKn-fR2zo.jpg?size=130x96&quality=95&keep_aspect_ratio=1&background=000000&sign=7258f2799714e0f2f0694ec51299bafa&c_uniq_tag=hJcDe3VExCgFRQkWnqVtVKejQavzVIFJo1sgsRbTwz0&type=video_thumb
456240550,-220754053,"КСТАТИ #38 – Даша Дошик, Юрий Быков, Зоя Яровицына, Харламов, Мусагалиев, Дорохов. Тизер","Подписывайся на сообщество VK Видео и будь в курсе новинок: https://vk.com/vkvideo 

И не забывай про наше приложение, в котором можно смотреть любимые шоу с любого смартфона и Smart TV: https://trk.mail.ru/c/oy96s5",72,1713596400,126127,9,212,16,https://vk.com/video_ext.php?oid=-220754053&id=456240550&hash=8310a468fc4d5389&__ref=vk.admin_android&api_hash=17406068342856f98ab873736d29_GMZDANZRGM2TCOA,1,1,1,False,https://sun1-26.userapi.com/impg/EzB7fVR5wydXuG9HNiWoAvaEnuVZ4hfKNlo3pw/uo1bLK0h7jo.jpg?size=130x96&quality=95&keep_aspect_ratio=1&background=000000&sign=a7997c608b35174b75ad64734b431391&c_uniq_tag=GGbOcrNnIT-0Jsd50nZDQXShQWsVBybxlvonTGrxb7M&type=video_thumb
456240531,-220754053,Трейлер 5 выпуска шоу «Звёзды»,"Новое, но уже легендарное шоу «Звёзды» в VK Видео! Десять супер-популярных звёзд сойдутся лицом к лицу, чтобы побороться за звание самой смешной звезды России. Помогать им в этом будут легендарные юмористические команды. 

Подписывайся на сообщество VK Видео и будь в курсе новинок: https://vk.com/vkvideo 

И не забывай про наше приложение, в котором можно смотреть любимые шоу с любого смартфона и Smart TV: https://trk.mail.ru/c/oy96s5",51,1713526302,324528,20,963,84,https://vk.com/video_ext.php?oid=-220754053&id=456240531&hash=5570bc87a0c5eaaf&__ref=vk.admin_android&api_hash=17406068340eb0d71bd62aa7410c_GMZDANZRGM2TCOA,1,1,1,False,https://sun1-92.userapi.com/impg/22TzBIu_HzD_V3x-LW8-h2Ro8GjMmZp1xofUIg/qXhv3P39mMA.jpg?size=130x96&quality=95&keep_aspect_ratio=1&background=000000&sign=ef6d80203d19c2f0c31c3758d8574739&c_uniq_tag=g4qi8-CvcO2Vpu2TPYlZplKZYYQ8CckVfw6obAxj13U&type=video_thumb
456240495,-220754053,Сессия. Лёша Свик,"В новом выпуске шоу «Сессия» вы узнаете, как пережитое в детстве насилие между близкими людьми, ссоры родителей и затяжной алкоголизм отца послужили развитию у Лёши Свика посттравматического стрессового расстройства, ставшего основной для появления депрессивных эпизодов, повышенной раздражительности и тревожности.

В диалоге с Дмитрием Дибровым певец вспомнит травмирующий опыт детства, проведя параллели событий тех лет с нынешним временем, раскопав для себя причины недоверия к матери и, как следствие, страха привязанности и эмоциональной близости со всем противоположным полом. 

В конце выпуска Лёша Свик исполнит свой трек «Люби меня люби» в лайве, подведя черту под откровенной беседой. Смотрите эксклюзивно в VK Видео.

Все треки из выпусков «Сессии» слушайте эксклюзивно в VK Музыке: https://vk.com/audios-147845620?z=audio_playlist-147845620_3256

Таймкоды:

00:00 – Начало выпуска
00:31 – Психологическое досье
01:31 – Гипотезы диагнозов
01:38 – Начало сессии
03:50 – Музыка как спасение в детстве
06:43 – Комментарий психотерапевта
07:05 – Драки и алкоголь
08:43 – Воспоминания о детстве
10:39 – Злость на отца
12:27 – Комментарий психотерапевта
12:51 – Встреча и потеря отца
15:05 – Психологический прием «Обращение к отцу»
16:45 – Комментарий психотерапевта
17:03 – Случайный свидетель семейных ссор 
19:20 – Воспитание младшего брата
21:19 – Комментарий психотерапевта
21:40 – Уход в работу 
23:07 – Боль и переживания матери
24:05 – Измены и недоверие к женщинам
26:01 – Комментарий психотерапевта
26:24 – Любовь к дочери
28:18 – Творчество как результат переживаний
29:46 – Дружба между мужчиной и девушкой
31:20 – Комментарий психотерапевта
31:41 – Критика окружающих
34:10 – Поцелуй с Бузовой
35:20 – Груз ответственности 
36:20 – Комментарий психотерапевта
36:45 – Успех и песни для себя
38:04 – Эзотерика и изменение образа жизни
42:00 – Психологический прием «Обращение к себе маленькому»
44:01 – Трек «Люби меня люби»
47:25 – Психологические заключение 

Смотри новый сезон «Сессии» в приложении VK Видео: https://trk.mail.ru/c/oy96s5",2922,1713430800,3878270,53,2202,862,https://vk.com/video_ext.php?oid=-220754053&id=456240495&hash=d9681cc4ab6bd7c4&__ref=vk.admin_android&api_hash=17406068344f9a2a0f0409b738cd_GMZDANZRGM2TCOA,1,1,1,False,https://sun1-86.userapi.com/impg/nvX9tuck5CFUVlwEgoSkWS8xiPBJmr4eXad50A/po4nc6DsTao.jpg?size=130x96&quality=95&keep_aspect_ratio=1&background=000000&sign=ee87c8f813689e0da56798daea15a9d3&c_uniq_tag=P9RPPHC-_tdLn-tpzc4s2QRIKjwTs_OayVl-HcqGJUM&type=video_thumb
456240493,-220754053,Сессия. Лёша Свик. Тизер,"«Сессия» – уникальный проект, в котором ведущий Дмитрий Дибров вместе с закадровым психотерапевтом разбирают, как психологические проблемы и травмы влияют на творчество известных личностей. 

Подписывайся на сообщество VK Видео и будь в курсе новинок: https://vk.com/vkvideo

И не забывай про наше приложение, в котором можно смотреть любимые шоу с любого смартфона и Smart TV: https://trk.mail.ru/c/oy96s5",60,1713423600,156275,1,112,18,https://vk.com/video_ext.php?oid=-220754053&id=456240493&hash=4e76dfd915be4619&__ref=vk.admin_android&api_hash=1740606834be5109f59cc8c996f7_GMZDANZRGM2TCOA,1,1,1,False,https://i.mycdn.me/getVideoPreview?id=7545758485187&idx=10&type=39&tkn=qgbhzqNJHEyPw3xJtWU12uR9vdc&fn=vid_s
456240484,-220754053,Одна безумная история | №3: Дружба народов,"Зачем компании Пепси понадобился советский военный флот? Немецкие полицейские выдали медведице из СССР права и разрешили покататься на мотоцикле по Штутгарту? Как простая американская девочка написала письмо советскому генсеку и чуть не закончила холодную войну? Третий выпуск – о дружбе народов.
 
Одна безумная история – новое шоу о самых невероятных, авантюрных и необычных экспериментах, инициативах и проектах в истории СССР. В каждом эпизоде ведущий – Евгений Чебатков – разбирается в историях, про которые можно сказать только – «Что это вообще было?».
 
Каждый выпуск «Одной безумной истории» доступен эксклюзивно в VK Видео. Подписывайся на сообщество, чтобы не пропустить новые выпуски: https://vk.com/vkvideo
 
Таймкоды:
 
0:00 – Начало
0:28 – Вступление: о чем этот выпуск
0:53 – В этом выпуске
1:16 – История #1: «Пепси» в обмен на советские подлодки
1:42 – Как в СССР появилась газировка «Пепси»
2:53 – Водку – в США, «Пепси» – в СССР! Чем Советский союз платил за газировку.
3:36 – Как в сделке появились военные корабли
5:19 – Прайс-лист на советский флот
6:07 – Миф о военном флоте «Пепси»
6:47 – Сделка после распада СССР: на вырученную валюту открыли пиццерию
6:58 – Неожиданная звезда рекламы «Пицца хат»
7:06 – История #2: Советская медведица в Германии
8:13 – Как медведица на мотоцикле появилась на улицах Штутгарта
8:34 – Валентин Филатов и его уникальный цирк
9:15 – Дочь Филатова – о таланте отца
9:15 – «Медвежья дипломатия» – почему весь мир был в восторге от русского медведя
10:25 – Как Валентин Филатов ловил медведей на улицах
11:24 – Медведице по имени Девочка выдали права в Германии!
12:00 – Мотопробег медведицы – как прошла неожиданная рекламная акция цирка
12:56 – Чем закончилась авария с участием Девочки
13:41 – История #3: Американская девочка и письмо советскому генсеку
14:20 – Отношения СССР и США в 80-х
15:14 – Почему Саманта Смит решилась написать письмо в СССР?
16:05 – Письмо Саманты Юрию Андропову
17:32 – Ответ Андропова
18:12 – Путешествие Саманты Смит в Советский Союз
19:07 – Почему в США рисовали карикатуры на Саманту
19:45 – Трагедия: как в СССР и в США скорбели о гибели Саманты Смит
20:29 – Что это вообще было?
21:14 – В следующем выпуске

Смотри шоу «Одна безумная история» в приложении VK Видео: https://trk.mail.ru/c/oy96s5",1304,1713344400,4179780,108,3628,674,https://vk.com/video_ext.php?oid=-220754053&id=456240484&hash=462ea600bdbcdfd9&__ref=vk.admin_android&api_hash=1740606834af2fe2d3ed58a6cb08_GMZDANZRGM2TCOA,1,1,1,False,https://sun1-20.userapi.com/impg/w8PQCOnOtSrpUfvmXyCN3LWOAZjchOgbXDX6Lg/w-1zMF24dZk.jpg?size=130x96&quality=95&keep_aspect_ratio=1&background=000000&sign=8073656fd584e6db0eaafeac0ddf8483&c_uniq_tag=I-2Qjb0Mlv5KHWwJ6kFgjPmjYeGWv5_5M7EPcJLD56M&type=video_thumb
456240482,-220754053,Одна безумная история | №3: Дружба народов | Тизер,"Одна безумная история – новое шоу о самых невероятных, авантюрных и необычных экспериментах, инициативах и проектах в истории СССР. В каждом эпизоде ведущий – Евгений Чебатков – разбирается в историях, про которые можно сказать только – «Что это вообще было?».

Подписывайся на сообщество VK Видео и будь в курсе новинок: https://vk.com/vkvideo

И не забывай про наше приложение, в котором можно смотреть любимые шоу с любого смартфона и Smart TV: https://trk.mail.ru/c/oy96s5",58,1713271007,141965,13,364,16,https://vk.com/video_ext.php?oid=-220754053&id=456240482&hash=4dcf764039c2ac0d&__ref=vk.admin_android&api_hash=17406068345f8d0afaebb2f77822_GMZDANZRGM2TCOA,1,1,1,False,https://i.mycdn.me/getVideoPreview?id=6301769861882&idx=0&type=39&tkn=ZiybKPunBfSh1EFNUN5BeBGKMyc&fn=vid_s
456240478,-220754053,Сессия. Тизер 4 сезона,"Новые звёзды (теперь не только музыканты!) и ещё больше откровенных историй! «Сессия» — это уникальный проект, в котором ведущий Дмитрий Дибров вместе с закадровым психотерапевтом разбирают, как психологические проблемы и травмы влияют на творчество известных личностей. 

Все выпуски шоу ищи в сообществе VK Видео: https://vk.com/video/playlist/-220754053_5 

И не забывай про наше приложение, в котором можно смотреть любимые шоу с любого смартфона и Smart TV: https://trk.mail.ru/c/oy96s5",69,1713262123,634167,14,209,52,https://vk.com/video_ext.php?oid=-220754053&id=456240478&hash=5dbec60fd68628d2&__ref=vk.admin_android&api_hash=174060683420a5974f544ec3a220_GMZDANZRGM2TCOA,1,1,1,False,https://sun1-88.userapi.com/impg/rnhKE3WB1H2pr1SlnLmgLBhPTzSmRMttpVJYIA/hDmyfFtuPIU.jpg?size=130x96&quality=95&keep_aspect_ratio=1&background=000000&sign=68e852ab3e74b102fa26a303c177ee5d&c_uniq_tag=MeatLMDPLHR6vRzEKEZeQbW02fgp5dgCmwJ1-9XBjSY&type=video_thumb
456240452,-220754053,"КСТАТИ #37 – Александр Петров, Марк Эйдельштейн, Даша Верещагина, W24, Харламов, Мусагалиев, Дорохов","Тридцать седьмой выпуск шоу «Кстати» с Азаматом Харламовым. Дорох чуть не стал причиной международного скандала, скорее всего он был в последний раз. Гостями тридцать седьмого выпуска стали: будущее и настоящее российского кинематографа – Марк Эйдельштейн, Даша Верещагина и Александр Петров; гости, которые вывели «Кстати» в статус международной интернет-передачи – Ким Чжонгиль, Чон Ховон и Ким Юнсу, а вместе они группа «W24».

Таймкоды:
 
0:00 – Начинаем тридцать седьмой выпуск «Кстати»
04:30 – Первые гости. Александр Петров, Марк Эйдельштейн и Даша Верещагина
07:24 – Смотрим и обсуждаем трейлер фильма «Сто лет тому вперёд»
08:47 – Первый злодей Александра Петрова
10:57 – Марк сыграл пацана в наушниках
11:31 – Как молодым актёрам пробиться в кино
13:49 – Передаём привет Сергею Бурунову
14:45 – Говорим о будущих проектах ребят
18:31 – Как Саша Петров попал к Роману Полански
19:57 – Говорим про грядущий биографический фильм о Перельмане
23:19 – Саша Петров и семейная жизнь
24:02 – Мутят ли Даша и Марк
28:54 – Как Саша Петров готовился к Есенину
33:10 – Как не «окологривиться» молодым артистам
35:38 – Играем с гостями в «Гостей из будущего»
43:50 – Делаем прогнозы на будущее
48:08 – Вторые гости. Ким Чжонгиль, Чон Ховон и Ким Юнсу. Группа «W24»
49:55 – Что означает «W24»
50:28 – Дорох представляет ведущих «Кстати»
51:09 – Откуда у ребят тяга к нашей стране и культуре
53:39 – Знакомим ребят с российским шоу-бизнесом
58:58 – Как группа «W242 праздновала день рождения группы
01:01:33 – Азамат пытается попасть в «W24»
01:03:27 – Почему k-pop так популярен
01:06:52 – Когда у ребят будет тур по России
01:07:53 – Пытаемся выяснить инсайды о втором сезоне «Игры в кальмара»
01:08:44 – Дарим ребятам музыкальный подарок
01:11:01 – Выполняем музыкальный лестничный челлендж с «W24»
01:15:15 – W24 - «Самая - самая»

КСТАТИ, скачивай приложение VK Видео и смотри шоу «КСТАТИ» и другие проекты VK Видео Originals: trk.mail.ru/c/oy96s5",4761,1712998800,14666498,2394,43494,11524,https://vk.com/video_ext.php?oid=-220754053&id=456240452&hash=bfd8024bb02cf82c&__ref=vk.admin_android&api_hash=174060683461fbcfe222609af9d8_GMZDANZRGM2TCOA,1,1,1,False,https://sun1-83.userapi.com/impg/KvIvE3SxLTWK7C37z22PVFXzNipel0Y4zECYFQ/2aFVZYQzig8.jpg?size=130x96&quality=95&keep_aspect_ratio=1&background=000000&sign=d2ba2883df9c7841a3d7e6fa760b1fe9&c_uniq_tag=7vZQCYC6q0DS58FQ_hIKWBGC8G4OFF9DsDKuTa8suSk&type=video_thumb
456240451,-220754053,"КСТАТИ #37 – Александр Петров, Марк Эйдельштейн, Даша Верещагина, W24, Харламов, Мусагалиев, Дорохов. Тизер","Подписывайся на сообщество VK Видео и будь в курсе новинок: https://vk.com/vkvideo 

И не забывай про наше приложение, в котором можно смотреть любимые шоу с любого смартфона и Smart TV: https://trk.mail.ru/c/oy96s5",53,1712991600,306574,54,774,195,https://vk.com/video_ext.php?oid=-220754053&id=456240451&hash=0f5ce0a885448601&__ref=vk.admin_android&api_hash=1740606834010be19448d1e6e3d0_GMZDANZRGM2TCOA,1,1,1,False,https://sun1-89.userapi.com/impg/q6WQ4AByokjNqKqfn1Tior9y_4fPQxTJpVJGjQ/XhKi2CiiR58.jpg?size=130x96&quality=95&keep_aspect_ratio=1&background=000000&sign=727691a7bb92fcae9268a3809bb3f6cf&c_uniq_tag=dxOgOyqogMkIPfAVLzGZTDGR7IKusM6Zx5_xFYnXvD0&type=video_thumb
456240447,-220754053,Звёзды. Дуэль. 4 выпуск. Федункив VS Маликов,"Покупайте товары на Мегамаркете с повышенным кешбэком до 60% бонусами СберСпасибо в апреле – https://vk.cc/cw82zE
Правила акции: https://vk.cc/cw82BI

Также используйте промокод ЗВЕЗДЫ и получите дополнительную скидку 1 000 рублей при первом заказе от 5 000 рублей! Правила использования промокода: https://vk.cc/cw82CQ

Erid: 2VtzqvFSp1d
Erid: 2Vtzqw9qF9Z
Erid: 2VtzqwLGrRD
Erid: 2Vtzqwe6PD1

Новое, но уже легендарное шоу «Звёзды» в VK Видео! Десять супер-популярных звёзд сойдутся лицом к лицу, чтобы побороться за звание самой смешной звезды России. Помогать им в этом будут легендарные юмористические команды.

В четвёртом выпуске шоу «Звеёды» в дуэли сойдутся Марина Федункив и Дмитрий Маликов. Помогать звёздам будут команды «Сборная России» и «Объединение ЮГ». 
 
00:00 – четвертый выпуск шоу «Звезды». Дуэль Дмитрия Маликова и Марины Федункив 
02:33 – в жюри Сергей Жуков 
03:00 – в жюри Тимати 
03:23 – в жюри Гарик Харламов 
04:05 – в жюри Валя Карнавал
04:41 – в жюри Артемий Лебедев 
06:40 – выступление Дмитрия Маликова и его команды «Сборная России» 
07:45 – в гостях у «России» Екатерина Мизулина 
12:35 – … и Ксения Собчак
29:19 – два Дмитрия Маликова 
32:53 – жюри после выступления Дмитрия Маликова и «Сборной России» 
40:08 – выступление Марины Федункив и ее команды «Объединение ЮГ» 
46:15 – Марина Федункив на сцене 
55:37 – жюри после выступления Марины Федункив и «Объединения ЮГ» 
1:02:40 – голосование за право одной из команд пройти в финал

Подписывайся на сообщество VK Видео и будь в курсе новинок: https://vk.com/vkvideo 

И не забывай про наше приложение, в котором можно смотреть «Звёзды» и другие любимые шоу с любого смартфона и Smart TV: https://trk.mail.ru/c/oy96s5",3965,1713009600,23382689,2833,38165,12687,https://vk.com/video_ext.php?oid=-220754053&id=456240447&hash=6b06382bcc63b24f&__ref=vk.admin_android&api_hash=17406068349b68ccda1242bf9b90_GMZDANZRGM2TCOA,1,1,1,False,https://sun1-17.userapi.com/impg/mALT8H_QX1ZI2VelBpj_bGI6PnFftBmKJbHWdQ/0-s22A9S2Sg.jpg?size=130x96&quality=95&keep_aspect_ratio=1&background=000000&sign=55cb841397353e7f4e1bfc9579eb7f3d&c_uniq_tag=LZBTrjmCe6xigQQseO1zm7vseJOje0SD_mhiBSx1I7Y&type=video_thumb
456240445,-220754053,Трейлер 4 выпуска шоу «Звёзды»,"Новое, но уже легендарное шоу «Звёзды» в VK Видео! Десять супер-популярных звёзд сойдутся лицом к лицу, чтобы побороться за звание самой смешной звезды России. Помогать им в этом будут легендарные юмористические команды. 

Подписывайся на сообщество VK Видео и будь в курсе новинок: https://vk.com/vkvideo 

И не забывай про наше приложение, в котором можно смотреть любимые шоу с любого смартфона и Smart TV: https://trk.mail.ru/c/oy96s5",44,1712934368,482275,22,812,55,https://vk.com/video_ext.php?oid=-220754053&id=456240445&hash=17b6929f542e9a91&__ref=vk.admin_android&api_hash=174060683451345b0968680222e9_GMZDANZRGM2TCOA,1,1,1,False,https://i.mycdn.me/getVideoPreview?id=7544238181059&idx=2&type=39&tkn=iV5W1zht4bbRWeBaWw6ZkhGl6mY&fn=vid_s
456242422,-220754053,Эдвард Бил. Среди камней,"В финале шоу «Сессия» Эдвард Бил исполнил стихотворение Константина Бальмонта «Среди камней». 

Полный выпуск с Эдвардом смотрите по ссылке эксклюзивно в VK Видео: https://vk.com/video-220754053_456240435",71,1731673392,50754,4,43,0,https://vk.com/video_ext.php?oid=-220754053&id=456242422&hash=738d497d193d2612&__ref=vk.admin_android&api_hash=17406068345ae66af6e6d085a9f7_GMZDANZRGM2TCOA,1,1,1,False,https://sun1-14.userapi.com/impg/kGWsDY_f5Cqz3xa1VJ4sgCgHACJffElaH0QXhQ/yyYypQ3PRYc.jpg?size=130x96&quality=95&keep_aspect_ratio=1&background=000000&sign=82fe84fc0f0ebe9f77a864cf4139b51f&c_uniq_tag=YlcLLxf16__9XcTbhley2D6JopFEW6piZFhhEPhMWpM&type=video_thumb
456240435,-220754053,Сессия. Эдвард Бил,"В новом выпуске шоу «Сессия» вы узнаете, как насилие над матерью и фактическое воспитание без родителей сказалось на восприятии Эдвардом Билом окружающего мира, сформировав обиду на людей и пренебрежение к общепринятым нормам морали. 

В разговоре с Дмитрием Дибровым блогер пройдется по самым тяжелым моментам жизни,  выявив настоящую природу своей жажды адреналина и связанные с этим суицидальные наклонности.

В заключение программы Эдвард исполнит стихотворение Константина Бальмонта «Среди камней». Смотрите эксклюзивно в VK Видео. 

Все треки из выпусков «Сессии» слушайте эксклюзивно в VK Музыке: https://vk.com/audios-147845620?z=audio_playlist-147845620_3256

Таймкоды:

00:00 – Начало выпуска
00:31 – Психологическое досье
01:35 – Гипотезы диагнозов
01:43 – Начало сессии
01:52 – Пранки как терапия
04:57 – Воспитание без родителей и психологическая травма детства 
07:27 – Комментарий психотерапевта
07:45 – Воспитание бабушкой
11:51 – Комментарий психотерапевта
12:12 – Алкоголь в жизни Эдварда
13:40 – Отсутствие матери в воспитании
16:10 – Единственное теплое воспоминание о матери
17:29 – Комментарий психотерапевта
17:49 – Спорт как новый дом
19:05 – Помощь людям низкого социального статуса
20:50 – Психологический прием «Обращение к матери»
26:03 – Комментарий психотерапевта
26:23 – Зависимость от адреналина 
29:14 – Женщины как форма адреналиновой зависимости
32:09 – Комментарий психотерапевта
32:37 – Насилие над матерью 
36:59 – Миссия Эдварда Била
39:05 – Комментарий психотерапевта
39:38 – Отношение к женщинам и главный страх
41:58 – Психологический прием «Обращение к себе»
44:57 – Стихотворение Константина Бальмонта – «Среди камней»
45:56 – Психологическое заключение

Смотри новый сезон «Сессии» в приложении VK Видео: https://trk.mail.ru/c/oy96s5",2831,1712826000,3265298,212,2190,989,https://vk.com/video_ext.php?oid=-220754053&id=456240435&hash=42bf691580d71d57&__ref=vk.admin_android&api_hash=174060683522f0416b6b67cdefe1_GMZDANZRGM2TCOA,1,1,1,False,https://sun1-19.userapi.com/impg/M9wAEK_ccLTpXwkDMfpXBtjfv92NOW42eZpZJg/5EOA5AzxneQ.jpg?size=130x96&quality=95&keep_aspect_ratio=1&background=000000&sign=459dd9b154154f80665b1ed4f0b3de95&c_uniq_tag=2fBXATG_-65G0T_W4r3nCevm-ONgaJp1QBTYxpuSduI&type=video_thumb
456240433,-220754053,Сессия. Эдвард Бил. Тизер,"«Сессия» – уникальный проект, в котором ведущий Дмитрий Дибров вместе с закадровым психотерапевтом разбирают, как психологические проблемы и травмы влияют на творчество известных личностей. 

Подписывайся на сообщество VK Видео и будь в курсе новинок: https://vk.com/vkvideo

И не забывай про наше приложение, в котором можно смотреть любимые шоу с любого смартфона и Smart TV: https://trk.mail.ru/c/oy96s5",59,1712818800,134280,4,81,16,https://vk.com/video_ext.php?oid=-220754053&id=456240433&hash=3d6671ce92263aee&__ref=vk.admin_android&api_hash=17406068356752e7be9077dd5f69_GMZDANZRGM2TCOA,1,1,1,False,https://i.mycdn.me/getVideoPreview?id=7543622339267&idx=2&type=39&tkn=9lKo21AMqJwPAX-AkBzqAmBbucU&fn=vid_s
456240390,-220754053,Звёзды. Дуэль. 3 выпуск. Киркоров VS Дорохов,"Покупайте товары на Мегамаркете с повышенным кешбэком до 60% бонусами СберСпасибо в апреле — https://bit.ly/3TIX8bw
Правила акции: https://bit.ly/3vptqR7

Также используйте промокод ЗВЕЗДЫ и получите дополнительную скидку 1 000 рублей при первом заказе от 5 000 рублей! Правила использования промокода: https://bit.ly/3IYy9MH

Erid: 2VtzquhW9cH
Erid: 2VtzqwxsLJZ
Erid: 2VtzqwnUQWJ

Новое, но уже легендарное шоу «Звёзды» в VK Видео! Десять супер-популярных звёзд сойдутся лицом к лицу, чтобы побороться за звание самой смешной звезды России. Помогать им в этом будут легендарные юмористические команды. 

Первая дуэль шоу «Звезды» и сразу противостояние Дениса Дорохова и Филиппа Киркорова. Перефразируя фразу Азамата: сегодня узнаем, кто же смешнее – Король или Шут.

00:00 – начало третьего выпуска шоу «Звезды» 
02:39 – в жюри Сергей Жуков 
03:52 – в жюри Гарик Харламов 
04:50 – в жюри Валя Карнавал 
05:32 – в жюри дебютант Тимати 
06:25 – в жюри Артемий Лебедев
07:47 – напоминаем у кого по одному баллу после фестиваля 
09:25 – Выступление Дениса Дорохова и его команды «Регионы» 
11:06 – А вот и сам Денис Дорохов 
12:54 – драма от Дениса 
13:50 – Заур Туганов. Будем знакомить с командой 
22:01 – ИП Юрася со своим турагенством
33:04 – жюри после выступления Дениса Дорохова и «Регионов» 
37:30 – Выступление Филиппа Киркорова и его команды «Борцы»  
41:44 – впервые дуэт Филипп Киркоров и Рухин
48:20 – БОЛЬШЕатюры на сцене шоу «Звезды» 
51:56 – Фил и его обращение к жюри 
01:02:01 – жюри после выступления Филиппа Киркорова и «Борцов» 
01:08:56 – на сцене обе команды и очень сложное решение: кто же пройдет в финал шоу «Звезды» 

Подписывайся на сообщество VK Видео и будь в курсе новинок: https://vk.com/vkvideo 

И не забывай про наше приложение, в котором можно смотреть «Звёзды» и другие любимые шоу с любого смартфона и Smart TV: https://trk.mail.ru/c/oy96s5",4937,1712402520,35590221,5778,69880,24613,https://vk.com/video_ext.php?oid=-220754053&id=456240390&hash=19dfdcabfa2e825c&__ref=vk.admin_android&api_hash=17406068359413a40cc611d3d355_GMZDANZRGM2TCOA,1,1,1,False,https://sun1-24.userapi.com/impg/iNkWJNatSZChzRlJW6iMVX3Um0U91jOoKVFSdw/bO_P16sCoGw.jpg?size=130x96&quality=95&keep_aspect_ratio=1&background=000000&sign=a984e5aef9c0aab55324dfb3d0dde3d4&c_uniq_tag=trROmrC_LJc3Iz62JFqM6_2MMNVg2vxJxVui47YODJM&type=video_thumb
456240394,-220754053,"КСТАТИ #36 – Роман Костомаров, Александр Пушной, Андрей Старый, Даня Крастер, Владимир Леонов, ФОГЕЛЬ","Шутки в сторону. Нам 30 лет! Вернем 30% бонусами с 1 по 30 апреля 2024 г. Скачивайте приложение: https://vk.cc/cvWkxB

Для держателей виртуальной карты лояльности Магнит при покупке товаров из выбранных любимых категорий в приложении «Магнит: акции и доставка» (6+). Есть ограничения. Полная информация о предложении в правилах Программы лояльности «Магнит» на сайте magnit.ru (https://magnit.ru/)

Реклама. Рекламодатель: АО «Тандер» ИНН 2310031475 erid: 2VtzqxWACsp

Регистрируйтесь на Казанский марафон – крупнейший региональный марафон России. Стать участником может каждый! https://kazan.run/

Смотри шоу «Безумные изобретения» эксклюзивно в VK Видео — https://trk.mail.ru/c/gwh032 

Тридцать шестой выпуск шоу «Кстати» с Азаматом Харламовым. Дорох возможно станет символом международных спортивных соревнований, пока что от него рано избавляться. Гостями тридцать шестого выпуска стали: абсолютный чемпион всего – Роман Костомаров; человек сверху, с которым мы радостно обнимались – Министр спорта Республики Татарстан Владимир Александрович Леонов; большое изобретательное трио – Александр Пушной, Андрей Старый и Даня Крастер. Музыкальный гость: ФОГЕЛЬ.

Таймкоды:

0:00 – Начинаем тридцать шестой выпуск «Кстати» и определяем кто на самом деле иностранец
06:00 – Первый гость. Роман Костомаров
08:50 – Откуда у Романа столько внутренних сил
09:53 – Как работает новая рука Романа Костомарова
12:36 – Возвращение на лёд
15:13 – Смотрим и обсуждаем трейлер фильма «Роман Костомаров: Рождённый дважды»
19:33 – Роман вернулся ещё и на снег
22:19 – Играем в викторину «Скуфьи звуки» с Романом Костомаровым
31:44 – Меняем концепт шоу
33:10 – Второй гость. Владимир Леонов. Министр спорта Республики Татарстан
35:52 – Говорим о грядущем Казанском марафоне
39:52 – Дорох собрался бежать
41:58 – Что готовят в Казани для Гарика
42:35 – Говорим об Играх БРИКС
43:50 – Казань - спортивная столица
48:34 – Третьи гости. Александр Пушной, Даня Крастер и Андрей Старый
49:15 – Когда Александр Пушной последний раз видел ведущих «Кстати»
52:22 – Говорим о проекте «Безумные изобретения»
56:50 – Вспоминаем «Галилео»
58:30 – Почему «Русский Рок - Жив»
01:01:08 – Андрей Старый - уникальный гость
01:01:50 – Изобретаем новый стул для Дороха
01:05:01 – Готовимся к импортозамещению с Пушным, Старым и Крастером
01:15:36 – ФОГЕЛЬ - ИСТЕРИЧКА

КСТАТИ, скачивай приложение VK Видео и смотри шоу «КСТАТИ» и другие проекты VK Видео Originals: trk.mail.ru/c/oy96s5",4681,1712394000,10117852,871,22835,3751,https://vk.com/video_ext.php?oid=-220754053&id=456240394&hash=fad5b034b24cb17b&__ref=vk.admin_android&api_hash=174060683533a8beaa59da33e372_GMZDANZRGM2TCOA,1,1,1,False,https://sun1-19.userapi.com/impg/h4yC__dT8empkGPpX-JyKGTO331E6ziuN30ihw/FrS7LjjHNqY.jpg?size=130x96&quality=95&keep_aspect_ratio=1&background=000000&sign=56511bb197b879beb7ccab2217c29a90&c_uniq_tag=WZFa851joR0DN1l_ocltU5v3uHjD0CJKhD5GFchqefk&type=video_thumb
456240391,-220754053,"КСТАТИ #36 – Роман Костомаров, Александр Пушной, Андрей Старый, Даня Крастер, Владимир Леонов, ФОГЕЛЬ. Тизер","Подписывайся на сообщество VK Видео и будь в курсе новинок: https://vk.com/vkvideo 

И не забывай про наше приложение, в котором можно смотреть любимые шоу с любого смартфона и Smart TV: https://trk.mail.ru/c/oy96s5",66,1712386800,116883,7,300,26,https://vk.com/video_ext.php?oid=-220754053&id=456240391&hash=9826c4cee34ef02c&__ref=vk.admin_android&api_hash=17406068355b7db39d5dddeede20_GMZDANZRGM2TCOA,1,1,1,False,https://i.mycdn.me/getVideoPreview?id=7542163180227&idx=1&type=39&tkn=jQM2TjxBmA1PDGB5j0UU7U5oBeg&fn=vid_s
456240388,-220754053,Гурам Амарян. Ещё один потухший день,"Подписывайся на сообщество VK Видео и будь в курсе новинок: https://vk.com/vkvideo 

И не забывай про наше приложение, в котором можно смотреть любимые шоу с любого смартфона и Smart TV: https://trk.mail.ru/c/oy96s5",65,1712315220,255653,17,364,37,https://vk.com/video_ext.php?oid=-220754053&id=456240388&hash=85c65efd75c2ce7e&__ref=vk.admin_android&api_hash=17406068352d28d76cd37a9341d0_GMZDANZRGM2TCOA,1,1,1,False,https://sun1-89.userapi.com/impg/nx6UFOGcGFljy2XkpEDszYVY4JHZf-i0D4z1xA/smopFsbpQmE.jpg?size=130x96&quality=95&keep_aspect_ratio=1&background=000000&sign=8851806a242d7405c6e91b0dda3e2671&c_uniq_tag=OE8kYatukpKPUZDYJn5SnRy-xewR0Vz-H1UGFvkBc2k&type=video_thumb
456240384,-220754053,Сессия. Гурам Амарян,"В новом выпуске шоу «Сессия» Гурам Амарян поделится глубокими личными переживаниями по поводу тяжёлого детства и частого булинга со стороны сверстников, что в комплексе стало для него толчком для начала карьеры в стендапе. 

В беседе с Дмитрием Дибровым комик поговорит о природе своей панической атаки и мыслях завершить карьеру, а также откроет для себя психосоматическую причину астмы, которая проявляется в стрессовых моментах с детства. 

Подводя черту под откровенной беседой Гурам исполнит стихотворение Ивана Никитина – «Ещё один потухший день», которое отражает пройденный им путь. Смотрите эксклюзивно в VK Видео. 

Все треки из выпусков «Сессии» слушайте эксклюзивно в VK Музыке: https://vk.com/audios-147845620?z=audio_playlist-1478..

Таймкоды:

00:00 – Начало выпуска
00:32 – Психологическое досье
01:40 – Гипотезы диагнозов
01:47 – Начало сессии
02:06 – Кочевничество и борьба культур
03:33 – Тяжёлое детство и буллинг со стороны сверстников 
04:38 – Психосоматика астмы 
06:34 – Комментарий психотерапевта
06:49 – Гневный характер
08:21 – Отчетливая паническая атака
10:28 – Комментарий психотерапевта
10:46 – Отец в творчестве Гурама
14:00 – Отношения с родителями
16:52 – Дети и ответственность 
17:41 – Комментарий психотерапевта
17:59 – Отношения с мамой
20:50 – Что такое любовь и семья
22:49 – Комментарий психотерапевта
23:07 – Психологический прием «Обращение к родителям»
26:23 – Внутреннее желание советоваться с родителями
27:27 – Комментарий психотерапевта
27:43 – Никогда не знакомил родителей с девушкой
29:50 – Филофобия
31:57 – Устои езидов 
33:07 – Комментарий психотерапевта
33:24 – Ревность и недоверие к женщинам
37:25 – Опасения в отношении потомства 
38:20 – Психологический прием «Обращение к себе» 
40:58 – Стихотворение Ивана Никитина – Ещё один потухший день
41:49 – Психологическое заключение

Смотри новый сезон «Сессии» в приложении VK Видео: https://trk.mail.ru/c/oy96s5",2579,1712221200,3443450,137,3199,1693,https://vk.com/video_ext.php?oid=-220754053&id=456240384&hash=db10cb04aaa44578&__ref=vk.admin_android&api_hash=17406068353195c1f9be00ecc628_GMZDANZRGM2TCOA,1,1,1,False,https://sun1-29.userapi.com/impg/k6B9RhM2F-qpmpUFndHXsYscEVj7hMLR_PvE0g/k_ca0UVXeLs.jpg?size=130x96&quality=95&keep_aspect_ratio=1&background=000000&sign=c3ef302832d95b7eb8893a339c453fdd&c_uniq_tag=iTUNcdO0iZs-gfDiihl65JNR-gdgZ3uELQOJLUoCLy0&type=video_thumb
456240382,-220754053,Сессия. Гурам Амарян. Тизер,"«Сессия» – уникальный проект, в котором ведущий Дмитрий Дибров вместе с закадровым психотерапевтом разбирают, как психологические проблемы и травмы влияют на творчество известных личностей. 

Подписывайся на сообщество VK Видео и будь в курсе новинок: https://vk.com/vkvideo

И не забывай про наше приложение, в котором можно смотреть любимые шоу с любого смартфона и Smart TV: https://trk.mail.ru/c/oy96s5",59,1712213627,131301,1,122,10,https://vk.com/video_ext.php?oid=-220754053&id=456240382&hash=3677c0c9687c6609&__ref=vk.admin_android&api_hash=17406068358256de9d7c8b318d1d_GMZDANZRGM2TCOA,1,1,1,False,https://i.mycdn.me/getVideoPreview?id=7541543078595&idx=5&type=39&tkn=fS7JHCLkpLrsNhDQsoeptYVlqOE&fn=vid_s
456240379,-220754053,Одна безумная история | №2: Шпионские игры,"Шутки в сторону. Нам 30 лет! Вернем 30% бонусами с 1 по 30 апреля 2024 г. Скачивайте приложение: https://redirect.appmetrica.yandex.com/serve/965462201894776107
Для держателей виртуальной карты лояльности Магнит при покупке товаров из выбранных любимых категорий в приложении «Магнит: акции и доставка» (6+) . Есть ограничения. Полная информация о предложении в правилах Программы лояльности «Магнит» на сайте magnit.ru
Реклама. Рекламодатель: АО «Тандер» ИНН 2310031475 Erid: 2Vtzqx3F47o

Зачем в Советском Союзе тренировали боевых дельфинов? Почему Шведские военные 15 лет принимали селёдку за советскую подлодку? Как пионеры помогли пронести в американское посольство в Москве самый совершенный жучок в истории человечества? Второй выпуск о шпионских играх.
 
Одна безумная история – новое шоу о самых невероятных, авантюрных и необычных экспериментах, инициативах и проектах в истории СССР. В каждом эпизоде ведущий – Евгений Чебатков – разбирается в историях, про которые можно сказать только – «Что это вообще было?».
 
Каждый выпуск «Одной безумной истории» доступен эксклюзивно в VK Видео.
 
Подписывайся на сообщество, чтобы не пропустить новые выпуски: https://vk.com/vkvideo

Таймкоды:

0:00 – Начало
0:30 – Вступление: тема этого выпуска – шпионские игры
1:00 – В этом выпуске
1:24 – История #1: Боевые дельфины
2:14 – Великий дрессировщик Дуров и идея научить ластоногих воевать
3:08 – Как в Севастополе появилась первая дельфинья военная часть
3:42 – Суперспособности дельфинов-разведчиков
4:52 – Почему дельфины не могли убивать людей?
6:23 – Развал СССР: как дельфины ушли на дембель
7:03 – История #2: Странные звуки
8:17 – «Хитрые русские»: как шведы 15 лет злились на подводное шипение
8:50 – Магнус Уолберг: человек, разрешивший загадку звуков
9:38 – При чем тут оказалась селедка?
10:55 – История #3: Жучок в посольстве США
11:30 – «The Thing» или «Штукенция» – советский жучок нового поколения
12:20 – Февраль 45-го: как «штукенция» попала к послу США
13:24 – Лев Термен: история создателя чудо-устройства
14:27 – Как работал «Златоуст»?
15:21 – Кто такой «торговец коврами» и как он спас американское посольство
16:59 – «Златоуст» против Пауэрса: Почему о находке молчали 8 лет?
17:41 – Главное изобретение Льва Термена
18:11 – Что это вообще было?
18:50 – В следующем выпуске
 
Смотри шоу «Одна безумная история» в приложении VK Видео: https://trk.mail.ru/c/oy96s5",1166,1712134800,4696348,141,4262,801,https://vk.com/video_ext.php?oid=-220754053&id=456240379&hash=17d67ecdb2b77d27&__ref=vk.admin_android&api_hash=1740606835f5c8f94f109795f94b_GMZDANZRGM2TCOA,1,1,1,False,https://sun1-88.userapi.com/impg/UfCSEvl7mV9iI4cGMNOxBkJ3bJ4llR0w8Wx4tA/ygarJzEfApY.jpg?size=130x96&quality=95&keep_aspect_ratio=1&background=000000&sign=24b66126efb573da4693a5ff4c709e58&c_uniq_tag=SA5g6EkJ1ingtF4yVe5m4paQJibpHr0hkd5NqOtykns&type=video_thumb
456240370,-220754053,Одна безумная история | №2: Шпионские игры | Тизер,"Одна безумная история – новое шоу о самых невероятных, авантюрных и необычных экспериментах, инициативах и проектах в истории СССР. В каждом эпизоде ведущий – Евгений Чебатков – разбирается в историях, про которые можно сказать только – «Что это вообще было?».

Подписывайся на сообщество VK Видео и будь в курсе новинок: https://vk.com/vkvideo

И не забывай про наше приложение, в котором можно смотреть любимые шоу с любого смартфона и Smart TV: https://trk.mail.ru/c/oy96s5",51,1712048400,252010,10,849,20,https://vk.com/video_ext.php?oid=-220754053&id=456240370&hash=1f97832da6751cb3&__ref=vk.admin_android&api_hash=174060683567d0cd501922707e35_GMZDANZRGM2TCOA,1,1,1,False,https://sun1-83.userapi.com/impg/GtOqBIlp_eiHiFuJ44nPu8g33rzSz3BTzWd42Q/EKMBtIC3VDc.jpg?size=130x96&quality=95&keep_aspect_ratio=1&background=000000&sign=044d7e034687c9cc745de96836a64e48&c_uniq_tag=febJJ3SeUI45p1h9I0WPE3cJaCTTHjNJuHlztjyPO60&type=video_thumb
456240366,-220754053,MIA BOYKA. Навигатор,Все треки из выпусков «Сессии» слушайте эксклюзивно в VK Музыке: https://vk.com/audios-147845620?z=audio_playlist-1478..,188,1711985700,320068,37,600,50,https://vk.com/video_ext.php?oid=-220754053&id=456240366&hash=36b0827ad41d02d4&__ref=vk.admin_android&api_hash=17406068352ac77fc9f865e5488d_GMZDANZRGM2TCOA,1,1,1,False,https://sun1-88.userapi.com/impg/rtWfM1Y3hwwN9FkySYe6V1jvYQ1ZvhuhE3xELQ/gBAiJ1say0Y.jpg?size=130x96&quality=95&keep_aspect_ratio=1&background=000000&sign=4acf09516e7eba4cb196c958cc44b941&c_uniq_tag=ZRgoRazBWLH4vE_ZLk6Ss89UahERmiGndq7wWX4KhOk&type=video_thumb
456240358,-220754053,"КСТАТИ #35 – Андрей Князев, Виктор Добронравов, Елизавета Моряк, Зоя Яровицына, Харламов, Мусагалиев, Дорохов","В апреле покупайте автотовары с повышенным кешбэком до 60% бонусами СберСпасибо на Мегамаркете – https://bit.ly/3TXyYf4
Правила акции: https://bit.ly/4czeC2W
 
Также используйте промокод КСТАТИ и получите дополнительную скидку 3 000 рублей при первом заказе от 10 000 рублей! Правила использования промокода: https://bit.ly/4apc59E
Erid: 2VtzqvFgLbo
 
Топ-книг от Зои Яровицыной можно послушать тут:
 
Фредрик Бакман «После бури»:
https://vk.com/audiobook4883 
 
Николас Пиледжи «Казино. Любовь и власть в Лас-Вегасе»:
https://vk.com/audiobook3059
 
Ким Чжи Хе «Книжная кухня»:
https://vk.com/audiobook4433
 
Михаил Булгаков «Мастер и Маргарита»:
https://vk.com/audiobook581
 
Александр Пушкин «Евгений Онегин»: 
https://vk.com/audiobook2239
 
От всего коллектива шоу «Кстати» мы приносим свои глубочайшие соболезнования всем, кто пострадал в трагедии в Москве 22.03.2024. Тридцать пятый выпуск шоу «Кстати», был записан незадолго до случившегося и мы надеемся, что положительные эмоции от него помогут заполнить образовавшуюся пустоту. 
 
Тридцать пятый выпуск шоу «Кстати» с Азаматом Харламовым. Дорох наобещал, что прочитает много книг, пока оставили его, чтобы потом проверить. Гостями тридцать пятого выпуска стали: те, кто готовились к роли Онегина и Татьяны годами – Виктор Добронравов и Елизавета Моряк; пришедшая к нам с литературным вызовом Зоя Яровицына; самый хороший среди легендарных панков – Андрей Князев. Музыкальные гости: группа КняZz.

Таймкоды:
 
0:00 – Начинаем тридцать пятый выпуск «Кстати»
01:02 – Первые гости. Виктор Добронравов и Елизавета Моряк
02:46 – Смотрим и обсуждаем фрагмент фильма «Онегин»
06:21 – Как Елизавета и Виктор готовились к ролям
11:07 – Где раскрылся Виктор Добронравов
13:05 – В каких проектах мы увидим Елизавету и Виктора
13:45 – Каково это - быть женой продюсера и сыном Добронравова
16:14 – Как Виктор Добронравов рассмотрел гений Дороха
16:45 – Играем в «Слова той эпохи» с Виктором Добронравовым и Елизаветой Моряк
26:36 – Дорох и его неумение подавать информацию
27:43 – Вторая гостья. Зоя Яровицына
29:37 – Книжный вызов Зои ведущим «Кстати»
35:09 – Книга для Азамата - Ким Чжи «Книжная кухня»
38:23 – Когда выйдет книга Гарика Харламова
39:58 – Книга для Дорохова - Фредрик Бакман «После бури»
44:50 – Книга для Харламова - Николас Пиледжи «Казино. Любовь и власть в Лас-Вегасе»
47:16 – Книга для зрителей «Кстати» - Ангелина и Вероника Шэн «Канашибари»
49:51 – Третий гость. Андрей Князев
52:43 – Каково это быть панк-рокером в 51 год
53:58 – Выясняем даты концертов Андрея
57:48 – О чём новая книга Андрея - «Сказочный мир шута»
59:06 – Намечаются ли у Андрея какие-то «новомодные коллабы»
01:00:31 – В чём секрет популярности группы «Король и Шут»
01:03:15 – Быстро вспоминаем историю создания названия группы
01:06:20 – Играем в «Существует ли такая группа?» с Андреем Князевым
01:07:48 – Почему в сериале «Король и Шут» Андрей такой хороший
01:10:01 – Вспоминаем идеологическую битву «рок против рэпа»
01:12:26 – Кто вылечил руку Андрея Князева
01:13:41 – Поём с Князем
01:15:18 – КняZz - «Платим за шута»

КСТАТИ, скачивай приложение VK Видео и смотри шоу «КСТАТИ» и другие проекты VK Видео Originals: trk.mail.ru/c/oy96s5",4789,1711962000,12431156,1767,30697,5726,https://vk.com/video_ext.php?oid=-220754053&id=456240358&hash=0d947e3fc6eada06&__ref=vk.admin_android&api_hash=1740606835acfbdaef041c2034b0_GMZDANZRGM2TCOA,1,1,1,False,https://sun1-19.userapi.com/impg/oHJo_qe68eRzsrXY6edZ3Jeu1liZFuE8p_y11g/H8aONJyRHuk.jpg?size=130x96&quality=95&keep_aspect_ratio=1&background=000000&sign=fb893b398aeb861628893c9decc8a3de&c_uniq_tag=zDF_BcqapRb1F7pJf2Gr00BxU0by-6cgJPgBjx15zp8&type=video_thumb
456240359,-220754053,"КСТАТИ #35 – Андрей Князев, Виктор Добронравов, Елизавета Моряк, Зоя Яровицына, Харламов, Мусагалиев, Дорохов. Тизер",,59,1711954800,120109,7,280,15,https://vk.com/video_ext.php?oid=-220754053&id=456240359&hash=45ad937f544fcdee&__ref=vk.admin_android&api_hash=174060683576dbe1e1fd4922ab01_GMZDANZRGM2TCOA,1,1,1,False,https://sun1-57.userapi.com/impg/BRxOhw3VaZUntxxl_H6y9bxnlsCTku3iO0njgg/cpqMrVIYoRE.jpg?size=130x96&quality=95&keep_aspect_ratio=1&background=000000&sign=05075402e9d00b92b71280810032209b&c_uniq_tag=7jVNaKq9N0lqHueqhpcPWj7QVxsPHg-3C54qswJihIw&type=video_thumb
456240320,-220754053,Серьезные игры #5. Создатели новых вселенных в однушке,"Получи промокод на VK Play Cloud за просмотр сериала «Серьезные игры» – https://r.mail.ru/n408352429
 
Реклама: Erid 2VtzqvP3CB6, ООО «ВК» , ИНН 7743001840, ОГРН 1027739850962 Серьезные игры – документальный сериал из 5 эпизодов о развитии игровой индустрии в России.
 
В пятой серии вы узнаете, как игры, которые не хотели никому понравиться, неожиданно стали культовыми, где инди-разработчики находили деньги на создание своих игр, и почему появление Steam привело индустрию к инди-апокалипсису. 
 
Каждый эпизод «Серьезных игр» доступен эксклюзивно в VK Видео. 
 
00:00 – начало 
01:16 – интро
01:39 – кто такие инди-разработчики
02:01 – Гэг - отбитый квест и эротика в постсоветской России 
05:20 –  Вангеры - «первичный суп человечества» и гении инди-маркетинга
07:50 – Мор: утопия - феномен и самый нестандартный проект 2005
11:25 – кризис убивает инди. А Стим возрождает 
12:40 – движки: новые миры малыми средствами 
13:22 – тоталитарный ужас Beholder и последний шанс Алавар
16:55 – Eclipse и соло-разработчики: издатель больше не нужен 
18:34 – инди-апок алипсис 
19:19 – славянский зажим яйцами, мемы и трэш как вдохновение 
21:07 – ШХД: Зима - «ложное воспоминание» и русская ностальгия, покорившие мир

А вот и финал! Смотрите все выпуски сериала «Серьезные игры» в приложении VK Видео: https://trk.mail.ru/c/oy96s5",1593,1711702800,3097339,56,1433,333,https://vk.com/video_ext.php?oid=-220754053&id=456240320&hash=e16ed4ddf251193c&__ref=vk.admin_android&api_hash=1740606835f841ea99f78f37a273_GMZDANZRGM2TCOA,1,1,1,False,https://sun1-87.userapi.com/impg/spfw0rsdR_dj4xwDPFH8NsmR-IFJwVpuuMI-ew/8hYE0Hd5Br0.jpg?size=130x96&quality=95&keep_aspect_ratio=1&background=000000&sign=b6b61579d743017319933482243da078&c_uniq_tag=mENDq1DDPOywEyJSeG4_YQiM6zBJv0uFgntqBRfsDZM&type=video_thumb
456240318,-220754053,Серьезные игры #5. Тизер,"«Серьезные игры: парадоксы российского геймдева» – документальный сериал о развитии игровой индустрии в России. 

Удобнее всего смотреть сериал через приложение VK Видео https://trk.mail.ru/c/oy96s5. В нем доступна функция скачивания и просмотра роликов в фоновом режиме.",63,1711695600,92872,2,60,12,https://vk.com/video_ext.php?oid=-220754053&id=456240318&hash=e1f1bc0c81e0158c&__ref=vk.admin_android&api_hash=1740606835b2bcced04cf8640149_GMZDANZRGM2TCOA,1,1,1,False,https://sun1-92.userapi.com/impg/ysxN2dyqefZoUueIeOoTcSRyZtOXL48usxCcWQ/AQQEajtua54.jpg?size=130x96&quality=95&keep_aspect_ratio=1&background=000000&sign=1eac94790f74c7f42773bafc7fc66af9&c_uniq_tag=clPqXQu2D-0JISghocTOlYRhYNeRuj_aiIemb4XJPqw&type=video_thumb
456240305,-220754053,Сессия. Миа Бойка,"Как экономить, но не экономить? Оформите Дебетовую карту Газпромбанка до 30 апреля https://bit.ly/2Vtzqx9cAA1 и подтвердите участие в акции в мобильном приложении разделе «Кешбэк баллами».
Получайте стабильный доход до 35% по карте при ежемесячных тратах от 5 000 рублей
Erid: 2Vtzqx9cAA1. Банк ГПБ (АО). Лицензия Банка России № 354.

В третьем выпуске шоу «Сессия» вы узнаете, как строгое воспитание родителей и сложные отношения со сверстниками подорвали доверие Мии Бойка к миру, спровоцировав появление частых тревожных переживаний и подавленного состояния, а также завышенной требовательности к себе и окружающим. 

В диалоге с Дмитрием Дибровым певица расскажет про свои глубинные переживания и внутренний конфликт между детством и зрелостью, прослеживающийся в её творчестве, которое она частично скрывала от родителей, опасаясь осуждения. 

В финале программы Миа исполнит свой трек «Навигатор», подведя черту под откровенной беседой. Смотрите эксклюзивно в VK Видео.

Все треки из выпусков «Сессии» слушайте эксклюзивно в VK Музыке: https://vk.com/audios-147845620?z=audio_playlist-147845620_3256

Таймкоды:

00:00 – Начало выпуска
00:32 – Психологическое досье
01:27 – Гипотезы диагнозов
01:37 – Рекламная интеграция
02:58 – Начало сессии
04:00 – Отношения с мамой
07:11 – Комментарий психотерапевта
07:33 – Детство в деревне
08:53 – Издевательства в школе
10:45 – Несправедливость в жизни
13:35 – Комментарий психотерапевта
13:55 – Проблемы с доверием
16:26 – Комментарий психотерапевта
16:43 – Что такое любовь
18:35 – Ситуация с Шипом
19:20 – Смена образов 
20:44 – Психологический прием «Обращение к маме»
22:30 – Комментарий психотерапевта
22:42 – Невроз выходного дня
25:05 – Внутренние желания и страхи
27:50 – Работа это безопасность
29:19 – Комментарий психотерапевта
29:38 – Уход от продюсера
34:23 – Внутренний творческий конфликт
36:58 – Жесткие тайминги жизни
38:13 – Непонимание людей
40:41 – Артисты это поломанные люди
42:29 – Комментарий психотерапевта
42:50 – Психологический прием «Обращение к себе маленькой»
44:47 – Трек «Навигатор»
47:43 – Психологическое заключение

Смотри новый сезон «Сессии» в приложении VK Видео: https://trk.mail.ru/c/oy96s5",2922,1711616400,3410703,106,3028,808,https://vk.com/video_ext.php?oid=-220754053&id=456240305&hash=4d3d439c57392227&__ref=vk.admin_android&api_hash=1740606835cd42cb6a75306771fa_GMZDANZRGM2TCOA,1,1,1,False,https://sun1-17.userapi.com/impg/njikFuXnEnykWwcTzUGACe6y64g3IsUMJuW2OQ/NmUwVyRaFts.jpg?size=130x96&quality=95&keep_aspect_ratio=1&background=000000&sign=a0a7df65a064a108f393810b6a1af305&c_uniq_tag=bo5MGJc6jvPTDgxRfGCepRvFzyXrVNDDLKXgtEOoxcE&type=video_thumb
456240303,-220754053,Сессия. Миа Бойка. Тизер,,50,1711609200,126737,1,115,22,https://vk.com/video_ext.php?oid=-220754053&id=456240303&hash=dba925801a0491cf&__ref=vk.admin_android&api_hash=174060683584b232344acd0b4af3_GMZDANZRGM2TCOA,1,1,1,False,https://i.mycdn.me/getVideoPreview?id=7540637371075&idx=5&type=39&tkn=lHn154fiz4EzXCv8vadX3dzjj6Y&fn=vid_s
456240298,-220754053,Трейлер 3 выпуска шоу «Звёзды»,"Новое, но уже легендарное шоу «Звёзды» в VK Видео! Десять супер-популярных звёзд сойдутся лицом к лицу, чтобы побороться за звание самой смешной звезды России. Помогать им в этом будут легендарные юмористические команды. 

Чтобы не пропускать новые выпуски, смотрите шоу в приложении VK Видео: https://trk.mail.ru/c/oy96s5",50,1711122928,748414,144,1585,203,https://vk.com/video_ext.php?oid=-220754053&id=456240298&hash=bef779e6dd1d24ba&__ref=vk.admin_android&api_hash=1740606835d037e058a4c4dd528b_GMZDANZRGM2TCOA,1,1,1,False,https://i.mycdn.me/getVideoPreview?id=7542169864899&idx=2&type=39&tkn=yzPuQFtNrjvju5usg7t08eDLN9Q&fn=vid_s
456240293,-220754053,Серьезные игры #4. Три-в-ряд и первый миллиард,"Серьезные игры – документальный сериал из 5 эпизодов о развитии игровой индустрии в России.
 
В четвертой серии вы узнаете, как игровые энтузиасты смогли прославиться на весь мир благодаря хобби по созданию игру и каким образом смартфоны позволили разработчикам зарабатывать миллиарды, а пользователи превратились в товар. 
 
Каждый эпизод «Серьезных игр» доступен эксклюзивно в VK Видео. 
 
Таймкоды: 

00:00 – начало
00:56 – интро
01:20 – истоки казуальных игр
02:34 – десятилетие тетриса
04:15 – самая популярная казуалка 90-х
05:17 – «Шарики» как хобби и миллионы за ее клон Bejeweled 
06:47 – Shareware и бум казуалок за рубежом
07:25 – Alavar и алаварики - первые российские казуалки на западе 
10:47 – как покупать игры оналайн в России нулевых
12:44 – маленькие игры приносят большие деньги
16:20 – соцсети и новый бум казуалок
18:00 – мобильный рынок меняет индустрию 
20:00 – Game insight, Paradise island и 1 млн $ в месяц на старте
20:49 – бег наперегонки и золотая лихорадка 2010-х 
22:10 – Playrix - топ мировой индустрии и секрет успеха 
23:54 – аудитория хочет большего: как удержать игроков
26:12 – гиперказуалки: проще быстрее, аддиктивнее

Мы наших пользователей любим, поэтому сделали удобное приложение VK Видео, в котором можно смотреть «Серьезные игры» и другие шоу с любого смартфона и Smart TV: https://trk.mail.ru/c/oy96s5",1865,1711098000,3146326,110,1537,413,https://vk.com/video_ext.php?oid=-220754053&id=456240293&hash=a28d8b7a21723220&__ref=vk.admin_android&api_hash=1740606835502802efb97b52f9ff_GMZDANZRGM2TCOA,1,1,1,False,https://sun1-23.userapi.com/impg/UiD3SKhzUuvSvuGTR-qJoI6aEfATnhAW9A1hMQ/AU5F---4Iww.jpg?size=130x96&quality=95&keep_aspect_ratio=1&background=000000&sign=bf23eb56e90a5d937d7dd5597b8c4d38&c_uniq_tag=PM4EB8HgQafBN0EgHxz9xzAtIyadrN92dgvZl-5UJJU&type=video_thumb
456240292,-220754053,Серьезные игры #4. Тизер,"«Серьезные игры: парадоксы российского геймдева» – документальный сериал о развитии игровой индустрии в России. 

Удобнее всего смотреть сериал через приложение VK Видео https://trk.mail.ru/c/oy96s5. В нем доступна функция скачивания и просмотра роликов в фоновом режиме.",55,1711034917,335768,4,160,7,https://vk.com/video_ext.php?oid=-220754053&id=456240292&hash=177680cf952f489d&__ref=vk.admin_android&api_hash=1740606835498af2b29a7590d211_GMZDANZRGM2TCOA,1,1,1,False,https://i.mycdn.me/getVideoPreview?id=7538592647875&idx=13&type=39&tkn=MXtfotCwbmhHEAIX0F2okKbC1RQ&fn=vid_s
456242420,-220754053,BUSTER. ТАЙМИНГ,"В финале шоу «Сессия» Слава Бустер впервые исполнил свой новый трек «Тайминг», подведя черту под откровенной беседой с Дмитрием Дибровым. 

Полный выпуск с Бустером смотрите эксклюзивно в VK Видео: https://vk.com/video-220754053_456240275",131,1731671220,25184,1,10,1,https://vk.com/video_ext.php?oid=-220754053&id=456242420&hash=7433951b19a31162&__ref=vk.admin_android&api_hash=1740606835035890e88b9ec68152_GMZDANZRGM2TCOA,1,1,1,False,https://sun1-87.userapi.com/impg/vYQtP1Pe2YCjjQJZMzEoihKDZ1LvYFfJ6twTbQ/N13F1pxX5b4.jpg?size=130x96&quality=95&keep_aspect_ratio=1&background=000000&sign=bde248fa1079859a30ab9e269b19c4c8&c_uniq_tag=_vxo_roo5XzpV0Oczu-Hpm68kARYLU7YZAWFVgYGLic&type=video_thumb
456240275,-220754053,Сессия. Бустер,"В новом выпуске «Сессии» вы узнаете, как перенесенная в детстве гидроцефалия повлияла на психическое здоровье Славы Бустера, спровоцировав появление нервных срывов и продолжительных депрессий, негативно влияющих на его повседневную жизнь.

Вместе с Дмитрием Дибровым стример пройдется по самым тяжелым моментам в жизни, поделится сокровенными подробностями детских травм, которые поспособствовали его «побегу» в виртуальный мир, а также семейной драмой с отцом, с которым не общается уже несколько лет, обратившись к нему во время программы. 

В заключении Слава Бустер впервые исполнит свой новый трек «Тайминг», подведя черту под откровенной беседой. Смотрите эксклюзивно в VK Видео.

Все треки из выпусков «Сессии» слушайте эксклюзивно в VK Музыке: https://vk.com/audios-147845620?z=audio_playlist-147845620_3256 

Таймкоды: 

00:00 – Начало выпуска
00:32 – Психологическое досье
01:39  – Гипотезы диагнозов
01:52 – Начало сессии
02:03 – Гидроцефалия
03:11 – Крик на стримах как выплеск эмоций
04:13 – Комментарий психотерапевта
04:33 – Ругань родителей и походы отца к любовнице 
07:10 – Безответственный образ жизни 
09:47 – Первый выигрыш в киберспорте
10:48 – Комментарий психотерапевта
11:05 – Зависимость от азарта и ограничения мамы от компьютера
14:22 – Комментарий психотерапевта
14:37 – Паттерн отца
15:37 – Токсичность Славы
16:55 – Комментарий психотерапевта
17:08 – Социофобия
17:57 – Резкие высказывания отца
19:14 – Психологический прием «Обращение к папе»
21:14 – Комментарий психотерапевта
21:29 – Жизнь не своей жизнью
23:03 – Гипертимия 
24:35 – Комментарий психотерапевта
24:51 – Первые успехи в стриминге и РПП
26:27 – Какие чувства к Диларе?
27:50 – Отцовство 
29:32 – Депрессии и панические атаки 
30:19 – Комментарий психотерапевта
30:37 – Трудоголизм и амбиции
34:54 – Комментарий психотерапевта
35:12 – Целеустремленность окружающих
36:42 – Психологический прием «Обращение к себе маленькому»
37:52 – Премьера трека «Тайминг»
39:50 – Психологическое заключение

Смотри новый сезон «Сессии» в приложении VK Видео: https://trk.mail.ru/c/oy96s5",2479,1711011600,3420410,68,3764,1727,https://vk.com/video_ext.php?oid=-220754053&id=456240275&hash=721d8740ad0c537c&__ref=vk.admin_android&api_hash=1740606835908922fe735474429a_GMZDANZRGM2TCOA,1,1,1,False,https://sun1-24.userapi.com/impg/zK7E_HOBkYVrGaF2HybYX-k6DiWEzzhTGpWclA/aH8B7MrT1Gc.jpg?size=130x96&quality=95&keep_aspect_ratio=1&background=000000&sign=1f56b0b252c1ccbf5a39ac143b14ff0c&c_uniq_tag=EROe-jb1b8i1ZR9bCH-6R_6RZUhVp3bjkq2yXx8WbAI&type=video_thumb
456240273,-220754053,Сессия. Слава Бустер. Тизер,,54,1710951840,311630,2,276,27,https://vk.com/video_ext.php?oid=-220754053&id=456240273&hash=e700e6d0d49a9d8b&__ref=vk.admin_android&api_hash=17406068356a97f9abc026178e67_GMZDANZRGM2TCOA,1,1,1,False,https://i.mycdn.me/getVideoPreview?id=7538381032131&idx=4&type=39&tkn=ZIGxsEfMcg0rNUEWgXaroR2mJOE&fn=vid_s
456240249,-220754053,Звёзды. Фестиваль. 2 выпуск,"Новое, но уже легендарное шоу «Звёзды» в VK Видео! Десять супер-популярных звёзд сойдутся лицом к лицу, чтобы побороться за звание самой смешной звезды России. Помогать им в этом будут легендарные юмористические команды. 

Вторая часть фестиваля! Сегодня узнаем, кто заработал для своей команды один балл и какие дуэли нас ожидают в следующих выпусках.

Со своими командами сегодня выступят: Алексей Чумаков, Мигель, Александр Ревва, Марина Федункив и долгожданная секретная звезда. Кто это будет – Антон Шастун, Анастасия Волочкова или может Прохор Шаляпин – узнаете в выпуске.

Таймкоды: 

00:00 – Вторая часть фестиваля шоу «Звёзды» 
01:14 – Азамат о призе в 20 000 000 рублей 
02:23 – В жюри Сергей Жуков
02:52 – В жюри Гарик Харламов
03:44 – В жюри Артемий Лебедев. О своих 8 словах в прошлом выпуске
04:41 – В жюри Жора Крыжовников
05:31 – В жюри Валя Карнавал. О работе мечты
06:07 – Первая команды. Александр Ревва и его команды «Студия Союз»  
08:49 – Ревва показывает 2 миллиона
12:43 – Что так сильно рассмешило Валю Карнавал? 
16:49 – Дождались. Танцевальный Баттл Артема Муратова и Реввы
19:12 – Жюри после выступления Александра Реввы и «Студии Союз» 
22:30 – Выступление Алексея Чумакова и его команда «Наполеоны»
28:18 – Алексей Чумаков и его фанат 
33:12 – И очередная прекрасная пародия от Алексея Чумакова
36:06 – Жюри после выступления Алексея Чумакова и «Наполеонов» 
38:08 – Выступление Мигеля и его команды «Сборная СССР» 
43:15 – Омар выясняет, что мат, а что нет
44:22 – На сцене Россия в лице Димы Журавлева 
46:36 – Мигель. Или это Мбаппе? 
49:30 – Мигель показываем Советский Союз танцем 
52:39 – Жюри после выступления Мигеля и «Сборной СССР»
54:56 – Выступление Марины Федункив и команды «Объединение ЮГ» 
01:01:47 – обращение к фанаткам команды 
01:04:07 – Жюри после выступления Марины Федункив и «Объединения ЮГ» 
01:06:14 – Выступление Азамата Мусагалиева и его команды «Астана» 
01:11:55 – На сцене Прохор Шаляпин 
01:16:40 – На сцене Анастасия Волочкова 
01:24:37 – Как поделят приз в 20 миллионов 
01:26:44 – Жюри после выступления Азамата Мусагалиева и команды «Астана»
01:30:14 –На сцене все 10 звёзд и их команды 
01:30:39 – Раздача баллов по итогам фестиваля 
01:34:45 – Жеребьевка будущих дуэлей

Подписывайтесь на сообщество VK Видео, чтобы не пропустить новые выпуски: https://vk.com/vkvideo и смотрите шоу «Звёзды» в приложении VK Видео: https://trk.mail.ru/c/oy96s5",6088,1710613320,28284748,6591,69003,21242,https://vk.com/video_ext.php?oid=-220754053&id=456240249&hash=9d55d63bc47bbd67&__ref=vk.admin_android&api_hash=17406068354a25bcc43451b42d74_GMZDANZRGM2TCOA,1,1,1,False,https://sun1-13.userapi.com/impg/5mpo-9ZCFDetKT5VAiKw3wCGroYCox0Xvj9PdQ/HQUl43b-pfQ.jpg?size=130x96&quality=95&keep_aspect_ratio=1&background=000000&sign=3d4a9fcc2fe350a34fe072bd0ec190c1&c_uniq_tag=2nMDdvShPdPecpxgj_I4UOg16ZXdlZptrsPzNfGkNPY&type=video_thumb
456240248,-220754053,"КСТАТИ #34 – Милана Некрасова, Женя Лизогуб, Давид Туров, Лера Симка, Александр Анатольевич, NLO, Харламов, Мусагалиев, Дорохов","С ВТБ легко заботиться о семье и близких. Оформляйте бесплатную детскую карту или дополнительную для близких с кешбэком 25% на популярных маркетплейсах и 10% на остальные покупки! https://vk.cc/cvp1ua
Реклама. ПАО ВТБ ИНН 7702070139 erid: 2VtzqubAaqS
 
Тридцать четвертый выпуск шоу «Кстати» с Азаматом Харламовым. Дорох очень хотел увидеть легенду MTV, пока оставили его. Гостями тридцать четвёртого выпуска стали: легендарный и мультиязычный Александр Анатольевич; у них машины, квартиры и туры по стране, но им по 16 лет, блогеры из «ЦУ Е ФА!» – Милана Некрасова, Женя Лизогуб, Давид Туров и Лера Симка. Музыкальный гость: NLO. 

Таймкоды:
 
0:00 – Начинаем тридцать четвёртый выпуск «Кстати»
07:12 – Первый гость. Александр Анатольевич
11:26 – Александру Анатольевичу - 60!
13:31 – Говорим о проекте «Поставь на рингтон»
15:18 – Что Анатольевич знает о музыке
16:34 – Самые плохие лайвы на памяти Александра
22:35 – Вспоминаем худшие песни
24:13 – Чем Анатольевич занимался до MTV
29:51 – Играем в музыкальный элиас с Александром Анатольевичем
36:25 – Помогаем Дороху разобраться с семейными финансами
38:02 – Вторые гости. «ЦУ Е ФА» - Милана Некрасова, Женя Лизогуб, Давид Туров и Лера Симка
41:13 – «ЦУ Е ФА» едут в дальневосточный тур
44:28 – Обсуждаем трек ребят «ФАРЫ»
46:32 – Как началась музыкальная карьера Миланы Некрасовой
48:46 – Насколько сложно озвучивать мультфильмы
49:51 – Почему стебут Дороха
50:44 – Как купить Майбах в 15 лет
52:50 – Ребята берут интервью у ведущих «Кстати»
58:37 – Почему Майбах есть только у Миланы Некрасовой
59:50 – Куда ребята будут поступать
01:02:00 – О чем мечтает молодёжь
01:02:30 – Первый в истории «Кстати» лайв с дивана
01:05:05 – Проверяем внимательность Дороха и ребят из «ЦУ Е ФА»
01:12:24 – NLO - Танцы

КСТАТИ, скачивай приложение VK Видео и смотри шоу «КСТАТИ» и другие проекты VK Видео Originals: trk.mail.ru/c/oy96s5",4594,1710579600,10803462,1337,20779,3002,https://vk.com/video_ext.php?oid=-220754053&id=456240248&hash=e591ffecf7604a11&__ref=vk.admin_android&api_hash=17406068352f47a221c183047b37_GMZDANZRGM2TCOA,1,1,1,False,https://sun1-93.userapi.com/impg/fHIHgQ-junPCFJgV-9rFn0uK3DxNCXesEuO_5A/p7qNYljWIec.jpg?size=130x96&quality=95&keep_aspect_ratio=1&background=000000&sign=f00f17f22d6a335749581357a94a0923&c_uniq_tag=_p4hxqr_ZzQGxG2Ff7Bhjz71paRkMCsBkbhMvtciZjw&type=video_thumb
456240242,-220754053,"КСТАТИ #34 – Милана Некрасова, Женя Лизогуб, Давид Туров, Лера Симка, Александр Анатольевич, NLO. Тизер",,60,1710519112,311769,17,912,30,https://vk.com/video_ext.php?oid=-220754053&id=456240242&hash=9a206fb91e5dcd8a&__ref=vk.admin_android&api_hash=17406068357f7cef2dbb89d19a95_GMZDANZRGM2TCOA,1,1,1,False,https://sun1-26.userapi.com/impg/ztKgTdlm298KKl4XKHhy_bJs91TQQet6gSYLlQ/yoET8FEBz38.jpg?size=130x96&quality=95&keep_aspect_ratio=1&background=000000&sign=3ed7bfd544fe3ed35e8a71360922eedb&c_uniq_tag=cOgBlcHUHZffwE_kvHo2RmnhKOR-PD7X1BpAz1CtRXM&type=video_thumb
456240238,-220754053,Трейлер 2 выпуска шоу «Звёзды»,"Новое, но уже легендарное шоу «Звёзды» в VK Видео! Десять супер-популярных звёзд сойдутся лицом к лицу, чтобы побороться за звание самой смешной звезды России. Помогать им в этом будут легендарные юмористические команды. 

Чтобы не пропускать новые выпуски, смотрите шоу в приложении VK Видео: https://trk.mail.ru/c/oy96s5",62,1710506073,1245014,96,1098,196,https://vk.com/video_ext.php?oid=-220754053&id=456240238&hash=4be2bbaa25eb0718&__ref=vk.admin_android&api_hash=1740606835703a11c81d45eb62c6_GMZDANZRGM2TCOA,1,1,1,False,https://i.mycdn.me/getVideoPreview?id=7537732618947&idx=2&type=39&tkn=fscxhABuysiqHLoGq1f7msXy6eU&fn=vid_s
456240237,-220754053,Серьезные игры #3. Трэш и кэш российских игр,"Серьезные игры – документальный сериал из 5 эпизодов о развитии игровой индустрии в России.

В третьей серии вы узнаете, как мировой успех первых российских игр привел к «золотому веку» отечественного геймдева, каким образом в России создали целые жанры, ставшие мировой классикой, и почему из-за погони за успехом индустрия наводнилась трешем, подорвавшим доверие к российскому геймдеву, а также благодаря каким проектам это доверие возвращается.

Каждый эпизод «Серьезных игр» доступен эксклюзивно в VK Видео. Подписывайтесь, чтобы не пропустить новые серии: https://vk.com/vkvideo 

Таймкоды:

00:00 – начало
01:18 – интро
01:41 – первые коммерческие игры
03:08 – без издателей никуда
03:55 – как обойти пиратов и окупить разработку
04:15 – сколько стоят первые Аллоды и где взять деньги
06:25 – Русский квест переворачивает игру. Триумф Петьки и ВИЧ
08:45 – Кризис 1998: пираты приходят на помощь
09:52 – ИЛ-2: междунароная сенсация 
11:52 – «Дальнобойщики» - новый жанр и новые стандарты
12:35 – золотая эра российского геймдева
14:22 – Герои меча и магии 5 отправляются в Россию 
15:40 – успех геймдева станвится проблемой, а игры - трешем
17:45 – Lada racing club - победа маркетинга над качеством
19:50 – Кризис 2008: игры кончились
21:00 – издательский бизнес перестает существовать. 
22:00 – free to play и contract wars. как сделать, чтобы игра приносила деньги 
22:40 – Escape from Tarkov – «Будем делать игру для себя»
23:40 – Российские игры возвращаются
25:24 – Atomic Heart - закрепить успех

Не забывайте про наше приложение: https://trk.mail.ru/c/oy96s5. Никакого трэша, только лучшие проекты, собранные в одном месте!",1730,1710493200,3767557,107,2349,985,https://vk.com/video_ext.php?oid=-220754053&id=456240237&hash=6393735570c96252&__ref=vk.admin_android&api_hash=1740606835ebbfff957689885544_GMZDANZRGM2TCOA,1,1,1,False,https://sun1-14.userapi.com/impg/My95XThE6C4W3UBqdBn-ntIFB6tO5fe2_xx5bg/7i7fv-n_y7I.jpg?size=130x96&quality=95&keep_aspect_ratio=1&background=000000&sign=75e977a4e5e0d730e8548d5596549547&c_uniq_tag=3iGFXzKBVr2MTMBFQiQTayW7H2agIY_rHg6S-abKx90&type=video_thumb
456240235,-220754053,KARA KROSS. Оставь её,,147,1710681060,60392,12,241,23,https://vk.com/video_ext.php?oid=-220754053&id=456240235&hash=6e478c3977420879&__ref=vk.admin_android&api_hash=174060683553ce9e4f103a147e32_GMZDANZRGM2TCOA,1,1,1,False,https://sun1-55.userapi.com/impg/Kuc9HKGiXepyVNhqUfDp5HXMKSNgOlc-6gNIVQ/8l0wQlw4LOM.jpg?size=130x96&quality=95&keep_aspect_ratio=1&background=000000&sign=758b462efede395c0be167bd4410737e&c_uniq_tag=9udS_5mDRRux96wsoI_NTC60FRXOmnhlaj-m5itOzgM&type=video_thumb
456240228,-220754053,Сессия. Карина Кросс,"Шоу «Сессия» возвращается с новым сезоном! В первом выпуске с Кариной Кросс вы узнаете, как строгость воспитания, завышенные требования мамы и желание оправдать надежды бабушки и дедушки быть самой лучшей привели Карину к развитию синдрома отличницы, который служит одновременно мотивацией и препятствием в жизни. 

В откровенной беседе с Дмитрием Дибровым певица и блогер раскроет причины вынужденного раннего взросления, ощущения внутреннего психологического «сиротства», а также расскажет о том, как недавно вновь обрела отца, прожив большую часть осознанной жизни без его участия, а также какую роль сыграли бабушка с дедушкой в становлении Карины и что она не успела им сказать.

В конце программы Карина исполнит лайвом свой трек «Оставь её» в новой аранжировке, подведя черту под откровенной беседой. Смотрите эксклюзивно в VK Видео: https://vk.ru/vkvideo

Все треки из выпусков «Сессии» слушайте эксклюзивно в VK Музыке: https://vk.com/audios-147845620?z=audio_playlist-147845620_3256 

Таймкоды:

00:00 – Начало выпуска
00:32 – Психологическое досье
01:53 – Гипотезы диагнозов
02:03 – Начало сессии
02:38 – Ранимая Кара и сумасбродная Карина
05:12 – Раннее взросление 
08:05 – Самое больное место и цель в жизни
09:48 – Комментарий психотерапевта
10:08 – Хейтеры и критика
11:32 – Ребенок, истеричка и стерва
13:11 – Комментарий психотерапевта
13:29 – Отношения с мамой
14:36 – Тюрьма
16:42 – Год назад появился папа
19:24 – Психологический прием «Обращение к маме»
21:42 – Комментарий психотерапевта
22:03 – Проблемы при рождении и нехватка любви родителей
25:57 – Мама как сестра, бабушка как мама
27:20 – Воспитание дедушки с бабушкой
30:11 – Психологический прием «Обращение к бабушке»
32:07 – Комментарий психотерапевта
32:24 – Отношения и любовь
36:52 – Понятное творчество
37:46 – Комментарий психотерапевта
38:14 – Нарциссизм 
40:28 – Путь Карины в «7 сценариях жизни»
41:47 – Психологический прием «Обращение к себе через 10 лет»
43:08 – Трек «Оставь её»
45:22 – Психологическое заключение

Смотри новый сезон «Сессии» в приложении VK Видео: https://trk.mail.ru/c/oy96s5",2796,1710406800,3440967,199,5092,3756,https://vk.com/video_ext.php?oid=-220754053&id=456240228&hash=c05cbb74b865d07c&__ref=vk.admin_android&api_hash=1740606835499a438617932a595e_GMZDANZRGM2TCOA,1,1,1,False,https://sun1-28.userapi.com/impg/TryCWiHbD0hgwevA8WJ1N_EUZkwoPRKRswSCSQ/dLkmnBVTbdc.jpg?size=130x96&quality=95&keep_aspect_ratio=1&background=000000&sign=2a20ee95b3901bb60805a693ecb6e95b&c_uniq_tag=5prSAoMNU5AwTvB6ZfE2UdNYTvL5djDjD4_3BS1q4Yc&type=video_thumb
456240233,-220754053,Серьезные игры #3. Тизер,"«Серьезные игры: парадоксы российского геймдева» – документальный сериал о развитии игровой индустрии в России. 

Удобнее всего смотреть сериал через приложение VK Видео https://trk.mail.ru/c/oy96s5. В нем доступна функция скачивания и просмотра роликов в фоновом режиме.",56,1710417205,207095,2,164,8,https://vk.com/video_ext.php?oid=-220754053&id=456240233&hash=7388a2a28e21a808&__ref=vk.admin_android&api_hash=17406068353fdaf0533237957a1b_GMZDANZRGM2TCOA,1,1,1,False,https://i.mycdn.me/getVideoPreview?id=7537734060739&idx=13&type=39&tkn=pd6mlc9PMHS83azQFyFW8M412Ic&fn=vid_s
456240225,-220754053,Сессия. Карина Кросс. Тизер,,58,1710399600,364523,7,1769,20,https://vk.com/video_ext.php?oid=-220754053&id=456240225&hash=5a4652864e284fd8&__ref=vk.admin_android&api_hash=1740606835e6e78e1a15cb4d96b0_GMZDANZRGM2TCOA,1,1,1,False,https://i.mycdn.me/getVideoPreview?id=7537733864131&idx=9&type=39&tkn=FfblwxLUfKDnaPnNxDLsMIEYEdM&fn=vid_s
456240223,-220754053,Сессия. Тизер 3 сезона,"Новые звёзды (теперь не только музыканты!) и ещё больше откровенных историй — шоу «Сессия» возвращается с новым сезоном! 

Это уникальный проект, в котором ведущий Дмитрий Дибров вместе с закадровым психотерапевтом разбирают, как психологические проблемы и травмы влияют на творчество известных личностей.   

Премьера 14 марта в 12:00 эксклюзивно в VK Видео. Подпишись, чтобы не пропустить: https://vk.com/vkvideo",86,1710338988,593635,52,993,156,https://vk.com/video_ext.php?oid=-220754053&id=456240223&hash=602dfb0cf88ef462&__ref=vk.admin_android&api_hash=1740606835bef22c9b1880023099_GMZDANZRGM2TCOA,1,1,1,False,https://sun1-23.userapi.com/impg/WQfIkeZjsSf5c-sUgjEaZQUscGFokhqrzXcqww/a4SCGvpcpLI.jpg?size=130x96&quality=95&keep_aspect_ratio=1&background=000000&sign=f57a72b0c76e8421c09e1d5420b88524&c_uniq_tag=F4XvS9bckBQ06qahnPuJB0uPZT9zx5k9N8fiogEFvCI&type=video_thumb
456240213,-220754053,Одна безумная история | №1: Советская наука,"Одна безумная история – новое шоу о самых невероятных, авантюрных и необычных экспериментах, инициативах и проектах в истории СССР. В каждом эпизоде ведущий – Евгений Чебатков – разбирается в историях, про которые можно сказать только – «Что это вообще было?».

Зачем ученый пытался скрестить человека и обезьяну? Радиацию можно было купить в центре Москвы? И что еврейский ученый и грузинские виноделы вместе с КГБ тестировали на народах крайнего севера? Первый выпуск – о советской науке.

Каждый выпуск «Одной безумной истории» доступен эксклюзивно в VK Видео. Подписывайтесь на сообщество, чтобы не пропустить новые выпуски: https://vk.com/vkvideo

Таймкоды:

0:00 – Начало выпуска
0:30 – Вступление
1:01 – В этом выпуске
1:18 – Радиоактивный магазин в центре Москвы
3:20 – Что такое изотопы и зачем они нужны?
4:36 – Зачем СССР экспортировал радиацию за рубеж
5:17 – Чернобыль: как все разочаровались в радиации
6:49 – Как советский ученый пытался скрестить человека и обезьяну?
8:22 – Илья Иванов: история безумного ученого
9:28 – Обезьяна стала главным супергероем XX века
10:07 – Как Иванов организовывал питомник в СССР
11:24 – Письмо женщины, готовой родить от обезьяны
13:15 – Почему Иванова сослали в Казахстан?
13:56 – Как Шостакович вдохновился Ивановым и написал про него оперу.
15:16 – Беспохмельная водка
16:33 – Израиль Брехман – создатель «Золотого Руна».
18:06 – Эксперимент над людьми на крайнем севере
19:18 – «Сухой закон» в СССР и чем все кончилось
20:46 – Что это вообще было?
21:10 – В следующем выпуске

Смотрите шоу «Одна безумная история» в приложении VK Видео: https://trk.mail.ru/c/oy96s5",1295,1710320400,4700151,420,9540,2929,https://vk.com/video_ext.php?oid=-220754053&id=456240213&hash=f414650444e5b71c&__ref=vk.admin_android&api_hash=174060683516b095225a01b4c7cc_GMZDANZRGM2TCOA,1,1,1,False,https://sun1-47.userapi.com/impg/M8xuhxeHzjfATFUY4GgShhcOrfnZWdOQApjy5w/vNSTokYQB6Y.jpg?size=130x96&quality=95&keep_aspect_ratio=1&background=000000&sign=703a99e71c95bd05fefd90383b8b2541&c_uniq_tag=K89ENrjCB-5ZDRUglZL6JnDOUwEPOq3rDXCVnXZLEHo&type=video_thumb
456240214,-220754053,Одна безумная история | №1: Советская наука | Тизер,"Одна безумная история – новое шоу о самых невероятных, авантюрных и необычных экспериментах, инициативах и проектах в истории СССР. В каждом эпизоде ведущий – Евгений Чебатков – разбирается в историях, про которые можно сказать только – «Что это вообще было?».",55,1710313200,210682,6,143,22,https://vk.com/video_ext.php?oid=-220754053&id=456240214&hash=2ad2867655208c55&__ref=vk.admin_android&api_hash=1740606835f8cbbf034156d67862_GMZDANZRGM2TCOA,1,1,1,False,https://sun1-85.userapi.com/impg/Fo7sAePpzaXUQWalwpSVv-lPENJp5fd_2Km65g/fj_POsDvT_8.jpg?size=130x96&quality=95&keep_aspect_ratio=1&background=000000&sign=5232333d60017de9d8a5e9f91d473844&c_uniq_tag=SHBeuaHO5jYQb8zIDab7KPqctcwijuU_t-vH1lfAGkc&type=video_thumb
456240204,-220754053,Одна безумная история. Тизер сезона,"«Одна безумная история» – новое шоу о самых невероятных, авантюрных и необычных экспериментах, инициативах и проектах в истории СССР. В каждом эпизоде ведущий – Евгений Чебатков – разбирается в историях, про которые можно сказать только – «Что это вообще было?».

Премьера 13 марта эксклюзивно в VK Видео. Подпишись, чтобы не пропустит: https://vk.com/vkvideo",59,1710234043,774392,54,1448,158,https://vk.com/video_ext.php?oid=-220754053&id=456240204&hash=2632a44ced230155&__ref=vk.admin_android&api_hash=1740606835f8573bc5a39cfe91d0_GMZDANZRGM2TCOA,1,1,1,False,https://sun1-21.userapi.com/impg/_X2pc1SvVzZnB8FG_-MZ4mUxEzlSVB9E6ZVftQ/jgfvO8sZu9s.jpg?size=130x96&quality=95&keep_aspect_ratio=1&background=000000&sign=fb2f730d05b7ff2902148e9fe4165689&c_uniq_tag=manRYrdip3IIKJZu9uF2IwrZ-FrlZCJoTQAYVVS5RA0&type=video_thumb
456240172,-220754053,Звёзды. Фестиваль. 1 выпуск,"Покупаете товары на Мегамаркете с повышенным кешбэком до 70% бонусами СберСпасибо в марте - https://clck.ru/39HFYN
Правила акции: https://clck.ru/39HFaH

Также используйте промокод ЗВЕЗДЫ и получите дополнительную скидку 1 000 рублей при первом заказе от 5 000 рублей! Правила использования промокода: https://clck.ru/39HFct

Erid: 2VtzqwFeZjy / 2Vtzqv3t7Go / 2VtzqvFrjPR / 2Vtzqvh6Caw

Новое, но уже легендарное шоу «Звёзды» в VK Видео! Десять супер-популярных звёзд сойдутся лицом к лицу, чтобы побороться за звание самой смешной звезды России. Помогать им в этом будут легендарные юмористические команды. 

Открывает фестиваль первая пятёрка участников: Дмитрий Маликов, Лера Кудрявцева, Денис Дорохов, Джиган и Филипп Киркоров.

Таймкоды:

00:00 – Первый выпуск шоу «Звёзды». Первая часть фестиваля 
01:43 – Азамат рассказывает о призе в 20 000 000 рублей 
02:02 – Схема сезона шоу «Звёзды» 
02:36 – В жюри Сергей Жуков. О своих ожиданиях
03:18 – В жюри Гарик Харламов 
03:51 – Оказывается Гарик Харламов лучший комик страны
04:32 – В жюри Артемий Лебедев 
05:10 – Артемий Лебедев о дизайне декораций 
05:25 – В жюри Жора Крыжовников. Будет ли второй сезон «Слово пацана»?
06:29 – В жюри Валя Карнавал
07:18 – Шоу только началось, а Вале Карнавал уже больно улыбаться
09:12 – Первая команда. Дмитрий Маликов и «Сборная России»
09:27 – шоу «Маска» в шоу «Звёзды» 
16:45 – Можно ли отправить дикпик через Госуслуги?
19:01 – Конфликт Дмитрия Маликова и Заура Байцаева 
22:42 – Жюри после выступления Дмитрия Маликова и «Сборной России» 
27:11 – Выступление Леры Кудрявцевой и её команды «Раисы»
33:41 – Две Леры Кудрявцевой на сцене
36:36 – А вот и Леонид Каневский на сцене 
37:46 – Лепим пельмени! На НТВ и VK Видео 
39:26 – Нагнули звезду прям на сцене
41:24 – Жюри после выступления Леры Кудрявцевой и «Раис» 
45:49 – Выступление Дениса Дорохова и его команды «Регионы» 
47:19 – Денис перечисляет всех участников команды 
55:17 – Риэлтор ИП Юрася
59:45 – Дмитрий Сергеевич Песков на сцене 
1:05:00 – Жюри после выступления Дениса Дорохова и команды «Регионы» 
1:07:37 – А вот и новый каст героев во второй сезон «Слово пацана» 
1:11:50 – Выступление Джиган и его команды «Красноярск» 
1:19:17 – А вот и Джиган. Где он был эти 8 минут, пока команда выступала? 
1:20:50 – Джиган и рифма к слову «Эдик». Тимати в зале очень рад 
1:25:01 – Долгожданный (или нет) фит Джигана и Эдика 
1:28:54 – Жюри после выступления Джигана и «Красноярска»
1:34:07 – Выступление Филиппа Киркорова и его команды «Борцы» 
1:37:58 – А Борцы продолжают угадывать, кто же у них звезда 
1:42:22 – Филипп приготовился к бою не хуже Борцов
1:45:05 – А вот и ради чего все сегодня пришли – та самая чёрная водолазка
1:48:34 – Жюри после выступления Филиппа Киркорова и «Борцов»

Подписывайтесь на сообщество VK Видео, чтобы не пропустить новые выпуски: https://vk.com/vkvideo

И смотрите шоу «Звёзды» в приложении VK Видео: https://trk.mail.ru/c/oy96s5",6894,1710008520,31316462,6255,85192,45122,https://vk.com/video_ext.php?oid=-220754053&id=456240172&hash=b9d396b26f678a9a&__ref=vk.admin_android&api_hash=1740606835a03c63fe28a195839c_GMZDANZRGM2TCOA,1,1,1,False,https://sun1-57.userapi.com/impg/rtvP9xpGP7oMtSDwE2rA44R_Y2auaIVJGvDJ0g/lRIZ1ucAPNM.jpg?size=130x96&quality=95&keep_aspect_ratio=1&background=000000&sign=ac94c69e9ecf77d06b9b411d0c4bf6f7&c_uniq_tag=wu9f8O5adHOhQi629GqDIw1-yf01JWlf013x29dG5Oo&type=video_thumb
456240162,-220754053,"КСТАТИ #33 – Олег Майами, Александр Зубарев, Екатерина Бибишева, Харламов, Мусагалиев, Дорохов","Оформите бесплатную кредитную карту от ВТБ. Получите повышенный кешбэк 20% за покупки и льготный период до 200 дней! Ссылка тут – https://vk.cc/cvfjMh 

Реклама. ПАО ВТБ ИНН 7702070139 erid: 2VtzqwMocj5
 
Тридцать третий выпуск шоу «Кстати» с Азаматом Харламовым. Дорох сегодня всех поздравлял, подготовился даже, выгонять его пока не будем. Гостями тридцать третьего выпуска стали: Александр Зубарев; ведущий, председатель жюри и звезда из проекта «Звёзды»; главный сексолог страны Екатерины Бибишева; и любимый автор песен Олега Майами – Олег Майами. 

Таймкоды:
 
0:00 – Начинаем тридцать третий выпуск ""Кстати"" и поздравляем наших зрительниц
03:13 – Первый гость. Александр Зубарев
04:36 – Гарик доказывает Александру, что подписался на него
06:53 – Поздравление с 8 марта от Александра Зубарева
08:04 – ЗАПАКОУКА подарков для Александра Зубарева от шоу «КСТАТИ»
15:50 – Творческий подарок для Саши и Алины от Гарика
17:17 – Сколько раз нужно жениться
18:02 – Зачем у Азамата было две свадьбы
20:51 – Дорох подводит финансовые итоги 8 марта
21:50 – Второй гость. Ведущий проекта «Звёзды»
25:35 – Третий гость. Председатель жюри проекта «Звёзды»
28:46 – Четвёртый гость. Звезда из проекта «Звёзды»
29:54 – Смотрит трейлер проекта «Звёзды»
32:21 – Пятая гостья. Екатерина Бибишева
34:34 – Что дарить партнерам на гендерные праздники
37:16 – Гарик Харламов - футфетишист?
39:22 – Избавляемся от рутины в сексе
40:10 – Как рассказать детям про секс
41:41 – Начинаем общаться со своим партнером
43:50 – Занимаемся интимной гимнастикой
45:52 – Урок сексуального просвещения
50:58 – Шестой гость. Олег Майами
51:50 – Кого Олег поздравляет с 8 марта
53:00 – Откуда взялся Олег Майами и куда делись бывшие участники «Дома-2»
55:52 – Сколько денег получил Олег за бой с Георгием Тигиевым
56:42 – Как потаскало Олега Майами
57:40 – Выясняем кто такие NILETTO и Лёша Свик
01:00:18 – Какому артисту нравятся песни Олега Майами
01:01:29 – Промотируем концерт Олега, который будет вчера
01:02:38 – Разделяем «КСТАТИ» на два шоу
01:03:56 – Помогаем Азамату
01:05:47 – Это не вода
01:06:15 – Кто на примете у Олега из звёздных девчонок
01:07:54 – Это не вода. Часть II
01:10:09 – На какой массаж не ходил Олег Майами
01:11:42 – Почему Олег - Майами?
01:13:00 – Олег Майами - Убегай

КСТАТИ, смотрите нас в приложении VK Видео: https://trk.mail.ru/c/oy96s5",4622,1709888100,12082430,1732,31782,9092,https://vk.com/video_ext.php?oid=-220754053&id=456240162&hash=a8776326a53c7b9d&__ref=vk.admin_android&api_hash=1740606835af01342d679c9a14c5_GMZDANZRGM2TCOA,1,1,1,False,https://sun1-28.userapi.com/impg/o9GnAwGedwraFg8qoUFhJITWui3_HGMVgnCgTA/0fjHLIKCt3M.jpg?size=130x96&quality=95&keep_aspect_ratio=1&background=000000&sign=576413d6a39e6bd108edc46124fb96ad&c_uniq_tag=94rM94ofJxp4X5V3t2di-qxDcT3hVpU1H0BoDCDwSvc&type=video_thumb
456240159,-220754053,"КСТАТИ #33 – Олег Майами, Александр Зубарев, Екатерина Бибишева, Харламов, Мусагалиев, Дорохов. Тизер",,57,1709834239,531971,40,1537,56,https://vk.com/video_ext.php?oid=-220754053&id=456240159&hash=8c69e131b46cabd9&__ref=vk.admin_android&api_hash=1740606835112e780701be0d8cd2_GMZDANZRGM2TCOA,1,1,1,False,https://i.mycdn.me/getVideoPreview?id=7536071936707&idx=2&type=39&tkn=Fn-3m8m_VmVeiNNosOhwhkE1ID8&fn=vid_s
456240142,-220754053,Трейлер 1 выпуска шоу «Звёзды» | Премьера — 9 марта,"Премьера нового юмористического шоу «Звёзды» 9 марта в 21:20 в сообществе VK Видео! Подписывайтесь: https://vk.com/vkvideo 

А чтобы не пропускать новые выпуски, смотрите шоу в приложении VK Видео: https://trk.mail.ru/c/oy96s5",136,1709813520,5061453,98,1765,653,https://vk.com/video_ext.php?oid=-220754053&id=456240142&hash=5b0a98f7bf5db977&__ref=vk.admin_android&api_hash=174060683506a25e87cfa5529cb6_GMZDANZRGM2TCOA,1,1,1,False,https://sun1-56.userapi.com/impg/R4ltIYR90IO7rb8oO9J6yLBS6Y_YLA6q3acrow/eIEOv3WSA4M.jpg?size=130x96&quality=95&keep_aspect_ratio=1&background=000000&sign=2344548e31171912a47472fdffaa3440&c_uniq_tag=LigqKjsbTXQaSKSPc91rGYYLjtVpRnno-RyuDCj5pvg&type=video_thumb
456240138,-220754053,Серьезные игры #2. Киберспорт: из подвалов на стадионы,"Серьезные игры – документальный сериал из 5 эпизодов о развитии игровой индустрии в России.

Во второй серии вы узнаете, как натянутые между домов провода Интернета объединяли людей, каким образом геймеры в темных подвалах компьютерных клубов заложили основу российского киберспорта, откуда в играх появились донаты и почему люди понесли туда миллионы.

Каждый эпизод «Серьезных игр» доступен эксклюзивно в VK Видео. Подписывайтесь, чтобы не пропустить новые серии: https://vk.com/vkvideo 

Таймкоды:

00:00 – начало серии
01:06 – заставка
01:28 – когда хочется большего, но интернет только через dial-up
03:26 – Локальные сети – от квартир до районов
05:21 – как появились первые компьютерные клубы
07:39 – зарождение игрового коммьюнити 
08:40 – Аллоды – первый российский мультиплеер
10:15 – Запуск Сферы 
12:18 – из онлайн игры – в оффлайн бар
13:37 – Бойцовский клуб и реальные деньги 
18:40 – Легенда. Наследие драконов 
20:00 – первые команды, первые турниры
22:22 – выход на международный уровень, ставки растут
24:30 – Аллоды 2 – время пришло
27:53 – Киберспорт + стрим: миллионные просмотры и призовые
31:22 – Высокий порог входа и Escape from Tarkov

Нам миллионы нести не нужно, бесплатно скачивайте приложение VK Видео и смотрите «Серьезные игры» на любом смартфоне: https://trk.mail.ru/c/oy96s5",2247,1709801700,4058140,117,2391,740,https://vk.com/video_ext.php?oid=-220754053&id=456240138&hash=47454e34165c3462&__ref=vk.admin_android&api_hash=17406068381ef07d32d936c1a45c_GMZDANZRGM2TCOA,1,1,1,False,https://sun1-88.userapi.com/impg/d1kj93HVGZpb_PuPLEW_WJfn5U9P-IrlAJukwA/UbveJBDMFUI.jpg?size=130x96&quality=95&keep_aspect_ratio=1&background=000000&sign=4d29034ed3b253ec86da068499877f25&c_uniq_tag=EMB8pKPsAVgqKeWSOT8JHGm60E-BzB8bCxog0TuDfx0&type=video_thumb
456240120,-220754053,Серьезные игры #2. Тизер,"«Серьезные игры: парадоксы российского геймдева» – документальный сериал о развитии игровой индустрии в России. 

Удобнее всего смотреть сериал через приложение VK Видео https://trk.mail.ru/c/oy96s5. В нем доступна функция скачивания и просмотра роликов в фоновом режиме.",57,1709729940,244698,2,462,16,https://vk.com/video_ext.php?oid=-220754053&id=456240120&hash=609db1a97523a003&__ref=vk.admin_android&api_hash=1740606838cded482bcfc7003908_GMZDANZRGM2TCOA,1,1,1,False,https://i.mycdn.me/getVideoPreview?id=7536069446339&idx=13&type=39&tkn=q-tOdOb1-nijLOQCX-LsLti1fBU&fn=vid_s
456240108,-220754053,Тизер шоу «Звёзды» | Премьера — 9 марта,"Премьера шоу «Звёзды» 9 марта в сообществе VK Видео! Подписывайтесь: https://vk.com/vkvideo

А чтобы не пропускать новые выпуски, смотрите нас в приложении VK Видео: https://trk.mail.ru/c/oy96s5",26,1709557140,4736275,44,4722,230,https://vk.com/video_ext.php?oid=-220754053&id=456240108&hash=b24b36edc9ead254&__ref=vk.admin_android&api_hash=17406068385f6fa00a6512c5b109_GMZDANZRGM2TCOA,1,1,1,False,https://sun1-98.userapi.com/impg/yWI0day09kp_V4Yaynbco65W_ceEowFwp6DA9g/v7XYHgk7ftU.jpg?size=130x96&quality=95&keep_aspect_ratio=1&background=000000&sign=4c2e82812f7981e4f232b98c758e31dd&c_uniq_tag=Z_y12R6SG1GQCb5ClH3Bwr_k3t51fD6LdZ407iFWpLs&type=video_thumb
456240102,-220754053,Серьезные игры #1. На заре новой культуры,"Серьезные игры – документальный сериал из 5 эпизодов о развитии игровой индустрии в России.
 
В первой серии вы узнаете, как видеоприставка Dendy стала локомотивом игровой культуры, каким образом российские пираты создали легальный рынок компьютерных игр и откуда в играх нулевых взялся «потраченный» перевод.

Каждый эпизод «Серьезных игр» доступен эксклюзивно в VK Видео. Подписывайтесь, чтобы не пропустить новые серии: https://vk.com/vkvideo

Таймкоды:

00:00 – начало серии
02:09 – заставка
02:33 – начало 90-х, кризис и новые возможности
03:45 – два титана рынка видеоигр
04:20 – как принести видеоигры в каждую российскую семью
05:58 – как произвести свою приставку
07:05 – как продать то, про что никто не знает 
09:38 – спрос превышает предложение
11:15 – Нинтендо вступает в игру
12:35 – конец эпохи денди
13:40 – компьютерные игры и трудности перевода
14:37 – пираты задают стандарты
16:40 – появление корсаров
18:40 – Фаргус vs 7 волк 
19:44 – «потраченный» перевод и трэш-маркетинг
20:56 – пираты страдают от пиратства
22:05 – Герои Меча и Магии 3 и исторический момент

Пиратить не советуем, а вот легально скачивать и смотреть контент в фоновом режиме можно в приложении VK Видео: https://trk.mail.ru/c/oy96s5",1480,1709283300,5247996,226,9837,2684,https://vk.com/video_ext.php?oid=-220754053&id=456240102&hash=23694479def9b92d&__ref=vk.admin_android&api_hash=1740606838c0ef4ab7f95d0e4da7_GMZDANZRGM2TCOA,1,1,1,False,https://sun1-17.userapi.com/impg/2AKe2DxzlNO2AJ3ra0dKPpmzwD3GIF3oxjnRig/eG02kK9nMsc.jpg?size=130x96&quality=95&keep_aspect_ratio=1&background=000000&sign=f533da39ec89494040ed5f7ab53a5034&c_uniq_tag=KQZpvtA4HnPhNbT06BtBzRJFYTSbIBenDnZyXKMiWQU&type=video_thumb
456240098,-220754053,Серьезные игры #1. Тизер,"«Серьезные игры: парадоксы российского геймдева» – документальный сериал о развитии игровой индустрии в России. Премьера 1 марта в 12:00 эксклюзивно в VK Видео!

Удобнее всего смотреть сериал через приложение VK Видео https://trk.mail.ru/c/oy96s5. В нем доступна функция скачивания и просмотра роликов в фоновом режиме.",53,1709197080,636586,4,430,40,https://vk.com/video_ext.php?oid=-220754053&id=456240098&hash=b787e75406295ea3&__ref=vk.admin_android&api_hash=1740606838da85aafcd3f7103014_GMZDANZRGM2TCOA,1,1,1,False,https://i.mycdn.me/getVideoPreview?id=6342391695981&idx=13&type=39&tkn=TjELo1_udkTrDa_b4fHC37PAOd0&fn=vid_s
456240094,-220754053,Серьезные игры: парадоксы российского геймдева. Тизер сезона,"«Серьезные игры: парадоксы российского геймдева» – документальный сериал о развитии игровой индустрии в России: от пыльных подвалов компьютерных клубов и развалов с пиратскими дисками на рынках до побед на главных киберспортивных турнирах и крупнейших студий с общемировым признанием, ААА-проектами как в ПК-играх, так и на мобильных телефонах.

Премьера 1 марта эксклюзивно в VK Видео.",89,1709024100,1617760,20,1345,169,https://vk.com/video_ext.php?oid=-220754053&id=456240094&hash=005d984f659e60d1&__ref=vk.admin_android&api_hash=17406068384e75da4f6809ba30dc_GMZDANZRGM2TCOA,1,1,1,False,https://sun1-13.userapi.com/impg/6Cbu-CQ5xqv0rQBvY0iasMEhUI6HgzM00qOXqg/OW__XXU51y4.jpg?size=130x96&quality=95&keep_aspect_ratio=1&background=000000&sign=d7b49c3c89bce753b3e939561658e311&c_uniq_tag=tUIXRUgpZakuEypSBhZ0h7UYkWC-Y3mOShDONiIecGA&type=video_thumb
456240087,-220754053,КСТАТИ – Музыкальный спешл. Спецвыпуск,"«Кстати» с Азаматом Харламовым. В этом специальном выпуске в студии даже не было никого, как тут Дороха выгонять. Спецвыпуск, в котором мы вспоминаем лучшие музыкальные номера в истории «Кстати». В этом выпуске: Антон Беляев, Xolidayboy, Сосо Павлиашвили, Багровый Фантомас, Каспийский груз, Григорий Лепс, The Hatters и Купание обезьяны в тёплой воде.

Таймкоды:
 
0:00 – Начинаем специальный выпуск «Кстати» из трёх мест сразу
05:54 – Антон Беляев и Купание обезьяны в тёплой воде - «Ничего не говори»
08:50 – Xolidayboy - «Моя хулиганка»
12:06 – Купание обезьяны в тёплой воде - «Сердце и гондоны»
15:53 – Сосо Павлиашвили - «Песнь ирландских моряков»
21:08 – Купание обезьяны в тёплой воде - «Тёща»
24:44 – Багровый Фантомас - «Сон купца»
28:47 – Купание обезьяны в тёплой воде - «Ода жопе»
33:00 – Каспийский Груз - «Доедешь - пиши»
36:10 – Григорий Лепс и Купание обезьяны в тёплой воде - «Годы»
39:46 – The Hatters - «Просто проваливай»

Смотри это и другие шоу VK Видео Originals в сообществе VK Видео – https://vk.com/vkvideo",2629,1708764900,14288503,1564,13753,2677,https://vk.com/video_ext.php?oid=-220754053&id=456240087&hash=82e3822fccafd713&__ref=vk.admin_android&api_hash=1740606838279bb1a6d346930e27_GMZDANZRGM2TCOA,1,1,1,False,https://sun1-29.userapi.com/impg/xGXli13KlYW5BTq5IpFcgv242Tpt2KTIgxKUwQ/3VJHtlonTNk.jpg?size=130x96&quality=95&keep_aspect_ratio=1&background=000000&sign=32603390a93132a22b4ac9a2b672eaee&c_uniq_tag=kalHXqAPylqnkdj9_wHC9KwNSH-cOing3sjPSIXRlKQ&type=video_thumb
456240085,-220754053,КСТАТИ – Музыкальный спешл. Спецвыпуск. Тизер,,48,1708758000,105429,22,392,22,https://vk.com/video_ext.php?oid=-220754053&id=456240085&hash=306d61578a3c5cf2&__ref=vk.admin_android&api_hash=1740606838279f87d94db85209ac_GMZDANZRGM2TCOA,1,1,1,False,https://i.mycdn.me/getVideoPreview?id=5968822209217&idx=12&type=39&tkn=4T2lWWobz8yo6hQeC34vu7ss6DY&fn=vid_s
456240062,-220754053,"КСТАТИ #32 – Агата Муцениеце, MIA BOYKA, PREDATORZ CREW, Харламов, Мусагалиев, Дорохов","В феврале покупайте бытовую технику и электронику с повышенным кешбэком до 70% бонусами на Мегамаркет – https://clck.ru/38rmS2
Правила акции: https://clck.ru/38rmTh
 
Также используйте промокод КСТАТИ и получите дополнительную скидку 3 000 рублей при первом заказе от 10 000 рублей! Правила использования промокода: https://clck.ru/38rmUc
Erid: 2Vtzqvdxm37
 
Тридцать второй выпуск шоу «Кстати» с Азаматом Харламовым. Дорох в этом выпуске всего-то женский парик нацепил, за это не выгоняют. Гостями тридцать второго выпуска стали: главный представитель детроитской школы хип-хопа в России – Агата Муцениеце; лучшие в своем деле – PREDATORZ CREW; сменившая прямо на нашем шоу вектор карьеры, образ и даже язык – MIA BOYKA.

Таймкоды:
 
0:00 – Начинаем тридцать второй выпуск «Кстати» и рассуждаем о интернет-апокалипсисе
02:10 – Первая гостья. Агата Муцениеце
04:08 – Смотрим и обсуждаем фрагмент фильма «Я - медведь»
07:04 – Каково это работать со светилом русского кино - Никитой Кологривым
08:10 – Сочинение на тему «Я - медведь»
09:34 – Всё, что вы хотели знать о медведях, волках, собаках и кошках
14:58 – Смотрим и обсуждаем фрагмент фильма «Тур с Иванушками»
16:38 – От Иванушек до Эминема - one shot and one opportunity
20:21 – Говорим о роли Агаты в откровенном шоу «Абсолютно Другая Нага»
24:38 – Агата раскапывает грязные секреты Гарика Харламова
26:23 – В студии наконец-то покой и тишина
27:25 – Вторые гости. PREDATORZ CREW
29:52 – Поздравляем ребят с победой на ЧМ по брейку
31:19 – Как PREDATORZ CREW смогли попасть на Battle of the Year
36:15 – Сколько было основателям PREDATORZ в 2002 году
37:25 – Смотрим момент объявления победителей Battle of the Year
38:47 – Аслан - тренер сборной России по брейкингу
40:35 – Как кадрить девчонок с помощью брейка
43:44 – Просим PREDATORZ CREW станцевать
47:59 – Третья гостья. MIA BOYKA
49:18 – Разряжаем обстановку и говорим комплименты по требованию Мии
53:39 – Зачем Мии парень ростом под два метра
55:26 – Эксклюзивное заявление Мии о T-Killah
56:11 – Перевоплощение Мии в новый образ
57:44 – Говорим о треке «Русской походкой» и слушаем песню «Гагарин» на китайском
59:40 – Обсуждаем новый социальный проект Мии - «Навигатор»
01:03:29 – Говорим о будущих проектах Мии
01:07:01 – Как сестра выступила вместо Мии на «Песне Года»
01:08:04 – Подарки для ведущих «Кстати»
01:13:54 – Викторина на знание интернета
01:21:50 – MIA BOYKA - «Навигатор»

Смотри это и другие шоу VK Видео Originals в сообществе VK Видео – https://vk.com/vkvideo",5139,1708160100,17651289,2060,32407,6237,https://vk.com/video_ext.php?oid=-220754053&id=456240062&hash=a19e1d6271319e4f&__ref=vk.admin_android&api_hash=174060683815a4ddfec2de6495e4_GMZDANZRGM2TCOA,1,1,1,False,https://sun1-87.userapi.com/impg/pOrpZETfqpAgAnbUjaq0Hk9NGdok9z2TuDLZDA/4dnZOwEeffA.jpg?size=130x96&quality=95&keep_aspect_ratio=1&background=000000&sign=74583b2b458339783c196abe3b082b6d&c_uniq_tag=n9FsJX9MGxyMdnIsrwLZMWIl1QXhmJ0G_VGcZrNpDZI&type=video_thumb
456240061,-220754053,"КСТАТИ #32 – Агата Муцениеце, MIA BOYKA, PREDATORZ CREW, Харламов, Мусагалиев, Дорохов. Тизер",,66,1708153200,148256,20,397,51,https://vk.com/video_ext.php?oid=-220754053&id=456240061&hash=0223b0f2b560c9ee&__ref=vk.admin_android&api_hash=174060683829ea89f34e0a225f04_GMZDANZRGM2TCOA,1,1,1,False,https://i.mycdn.me/getVideoPreview?id=5914254314139&idx=9&type=39&tkn=MK9R_KrcZnOsLpz7933GA95_ZRQ&fn=vid_s
456240048,-220754053,VK Видео – идеально вместе,"Как не пропускать новинки и прямые эфиры? Скачай наше приложение VK Видео https://trk.mail.ru/c/oy96s5 и подпишись на те каналы или плейлисты, которые тебе интересны. 

В приложении есть функция скачивания, чтобы смотреть даже без интернета, а также просмотр роликов в фоновом режиме даже с выключенным экраном. Доступно на всех смартфонах, а также на смарт ТВ.",15,1707820972,676813,5,210,8,https://vk.com/video_ext.php?oid=-220754053&id=456240048&hash=58ba5ef896de20ac&__ref=vk.admin_android&api_hash=17406068387e1e8b40840cf129e2_GMZDANZRGM2TCOA,1,1,1,False,https://sun1-30.userapi.com/impg/S2B8dLC47ePPA9WBISR0OAqFKowplT3JA7oryw/Zugm_Iq3kA0.jpg?size=130x96&quality=95&keep_aspect_ratio=1&background=000000&sign=48c5972b061a3424cddcde3d0332130d&c_uniq_tag=mSl0tkTf4OjNeavbKvjSRR7CAUE4m-0rJwlE3eVhbpw&type=video_thumb
456240037,-220754053,"КСТАТИ #31 – Настасья Самбурская, Александр Зубарев, Паша Техник, GAУAZOVS BROTHERS, Харламов, Мусагалиев, Дорохов","Тридцать первый выпуск шоу «Кстати» с Азаматом Харламовым. Дорох даже валентинку для гостьи подготовил, ну как мы его выгоним. Гостями тридцать первого выпуска стали: многогранная Настасья Самбурская и люди у которых все хотят взять интервью – GAYAZOV$ BROTHER$. Также в этом выпуске со своими регулярными рубриками – кинотехник Паша Техник и наш путеводитель в мир китайских маркетплейсов – Александр Зубарев.

Таймкоды:

0:00 – Начинаем тридцать первый выпуск «Кстати» и обсуждаем праздник, который не праздник
02:06 – Первый гость. Паша Техник
03:59 – Углубляемся в дебри французского языка
05:25 – Пытаемся говорить о треке «Простите», но говорим о тех, кто ошибся дверью
07:56 – Смотрим хитовый клип Паши
09:37 – Пытаемся говорить про парфюм Паши, но говорим о любви
11:00 – Телевидение больше не нужно
11:55 – Задаём Паше компрометирующий вопрос о другом Паше
13:19 – Где Паша Техник смотрит сериалы
16:38 – Паша Техник влюблён в Яну Кошкину
19:25 – Скандальная правда о шоу «Битва Экстрасенсов»
21:44 – Паша Техник поздравляет зрителей «Кстати» с днём всех влюблённых
22:47 – Вторая гостья. Настасья Самбурская
24:12 – Поздравляем Настасью с днём всех влюблённых
26:41 – Смотрим и обсуждаем фрагмент из сериала «Престиж»
29:52 – Как Настасья пришла к шансону
31:13 – Смотрим киску Настасьи Самбурской
33:11 – Каково это - быть киноженой Гарика
34:49 – Говорим о будущих проектах Настасьи
36:51 – Зовем Настасью на фит с «Купанием обезьяны в тёплой воде»
38:41 – Начинаем интервью заново
40:38 – Играем в «Любовь это…» с Настасьей Самбурской
43:48 – Настасья Самбурская - «Полмира»
47:33 – «Роспакоука» с Александром Зубаревым, приуроченная к дню всех влюблённых
50:27 – Третьи гости. GAYAZOV$ BROTHER$
52:03 – Рассказываем братьям Гаязовым, что такое шоу «Кстати»
52:42 – Кому Тимур и Ильяс будут дарить валентинки
55:44 – Говорим о дуэте GAYAZOV$ BROTHER$ с певицей Светой
56:43 – Пригождается ли Тимуру и Ильясу медицинское образование
58:44 – Самый шокирующий вопрос для братьев Гаязовых
01:00:02 – Смотрим нелегальный мерч GAYAZOV$ BROTHER$
01:03:33 – Откуда взялся уникальный тембр голоса Тимура
01:05:31 – Торгуемся за малиновые Лады с братьями Гаязовыми
01:16:20 – GAYAZOV$ BROTHER$ - «Невеста»

Смотрите это и другие шоу VK Видео Originals в сообществе VK Видео – https://vk.com/vkvideo",4864,1707555300,18758529,2988,41262,19219,https://vk.com/video_ext.php?oid=-220754053&id=456240037&hash=ddaa783defce369a&__ref=vk.admin_android&api_hash=1740606838a2205cfb243e36ce74_GMZDANZRGM2TCOA,1,1,1,False,https://sun1-91.userapi.com/p31-GjAPtgn7uf8-y7UX1fBy1pRAAmu0L0Kp7w/kUw5CUFyysw.jpg
456240036,-220754053,"КСТАТИ #31 – Настасья Самбурская, Александр Зубарев, Паша Техник, GAYAZOV$ BROTHER$. Тизер",,72,1707548400,135196,12,279,60,https://vk.com/video_ext.php?oid=-220754053&id=456240036&hash=d5669b48b9f47387&__ref=vk.admin_android&api_hash=1740606838b81881c106f4d3cc64_GMZDANZRGM2TCOA,1,1,1,False,https://i.mycdn.me/getVideoPreview?id=5968350808698&idx=1&type=39&tkn=-natFNUeC2bz92MgVsD8XN0m20Y&fn=vid_s
456240004,-220754053,"КСТАТИ #30 – Сосо Павлиашвили, Ярослав Могильников, Лев Зулькарнаев, Андрей Максимов, Катерина Кокорина, Дмитрий Татаринов","В феврале покупайте товары категории Мебель с повышенным кешбэком до 50% бонусами -  https://clck.ru/38WGmv
Правила акции: https://clck.ru/38WGp
 
Также используйте промокод КСТАТИ и получите дополнительную скидку 3 000 рублей при первом заказе от 10 000 рублей!
Правила использования промокода: https://clck.ru/38WGqj

Erid: 2VtzqwH1rcF

Тридцатый выпуск шоу «Кстати» с Азаматом Харламовым. Дороха пока не будем выгонять – он сегодня даже как-то держался и сдерживался. Гостями тридцатого выпуска стали: известные всем как Ералаш, Зима и Жёлтый – Ярослав Могильников, Лев Зулькарнаев и Андрей Максимов; люди, в руках которых наше будущее (если в будущем вся Земля будет ареной для битвы боевых роботов) – Катерина Кокорина и Дмитрий Татаринов; и наш юбилейный гость Сосо Павлиашвили.

Таймкоды:

0:00 – Начинаем тридцатый выпуск «Кстати»
02:46 – Первые гости. Ярослав Могильников, Лев Зулькарнаев и Андрей Максимов
04:22 – Как ребята попали в «Слово Пацана»
09:23 – Обсуждаем многогранность Льва Зулькарнаева
10:53 – Сказывается ли на ребятах популярность
12:23 – Как Ярослав попал в публикации Гоши Рубчинского и Канье Веста
15:21 – Что спрашивали на районе актеров из «Слова Пацана»
17:59 – Придумываем пацанские погоняла ведущим «Кстати»
22:31 – О чём будет сериал «Юг» с Ярославом Могильниковым
23:54 – Говорим о проекте с Андреем Максимовым, о котором нельзя говорить
25:28 – Ждём «Она такая классная» с Львом Зулькарнаевым
26:17 – Как начать болеть за «Спартак», хотя он уже «не такой»
28:38 – Первый в мире квиз по сериалу «Слово Пацана»
41:53 – Проводим реновацию студии «Кстати»
43:18 – Вторые гости. Катерина Кокорина - руководитель чемпионата «Битва Роботов» и Дмитрий Татаринов - капитан команды «Istok.Robotics»
44:21 – Говорим о «Играх Будущего» и суперфинале «Битвы Роботов»
46:13 – Почему роботам перестали показывать «палец вниз»
46:40 – Смотрим хайлайты с битвами робота «Red Horn»
48:12 – Как попасть в «Битву Роботов»
51:21 – Смотрим на робота «Red Horn» вживую
57:32 – Третий гость. Сосо Павлиашвили
58:43 – Сосо Павлиашвили - сотый (!) гость «Кстати» и нам надо это отметить
01:00:37 – Как Сосо будет отмечать юбилей - 60 лет
01:03:24 – Можно ли брать курицу во время тоста
01:04:00 – Говорим о ближайших концертах Сосо
01:04:28 – Тост от Сосо №1 (благодарный)
01:10:10 – Тост от Сосо №2 (за друзей)
01:11:52 – Без чего не может обойтись ни один грузинской стол (без песни)
01:14:24 – Тост от Сосо №3 (о том, как улетает жизнь)
01:17:49 – Тост от Сосо №4 (за родителей)
01:19:53 – Сосо Павлиашвили - Песнь ирландских моряков

Смотрите это и другие шоу VK Видео Originals в сообществе VK Видео – https://vk.com/vkvideo",5192,1706950500,16582530,2065,30570,7821,https://vk.com/video_ext.php?oid=-220754053&id=456240004&hash=28b72d7bb6519372&__ref=vk.admin_android&api_hash=174060683874bda326d710b1d39e_GMZDANZRGM2TCOA,1,1,1,False,https://sun1-26.userapi.com/XnRApS8fqZU6ncRH5toGDUfezGAecPGyqhHV8A/ed37D-J9cm8.jpg
456240003,-220754053,"КСТАТИ #30. Сосо Павлиашвили, Ярослав Могильников, Лев Зулькарнаев, Андрей Максимов, Катерина Кокорина, Дмитрий Татаринов. Тизер",,54,1706943600,120753,9,266,28,https://vk.com/video_ext.php?oid=-220754053&id=456240003&hash=9321f3f18b360482&__ref=vk.admin_android&api_hash=1740606838e07d09697157da7e6c_GMZDANZRGM2TCOA,1,1,1,False,https://i.mycdn.me/getVideoPreview?id=5889989347901&idx=0&type=39&tkn=iS3Q6ipr9YuwhkjZQUA0LxvWJ_Y&fn=vid_s
456239997,-220754053,Битва за время | 14 выпуск | ШАСТУН х СКЛАДЧИКОВА х ДЖАБРАИЛОВ х ВАШ,"DOSTAЕВСКИЙ. Этот корпоратив все запомнят! Приготовят и доставят за 45 минут. Забирай свой ПОДАРОК при заказе в приложении от 1500 рублей по ссылке: https://vk.cc/cue5Hh
Erid: 2VtzqxTWLVM
 
В феврале покупайте товары для ремонта и строительства с повышенным кешбэком до 50% бонусами – https://clck.ru/38UAuu
Правила акции: https://clck.ru/38UAxx
 
Также используйте промокод БИТВАЗАВРЕМЯ и получите дополнительную скидку 3 000 рублей при первом заказе от 10 000 рублей! Правила использования промокода: https://clck.ru/38UAz3
Erid: 2Vtzqud48G7

Битва за время – это проект, в котором комики в разных юмористических жанрах пытаются рассмешить жюри за отведённое им время. Самый смешной в конце сезона получит 3 миллиона рублей! Изначально участникам дана одна минута на выступление, но если жюри нравится происходящее на сцене, они будут добавлять минуты к таймеру. 

В этом выпуске мы узнаем победителя первого сезона «Битвы за время».  

Ведущий:

Саша Ваш https://vk.com/sasavash 
 
Жюри: 

Антон Шастун https://vk.com/shastoon.channel 
Игорь Джабраилов  https://vk.com/igordzhabrailov
Вика Складчикова https://vk.com/vikaskladchikova

Таймкоды: 

00:00 – Начало
01:58 – Объяснение правил
04:08 – Дуэт «Мама Стифлера»
10:18 – Дуэт «Урал»
13:22 – Трио «18+»
20:16 – Дуэт «Четыре»
33:48 – Дуэт «Савич и Пур»
40:15 – Дуэт «Маша и Лера»
45:50 – Дуэт «Абрамов и Тайфун»
52:25 – Дуэт «Антон и Рустам»
01:00:30 – Дуэт «Дайте посмеяться»
01:05:57 – Дуэт «Киньте копеечку»
 
Смотрите это и другие шоу VK Видео Originals в сообществе VK Видео – https://vk.com/vkvideo",4780,1706864100,4497239,1271,16751,2960,https://vk.com/video_ext.php?oid=-220754053&id=456239997&hash=1ec583ae0f9059f5&__ref=vk.admin_android&api_hash=17406068381236c86d9fb5cb18f4_GMZDANZRGM2TCOA,1,1,1,False,https://sun1-97.userapi.com/IGCgVJOeQgW4h6WFpqtm7rmvSKhridkBh4X5Pg/mu5zbWGDtS4.jpg
456239998,-220754053,Битва за время | 14 выпуск | ШАСТУН х СКЛАДЧИКОВА х ДЖАБРАИЛОВ х ВАШ | Тизер,,56,1706857200,68709,6,99,20,https://vk.com/video_ext.php?oid=-220754053&id=456239998&hash=65ede8f442e2f633&__ref=vk.admin_android&api_hash=174060683894e53c4c17f0f0f0c0_GMZDANZRGM2TCOA,1,1,1,False,https://sun1-19.userapi.com/BeeRctu1E3QCXf4OeHI-nQLX_7_j1RnpOJ7dYg/gq5CvWUE-TU.jpg
456239983,-220754053,"КСТАТИ #29 – Павел Деревянко, Андрей Кириленко, Bodiev, Харламов, Мусагалиев, Дорохов","Вечные минуты и гигабайты, возможность делиться гигабайтами и другие выгодные предложения от Tele2» http://surl.li/pfdud

Реклама. ООО «Т2 Мобайл» ИНН 7743895280 erid: 2VtzqwWbQRL

Двадцать девятый выпуск шоу «Кстати»»с Азаматом Харламовым. Дорох извинился, пока что его вырезать не будем. Гостями двадцать девятого выпуска стали: один из лучших Наполеонов – Павел Деревянко и человек, который каждый раз празднует день рождения на работе – Андрей Кириленко. Музыкальный гость: Bodiev.

Таймкоды:

0:00 – Начинаем двадцать девятый выпуск «Кстати» и очень извиняемся
05:14 – Первый гость. Павел Деревянко
07:11 – Как Павел провёл новогодние каникулы
08:27 – Почему Павел Деревянко не ездит на мотоциклах
09:46 – Как Павел начал отношения с новой девушкой
11:30 – Кто лучший Наполеон - Деревянко или Феникс?
12:48 – Смотрим и обсуждаем фрагмент фильма «Конец Славы»
14:37 – Каково это - лежать в гробу
17:56 – Как 2023 год получился таким продуктивным для Павла
19:00 – Ложка дёгтя в 2023 году - криптопроблемы Павла
26:37 – Шоу «Уроки падения на кровать» с Павлом Деревянко
37:42 – Второй гость. Андрей Кириленко
38:52 – Что Дорох и Кириленко делают вместе
39:53 – Сколько Дороху надо надеть носков, чтобы обувь 50-го размера была ему впору
41:41 – Обсуждаем грядущий Матч всех звёзд Единой лиги ВТБ
43:31 – Андрей Кириленко снова празднует день рождения на работе
44:35 – Ждём Андрея в Зале славы NBA
48:00 – Хотел бы Андрей тренировать
50:23 – С кем будет играть сборная России по баскетболу
52:02 – Как устроен «Тихий баскетбол»
53:27 – Какие неудобства связаны с баскетбольным ростом
54:23 – Первый чемпионат «Кстати» по лицеболу
59:40 – Дарим Андрею Кириленко его персональный мем
01:00:29 – Bodiev - «Аромат твоей души»

Смотрите это и другие шоу VK Видео Originals в сообществе VK Видео – https://vk.com/vkvideo",3803,1706345820,14525123,1175,22172,3961,https://vk.com/video_ext.php?oid=-220754053&id=456239983&hash=eee9ed959e6d79de&__ref=vk.admin_android&api_hash=1740606838b5403fee7d06a93bd4_GMZDANZRGM2TCOA,1,1,1,False,https://sun1-88.userapi.com/1Ee44nb8FiAFkOHMAAkYOjnqqsMLn-gI2DyhwA/IpqhH0zqGhQ.jpg
456239984,-220754053,"КСТАТИ #29 – Павел Деревянко, Андрей Кириленко, Bodiev, Харламов, Мусагалиев, Дорохов. Тизер",,60,1706338800,101762,15,237,15,https://vk.com/video_ext.php?oid=-220754053&id=456239984&hash=83df84296112ff79&__ref=vk.admin_android&api_hash=17406068388d24b8e98cac7aec0e_GMZDANZRGM2TCOA,1,1,1,False,https://i.mycdn.me/getVideoPreview?id=5801551334112&idx=1&type=39&tkn=MH04a8h1FiMNwQCtjt0G0VEkmgw&fn=vid_s
456239980,-220754053,Битва за время | 13 выпуск | ШАСТУН х МАРКОНИх ГАРАЕВ х ВАШ,"До конца января на Мегамаркете действует повышенный кешбэк до 50% бонусами на товары для Ремонта – https://clck.ru/382nFC
 
Также используйте промокод БИТВАЗАВРЕМЯ и получите дополнительную скидку 3 000 рублей при первом заказе от 10 000 рублей!
Правила использования промокода: https://clck.ru/382nJU
 
Erid: 2VtzqwFqJYN

Битва за время – это проект, в котором комики в разных юмористических жанрах пытаются рассмешить жюри за отведённое им время. Самый смешной в конце сезона получит 3 миллиона рублей! Изначально участникам дана одна минута на выступление, но если жюри нравится происходящее на сцене, они будут добавлять минуты к таймеру. 

Начался полуфинал, теперь участникам нужно получить «да» от всех членов жюри, чтобы пройти в финал.  

Ведущий:

Саша Ваш https://vk.com/sasavash 
 
Жюри: 

Антон Шастун https://vk.com/shastoon.channel 
Маркони  https://vk.com/v_markoni
Гараев https://vk.com/idargaraev

Таймкоды:

00:00 – Начало
03:00 – Объяснение правил
04:08 – Замрат Вартанянц
11:52 – Трио «Нетяжёлый люкс
20:13 – Дуэт «Урал»
28:52 – Дуэт «Абрамов и Тайфун»
37:07 – Влада Макаренкова
43:50 – Дуэт «Нетленочка»
50:41 – Антон и Рустам
57:35 – Дуэт «Четыре»
 
Смотрите это и другие шоу VK Видео Originals в сообществе VK Видео – https://vk.com/vkvideo",4056,1706259300,3263027,409,10049,1339,https://vk.com/video_ext.php?oid=-220754053&id=456239980&hash=fbfd76aa1dfa3a8b&__ref=vk.admin_android&api_hash=17406068381eb9ffba344b9d5bbf_GMZDANZRGM2TCOA,1,1,1,False,https://sun1-28.userapi.com/euZLzheoQDW4t9EK8Y23szuZsP0e_63TjKuAgg/8zPc3JX9O9o.jpg
456239979,-220754053,Битва за время | 13 выпуск | ШАСТУН х МАРКОНИх ГАРАЕВ х ВАШ | Тизер,,69,1706252400,57866,0,95,6,https://vk.com/video_ext.php?oid=-220754053&id=456239979&hash=12bdfa0c8967e6c4&__ref=vk.admin_android&api_hash=1740606838af67f0076b758d7e4d_GMZDANZRGM2TCOA,1,1,1,False,https://sun1-84.userapi.com/yOiRKg8VQ_2jYLp784aYTg35QDXzC7iAJgghuQ/4AjtkBWS2gM.jpg
456239976,-220754053,«Безумные изобретения» | МАСТЕРСКАЯ #6 Даня Крастер и Андрей Старый,"Эта рубрика поможет совершенно любому стать изобретателем! Каждую неделю Даня Крастер и Андрей Старый будут показывать одно изобретение, которое можно сделать дома своими руками из подручных материалов. Выкладывайте что у вас получилось в комментариях и приобщайтесь к миру DIY!   В шестой серии Крастер и Старый расскажут вам, как с помощью сухого льда и кулера сделать дым-машину!
 
Работайте и изобретайте в присутствии взрослых и обязательно соблюдайте технику безопасноти.
 Кстати, заключительный выпуск шоу уже в сети, смотрите по ссылке: https://vk.com/video-220754053_456239966 
 
Таймкода: 

Комплектующие: 

– кулер
– батарейки крона 9в
– коннектор для кроны
– пластиковый контейнер с крышкой
– сухой лед
– вода
– миска металлическая
– газовая конфорка 
– нож канцелярский
– термоклей
– изолента
– кнопка 12в ВКЛ/ВЫКЛ
– шланг от стиральной машинки
– фломастер
– щипцы для льда
– миска металлическая для льда  

Смотри это и другие шоу VK Видео Originals в сообществе VK Видео – https://vk.com/vkvideo",404,1705827300,1027888,13,634,83,https://vk.com/video_ext.php?oid=-220754053&id=456239976&hash=826a99f67baad85a&__ref=vk.admin_android&api_hash=17406068385df22965e1109cb1b5_GMZDANZRGM2TCOA,1,1,1,False,https://sun1-28.userapi.com/i-IaL8pGNT2lVicOnYbG-M6Nvor0poKWqbJvVQ/NSn4FKoarPs.jpg
456239975,-220754053,Битва за время | 12 выпуск | ШАСТУН х ЖУРАВЛЁВ х САТИР х ВАШ,"До конца января на Мегамаркете действует повышенный кешбэк до 50% бонусами на Автотовары – https://clck.ru/37oVug
Также используйте промокод БИТВАЗАВРЕМЯ и получите дополнительную скидку 3 000 рублей при первом заказе от 10 000 рублей!
Правила использования промокода: https://clck.ru/37oVve
 
Erid: 2VtzqwcJvxW
 
Битва за время – это проект, в котором комики в разных юмористических жанрах пытаются рассмешить жюри за отведённое им время. Самый смешной в конце сезона получит 3 миллиона рублей! Изначально участникам дана одна минута на выступление, но если жюри нравится происходящее на сцене, они будут добавлять минуты к таймеру. 

Начинается полуфинал, теперь участникам нужно получить «да» от всех членов жюри, чтобы пройти в финал.  
 
Ведущий:

Саша Ваш https://vk.com/sasavash 
 
Жюри: 

Антон Шастун https://vk.com/shastoon.channel 
Журавлёв https://vk.com/zhuravl_zhuravl
Сатир  https://vk.com/satyrchannel
 
Таймкоды:

00:00 – Начало
02:10 – Объяснение правил
13:37 – Дуэт «Знакомые»
21:49 – Трио «18+»
28:48 – Дима Соколов
35:38 – Дуэт «Мама Стифлера»
43:52 – Дуэт «Иван-да-Аза»
52:36 – Дуэт «Савич и Пур»
01:00:30 – Дуэт «Маша и Лера»
01:06:54 – Дуэт «Дайте посмеяться»
01:12:41 – Дуэт «Киньте копеечку»
 
Смотрите это и другие шоу VK Видео Originals в сообществе VK Видео – https://vk.com/vkvideo",4791,1705654500,4422535,344,15182,3237,https://vk.com/video_ext.php?oid=-220754053&id=456239975&hash=29300207eb437c48&__ref=vk.admin_android&api_hash=17406068384930d627c3cf82d3ea_GMZDANZRGM2TCOA,1,1,1,False,https://sun1-97.userapi.com/an8bBoClAxoK96XDPGBE7J97FRkz11AxU3eT7g/c-v4h8bUn-o.jpg
456239973,-220754053,Битва за время | 12 выпуск | ШАСТУН х ЖУРАВЛЁВ х САТИР х ВАШ | Тизер,,58,1705647600,51692,1,92,13,https://vk.com/video_ext.php?oid=-220754053&id=456239973&hash=90ffbbc8cd4a52e8&__ref=vk.admin_android&api_hash=174060683875e23ef8f98d508b28_GMZDANZRGM2TCOA,1,1,1,False,https://sun1-18.userapi.com/IKjG3NOOcWA6qA1r66jIfgiJa7mXGs_21u0FYg/dZk-r_2hhC4.jpg
456239966,-220754053,"БЕЗУМНЫЕ ИЗОБРЕТЕНИЯ #6 – Машинки-кровати | Пушной, Мамикс, Крастер, Старый","До конца января на Мегамаркете действует повышенный кешбэк до 50% бонусами СберСпасибо на товары для строительства и ремонта. Используйте бонусы для оплаты до 99% от стоимости следующих заказов.
Подробнее здесь: https://clck.ru/37odnf

Также применяйте промокод МЕГАРЕМОНТ, который дает скидку 1 500 рублей на первый заказ от 5 000 рублей – https://clck.ru/37odsh

Реклама. ООО «Маркетплейс» ИНН 9701048328 erid: 2VtzqvG4Q9C

«Безумные изобретения» – это шоу в котором Пушной, Мамикс, Крастер и Старый бросают вызов детской фантазии и решают построить абсолютно все, что придумают дети! А если детям не понравится, то главные DIY звезды страны выполнят наказание. 

В заключительном выпуске дети усложняют задачу и просят построить целых ДВЕ машинки-кровати! «Кровать принцессы» или «Акуломобиль» – какая машинка-кровать победит в финальном заезде? Пиши в комментариях!

ТАЙМКОДЫ:

00:00 – Начало выпуска
00:59 – Шалаш у себя дома
01:39 – «Сегодня будет весело!»
04:41 – Старый пытается договориться с детьми
06:15 – Дети просят построить два изобретения
08:32 – Старый рассказывает, как сделать кабриолет
11:25 – Автомобиль на две человеческие силы
13:34 – Разрушение!
16:28 – Начало работ
17:37 – Фокус от Старого
18:12 – Пушка, стреляющая носками
19:58 – А кто-то кроме Крастера работает?
22:14 – В студии сработала пожарная сигнализация
23:57 – Презентация
28:50 – Безумная гонка!
32:26 – Голосование
34:40 – Наказание

Смотри это и другие шоу VK Видео Originals в сообществе VK Видео – https://vk.com/vkvideo",2102,1705568100,4497048,116,3168,718,https://vk.com/video_ext.php?oid=-220754053&id=456239966&hash=a58537881d446699&__ref=vk.admin_android&api_hash=1740606838cfefc528aa0a03c319_GMZDANZRGM2TCOA,1,1,1,False,https://sun1-94.userapi.com/nYilvSWjCxTFq54w4ddTbND4c6IHLvD6oP9fsg/F10bWPcJLvA.jpg
456239968,-220754053,"БЕЗУМНЫЕ ИЗОБРЕТЕНИЯ #6 – Машинки-кровати | Пушной, Мамикс, Крастер, Старый | Тизер","Финальный выпуск! Смотри сегодня в 12:00 эксклюзивно в VK Видео.

Главные научпоп звезды страны – Александр Пушной, Мамикс, Даня Крастер и Андрей Старый – собрались, чтобы бросить вызов детской фантазии.",40,1705561200,38570,2,59,8,https://vk.com/video_ext.php?oid=-220754053&id=456239968&hash=142bf4723dfc4182&__ref=vk.admin_android&api_hash=1740606838696ce2f59320e7350c_GMZDANZRGM2TCOA,1,1,1,False,https://i.mycdn.me/getVideoPreview?id=6087178193556&idx=5&type=39&tkn=YSLBVMtTcm5gCBFogbpU16_JCao&fn=vid_s
456239960,-220754053,«Безумные изобретения» | МАСТЕРСКАЯ #5 Даня Крастер и Андрей Старый,"Эта рубрика поможет совершенно любому стать изобретателем! Каждую неделю Даня Крастер и Андрей Старый будут показывать одно изобретение, которое можно сделать дома своими руками из подручных материалов. Выкладывайте что у вас получилось в комментариях и приобщайтесь к миру DIY! 

В этой серии Крастер и Старый покажут как из алюминиевой банки сделать домашний мини-гриль! 

Кстати, пятый выпуск шоу уже в сети, смотрите по ссылке: https://vk.com/video-220754053_456239956 
 
Комплектующие:
 
– консервная банка ананасов 
– линейка
– фломастер
– дремель
– болты м8х80 4шт
– гайки м8 8шт
– болт м6х40 1шт
– гайки м6 2шт
– рым гайка м6 1шт
– проволока алюминиевая примерно 2х400мм
– уголь кусковой (для кальяна без добавок)
– газовая горелка
– сосиски
– шуруповерт
– сверло 8мм
– сверло 6мм
– отвертка крестовая 
– поднос (в нем будем пилить банку)
– миска металлическая 2шт (одна для сосисок, вторая для угля)

Смотри это и другие шоу VK Видео Originals в сообществе VK Видео – https://vk.com/vkvideo",520,1705222500,1284798,30,784,128,https://vk.com/video_ext.php?oid=-220754053&id=456239960&hash=60d41674c5a4b1b8&__ref=vk.admin_android&api_hash=17406068381a8f6cda84354035d9_GMZDANZRGM2TCOA,1,1,1,False,https://sun1-56.userapi.com/iToybAzr5sgFz3PQMSlNHh8k4io3R9Ged0W3HA/TKOfusyEoo4.jpg
456239959,-220754053,Битва за время | 11 выпуск | ШАСТУН х ЯРОВИЦЫНА х БЕБУРИШВИЛИ х ВАШ,"Начните год с выгодных покупок на Мегамаркете! Повышенный кешбэк до 50% бонусами на товары для дома – https://clck.ru/37dLdG
 
Также используйте промокод ЗИМАТЕХНИКА и получите дополнительную скидку 3 000 рублей при первом заказе от 10 000 рублей! 
Правила использования промокода: https://clck.ru/37dLg2
Erid: 2Vtzqx22RH7

Битва за время – это проект, в котором комики в разных юмористических жанрах пытаются рассмешить жюри за отведённое им время. Самый смешной в конце сезона получит 3 миллиона рублей! Изначально участникам данаодна минута на выступление, но если жюри нравится происходящее на сцене, они будут добавлять минуты к таймеру. 

Во втором этапе участникам нужно получить минимум два «да» от членов жюри, чтобы пройти в полуфинал.  
 
Ведущий:

Саша Ваш https://vk.com/sasavash 
 
Жюри: 

Антон Шастун https://vk.com/shastoon.channel 
Зоя Яровицына https://vk.com/zoyazoo
Андрей Бебуришвили  https://vk.com/andrewcomedy

Таймкоды:

00:00 – Начало
00:40 – Объяснение правил
03:22 – Сергей Ужахов
10:39 – Дуэт «Знакомые»
18:43 – Алексей Кузнецов
23:46 – Иванова и Боброва
27:45 – Дуэт «Савич и Пур»
35:30 – Ира Мартьянова
45:53 – Трио «18+»

Смотрите это и другие шоу VK Видео Originals в сообществе VK Видео – https://vk.com/vkvideo",3129,1705049700,2911955,206,8966,1082,https://vk.com/video_ext.php?oid=-220754053&id=456239959&hash=8df6cd2928e16c16&__ref=vk.admin_android&api_hash=17406068382ecccd4b2e899d411c_GMZDANZRGM2TCOA,1,1,1,False,https://sun1-47.userapi.com/D2Pp--iMnG51rWKQbAS5b7gkJVuVIhZM0jxs8g/iF0VcX1M4oI.jpg
456239957,-220754053,Битва за время | 11 выпуск | ШАСТУН х ЯРОВИЦЫНА х БЕБУРИШВИЛИ х ВАШ | Тизер,,51,1705042800,56157,0,91,12,https://vk.com/video_ext.php?oid=-220754053&id=456239957&hash=42dd7b3f5b7e107d&__ref=vk.admin_android&api_hash=17406068382da438c5972b5ec3b9_GMZDANZRGM2TCOA,1,1,1,False,https://sun1-19.userapi.com/MjuiY4SV2F6g8Qp_jk3srukO49o11oqnxavJGA/VpcqT_70yb0.jpg
456239956,-220754053,"БЕЗУМНЫЕ ИЗОБРЕТЕНИЯ #5 – Дракозавр| Пушной, Мамикс, Крастер, Старый","«Безумные изобретения» – это шоу в котором Пушной, Мамикс, Крастер и Старый бросают вызов детской фантазии и решают построить абсолютно все, что придумают дети! А если детям не понравится, то главные DIY звезды страны выполнят наказание. 

В пятом выпуске дети придумают огромного дракозавра стреляющего огнем! Хочешь узнать уцелеет ли мастерская после такого безумия? Смотри выпуск до конца! 

ТАЙМКОДЫ:

00:00 – Начало выпуска 
00:51 – Догони меня кирпич 
01:20 – «Почему у этих детей столько занятий?»
04:56 – Что за мультики смотрят эти дети? 
05:53 – Ведущим уже снятся все эти изобретения
08:04 – Ведущие обсуждают как построить дракозавра, чтобы он себя не поджег
10:26 – Команда приступила к работе 
11:20 – У Старого очень важно дело
12:38 – Пластик все-таки горит
16:57 – Пушной тоже работает?!
18:30 – Старый рассказывает откуда берется пенопласт
21:01 – Тест арбалетных сосисок
22:48 – Презентация изобретения
25:38 – «Вы что с ума сошли?!»
26:35 – Старый делает хот-доги для детей
27:50 – Голосование
29:28 – Наказание

Как не пропускать новинки и прямые эфиры? Скачай наше приложение VK Видео https://trk.mail.ru/c/oy96s5 и подпишись на те каналы или плейлисты, которые тебе интересны.",1830,1704963300,4345403,122,4059,759,https://vk.com/video_ext.php?oid=-220754053&id=456239956&hash=b2e77f59ec0f140a&__ref=vk.admin_android&api_hash=1740606838d0c29b8ea3afe1faf5_GMZDANZRGM2TCOA,1,1,1,False,https://sun1-15.userapi.com/3YQ7PytgllscRaHlJGTJctyScHD8MA43a3wuog/iyN2qg6D7nA.jpg
456239954,-220754053,"БЕЗУМНЫЕ ИЗОБРЕТЕНИЯ #5 – Дракозавр| Пушной, Мамикс, Крастер, Старый | Тизер","Пятый выпуск! Смотри сегодня в 12:00 эксклюзивно в VK Видео.

Главные научпоп звезды страны – Александр Пушной, Мамикс, Даня Крастер и Андрей Старый – собрались, чтобы бросить вызов детской фантазии.",38,1704956400,45627,1,85,13,https://vk.com/video_ext.php?oid=-220754053&id=456239954&hash=5666100d01d4c33c&__ref=vk.admin_android&api_hash=1740606838b6db75f638f9f8df7f_GMZDANZRGM2TCOA,1,1,1,False,https://i.mycdn.me/getVideoPreview?id=5966085884597&idx=9&type=39&tkn=RfdLEWhjkypy89KLIwCfLeGy2lM&fn=vid_s
456239952,-220754053,"Кажется, Нащупал: Титомир, Tenderlybae, Джарахов, Сатир, Golysheva, SLEEPY, Шукаша, Прокофьев и Старый","«Кажется, Нащупал» — это игра, в которой участники на ощупь пытаются отгадать, что находится в коробке. Ведущий может положить внутрь совершенно любой предмет, начиная от безобидной игрушки, заканчивая сырым мясом или даже живой змеей. В свою очередь участник, не видя того, что лежит в ящике, должен просунуть руки в специальные отверстия и на ощупь определить, что же там лежит. 

Амина Tenderlybae 
https://vk.com/tenderlybae 

Аслан Шукаша 
https://vk.com/aslanshukasha 

Екатерина Golysheva 
https://vk.com/golysheva.music 

Соня Sleepy 
https://vk.com/sleepyprincess8 

Богдан Титомир 
https://vk.com/titomirofficial 

Эльдар Джарахов 
https://vk.com/dzharakhov 

Илья Сатир 
https://vk.com/satyrchannel 

Андрей Старый 
https://vk.com/stariyx 

Андрюша Прокофьев 
https://vk.com/prok_kok 

Как не пропускать новинки и прямые эфиры? Скачай наше приложение VK Видео https://trk.mail.ru/c/oy96s5 и подпишись на те каналы или плейлисты, которые тебе интересны.",1650,1704714900,2962963,144,4183,1366,https://vk.com/video_ext.php?oid=-220754053&id=456239952&hash=a3d07e51d33fe599&__ref=vk.admin_android&api_hash=1740606838cf84d97fb58bd730f1_GMZDANZRGM2TCOA,1,1,1,False,https://sun1-89.userapi.com/WEOVZaJsw0KEYGouf5VK-cX5NW1jLAewxY1S8A/VK58rW0VFEI.jpg
456239950,-220754053,"Новогодний выпуск шоу «Кажется, Нащупал» от КликКлак – 8 января эксклюзивно в VK Видео!",,25,1704710627,75570,1,98,28,https://vk.com/video_ext.php?oid=-220754053&id=456239950&hash=8639e80a26ed96c8&__ref=vk.admin_android&api_hash=1740606838f97ec981494697b502_GMZDANZRGM2TCOA,1,1,1,False,https://i.mycdn.me/getVideoPreview?id=5884873673385&idx=6&type=39&tkn=bDzSwMmU1ixUXZGq3u09B0F-4Gw&fn=vid_s
456239947,-220754053,"ТРЭШКЭШ: Новогодний НаеBOX / Кубик, Джарахов, Сатир, Прокофьев, Старый","Премьера новогодней серии нового сезона ТрэшКэш! Вы вновь станете свидетелями уморительных соревнований, за которые можно получить, а можно и не получить реальные деньги. 

В этом выпуске этого сезона вы увидите, как Андрюша Прокофьев, Андрей Старый, Илья Satyr и Эльдар Джарахов должны будут обмануть друг друга ради победы! 

Неповторимый Руслан Кубик в Кубе вернулся из небытия, чтобы задать жару! За порядком на площадке и нормой по лещам следит незаменимый Саня Быков. 

Приятного просмотра и не забывайте подписываться на КликКлак! 

Руслан Кубик в Кубе 
https://vk.com/gabidullin 

Саня Быков 
https://vk.com/bboysansay 

Эльдар Джарахов
https://vk.com/dzharakhov 

Илья Сатир
https://vk.com/satyrchannel 

Андрей Старый
https://vk.com/stariyx 

Андрюша Прокофьев
https://vk.com/prok_kok 

Как не пропускать новинки и прямые эфиры? Скачай наше приложение VK Видео https://trk.mail.ru/c/oy96s5 и подпишись на те каналы или плейлисты, которые тебе интересны.",2263,1704628500,3062493,162,6865,2913,https://vk.com/video_ext.php?oid=-220754053&id=456239947&hash=38d7491cd0a8f874&__ref=vk.admin_android&api_hash=17406068386ee5978d3560042160_GMZDANZRGM2TCOA,1,1,1,False,https://sun1-55.userapi.com/9AMxtxcuVtuaOlg6_WbxOv0a67D1RWR93M2cDA/Qf7yET78sgY.jpg
456239948,-220754053,Новогодний выпуск шоу «ТрэшКэш» от КликКлак – 7 января эксклюзивно в VK Видео!,,26,1704621600,93913,6,141,42,https://vk.com/video_ext.php?oid=-220754053&id=456239948&hash=63ca2694c5385b3e&__ref=vk.admin_android&api_hash=17406068381448b095b305494294_GMZDANZRGM2TCOA,1,1,1,False,https://i.mycdn.me/getVideoPreview?id=5987979627029&idx=2&type=39&tkn=WxoFk4dZ0ahxL80l4UwxnFogdew&fn=vid_s
456239941,-220754053,«Безумные изобретения» | МАСТЕРСКАЯ #4 Даня Крастер и Андрей Старый,"Эта рубрика поможет совершенно любому стать изобретателем! Каждую неделю Даня Крастер и Андрей Старый будут показывать одно изобретение, которое можно сделать дома своими руками из подручных материалов. Выкладывайте что у вас получилось в комментариях и приобщайтесь к миру DIY!   

В этой серии Крастер и Старый расскажут вам как в домашних условиях сделать настоящую машину мыльных пузырей!  

Кстати, четвертый выпуск шоу уже в сети, смотрите по ссылке https://vk.com/video-220754053_456239925 

Комплектующие:

 – CD-диск
– пластиковая бутылка 0,5л
– картонная коробка
– жидкое мыло
– бутылка с водой 0,5л
– батарейки крона 9в 3шт
– коннектор для кроны 3шт
– кнопка 12в ВКЛ/ВЫКЛ 2шт
– нож канцелярский
– термоклей
– крышка от бутылки пластиковая 3шт
– моторчик DC 9/12в с редуктором
– вентилятор+моторчик DC 9/12в
– шуруповерт
– ступенчатое сверло (можно заменить паяльником)
– зенкер (можно заменить ножом)
 
Как не пропускать новинки и прямые эфиры? Скачай наше приложение VK Видео https://trk.mail.ru/c/oy96s5 и подпишись на те каналы или плейлисты, которые тебе интересны.",524,1704618000,1050736,10,798,75,https://vk.com/video_ext.php?oid=-220754053&id=456239941&hash=c03a2cf40dc29a90&__ref=vk.admin_android&api_hash=17406068380ef77b7d746914d913_GMZDANZRGM2TCOA,1,1,1,False,https://sun1-90.userapi.com/PVBBBhlUpYYycNlRknxqPrQaiNBOuS2BZS4xjA/PuLF9yB_izg.jpg
456239939,-220754053,"ОФИСНЫЕ ИГРЫ КликКлак 2 СЕЗОН 7 СЕРИЯ: Джарахов, SQWOZ BAB, Сатир, Прокофьев, Старый","«Офисные игры 2» – Новый сезон юмористического, развлекательного шоу, в котором Сатир, Прокофьев, Старый и Марат SQWOZ BAB уже не стажëры, а сотрудники. Во втором сезоне им предстоит избежать увольнения, выполняя дурацкие, смешные и безумные челленджи, которые для них подготовил Эльдар Джарахов. 

Финал 2 сезона «Офисных игр»! 

Новогодний корпоратив проведёт Расул Чабдаров, а Сатир, Марат, Старый и Прокофьев воспользуются последним шансом заработать баллы. 

Сегодня мы узнаем, кто же в итоге покинет офис! 

Таймкоды: 

00:00 – Офисный маскарад 
03:32 – Сосиска в рот
 11:25 – Играем в «Тайного Санту»
13:19 – Чужие подарки 
20:00 – Тайный роман Эльдара
20:54 – Гигантский бирпонг 
33:30 – Итоги сезона 

Расул Чабдаров 
https://vk.com/chabdarrr 

Эльдар Джарахов 
https://vk.com/rocknrofl 

Саня Быков 
https://vk.com/bboysansay 

Андрюша Прокофьев 
https://vk.com/prok_kok 

Илья Satyr Шабельников 
https://vk.com/satyrchannel 

Марат SQWOZ BAB 
https://vk.com/sqwozbab 

Андрей Старый 
https://vk.com/stariyx 

Как не пропускать новинки и прямые эфиры? Скачай наше приложение VK Видео https://trk.mail.ru/c/oy96s5 и подпишись на те каналы или плейлисты, которые тебе интересны.",2155,1704542100,3000662,61,3492,658,https://vk.com/video_ext.php?oid=-220754053&id=456239939&hash=aa3e327198557095&__ref=vk.admin_android&api_hash=174060683838c33e45c9de7eb98f_GMZDANZRGM2TCOA,1,1,1,False,https://sun1-56.userapi.com/vfWz550DD-9gwtUw8EPVo6W5vUJ7FjzObRR3GA/ZZJ3p-amYj8.jpg
456239937,-220754053,Седьмая серия шоу «ОФИСНЫЕ ИГРЫ» от КликКлак – с 06 января эксклюзивно в VK Видео!,,30,1704535200,34073,23,49,8,https://vk.com/video_ext.php?oid=-220754053&id=456239937&hash=9c132c029b1de7fa&__ref=vk.admin_android&api_hash=174060683892cb2ddfb6ab556386_GMZDANZRGM2TCOA,1,1,1,False,https://i.mycdn.me/getVideoPreview?id=5688305650366&idx=0&type=39&tkn=q29D179rCObNiiavaH6zdGhmSUU&fn=vid_s
456239936,-220754053,"КСТАТИ #28 – Митя Фомин, Екатерина Молоховская, Жаргал Бадмацыренов, Амаду Мамадаков, Степан Девонин, Зоя Яровицына","Вкус – огонь! Потому что это Воппер из Бургер Кинг с сочной мясной котлетой, пожаренной на гриле. Котлета – на огне, все – в восторге https://clck.ru/37LoyS

Начните год с выгодных покупок на Мегамаркете! Например, с покупки этого набора инструментов всего за 1 399 рублей! – https://clck.ru/37MFnj

Также используйте промокод МЕГАРЕМОНТ и получите дополнительную скидку 1 500 рублей при первом заказе от 5 000 рублей!
Правила использования промокода: https://clck.ru/37MFpR
Erid: 2VtzqubCddE

Топ-книг от Зои Яровицыной можно послушать тут:
Фредрик Бакман «Бабушка велела кланяться и передать, что просит прощения» 
https://vk.com/audiobook1289

Оскар Уайльд «Портрет Дориана Грея»
https://vk.com/audiobook1646

Братья Стругацкие «Понедельник начинается в субботу» 
https://vk.com/audiobook1804
Erid: 2Vtzqwo63kp

Двадцать восьмой выпуск шоу «Кстати» с Азаматом Харламовым. Дорох до сих пор красиво одет, куда мы его выгоним, вы погоду видели? Гостями двадцать восьмого выпуска стали: разносторонние актёры сериала «Зона комфорта» – Екатерина Молоховская, Жаргал Бадмацыренов, Амаду Мамадаков и Степан Девонин; ошарашенная нашим подарком Зоя Яровицына; и вечно молодой Митя Фомин (вообще он Дмитрий Анатольевич).

Таймкоды:

0:00 – Начинаем двадцать восьмой (и первый в этом году) выпуск «Кстати»
04:36 – Первые гости. Екатерина Молоховская, Жаргал Бадмацыренов, Амаду Мамадаков и Степан Девонин
06:45 – Смотрим и обсуждаем трейлер нового сезона «Зоны комфорта»
08:49 – Каково это - сниматься с Гариком
09:35 – Чем занимается Катя Молоховская помимо актёрской деятельности
11:55 – Говорим о будущих проектах Степана Девонина
13:42 – Вакутагин
14:08 – Ждем вместе сериал «Амура» с Жаргалом Бадмацыреновым
14:46 – Амаду - почти Стэтхем
15:05 – Кто круче бухает - КВНщики или актёры
16:59 – Как объяснить родственникам, почему ты материшься на экране
18:15 – Играем в «Новогоднюю звуковую викторину»
29:33 – Вторая гостья. Зоя Яровицына
31:15 – Как Зоя встретила новый год
32:38 – Как с Зоей произошло «микро-чудо»
34:50 – Обмениваемся подарками с Зоей
40:40 – Кошки против Собак
44:14 – Наконец-то начинаем «Кстати о книгах» с Зоей
44:39 – Книга для Дороха - Фредрик Бакман «Бабушка велела кланяться и передать, что просит прощения»
47:38 – Книга для Харламова - Братья Стругацкие «Понедельник начинается в субботу»
49:15 – Книга для Азамата - Оскар Уайльд «Портрет Дориана Грея»
50:10 – Небольшой бонус от Зои - слушаем сказку с озвучкой от Азамата
51:03 – Зоя поздравляет зрителей «Кстати» с новым годом
54:07 – Третий гость. Митя Фомин
55:41 – В это не верится, но скоро Дмитрию Анатольевичу исполнится 50
57:29 – Ждем новый альбом Мити - «Артист» и его юбилейный концерт
58:41 – Говорим о шоу Мити «На все 100»
01:02:36 – Как у Мити украли Telegram-канал
01:03:59 – Как затянуть Митю в караоке
01:05:00 – Тянем печенья с предсказаниями
01:07:35 – Митя Фомин - «До завтра»

Как не пропускать новинки и прямые эфиры? Скачай наше приложение VK Видео https://trk.mail.ru/c/oy96s5 и подпишись на те каналы или плейлисты, которые тебе интересны.",4359,1704531300,13231332,1477,25751,4888,https://vk.com/video_ext.php?oid=-220754053&id=456239936&hash=c2e1807462a93003&__ref=vk.admin_android&api_hash=1740606838d1ecfcd8dc2ddd8785_GMZDANZRGM2TCOA,1,1,1,False,https://sun1-17.userapi.com/kgohZEBtB-v1DuEINZE5Ixf8RbN-kYbfjh07Tw/ohpG30zk-F0.jpg
456239934,-220754053,"КСТАТИ #28 – Митя Фомин, Екатерина Молоховская, Жаргал Бадмацыренов, Амаду Мамадаков, Степан Девонин, Зоя Яровицына. Тизер",,58,1704524400,50640,3,157,12,https://vk.com/video_ext.php?oid=-220754053&id=456239934&hash=803711a5d73a093e&__ref=vk.admin_android&api_hash=1740606838c6d2efbc6ae82aba77_GMZDANZRGM2TCOA,1,1,1,False,https://i.mycdn.me/getVideoPreview?id=7467220601444&idx=0&type=39&tkn=GOGp9KG563DiKxjrqG_tpOv4tBw&fn=vid_s
456239932,-220754053,"АДСКИЙ ДОМ КликКлак #7: Джарахов, Сатир, Прокофьев и Старый","Развлекательное шоу, в котором участники КЛИККЛАК вместе со звездными гостями попадают в двухэтажный Адский Дом, хозяином которого является Илья Сатир. Чтобы выйти из дома, нужно пройти 6 комнат: «Похоть», «Чревоугодие», «Жадность», «Гнев», «Противники искусства» и «Злые щели». Новая серия – новая комната! 

Новогодняя серия «Адского Дома»! Сегодня наши грешники пройдут девятый круг ада: Предательство. Будет холодно, но естественно у Джарахова, Старого и Прокофьева будет подгорать спина и всё, что ниже! 

Приятного просмотра! 

Эльдар Джарахов 
https://vk.com/rocknrofl 

Андрюша Прокофьев 
https://vk.com/prok_kok 

Илья Satyr Шабельников 
https://vk.com/satyrchannel 

Андрей Старый 
https://vk.com/stariyx 

Как не пропускать новинки и прямые эфиры? Скачай наше приложение VK Видео https://trk.mail.ru/c/oy96s5 и подпишись на те каналы или плейлисты, которые тебе интересны.",1458,1704455700,2881618,62,2247,553,https://vk.com/video_ext.php?oid=-220754053&id=456239932&hash=35178b776c41d4c1&__ref=vk.admin_android&api_hash=1740606838c4d1b597f7c6bea30d_GMZDANZRGM2TCOA,1,1,1,False,https://sun1-23.userapi.com/zOYUCwTeCUWgQcu3Urf7IJgCdi_5I8V8h8XGyw/CpRELcBCg48.jpg
456239930,-220754053,Седьмая серия шоу «Адский Дом» от КликКлак – 5 января эксклюзивно в VK Видео!,,28,1704448800,33852,3,51,10,https://vk.com/video_ext.php?oid=-220754053&id=456239930&hash=d4dc76e02b2b14f7&__ref=vk.admin_android&api_hash=174060683812e95ac988ffeb22ed_GMZDANZRGM2TCOA,1,1,1,False,https://i.mycdn.me/getVideoPreview?id=5812622527080&idx=4&type=39&tkn=g3MmyWi7u-rTDrv60psPZWZAkME&fn=vid_s
456239929,-220754053,Битва за время | 10 выпуск | ШАСТУН х ЩЕРБАКОВА х БЕБУРИШВИЛИ х ВАШ,"Начните год с выгодных покупок на Мегамаркете! Повышенный кешбэк до 50% бонусами на бытовую технику до конца января – https://clck.ru/37MFpr 
Также используйте промокод ЗИМАТЕХНИКА и получите дополнительную скидку 3 000 рублей при первом заказе от 10 000 рублей! Правила использования промокода: https://clck.ru/37MFqH
 
Erid: 2Vtzqufmz4k
 
Битва за время – это проект, в котором комики в разных юмористических жанрах пытаются рассмешить жюри за отведённое им время. Самый смешной в конце сезона получит 3 миллиона рублей! Изначально у участников есть только одна минута на выступление, но если жюри нравится происходящее на сцене, они будут добавлять минуты к таймеру. 

Начался 2-й этап, теперь участникам нужно получить минимум два «да» от членов жюри, чтобы пройти в полуфинал.  

Ведущий:

Саша Ваш https://vk.com/sasavash 
 
Жюри: 

Антон Шастун https://vk.com/shastoon.channel 
Варя Щербакова https://vk.com/varjauletela_group
Андрей Бебуришвили  https://vk.com/andrewcomedy
 
Таймкоды:

00:00 – Начало
01:45 – Объяснение правил
02:37 – Артём Осипов
08:15 – Дуэт «Урал»
14:40 – Влада Макаренкова
20:24 – Дуэт «Абрамов и Тайфун»
26:28 – Пётр Гремякин
32:51 – Дуэт «Маша и Лера»
39:23 – Трио «Нетяжёлый люкс»
45:35 – Лиза Найдён
52:00 – Дуэт «Иван-да-Аза»

Как не пропускать новинки и прямые эфиры? Скачай наше приложение VK Видео https://trk.mail.ru/c/oy96s5 и подпишись на те каналы или плейлисты, которые тебе интересны.",3678,1704444900,2250615,202,9209,1166,https://vk.com/video_ext.php?oid=-220754053&id=456239929&hash=3803312a6a3423b0&__ref=vk.admin_android&api_hash=174060683814fec15bb3e33bbf82_GMZDANZRGM2TCOA,1,1,1,False,https://sun1-95.userapi.com/3mqr2hd09uuylRbaeKaSg4isNUXqa-pfI2aPPQ/40WOQNxIxco.jpg
456239927,-220754053,Битва за время | 10 выпуск | ШАСТУН х ЩЕРБАКОВА х БЕБУРИШВИЛИ х ВАШ | Тизер,,59,1704438000,31295,0,59,9,https://vk.com/video_ext.php?oid=-220754053&id=456239927&hash=dbea863f46214f0e&__ref=vk.admin_android&api_hash=17406068389b7d4a58bdb676e3a9_GMZDANZRGM2TCOA,1,1,1,False,https://sun1-14.userapi.com/aEQtyVuFe06l93P6I_mBKb7ytVvvTUeNAnLMBg/FN54KQMTPTo.jpg
456239926,-220754053,КликКлак против... Деда Мороза,"В «КликКлак против» наши участники в лице Эльдара Джарахова, Андрея Прокофьева, Ильи Сатира и Андрея Старого будут пытаться освоить разные профессии, так как наконец поняли одну главную вещь: всю жизнь быть блогерами у них не получится и нужно как-то подстраховаться. 

В сегодняшнем выпуске они сделают несколько новогодних трюков, которые должны впечатлить настоящего Деда Мороза. 

Эльдар Джарахов 
https://vk.com/dzharakhov 

Илья Satyr 
https://vk.com/satyrchannel 

Андрей Старый 
https://vk.com/stariyx 

Андрюша Прокофьев 
https://vk.com/prok_kok 

Как не пропускать новинки и прямые эфиры? Скачай наше приложение VK Видео https://trk.mail.ru/c/oy96s5 и подпишись на те каналы или плейлисты, которые тебе интересны.",1937,1704369300,2932755,76,2766,863,https://vk.com/video_ext.php?oid=-220754053&id=456239926&hash=2e042dc6e75420b9&__ref=vk.admin_android&api_hash=17406068386d46c19fbcaf8c835d_GMZDANZRGM2TCOA,1,1,1,False,https://sun1-84.userapi.com/RUzazHbHi0H51HiytjanwKL2XEZ7RS5oTqTdhg/MTxNyJ1rpV0.jpg
456239925,-220754053,"БЕЗУМНЫЕ ИЗОБРЕТЕНИЯ #4 – Щенок-разрушитель | Пушной, Мамикс, Крастер, Старый","«Безумные изобретения» – это шоу в котором Пушной, Мамикс, Крастер и Старый бросают вызов детской фантазии и решают построить абсолютно все, что придумают дети! А если детям не понравится, то главные DIY звезды страны выполнят наказание. 

В четвертом выпуске дети попросят наших изобретателей сделать для них щенка-разрушителя! Смотри выпуск до конца, и узнаешь почему такого щенка тебе никогда не разрешат завести родители!

ТАЙМКОДЫ: 

00:00 – Начало выпуска
00:51 – Теперь и Мамикс дает вредный совет
1:47 – Мамикса наконец то не узнали
3:35 – Монстр Ева
4:47 – Ведущие собираются позвонить в полицию
5:55 – Собака Юлия разрушитель
7:57 – «Если мир должен быть разрушен собакой, то пусть это будет Мопс»
10:20 – Команда строит разрушителя 
14:26 – Первая в мире сокодавилка 
17:37 – Детям опять что-то нужно
20:38 – Презентация 
23:48 – Давим арбуз!
24:42 – Собака пукает мыльными пузырями
25:15 – «Опасненько!»
28:45 – Сильное слюноотделение 
30:00 – Голосование
31:05 – Наш отечественный пердеж!

Как не пропускать новинки и прямые эфиры? Скачай наше приложение VK Видео https://trk.mail.ru/c/oy96s5 и подпишись на те каналы или плейлисты, которые тебе интересны.",1902,1704358500,4323285,76,4871,712,https://vk.com/video_ext.php?oid=-220754053&id=456239925&hash=f3600242d6161e7e&__ref=vk.admin_android&api_hash=17406068386bb79fefba8b01de5d_GMZDANZRGM2TCOA,1,1,1,False,https://sun1-98.userapi.com/yPSMC9QxVdS-1VSKSFstNbMtDA8lNjY2zK0wjA/q25ptIWcq58.jpg
456239922,-220754053,Новогодний выпуск «КликКлак Против Деда Мороза» – с 04 января эксклюзивно в VK Видео!,,25,1704362400,18892,2,40,5,https://vk.com/video_ext.php?oid=-220754053&id=456239922&hash=3749c8a308a0e231&__ref=vk.admin_android&api_hash=1740606838642037cdd66ca08c1d_GMZDANZRGM2TCOA,1,1,1,False,https://i.mycdn.me/getVideoPreview?id=5768642824858&idx=0&type=39&tkn=NqhXvGN19nVK9HlLsVEwQKqkW7M&fn=vid_s
456239942,-220754053,Вредные советы от «Безумных изобретений»,,56,1704582437,9231,0,21,4,https://vk.com/video_ext.php?oid=-220754053&id=456239942&hash=56c41f9e33359356&__ref=vk.admin_android&api_hash=174060683886bdf1c2471d53274b_GMZDANZRGM2TCOA,1,1,1,False,https://i.mycdn.me/getVideoPreview?id=5922668481112&idx=4&type=39&tkn=WFEdDbf0KMkSmBrh_7IV-RReFeQ&fn=vid_s
456239919,-220754053,"БЕЗУМНЫЕ ИЗОБРЕТЕНИЯ #4 – Щенок-разрушитель | Пушной, Мамикс, Крастер, Старый | Тизер","Четвертый выпуск! Смотри сегодня в 12:00 эксклюзивно в VK Видео.

Главные научпоп звезды страны – Александр Пушной, Мамикс, Даня Крастер и Андрей Старый – собрались, чтобы бросить вызов детской фантазии.",49,1704351600,15162,1,32,3,https://vk.com/video_ext.php?oid=-220754053&id=456239919&hash=5d7a528b6e9d6b8a&__ref=vk.admin_android&api_hash=1740606838be390aa0a7794131b3_GMZDANZRGM2TCOA,1,1,1,False,https://i.mycdn.me/getVideoPreview?id=5629430008351&idx=0&type=39&tkn=8I4bJxgH4JQYJbVwcNzgvVihzWA&fn=vid_s
456239918,-220754053,"Ёлка КликКлак 2024: Джарахов, Сатир, Прокофьев и Старый","В эти праздники DOSTAЕВСКИЙ с тобой, даже если лень! Приготовят и доставят за 45 минут. Забирай свой ПОДАРОК при заказе в приложении от 1500 рублей по ссылке: https://vk.cc/ct5XEH Erid: 2Vtzqv5c9Rv

Мы хотим начать прекрасную новогоднюю традицию – собирать зрителей и дарить им чудеса!
Добро пожаловать на новогоднюю ёлку от КликКлак! Сегодня мы собрали наших подписчиков потусить со своими любимыми блогерами, поучаствовать в разных играх и выиграть дорогие, крутые подарки! Приятного просмотра!

Эльдар Джарахов
https://vk.com/rocknrofl

Саня Быков
https://vk.com/bboysansay

Андрюша Прокофьев
https://vk.com/prok_kok

Илья Satyr Шабельников
https://vk.com/satyrchannel

Андрей Старый
https://vk.com/stariyx

Как не пропускать новинки и прямые эфиры? Скачай наше приложение VK Видео https://trk.mail.ru/c/oy96s5 и подпишись на те каналы или плейлисты, которые тебе интересны.",2681,1704286500,2709284,37,1600,690,https://vk.com/video_ext.php?oid=-220754053&id=456239918&hash=aca2a12344e8d616&__ref=vk.admin_android&api_hash=17406068387288e3fcb0bea34754_GMZDANZRGM2TCOA,1,1,1,False,https://sun1-27.userapi.com/LRjuR6iBuX8Evxv52etIFXBdzEj1UsSAY6u9Gw/Haex9rqBeEA.jpg
456239916,-220754053,Премьера новогоднего утренника «Ёлка КликКлак» – 3 января эксклюзивно в VK Видео!,,24,1704276386,22870,0,37,4,https://vk.com/video_ext.php?oid=-220754053&id=456239916&hash=aa03896e71d60351&__ref=vk.admin_android&api_hash=1740606838415bba029428a3f2b7_GMZDANZRGM2TCOA,1,1,1,False,https://i.mycdn.me/getVideoPreview?id=6082426505936&idx=4&type=39&tkn=XvjU4oxb9PF8GI2MuNsVxdiOdhg&fn=vid_s
456239915,-220754053,ВНУТРИ ЛАПЕНКО 4. ПОЛНАЯ ВЕРСИЯ,"Все серии четвертого сезона «Внутри Лапенко», собранные в один полнометражный фильм - настоящий подарок поклонникам ретро-вселенной!

Сюжет расскажет о детстве любимых персонажей. Юные жители города Катамарановска отправляются в пионерлагерь «Лисья горка», где их ждет лето, полное приключений и захватывающих событий!

Как не пропускать новинки и прямые эфиры? Скачай наше приложение VK Видео https://trk.mail.ru/c/oy96s5 и подпишись на те каналы или плейлисты, которые тебе интересны.",7377,1704272100,5173368,717,12357,7588,https://vk.com/video_ext.php?oid=-220754053&id=456239915&hash=133bf492555791e5&__ref=vk.admin_android&api_hash=17406068386f94ee4dd578ca39b4_GMZDANZRGM2TCOA,1,1,1,False,https://sun1-22.userapi.com/dZPnzE3iIW4ZjpF9cLDfrPhrI5RW_8tcZc0DrA/hTVyWcafOP0.jpg
456239914,-220754053,Новогодний КликКлак 2024,"В этом новогоднем сезоне вас ждут как уже полюбившиеся, так и совсем новые форматы: специальные выпуски «ТрэшКэш», «КликКлак Против», «Адского Дома» и «Кажется, Нащупал». Новогодний корпоратив во вселенной «Офисных Игр» и специальный праздничный ивент с подписчиками «Ёлка КликКлак»! 

Приятного просмотра и с наступившим новым годом! 

Эльдар Джарахов 
https://vk.com/rocknrofl 

Андрюша Прокофьев 
https://vk.com/prok_kok 

Илья Satyr Шабельников 
https://vk.com/satyrchannel 

Андрей Старый 
https://vk.com/stariyx 

Как не пропускать новинки и прямые эфиры? Скачай наше приложение VK Видео https://trk.mail.ru/c/oy96s5 и подпишись на те каналы или плейлисты, которые тебе интересны.",46,1704210900,517346,11,466,52,https://vk.com/video_ext.php?oid=-220754053&id=456239914&hash=b52aa0215d082aa4&__ref=vk.admin_android&api_hash=1740606838fcc9f22af41537e512_GMZDANZRGM2TCOA,1,1,1,False,https://sun1-29.userapi.com/vOTLPhTqqLLTd6jJg_wOOT9iPSJKjOHQuY3Qug/eKWOv1C9hZY.jpg
456239913,-220754053,Звёздный Балабол #8 Аслан Шукаша – Ваша Маруся,"Аслан Шукаша и Ваша Маруся не смогли обмануть полиграф, отвечая на вопросы Даника. Кто самый слабый участник DT House? Как ребята учились целоваться? Почему Шукашу слили с тусовки? Ответы на эти и многие другие вопросы вы узнаете в самом эмоциональном выпуске шоу «Звёздный Балабол».
 
Главного вруна мы сфотографировали и повесили на огромный «экран позора» в центре Москвы.
 
Смотрите эксклюзивно в VK Видео.

Таймкоды:
 
00:00 – Смешной тизер
00:49 – Всем Салем!
02:07 – У Аслана стрёмная причёска?
03:07 – Кто самый слабый в DT House?
03:41 ­– Шукаша краш?
04:19 – А Маруся?
06:06 – Брекеты Аслана антисексуальны?
06:45 ­– Целовались с помидором?
07:56 – Аслан недостаточно мужественный?
09:12 – Сливался со встречи с Марусей?
11:16 – Прогонишь Аслана с тусовки ради Покров?
11:35 – Обидишь Марусю ради шутки?
12:37 ­– Возьмёшь его на спасательный ковчег?
13:47 – Попросишься ко мне в кровать?
14:25 – Тебе нравится Маруся?
15:41 – Закажешь стриптизёршу с моей внешностью?
16:22 – Самая жёсткая шутка Аслана?
17:28 – Кто из вас более талантливый?
17:59 – Хейтили друг друга за спиной? 
19:40 – Подводим итоги

Как не пропускать новинки и прямые эфиры? Скачай наше приложение VK Видео https://trk.mail.ru/c/oy96s5 и подпишись на те каналы или плейлисты, которые тебе интересны.",1240,1704207300,2150512,24,1140,106,https://vk.com/video_ext.php?oid=-220754053&id=456239913&hash=892f8ee97cfb5eee&__ref=vk.admin_android&api_hash=17406068389be91c1e3e18095605_GMZDANZRGM2TCOA,1,1,1,False,https://sun1-91.userapi.com/AMUVhL2rmR-CzuHwphOY96_T8yGWOIddkxLp_w/YrYVdWEFSRI.jpg
456239912,-220754053,Звёздный Балабол #8 Аслан Шукаша – Ваша Маруся | Тизер,,51,1704196800,24894,1,28,6,https://vk.com/video_ext.php?oid=-220754053&id=456239912&hash=54a73c540021f4e7&__ref=vk.admin_android&api_hash=174060683809d7b8616f2edb91ce_GMZDANZRGM2TCOA,1,1,1,False,https://sun1-90.userapi.com/V49lmb1hUbJMErygYBK0ocWc4cSRh9vwp_0osQ/E2elh2b31FY.jpg
456239908,-220754053,«Безумные изобретения» | МАСТЕРСКАЯ #3 Даня Крастер и Андрей Старый,"Эта рубрика поможет совершенно любому стать изобретателем! Каждую неделю Даня Крастер и Андрей Старый будут показывать одно изобретение, которое можно сделать дома своими руками из подручных материалов. Выкладывайте что у вас получилось в комментариях и приобщайтесь к миру DIY! 

  В этой серии Крастер и Старый расскажут вам как с помощью картонной коробки и гаджета сделать настоящую голограмму! Буквально 20 минут и есть отличный новогодний подарок!   

Кстати, третий выпуск шоу уже в сети, смотрите по ссылке https://vk.com/video-220754053_456239694 
 
Комплектующие:

 – канцелярский нож
– линейка
– сотовый полипропилен (можно использовать картон)
– стекло 300х400мм (фоторамки)
– термоклей
– планшет для трансляции изображения

 Размеры деталей коробки: 

– Основание 220х408 мм
– Верх 220х408 мм (с разрезом под планшет) 
– Стенки 220х220 мм (треугольники из этих квадратов пополам с пазом под стекло) 
– Верхний карниз 50х408 мм
– Нижний плинтус 10х408 мм
 
Как не пропускать новинки и прямые эфиры? Скачай наше приложение VK Видео https://trk.mail.ru/c/oy96s5 и подпишись на те каналы или плейлисты, которые тебе интересны.",277,1704020100,473013,5,595,66,https://vk.com/video_ext.php?oid=-220754053&id=456239908&hash=1d8f8e54307df610&__ref=vk.admin_android&api_hash=174060683804c8108529717d185c_GMZDANZRGM2TCOA,1,1,1,False,https://sun1-13.userapi.com/pRIEzjQej07YsC53pptmk3p6JZk_1-EK5SenMA/PbhQYN6szjs.jpg
456239907,-220754053,"КСТАТИ #27 – Милош Бикович, Клим Шипенко, Александр Зубарев, SODA LUV, The Hatters, Фираз Шатохин, Харламов, Мусагалиев, Дорохов","Покупайте выгодно на Мегамаркете – в декабре товары категории продукты с повышенным кешбэком до 80% бонусами – https://clck.ru/37Kn7a
 
Также используйте промокод КСТАТИ и получите дополнительную скидку 3 000 руб при первом заказе от 10 000 руб!
Правила использования промокода: https://clck.ru/37KnAP

Erid: 2VtzqwJwGFN

Материалы заимствованы с сайта ведущего рубрики – Александра Зубарева https://zubarefff.net/
 
Двадцать седьмой выпуск шоу «Кстати» с Азаматом Харламовым.  Гостями нашего новогоднего выпуска стали: единственный молодой рэпер, работающий в жанре «35+» – SODA LUV; наш человек в Китае – Александр Зубарев; главные кинохитмейкеры нового года – Клим Шипенко и Милош Бикович. Музыкальные гости с премьерами новогодних треков: несравненный Фираз Шатохин; обещанный зрителям дуэт The Hatters и Купания обезьян в тёплой воде.

Таймкоды:

00:00 – Фираз Шатохин – «Мандарины» (поём вместе)
03:51 – Начинаем новогодний выпуск шоу «Кстати»
05:06 – Будет ли Фираз Шатохин праздновать новый год
06:31 мСмотрим лучшие «мемасики» о нашем шоу за 2023 год
09:40 мКак не выходить из дома, но порадовать всех близких на Новый год
10:28 – Первый гость. SODA LUV
12:25 – Кто такой SODA LUV (поясняем для Гарика)
13:26 – Что такое «стол-книжка»
14:26 – С кем у SODA LUV был дуэт в «VK Под Шубой 2»
17:00 – Знаком ли SODA LUV со стюардессами по имени Жанна
18:27 – Почему скучно играть 10 лет подряд в Counter-Strike
20:05 – Что делает SODA LUV помимо рэпа
21:38 – Говорим о альбоме «S.P.A.»
24:39 – Как SODA LUV продвигает мерч к альбому
27:02 – Обсуждаем финал «Слова Пацана»
27:45 – Как SODA LUV написал свой первый трек
31:31 – SODA LUV – «Инуяшики»
35:13 – Второй гость. Александр Зубарев
36:52 – Как Александр будет отмечать Новый год
38:37 – Какой в Китае сейчас год
40:24 – Ради чего вообще Александр созвонился с нами
41:27 – Почему Александр уволился из балетной школы
42:21 – История про Гараж
45:07 – В чем разница между клубникой и клубникой, сказанной чуть по-другому
47:17 – РОЗПАКОУКА!
49:46 – Приглашаем Александра в шоу «Кстати» на регулярной основе
50:40 – Александр Зубарев поздравляет зрителей с новым годом
52:15 – Купание обезьяны в тёплой воде – «Мнение»
54:57 – Третьи гости. Клим Шипенко и Милош Бикович
55:54 – Почему Азамат большой поклонник фильма «Холоп»
57:15 – Дорох загадывает новогоднее желание
57:46 – Обсуждаем фильм «Холоп 2» и смотрим трейлер
01:02:39 – Вопрос про Чебурашку от Дороха
01:03:47 – Почему Клим Шипенко недооценивает компьютерную графику
01:03:40 – Зачем Милоша Биковича переозвучивают
01:06:07 – Наша идея на «Холоп 3»
01:07:11 – Играем в забаву «Старорусские слова»
01:11:33 – Говорим о съемочном процессе фильма «Вызов»
01:16:26 – Почему Милош занялся музыкой и откуда у него «Золотой граммофон»
01:18:35 – Как Милош и Клим будут праздновать Новый год
01:20:32 – Проверяем насколько Милош «жёсткий серб»
01:25:26 – Слушаем сербскую новогоднюю песню
01:26:49 – Колесо новогодней сербско-русской фортуны
01:33:48 – Гость на сладкое. Юра Музыченко
01:36:35 – Не свёл ли Юра капустофель
01:37:43 – Зачем Юра вообще пришёл
01:39:47 – Поздравляем всех наших зрителей с Новым годом
01:42:03 – The Hatters и Купание обезьяны в тёплой воде – «Корпорат»

Как не пропускать новинки и прямые эфиры? Скачай наше приложение VK Видео https://trk.mail.ru/c/oy96s5 и подпишись на те каналы или плейлисты, которые тебе интересны.",6335,1704012900,14582812,1993,48064,16677,https://vk.com/video_ext.php?oid=-220754053&id=456239907&hash=eef322074fcfd86a&__ref=vk.admin_android&api_hash=1740606838105b80caf626f6aef7_GMZDANZRGM2TCOA,1,1,1,False,https://sun1-55.userapi.com/tDMQA0ks2Z1sVGVtbGTkj2Ci-3NwtAENI-1lkw/TEv3LF8tlvA.jpg
456239905,-220754053,"КСТАТИ #27 – Милош Бикович, Клим Шипенко, Александр Зубарев, SODA LUV, The Hatters, Фираз Шатохин. Тизер",,73,1704006000,117814,8,275,42,https://vk.com/video_ext.php?oid=-220754053&id=456239905&hash=6c52f73e1426b4bd&__ref=vk.admin_android&api_hash=17406068383fd9eabee6cd256a4e_GMZDANZRGM2TCOA,1,1,1,False,https://i.mycdn.me/getVideoPreview?id=5867476421353&idx=2&type=39&tkn=twONkRbGGW_9T85-vD-sDvu4x6I&fn=vid_s
456239899,-220754053,"КСТАТИ #26 – Катя Лель, ХЛЕБ, Харламов, Мусагалиев, Дорохов","Двадцать шестой выпуск шоу «Кстати» с Азаматом Харламовым. Дороха почти смогли выгнать за очередной каламбур. Гостями двадцать шестого выпуска стали: девушка с внеземной энергетикой – Катя Лель и в очередной вернувшиеся раз в рэп-игру Денис Кукояка и Кирилл Трифонов из группы «ХЛЕБ».

Таймкоды:
 
00:00 – Начинаем двадцать шестой выпуск «Кстати» и выясняем кто на какие вечеринки ходил
05:41 – Первая гостья. Катя Лель
06:50 – Говорим о мировом феномене песни «Мой мармеладный»
11:35 – Откуда взялся тренд «slavic girl»
12:50 – Глубокий анализ текста «Моей мармеладный» от Азамата
13:16 – Снимаем видео в стиле «slavic girl» с Катей Лель
14:59 – О чем аудиокнига Кати «Пробуждение женской силы»
18:21 – Проводим опознание внеземных обитателей
20:03 – Как у Кати Лель украли зубы инопланетяне
21:50 – Зачем кому-то «кальций Кати Лель»
24:14 – Пытаемся думать, как Катя Лель
28:27 – Катя Лель – «Мой мармеладный»
32:24 – Вторые гости. Группа «ХЛЕБ»
34:18 – Почему к нам в гости пришло 66,6% ХЛЕБА
34:46 – Как парни собираются встречать новый год
36:06 – Говорим о новом треке ребят – «В баню»
37:27 – Рубрика «Анекдот про баню»
38:03 – Почему Денис Кукояка и Азамат Мусагалиев не высыпаются
42:48 – О чем будущая детская книга Кирилла Трифонова «Банановое предназначение»
45:10 – Дорохов читает Бродского
50:48 – Почему Гарик и Азамат закончили с «Купанием мёртвой обезьяны»
52:05 – Говорим о памятнике группе «ХЛЕБ»
52:31 – Рубрика «Попарка» с группой «ХЛЕБ»
01:07:07 – ХЛЕБ – «В баню»

Как не пропускать новинки и прямые эфиры? Скачай наше приложение VK Видео https://trk.mail.ru/c/oy96s5 и подпишись на те каналы или плейлисты, которые тебе интересны.",4201,1703926500,10340719,1156,20818,4779,https://vk.com/video_ext.php?oid=-220754053&id=456239899&hash=90c41b1afaaa3755&__ref=vk.admin_android&api_hash=1740606838be3b72ec6cf5823433_GMZDANZRGM2TCOA,1,1,1,False,https://sun1-30.userapi.com/dM9WNOs_o3sfSrSCIOzQCYN3b5IuvVMat4bBHw/yug95VCDdSY.jpg
456239897,-220754053,"КСТАТИ #26 – Катя Лель, ХЛЕБ, Харламов, Мусагалиев, Дорохов. Тизер",,56,1703919600,74424,5,131,20,https://vk.com/video_ext.php?oid=-220754053&id=456239897&hash=523237a91ef286e4&__ref=vk.admin_android&api_hash=1740606838813a56b283c7d7b23d_GMZDANZRGM2TCOA,1,1,1,False,https://i.mycdn.me/getVideoPreview?id=5690070141564&idx=11&type=39&tkn=Oou29N-OgrlbIsrBnzuenZYFc9Q&fn=vid_s
456239646,-220754053,VK ПОД ШУБОЙ 2,,4340,1703870340,67883455,4410,41860,13564,https://vk.com/video_ext.php?oid=-220754053&id=456239646&hash=0b4a0ae97608585d&__ref=vk.admin_android&api_hash=174060683847f607cd9bf118c9b1_GMZDANZRGM2TCOA,1,1,1,False,https://sun1-29.userapi.com/poVXGGeR4Z0NhFdQenAJ3jEgrnn7eqIk6wcdQA/D1t8Gt41u0k.jpg
456239853,-220754053,Битва за время | 9 выпуск | ШАСТУН х ЯРОВИЦЫНА х КРОСС х ВАШ,"Покупайте выгодно на Мегамаркете – в декабре электроника и бытовая техника с повышенным кешбэком до 80% бонусами – https://clck.ru/37Gnva
Используйте промокод БИТВАЗАВРЕМЯ и получите дополнительную скидку 3 000 руб при первом заказе от 10 000 руб!
Правила использования промокода: https://clck.ru/37Gnwt

Erid: 2VtzqwPKJ2F

Скачивайте приложение Яндекс с Алисой по ссылке: https://clck.ru/37GvTq

Erid: 2VtzquWgbwr

Мы ценим своих и дарим крутой подарок! Целых 100 ГБ клиентам Тарифа UP:
https://clck.ru/36xWE6. С Новым годом!

Битва за время – это проект, в котором комики в разных юмористических жанрах пытаются рассмешить жюри за отведённое им время. Самый смешной в конце сезона получит 3 миллиона рублей! Изначально у участников есть только одна минута на выступление, но если жюри нравится происходящее на сцене, они будут добавлять минуты к таймеру.

Начался 2-й этап, теперь участникам нужно получить минимум два «да» от членов жюри, чтобы пройти в полуфинал. 

Ведущий:

Саша Ваш https://vk.com/sasavash
 
Жюри:

Антон Шастун https://vk.com/shastoon.channel
Зоя Яровицына https://vk.com/zoyazoo
Карина Кросс https://vk.com/krosskarina
 
00:00 – Начало
03:14 – Объяснение правил
04:30 – Ольга Гульчак
11:51 – Дуэт  «То есть трио»
16:58 – Андрей Авхачев
24:24 – Дуэт «Нетленочка»
30:30 – Женя Ежова
36:16 – Замрат Вартанянц
42:49 – Дуэт «Четыре»
 
Как не пропускать новинки и прямые эфиры? Скачай наше приложение VK Видео https://trk.mail.ru/c/oy96s5 и подпишись на те каналы или плейлисты, которые тебе интересны.",3102,1703840100,1978062,205,8057,943,https://vk.com/video_ext.php?oid=-220754053&id=456239853&hash=61153fbc67a89fc0&__ref=vk.admin_android&api_hash=1740606838cc3750beaea615cda6_GMZDANZRGM2TCOA,1,1,1,False,https://sun1-92.userapi.com/Zp0IOz8c9fcWAj5ACgXxLRpCwijNalQEbznqeg/OHnG_0SQB5A.jpg
456239852,-220754053,Битва за время | 9 выпуск | ШАСТУН х ЯРОВИЦЫНА х КРОСС х ВАШ | Тизер,,56,1703833200,16601,0,45,2,https://vk.com/video_ext.php?oid=-220754053&id=456239852&hash=0b4fb52fb543ab6f&__ref=vk.admin_android&api_hash=17406068380537f848c36abf1b10_GMZDANZRGM2TCOA,1,1,1,False,https://sun1-22.userapi.com/azS393wJDKuBXQB5cMW1kt7ki4cM9h3sYjGucQ/ImQc04mjdqE.jpg
456239867,-220754053,VK ВИДЕО ПЕРЕВОРАЧИВАЕТ САМЫЙ БОЛЬШОЙ СМАРТФОН МОСКВЫ,,25,1703858116,52576,2,124,2,https://vk.com/video_ext.php?oid=-220754053&id=456239867&hash=2aeb86915f4fa455&__ref=vk.admin_android&api_hash=17406068380071c85a8ae3b44ef9_GMZDANZRGM2TCOA,1,1,1,False,https://i.mycdn.me/getVideoPreview?id=5675774904987&idx=5&type=39&tkn=6BSHyNxEOSmleaRMxQwljGQEJI8&fn=vid_s
456239694,-220754053,"БЕЗУМНЫЕ ИЗОБРЕТЕНИЯ #3 – Новогодник | Пушной, Мамикс, Крастер, Старый и Василиса Кукояка","Выбирайте инструмент для профессионалов Inforce https://vk.cc/ctzL3j
Мы ценим своих и дарим крутой подарок! Целых 100 ГБ клиентам Тарифа UP: https://clck.ru/36xWE6. С Новым годом!
erid: 2VtzqxXv1Tp

«Безумные изобретения» – это шоу в котором Пушной, Мамикс, Крастер и Старый бросают вызов детской фантазии и решают построить абсолютно все, что придумают дети! А если детям не понравится, то главные DIY звезды страны выполнят веселое наказание. 

В праздничном выпуске Василиса Кукояка и другие дети придумают Новогодника, который умеет замораживать и стреляет подарками! Заряжайся новогодним настроением и пиши в комментариях какие бы функции ты добавил этому изобретению!

ТАЙМКОДЫ:

00:00 – Начало шоу
1:05 – Смотрим на сварку 24 часа!
1:48 – Ребенок побил Старого
6:48 – Это кактус или снеговик?
9:31 – Пушной предлагает поджечь снеговика
13:44 – Команда приступает к работе, поможет ли в этот раз Пушной?
18:18 – Проблемы в производстве
26:54 – Почему Василисы и Мамикса нет на презентации?
30:18 – Дискотека от Пушного
31:22 – Заморозили носки Старого?
35:18 – Новогодник оплевал детей подарками
36:50 – Ведущие звонят Василисе
38:55 – Мамикс почти успел

Как не пропускать новинки и прямые эфиры? Скачай наше приложение VK Видео https://trk.mail.ru/c/oy96s5 и подпишись на те каналы или плейлисты, которые тебе интересны.",2372,1703763940,4577487,82,6373,1562,https://vk.com/video_ext.php?oid=-220754053&id=456239694&hash=3048925639b1a8d7&__ref=vk.admin_android&api_hash=17406068384f366bc9f2d3cfd59e_GMZDANZRGM2TCOA,1,1,1,False,https://sun1-27.userapi.com/1gfS4FtN5MdOtSSe5c2sofqaNdWuvKoyRmY8Mw/WsbbiR0ENwY.jpg
456239676,-220754053,"БЕЗУМНЫЕ ИЗОБРЕТЕНИЯ #3 – Новогодник| Пушной, Мамикс, Крастер, Старый и Василиса Кукояка | Тизер","Новогодний выпуск! Смотри сегодня в 12:00 эксклюзивно в VK Видео.

Главные научпоп звезды страны – Александр Пушной, Мамикс, Даня Крастер и Андрей Старый – собрались, чтобы бросить вызов детской фантазии.",49,1703749912,54543,1,96,20,https://vk.com/video_ext.php?oid=-220754053&id=456239676&hash=c573a93922aa6176&__ref=vk.admin_android&api_hash=17406068384bef98722b53c8c8f1_GMZDANZRGM2TCOA,1,1,1,False,https://i.mycdn.me/getVideoPreview?id=5963091479117&idx=1&type=39&tkn=YeOWtlMsfr4gLEtFvblSp34ykhE&fn=vid_s
456239651,-220754053,"ОФИСНЫЕ ИГРЫ КликКлак 2 СЕЗОН 6 СЕРИЯ: Джарахов, SQWOZ BAB, Сатир, Прокофьев, Старый","Покупайте выгодно на Мегамаркете, товары для зимних видов спорта с кешбэком до 40% – https://clck.ru/37GnkX

Также используйте промокод ЗИМНИЙСПОРТ и получите дополнительную скидку 2 000 руб при первом заказе от 7 000 руб!

Правила использования промокода: https://clck.ru/37H3oA
Erid: 2VtzqwE3WWP

«Офисные игры 2» – Новый сезон юмористического, развлекательного шоу, в котором Сатир, Прокофьев, Старый и Марат SQWOZ BAB уже не стажëры, а сотрудники. Во втором сезоне им предстоит избежать увольнения, выполняя дурацкие, смешные и безумные челленджи, которые для них подготовил Эльдар Джарахов. 

Предновогодняя 6 серия «Офисных игр»! Сегодня проверяем силу сотрудников. Участники шоу сразятся в пупырчатой битве, сделают холодные звонки и поучаствуют в интеллектуально-силовой викторине, где в финале на них выльется противная жижа. Приятного просмотра! 

Таймкоды: 

00:00 – Как выгодно закупиться подарками? 
00:21 – Самый сильный лидер в офисе 
02:01 – Пупырчатая битва 
08:33 – Проверка на выносливость 
09:34 – Экстремально-холодные звонки 
26:25 – Почему Эльдар зачастил в спортзал? 
27:48 – Тяжелая ноша 
36:03 – Итоги шестого дня 

Эльдар Джарахов 
https://vk.com/rocknrofl 

Саня Быков 
https://vk.com/bboysansay 

Андрюша Прокофьев 
https://vk.com/prok_kok 

Илья Satyr Шабельников 
https://vk.com/satyrchannel 

Марат SQWOZ BAB 
https://vk.com/sqwozbab 

Андрей Старый 
https://vk.com/stariyx 

Как не пропускать новинки и прямые эфиры? Скачай наше приложение VK Видео https://trk.mail.ru/c/oy96s5 и подпишись на те каналы или плейлисты, которые тебе интересны.",2236,1703667300,3800171,49,2829,643,https://vk.com/video_ext.php?oid=-220754053&id=456239651&hash=ebd0b4649afaece5&__ref=vk.admin_android&api_hash=1740606838bdf4bfb329daa39e91_GMZDANZRGM2TCOA,1,1,1,False,https://sun1-95.userapi.com/kx4KMUvZMuzq7U1BHsIgIrU4iGQU02-AItD4fQ/e1XyomX9kCM.jpg
456239649,-220754053,Шестая серия шоу «ОФИСНЫЕ ИГРЫ» от КликКлак – с 27 декабря эксклюзивно в VK Видео!,,25,1703660400,25588,0,35,7,https://vk.com/video_ext.php?oid=-220754053&id=456239649&hash=4dffea1ccae86215&__ref=vk.admin_android&api_hash=1740606838f3f2eb45506aa6a00b_GMZDANZRGM2TCOA,1,1,1,False,https://i.mycdn.me/getVideoPreview?id=6011239795249&idx=2&type=39&tkn=IemGi4Tclk4jfc3Pc_Sc5wvMzVc&fn=vid_s
456239643,-220754053,Звёздный Балабол #7 Старый – Прокофьев,"Андрей Старый и Андрей Прокофьев из КЛИККЛАК пришли на полиграф к Данику, чтобы проверить свои границы дозволенного. Кто за кем будет стоять в человеческой многоножке? Кто важнее в КЛИККЛАК? Что уменьшилось у Старого после качалки?  Ответы на эти и многие другие вопросы вы узнаете в новом выпуске шоу «Звёздный Балабол».
 
Главного вруна мы сфотографировали и повесили на огромный «экран позора» в центре Москвы.
 
Смотрите эксклюзивно в VK Видео.

Таймкоды:
 
00:00 – Смешной тизер
01:52 – Всем Салем!
02:16 – У Старого уродливые тату?
02:50 – Кто самый беспонтовый в КЛИККЛАК?
04:02 ­– Что уменьшилось у Старого после качалки?
05:16 – Крут ли Прокофьев в сексе?
05:59 – А Даник?
06:38 ­– Кто важнее в КЛИККЛАК?
07:14 – Прокофьев смывает за собой?
08:19 – Хочешь ему втащить?
08:49 – Кто из вас более привлекательный?
09:22 – Кто носит трусы несколько дней?
10:27 ­– Пописаешь в раковину в гостях?
10:47 – Сохранишь мой дикпик?
11:09 – Прокофьев описался от страха
13:04 – Маленький это какой?
13:21 – Пересадишь волосы с моих ягодиц?
13:55 – Выгонишь меня из КЛИККЛАК
14:44 – Позовешь на тройничок? 
16:11 – Уступишь ему девушку?
17:44 – Есть переписка, которую ему нельзя видеть?
18:54 – Выбираем порядок в человеческой многоножке?
20:37 – Дежурный вопрос про мизинец
22:11 – Нравится ли Старому проверять простату?
23:26 – Подводим итоги

Как не пропускать новинки и прямые эфиры? Скачай наше приложение VK Видео https://trk.mail.ru/c/oy96s5 и подпишись на те каналы или плейлисты, которые тебе интересны.",1465,1703602800,2097235,15,1115,416,https://vk.com/video_ext.php?oid=-220754053&id=456239643&hash=9ae29e55fad1da77&__ref=vk.admin_android&api_hash=17406068389bb7338c162b684a99_GMZDANZRGM2TCOA,1,1,1,False,https://sun1-17.userapi.com/H0vDCBWfjl6ONlo0tlLuVG6iOH4W_tssKHTAJQ/AZE1jHeGXyE.jpg
456239641,-220754053,Звёздный Балабол #7 Старый – Прокофьев | Тизер,,47,1703592000,11042,1,20,2,https://vk.com/video_ext.php?oid=-220754053&id=456239641&hash=8eeaf18d734b90b7&__ref=vk.admin_android&api_hash=17406068384a0fc0b84abc996cd6_GMZDANZRGM2TCOA,1,1,1,False,https://sun1-54.userapi.com/ebIx0sTka5s71d4d3yRSCDgdT-yIsnJUZjiEYg/iebTHxSknKk.jpg
456239640,-220754053,«Безумные изобретения» | МАСТЕРСКАЯ #2 Даня Крастер и Андрей Старый,"Эта рубрика поможет совершенно любому стать изобретателем! Каждую неделю Даня Крастер и Андрей Старый будут показывать одно изобретение, которое можно сделать дома своими руками из подручных материалов. Выкладывайте что у вас получилось в комментариях и приобщайтесь к миру DIY!   

В этой серии мы покажем, как сделать аппарат для приготовления сахарной ваты с помощью картона, шуруповерта и крышки от банки!  

Кстати, второй выпуск шоу уже в сети, смотрите по ссылке https://vk.com/video-220754053_456239593 

Комплектующие:

 – -картонная коробка
– алюминиевая банка 
– металлическая крышка 
– нагель 15х200мм
– шуруповерт
– пила и стусло
– длинный саморез (клоп) 75мм
– 3 гайки м6 и 2/3 шайбы
– сверло 3мм по металлу 
– гвоздь 80-100мм
– молоток
– отвертка/бита под саморез
– сахар
– стакан воды
– миска металлическая 0,5-2л
– ложка столовая металлическая
– газовая конфорка
– канцелярский нож (ножницы)
– термоклей
– пресс-клещи
– линейка  

 Смотри это и другие шоу VK Видео Originals в сообществе VK Видео – https://vk.com/vkvideo",445,1703408100,633248,11,757,109,https://vk.com/video_ext.php?oid=-220754053&id=456239640&hash=3a4551b54443aa8c&__ref=vk.admin_android&api_hash=17406068388668ae051f3b57b1aa_GMZDANZRGM2TCOA,1,1,1,False,https://sun1-93.userapi.com/BEKcpg9we9QN2vFcZoxJi0W4lckruHpx0O4Mwg/FoFZHL2FTII.jpg
456239639,-220754053,"КСТАТИ #25 – Баста, Гоша Карцев, Харламов, Мусагалиев, Дорохов","Покупайте выгодно на Мегамаркете – в декабре товары категории продукты с повышенным кешбэком до 80% бонусами – https://clck.ru/37EmC8
 
Также используйте промокод КСТАТИ и получите дополнительную скидку 3 000 руб при первом заказе от 10 000 руб!

Правила использования промокода: https://clck.ru/37EmDc

Erid: 2VtzqxaaEPu

Чебупай #сладкопай – всего 2 минуты и на вашем столе десертная выпечка к чаю с большим количеством сочной и сладкой начинки с натуральными фруктами и ягодами в сдобном золотистом тесте https://vk.cc/ctgxe6 

Двадцать пятый выпуск шоу «Кстати» с Азаматом Харламовым. Дорох тоже на месте, очень уж красиво оделся, чтобы его выгонять из шоу. Гостями двадцать пятого выпуска стали: наш главный специалист по стилю Гоша Карцев и многогранный (он еще уйму музыкальных проектов придумал) будущий марафонец и рекордсмен – Баста. Музыкальные гости: Купание обезьяны в тёплой воде.

Смотрите это и другие шоу VK Видео Originals в сообществе VK Видео – https://vk.com/vkvideo

Таймкоды:
 
00:00 – Начинаем двадцать пятый выпуск «Кстати» и обсуждаем (сюрприз) «Слово Пацана»
05:31 – Первый гость. Гоша Карцев
06:43 –Гоша оценивает внешний вид ведущих
07:50 – Любит ли Гоша Карцев новый год и как будет его встречать
08:25 – Что будет с модой в 2024 году и причем тут «пушок персика»
10:03 – Смотрим топ самых нестильных луков гостей шоу «Кстати»
16:18 – Смотрим топ самых стильных луков гостей шоу «Кстати»
22:30 – Благодарим Гошу и обращаемся к нашим гостям
24:03 – Гоша Карцев даёт модное напутствие всем нам на Новый год
24:29 – Что сделать, чтобы не побывать в бесконечных новогодних очередях
25:15 – Второй гость. Баста
26:10 – Как Василий похудел и куда Вася побежит
27:26 – Как Вася работал над спектаклем «Маяковский» и почему в нем нет КВН-рэпа
30:24 – Говорим о будущем рекорде Васи – два концерта в Лужниках подряд
31:23 – Кто следующий на фит с Василием (возможно он сам)
32:46 – Как произносится и переводится название трека Gorilla Zippo - «Juynaeto»
34:39 – Сколько музыки пишет Василий (много)
35:59 – Как Азамат снимался в клипе группы «Рабочий Городок»
38:59 – Почему Вася вообще пришел в шоу «Кстати» (и причем тут его супруга)
39:50 – Как трек Васи попал в «Слово Пацана»
42:30 – Обращение главы профсоюза соведущих Дорохова к Василию
46:21 – Смотрим трейлер «VK Под Шубой 2»ъ» и выясняем с кем у Василия в нём дуэт
52:04 – Играем в «Озвучку новогоднего салюта» с Бастой
58:43 – Купание обезьяны в тёплой воде - «Хоккей»

Смотрите это и другие шоу VK Видео Originals в сообществе VK Видео – https://vk.com/vkvideo",3822,1703321700,13118667,1301,26411,5266,https://vk.com/video_ext.php?oid=-220754053&id=456239639&hash=0f00ac4b9e7c6068&__ref=vk.admin_android&api_hash=1740606838ec4a7a4975ec0f6c2f_GMZDANZRGM2TCOA,1,1,1,False,https://sun1-87.userapi.com/nSt92MvSDuzzJtqWoZc38miGxYTDM9s9v86HfA/12K1JhZNpmY.jpg
456239636,-220754053,"КСТАТИ #25 – Баста, Гоша Карцев, Харламов, Мусагалиев, Дорохов. Тизер",,48,1703314800,100268,15,249,30,https://vk.com/video_ext.php?oid=-220754053&id=456239636&hash=b9f939e5d2476496&__ref=vk.admin_android&api_hash=1740606838e08407d1b655171849_GMZDANZRGM2TCOA,1,1,1,False,https://i.mycdn.me/getVideoPreview?id=5750805957320&idx=8&type=39&tkn=uVicXAjSJlXIa5nBQ0l22eSxpDw&fn=vid_s
456239605,-220754053,Техника безопасности от «Безумных изобретений» #2,,32,1703250095,261643,3,292,12,https://vk.com/video_ext.php?oid=-220754053&id=456239605&hash=118fdb55acc9921d&__ref=vk.admin_android&api_hash=17406068398eb7e353298825d77c_GMZDANZRGM2TCOA,1,1,1,False,https://i.mycdn.me/getVideoPreview?id=5678987610811&idx=5&type=39&tkn=pwPc1h0kyLpX-OeG6y0nOi8PgO8&fn=vid_s
456239599,-220754053,Битва за время | 8 выпуск | ШАСТУН х МЯГКОВА х ЧЕПУРЧЕНКО х ВАШ,"Покупайте выгодно на Мегамаркете – в декабре электроника и бытовая техника с повышенным кешбэком до 80% бонусами – https://clck.ru/37Djee 
 
Используйте промокод БИТВАЗАВРЕМЯ и получите дополнительную скидку 3 000 руб при первом заказе от 10 000 руб! Правила использования промокода: https://clck.ru/37Djfp
 
Erid: 2Vtzqucee59
 
Мы ценим своих и дарим крутой подарок! Целых 100 ГБ клиентам Тарифа UP: https://clck.ru/36xWE6. С Новым годом! 

erid: 2VtzqxXv1Tp
 
Битва за время – это проект, в котором комики в разных юмористических жанрах пытаются рассмешить жюри за отведённое им время. Самый смешной в конце сезона получит 3 миллиона рублей! Изначально у участников есть только одна минута на выступление, но если жюри нравится происходящее на сцене, они будут добавлять минуты к таймеру. 

В восьмом выпуске начинается 2й этап, теперь участникам нужно получить минимум два «да» от членов жюри, чтобы пройти в полуфинал.  
 
Ведущий:

Саша Ваш https://vk.com/sasavash 
 
Жюри: 

Антон Шастун https://vk.com/shastoon.channel 
Ирина Мягкова https://vk.com/imyagkova
Слава Чепурченко https://vk.com/chepur1987
 
00:00 – Начало
00:52 – Объяснение правил
03:34 – Настя Догодина
11:11 – Аня Захарова и Миша Хохряков 
18:40 – Дима Соколов
26:26 – Дуэт  «Дайте посмеяться»
31:20 – Дуэт «Мама Стифлера»
37:26 – Настя Ткаченко
42:10 – Дуэт «Антон и Рустам»
50:00 – Дуэт «Киньте Копеечку»
 
Смотрите это и другие шоу VK Видео Originals в сообществе VK Видео – https://vk.com/vkvideo",3455,1703235300,2282762,215,10101,1363,https://vk.com/video_ext.php?oid=-220754053&id=456239599&hash=acfdd1fdcf1886d8&__ref=vk.admin_android&api_hash=1740606839da9345a51ab9dd9631_GMZDANZRGM2TCOA,1,1,1,False,https://sun1-20.userapi.com/impg/F1NNXGW6CaQlO8VXgl6gbTulLpxXPLYZFD-aBg/UVS8RfpzFec.jpg?size=130x96&quality=95&keep_aspect_ratio=1&background=000000&sign=0419ae46383a87c4e91a39d2c32e2118&c_uniq_tag=PDobd4t5NzGZ8CVwKQSMm_Qz8_8_zwnnUzG1ReibZIo&type=video_thumb
456239597,-220754053,Битва за время  | 8 выпуск | ШАСТУН х МЯГКОВА х ЧЕПУРЧЕНКО х ВАШ | Тизер,,50,1703228400,20422,0,51,4,https://vk.com/video_ext.php?oid=-220754053&id=456239597&hash=c2e1263e0c0f28a2&__ref=vk.admin_android&api_hash=174060683901758f6dfa3b20383f_GMZDANZRGM2TCOA,1,1,1,False,https://sun1-21.userapi.com/impg/wu9L9Hp0X7UB3_uI6pUal1l4qe0S6yR7paoyVw/jRDaZHP6_lE.jpg?size=130x96&quality=95&keep_aspect_ratio=1&background=000000&sign=209ee99b5377c6c9acf1829233de8947&c_uniq_tag=QhAkb3mDiyh6gflw1YUf9EdYfJSWQjeTpTZx3VfbzD4&type=video_thumb
456239593,-220754053,"БЕЗУМНЫЕ ИЗОБРЕТЕНИЯ #2 – Туалетный Монстр | Пушной, Мамикс, Крастер, Старый","Главный подарок года уже ждет вас! Заказывайте умную колонку VK Капсулу Нео с яркими стикерами: https://vk.cc/ctmOaP 
Реклама. ООО «ВК», ИНН 7743001840, Erid: 2VtzqvyU28B 

«Безумные изобретения» – это шоу в котором Пушной, Мамикс, Крастер и Старый бросают вызов детской фантазии и решают построить абсолютно все, что придумают дети! А если детям не понравится, то главные DIY звезды страны выполнят наказание.  
 
В этом выпуске дети придумают «Туалетного монстра» с множеством функций. Что в итоге получится? Угрожающий «Скибиди туалет» или «Милый унитаз на калесиках»? Смотри до конца и узнаешь! 

ТАЙМКОДЫ:

00:00 – Начало шоу
00:50 – Как стать грозой всех ботанов?
1:33 – Старый предлагает ребенку построить всё вместо ведущих.
4:32 – Ведущие хотят смыться
5:42 – Монстр вонючего попкорна!
7:30 – Где скрутить колеса от трактора?
10:48 – Команда собирает унитаз, пока Пушной спит
16:59 – Первый российский электрокар?
19:46 – Старый умоляет Крастера не смывать его
20:38 – Дети в шоке с того, что построили ведущие
22:33 – Какое шоу без попкорна?
23:26 – Крастер просит завещать ему всех подписчиков Мамикса
25:42 – Крастер засорил унитаз
27:34 – Голосование. Понравилось или всех ведущих смоют в унитазе?

Смотри это и другие шоу VK Видео Originals в сообществе VK Видео – https://vk.com/vkvideo",1746,1703163255,4388914,160,5583,1459,https://vk.com/video_ext.php?oid=-220754053&id=456239593&hash=cffd327283f74683&__ref=vk.admin_android&api_hash=1740606839442fc306ff2e6792e4_GMZDANZRGM2TCOA,1,1,1,False,https://sun1-54.userapi.com/impg/CKL4wVhyNe-LC9hU6grh_Xpk6xA4BXjMN27a7Q/2kVRCRGAtFc.jpg?size=130x96&quality=95&keep_aspect_ratio=1&background=000000&sign=b50085ea4da35e6af47692c489efd4b3&c_uniq_tag=xeuW2OYg4q54riM_w9uoJLaEzFhV1oHJrR6b7XwY9K0&type=video_thumb
456239594,-220754053,Вредные советы от «Безумных изобретений» #2,,46,1703170800,218544,3,155,7,https://vk.com/video_ext.php?oid=-220754053&id=456239594&hash=76b50f6f889729f0&__ref=vk.admin_android&api_hash=17406068395b5897da8f663c4ce2_GMZDANZRGM2TCOA,1,1,1,False,https://i.mycdn.me/getVideoPreview?id=5894414731828&idx=7&type=39&tkn=Kylq68rb5lLdCAFMQk7iNWDsfdQ&fn=vid_s
456239591,-220754053,"БЕЗУМНЫЕ ИЗОБРЕТЕНИЯ #2 – Туалетный Монстр | Пушной, Мамикс, Крастер, Старый | Тизер","Второй выпуск и очередное безумное изобретение! Смотри сегодня в 14:00 эксклюзивно в VK Видео.

Главные научпоп звезды страны – Александр Пушной, Мамикс, Даня Крастер и Андрей Старый – собрались, чтобы бросить вызов детской фантазии.",47,1703149200,43273,5,83,14,https://vk.com/video_ext.php?oid=-220754053&id=456239591&hash=3bb9a1a7e653cee1&__ref=vk.admin_android&api_hash=1740606839fbe66b61ae17cf8415_GMZDANZRGM2TCOA,1,1,1,False,https://i.mycdn.me/getVideoPreview?id=5893824842477&idx=0&type=39&tkn=uInvASEeZ7pQD_563tSogLyPse8&fn=vid_s
456239590,-220754053,"ОФИСНЫЕ ИГРЫ КликКлак 2 СЕЗОН 5 СЕРИЯ: Джарахов, SQWOZ BAB, Сатир, Прокофьев, Старый","Velkopopovický Kozel тёмный безалкогольный – по-настоящему мягкий, по-настоящему карамельный. 

Покупайте выгодно на Мегамаркете, например туалетная бумага ZEWA всего за 269 рублей – https://clck.ru/37BuoC 
Также используйте промокод МЕГАЗАКУПКИ и получите дополнительную скидку 500 руб при первом заказе от 1 500 руб! Правила использования промокода: https://clck.ru/37BupS Erid: 2VtzqwtaWsV 

«Офисные игры 2» – Новый сезон юмористического, развлекательного шоу, в котором Сатир, Прокофьев, Старый и Марат SQWOZ BAB уже не стажëры, а сотрудники. Во втором сезоне им предстоит избежать увольнения, выполняя дурацкие, смешные и безумные челленджи, которые для них подготовил Эльдар Джарахов. 

Праздничная 5 серия «Офисных игр»! У Сан Саныча день рождения! Сотрудники не захотели скидываться на подарок, поэтому сами будут развлекать босса. Нас ждёт целое шоу талантов: Опера, брейк-данс, жонглирование и фокусы. А ещё рыцарские бои на гироскутерах! 

Приятного просмотра! 

Таймкоды: 

00:00 – Как сэкономить перед новым годом?
00:10 – Подготовка к дню рождения Сан Саныча 
02:54 – Как Андрюша отдыхает вне офиса? 
04:03 – Скользнутая игра 
09:45 – На какой подарок потратился Эльдар? 
10:42 – Шоу талантов 
29:51 – Кто в офисе – главный рыцарь? 
31:02 – Рыцарский турнир 
36:51 – Итоги пятого дня 

Даня Крастер 
https://vk.com/crastan 

Эльдар Джарахов 
https://vk.com/rocknrofl 

Саня Быков 
https://vk.com/bboysansay 

Андрюша Прокофьев 
https://vk.com/prok_kok 

Илья Satyr Шабельников 
https://vk.com/satyrchannel 

Марат SQWOZ BAB 
https://vk.com/sqwozbab 

Андрей Старый 
https://vk.com/stariyx 

Смотри это и другие шоу VK Видео Originals в сообществе VK Видео – https://vk.com/vkvide",2246,1703087700,3717993,69,3025,689,https://vk.com/video_ext.php?oid=-220754053&id=456239590&hash=dad99b181022d0f0&__ref=vk.admin_android&api_hash=17406068391424b220433dcb9fd5_GMZDANZRGM2TCOA,1,1,1,False,https://sun1-30.userapi.com/142S0kPiEMsPtFfwRPAHA3lwV7FkTgQdlEZaZg/e0vzQ7HwRoQ.jpg
456239397,-220754053,"КСТАТИ #19 – Евгения Медведева, Ульяна Пылаева, Гарик Рудник, Алексей Карпенко, 5УТРА, Зоя Яровицына","Уютные квартиры со скидкой 10% от «Самолет» https://smlt.ru/oms6mkt 
Erid: 2Vtzquthmx3

Вовсю идет Зелёный день на Мегамаркете! С 9 по 12 ноября приобретайте товары выгодно, например, этот телевизор Sber 55""(139 см) всего за 18 990 рублей – https://clck.ru/36VbTB

Также используйте промокод ОСЕНЬТЕХНИКА и получите дополнительную скидку 3 000 руб при первом заказе от 10 000 руб! Правила использования промокода: https://clck.ru/36VbVi
Erid:2VtzqveEJMu

Топ-книг от Зои Яровицыной можно послушать тут:

https://vk.com/audiobook2345 – Теодор Драйзер «Финансист»
https://vk.com/audiobook1277 – Салли Руни «Разговоры с друзьями» 
https://vk.com/audiobook2759 – Кристин Ханна «Улица светлячков»

Девятнадцатый выпуск шоу «Кстати» с Азаматом Харламовым. Дорох тоже был, хотя мы уже его даже похоронили, все равно приходит. Гостями девятнадцатого выпуска стали: покоряющая медиапространство Евгения Медведева; пришедшая с проверкой Зоя Яровицына; достигшие пика Ульяна Пылаева, Гарик Рудник и Алексей Карпенко. Музыкальные гости: группа «5УТРА».

Таймкоды:

0:00 – Начинаем девятнадцатый выпуск «Кстати» и вспоминаем легенд юмора
04:27 – Первая гостья. Евгения Медведева
06:50 – Обсуждаем проект жени «БеС Комментариев»
07:57 – Кружится ли голова во время вращения на льду
09:02 – «Медведева VS Медведева» – фильм про Женю во всех кинотеатрах
10:19 – Поздравляем Евгению Медведеву с днём рождения
13:10 – «Evgenia Medvedeva» – теперь ещё и бренд одежды
14:24 – Выпытываем у Жени подробности о ее бойфренде
15:35 – Как Женя провела день в «Кругах на полях»
16:58 – Повторяем лица фигуристов вместе с Женей
20:06 – Вторая гостья. Зоя Яровицына
21:24 – Читают ли ведущие книги, которые им задает Зоя
34:09 – Что в этот раз Зоя принесла ведущим «Кстати»
35:42 – Книга для Азамата – «Разговоры с друзьями» Салли Руни
37:53 – Книга для Дороха – «Улица светлячков» Кристин Ханна
40:46 – Книга для Харламова - «Финансист» Теодор Драйзер
44:49 – Третьи гости. Ульяна Пылаева, Гарик Рудник и Алексей Карпенко
46:24 – Говорим о иммерсивном шоу «Щелкунчик»
49:50 – О чём на самом деле сказка «Колобок»
51:29 – Примеряем на себя роль зрителей шоу «Щелкунчик»
52:42 – Как Ульяна дебютировала на большом экране
54:47 – Много ли танцуют в нашем кино
55:41 – Как пробиться молодому танцору
56:31 – Какой пик у карьеры танцора и карьеры комика
58:43 – Всё обсудили, теперь играем в танцевальную игру «Кто же? Кто же?»
01:04:41 – Что такое «сниппеты»
01:07:00 – 5УТРА – «Давай сбежим (Искорки)»

Смотри это и другие шоу VK Видео Originals в сообществе VK Видео – https://vk.com/vkvideo",4222,1699692900,11768083,1499,21563,3131,https://vk.com/video_ext.php?oid=-220754053&id=456239397&hash=6e950990e63d1772&__ref=vk.admin_android&api_hash=174060683907dae635120209d43c_GMZDANZRGM2TCOA,1,1,1,False,https://sun1-94.userapi.com/mDSaOgS7X7Y0fK_VO0PBJKay_dwMZmLhI7ZLjw/btbpqAPS9DQ.jpg
456239588,-220754053,Пятая серия шоу «ОФИСНЫЕ ИГРЫ» от КликКлак – с 20 декабря эксклюзивно в VK Видео!,,30,1703055600,24083,0,30,7,https://vk.com/video_ext.php?oid=-220754053&id=456239588&hash=90dcf849876d00c0&__ref=vk.admin_android&api_hash=1740606839dc99728abd8b6b9d68_GMZDANZRGM2TCOA,1,1,1,False,https://i.mycdn.me/getVideoPreview?id=5546543090430&idx=0&type=39&tkn=tqyalmTtCSZpVeW2Wraq07pVFZ8&fn=vid_s
456239581,-220754053,Звёздный Балабол #6 Гоша Карцев – Ксюша Дукалис,"Выгодные покупки на Мегамаркете: https://clck.ru/3784jk 
Скидка 1 500 руб. по промокоду МЕГАРЕМОНТ весь декабрь на первую покупку от 5 000 руб. в категории Строительство и ремонт: https://clck.ru/3784kS 

Реклама. ООО «Маркетплейс», megamarket.ru, erid: 2VtzqxZLFQP

Гоша Карцев и Ксения Дукалис ответили на жесткие вопросы друг про друга под пристальным вниманием полиграфолога. Есть ли у модного дизайнера дырявые трусы? Кто из коллег бесит Ксюшу? Чьи секреты они хранят? Ответы на эти и многие другие вопросы вы узнаете в новом выпуске шоу «Звёздный Балабол».

Главного балабола мы сфотографировали и повесили на огромный «экран позора» в центре Москвы.

Смотрите эксклюзивно в VK Видео.

Таймкоды:

00:00 – Проверили Даника на полиграфе
01:52 – Смешной тизер
02:46 – Всем Салем!
04:01 – Карцев оценил лук Дукалис
05:37 – Есть ли у Гоши дырявые трусы?
06:39 – Самая душная ведущая шоу «Подруги»
07:07 – Самая глупая цитата Карцева
10:18 – Сколько Дукалис заработает на стриптизе?
11:05 – Пробовал ли Гоша BDSM?
11:52 – Есть ли у Ксюши анальная пробка?
12:58 – Как Даник стал Данияром?
15:00 – Поможешь сбежать от полиции?
16:52 – Зачем Гоше слепок сосков Дукалис?
18:29 – Вопрос, который вызвал у Гоши истерику?
19:58 – Карцев сумасшедший?
22:57 – Расскажешь секрет Собчак?
25:08 – Ксюша забыла про Гошин день рождения
26:48 – Подводим итоги

Смотри это и другие шоу VK Видео Originals в сообществе VK Видео – https://vk.com/vkvideo",1667,1702997820,2175533,22,1219,428,https://vk.com/video_ext.php?oid=-220754053&id=456239581&hash=5563bceb0eb2302a&__ref=vk.admin_android&api_hash=174060683927572971125d8b3f01_GMZDANZRGM2TCOA,1,1,1,False,https://sun1-23.userapi.com/fmw4ruroaAnjAfoR5saIi5YrOx-Q_rx9h-Hb1Q/sxFz9QOW310.jpg
456239579,-220754053,Звёздный Балабол #6 Гоша Карцев – Ксюша Дукалис | Тизер,,53,1702987200,20437,0,26,3,https://vk.com/video_ext.php?oid=-220754053&id=456239579&hash=461e2e9f9883ae30&__ref=vk.admin_android&api_hash=1740606839e979d6879aeed3c434_GMZDANZRGM2TCOA,1,1,1,False,https://sun1-95.userapi.com/q5v2CUI-VMpKbANFfcWVcXqyUE_zeHlZodZq5Q/f04uC5XS-aE.jpg
456239575,-220754053,Техника безопасности от «Безумных изобретений»,"В шоу “Безумные изобретения” техника безопасности всегда на высшем уровне! Во первых не повторяйте наши эксперименты дома! А во вторых даже если решите повторить делайте это в присутствии взрослых! Потому что, Пушной, Мамикс, Крастер, Старый и VK Видео - заботится о вашем здоровье!",38,1702901590,505866,4,181,72,https://vk.com/video_ext.php?oid=-220754053&id=456239575&hash=63f4064ae04a2587&__ref=vk.admin_android&api_hash=1740606839405b3bffe7b5117081_GMZDANZRGM2TCOA,1,1,1,False,https://i.mycdn.me/getVideoPreview?id=5601242712638&idx=0&type=39&tkn=JlejyI2yTexVa_bwIb0GFYAxANY&fn=vid_s
456239558,-220754053,«Безумные изобретения» | МАСТЕРСКАЯ #1 Даня Крастер и Андрей Старый,"Эта рубрика поможет совершенно любому стать изобретателем! Каждую неделю Даня Крастер и Андрей Старый будут показывать одно изобретение, которое можно сделать дома своими руками из подручных материалов. Выкладывайте что у вас получилось в комментариях и приобщайтесь к миру DIY! 

В этой серии мы покажем, как сделать автоматическую рисовальную машинку для производства различных узоров с помощью картона, клея и фломастеров! 

Кстати, первый выпуск шоу уже в сети, смотрите по ссылке:  https://vk.com/video-220754053_456239534  

Комплектующие:

 – термоклей
– простой круглый или многогранный карандаш
– фломастеры
– циркуль
– линейка
– болт м6х20
– 2 болта м6х25
– 3 гайки м6
– 2 шайбы м6
– сверло 6мм
– бумага А4

Смотри это и другие шоу VK Видео Originals в сообществе VK Видео – https://vk.com/vkvideo",492,1702803300,894942,37,1323,160,https://vk.com/video_ext.php?oid=-220754053&id=456239558&hash=226bb51393c6ea7a&__ref=vk.admin_android&api_hash=17406068390051da6fd19680ff50_GMZDANZRGM2TCOA,1,1,1,False,https://sun1-29.userapi.com/VWDjK8ZY_h68zPB-3cTcdYyGJkuJI5sm-2yjQw/_GMjfRMt6bA.jpg
456239557,-220754053,"КСТАТИ #24 – Юля Гаврилина, Сергей Сельянов, Сюзанна, Зоя Яровицына, Харламов, Мусагалиев, Дорохов","Роллтон – 25 лет дарим тепло: https://clck.ru/36zDpF
 
Уютные квартиры со скидкой 10% от «Самолет»: https://smlt.ru/kjjspkz
 
И квартиру, и мебель, и переезд, и кладовую – все можно с Можнотекой от «Самолет»: https://smlt.ru/b-hnt3n
 
Покупайте мегавыгодно на Мегамаркете – в декабре товары бренда Умный выбор со скидкой до 45% – https://clck.ru/377GJ3
 
Также воспользуйтесь дополнительным промокодом МЕГАДЕКАБРЬ, чтобы получить дополнительную скидку 2 000 руб при первом заказе от 4 000 руб
Правила использования промокода: https://clck.ru/377GKz
Erid: 2VtzqwPDyHU

Топ-книг от Зои Яровицыной можно послушать тут :
 
Джек Лондон «Мартин Иден»
https://vk.com/audiobook2138 

Дина Рубина «Почерк Леонардо»
https://vk.com/audiobook2188 

Тана Френч «Фейтфул-Плейс»
https://vk.com/audiobook2736

Двадцать четвертый выпуск шоу «Кстати» с Азаматом Харламовым. Дороха пока оставили – он всё-таки танец разучил. Гостями двадцать четвертого выпуска стали: повзрослевшая шпулька Юля Гаврилина, умеющая хвалить отличников учебы, Зоя Яровицына и человек, который оставил реальный след в российском культурном коде Сергей Михайлович Сельянов. Музыкальная гостья: Сюзанна.
 
Таймкоды:

00:00 – Начинаем двадцать четвёртый выпуск «Кстати» и оцениваем «floating dance» Дороха
03:29 – Первая гостья. Юля Гаврилина
06:19 – Анализируем «совокуплет» из трека Юли «TIFFANY»
07:51 – Почему все тик-токеры вдруг запели
08:32 – Каким бизнесом занялась бы Юля Гаврилина
09:19 – Юля показывает смертельный трюк с Дорохом (18+)
11:03 – Как Юля участвовала в чемпионате мира по танцам
11:32 – Смотрим и обсуждаем тизер сериала «Блеск» с Юлей Гаврилиной
14:00 – Спрашиваем Юлю про женихов
14:22 – Кто из комиков нравится Юле
15:13 – Вспоминаем себя в 21 год и медленно перетекаем в конфликт из-за первого президента РФ
17:22 – Кто из комиков нравится ведущим «Кстати»
18:11 – Звоним любимому актеру Юли – Сергею Бурунову
21:16 – Смотрим эксклюзивный клип Юли и звоним её подписчикам, узнать почему они на нее подписаны
29:04 – Вторая гостья. Зоя Яровицына
30:43 – Гарик платит по долгам
31:50 – Добавляем перчинки в рубрику «Кстати о книгах» и поощряем отличника Дороха
46:04 – Со скрипом возвращаемся к книгам
47:45 – Книга для Харламова – Тана Френч «Фейтфул-Плейс»
50:07 – Книга для Азамата – Дина Рубина «Почерк Леонардо»
52:20 – Книга для Дороха – Джек Лондон «Мартин Иден»
52:55 – Призываем вас послушать «Четвертое крыло»
53:58 – У Дороха обеденный перерыв
55:03 Третий гость. Сергей Сельянов
57:41 – Смотрим и обсуждаем трейлер мультфильма «Три Богатыря и Пуп Земли»
59:41 – Как Сергей Сельянов впервые посмотрел мультфильм
01:00:18 – Говорим о будущих проектах Сергея Михайловича
01:01:34 – Почему Сергей Сельянов поддерживает режиссёров-дебютантов
01:03:36 – Как Сергею Михайловичу параллельно удавалось работать и над мультфильмами, и над фильмами Алексея Балабанова
01:03:43 – Как Алексей Балабанов «по гениальному моросил»
01:06:10 – В чем культурный феномен фильмов «Брат» и «Брат 2»
01:07:17 – Сложнее ли работать над фильмами в современной действительности
01:08:12 – Почему Балабанов писал такие короткие сценарии
01:10:01 – Какая часть «Брата» больше нравится Сергею Михайловичу
01:12:47 – Как вообще можно было заработать на фильмах в 90-ые
01:14:43 – Сюзанна – «Не чета»

Смотри это и другие шоу VK Видео Originals в сообществе VK Видео – https://vk.com/vkvide",4698,1702716900,15191040,1479,23315,5462,https://vk.com/video_ext.php?oid=-220754053&id=456239557&hash=96eccd9ca21f7647&__ref=vk.admin_android&api_hash=17406068399056f553baf8bccfce_GMZDANZRGM2TCOA,1,1,1,False,https://sun1-90.userapi.com/RuOAjCNawpWlmQcdoSttPC92kaWb_oIHm01s6g/hytlUQ0ZNjk.jpg
456239555,-220754053,"КСТАТИ #24 – Юля Гаврилина, Сергей Сельянов, Сюзанна, Зоя Яровицына, Харламов, Мусагалиев, Дорохов. Тизер",,59,1702710000,93755,10,209,24,https://vk.com/video_ext.php?oid=-220754053&id=456239555&hash=92165bc8b8829d40&__ref=vk.admin_android&api_hash=1740606839be6511aa0010246dc2_GMZDANZRGM2TCOA,1,1,1,False,https://i.mycdn.me/getVideoPreview?id=5601532906043&idx=9&type=39&tkn=Z4SBgD0RyYa_raFXVCa8IA3h6wo&fn=vid_s
456239553,-220754053,Битва за время  | 7 выпуск |  ШАСТУН х ДОРОХОВ х СЛУЦКИЙ х ВАШ,"Покупайте выгодно на Мегамаркете – в декабре электроника и бытовая техника с повышенным кешбэком до 80% бонусами - https://clck.ru/377G5c 
 
Используйте промокод БИТВАЗАВРЕМЯ и получите дополнительную скидку 3 000 руб при первом заказе от 10 000 руб! 
Правила использования промокода: https://clck.ru/377GC7 
 
Также воспользуйтесь дополнительным промокодом МЕГАДЕКАБРЬ, чтобы получить дополнительную скидку 2 000 руб при первом заказе от 4 000 руб! Правила использования промокода: https://clck.ru/377GCt
 
 Erid: 2VtzqvRrCbL

Битва за время – это проект, в котором комики в разных юмористических жанрах пытаются рассмешить жюри за отведённое им время. Самый смешной в конце сезона получит 3 миллиона рублей! Изначально у участников есть только одна минута на выступление, но если жюри нравится происходящее на сцене, они будут добавлять минуты к таймеру. 

Ведущий:

Саша Ваш https://vk.com/sasavash 
 
Жюри: 

Антон Шастун https://vk.com/shastoon.channel 
Денис Дорохов https://vk.com/public221160665 
Леонид Слуцкий 

00:00 – Начало
02:41 – Объяснение правил
03:24 – Настя Догодина
11:15 – Дуэт «Сладкий бубалех» 
18:19 – Дуэт «Чернов и Куаншалиев»
23:27 – Пётр Гремякин 
31:30 – Дуэт «Батайчане»
35:48 – Дима Соколов

Смотри это и другие шоу VK Видео Originals в сообществе VK Видео – https://vk.com/vkvide",2656,1702641300,1924175,128,7599,816,https://vk.com/video_ext.php?oid=-220754053&id=456239553&hash=67233cec7b02ca9c&__ref=vk.admin_android&api_hash=1740606839d52f680f1dbf65e901_GMZDANZRGM2TCOA,1,1,1,False,https://sun1-97.userapi.com/JG62D8_cPWiu2MhdwPrTvCrrUWqgwkjrtKLcCQ/93AR8cfS3ZM.jpg
456239551,-220754053,Битва за время  | 7 выпуск |  ШАСТУН х ДОРОХОВ х СЛУЦКИЙ х ВАШ | Тизер,,49,1702634400,24670,0,45,6,https://vk.com/video_ext.php?oid=-220754053&id=456239551&hash=a657e93da41e2c8a&__ref=vk.admin_android&api_hash=174060683980989d6ec984ec73d2_GMZDANZRGM2TCOA,1,1,1,False,https://sun1-93.userapi.com/8OzxT5uo4LYA7lZn-bjJlQGStdtpd138GRczrg/LSk-B_5u5PQ.jpg
456239550,-220754053,"АДСКИЙ ДОМ КликКлак #6: Джарахов, Сатир, Прокофьев, Старый и Никита Сударь","Выгодные покупки на Мегамаркете: https://clck.ru/37794R Скидка 1 500 руб. по промокоду МЕГАРЕМОНТ весь декабрь на первую покупку от 5 000 руб. в категории Строительство и ремонт: https://clck.ru/37795D 

Реклама. ООО «Маркетплейс», megamarket.ru, Erid: 2VtzqxDmFxo 

Развлекательное шоу, в котором участники КЛИККЛАК вместе со звездными гостями попадают в двухэтажный Адский Дом, хозяином которого является Илья Сатир. Чтобы выйти из дома, нужно пройти 6 комнат: «Похоть», «Чревоугодие», «Жадность», «Гнев», «Противники искусства» и «Злые щели». Новая серия – новая комната! 

Шестая серия «Адского Дома»! Сегодня наши грешники пройдут через новый круг ада: «Злые щели». Грешников ждëт викторина, где за неправильный ответ придётся терпеть мадагаскарских тараканов. «Верю/Не верю» с острым соусом и попытка побега из Адского дома. 

Кстати, в гости к чёрту сегодня зашёл Никита Сударь. Это и многое другое в новом выпуске «Адского Дома»! 

Никита Сударь 
https://vk.com/nikitasudar 

Эльдар Джарахов 
https://vk.com/rocknrofl 

Андрюша Прокофьев 
https://vk.com/prok_kok 

Илья Satyr Шабельников 
https://vk.com/satyrchannel 

Андрей Старый 
https://vk.com/stariyx 

Смотри это и другие шоу VK Видео Originals в сообществе VK Видео – https://vk.com/vkvide",1825,1702630500,2208561,54,2278,461,https://vk.com/video_ext.php?oid=-220754053&id=456239550&hash=64baa0c373ce8827&__ref=vk.admin_android&api_hash=1740606839620384fd3c240d4dc4_GMZDANZRGM2TCOA,1,1,1,False,https://sun1-83.userapi.com/RNflS_ubiNpIUOMwjnagSb4m6d4DVWrkl2A_-Q/NhHQyZ_ZocE.jpg
456239549,-220754053,Шестая серия шоу «Адский Дом» от КликКлак – 15 декабря эксклюзивно в VK Видео!,,24,1702623600,17035,0,68,5,https://vk.com/video_ext.php?oid=-220754053&id=456239549&hash=a422857ebb76ae00&__ref=vk.admin_android&api_hash=1740606839b418dd0d7c06485789_GMZDANZRGM2TCOA,1,1,1,False,https://i.mycdn.me/getVideoPreview?id=5734100765289&idx=1&type=39&tkn=s9zwbUJEistImrBuLhQaMGLX5eU&fn=vid_s
456239554,-220754053,VK ПОД ШУБОЙ 2 – трейлер,,86,1702628238,2895050,54,9138,644,https://vk.com/video_ext.php?oid=-220754053&id=456239554&hash=db56aa5bb73f4788&__ref=vk.admin_android&api_hash=17406068392c36e8c3bf8a791962_GMZDANZRGM2TCOA,1,1,1,False,https://i.mycdn.me/getVideoPreview?id=5671359351493&idx=0&type=39&tkn=m96IAKBs49w9uLexHU4dmOx_hAs&fn=vid_s
456239543,-220754053,VK Видео. Всё для новогодних планов,,30,1702570593,42685,1,59,7,https://vk.com/video_ext.php?oid=-220754053&id=456239543&hash=312678ace71f582c&__ref=vk.admin_android&api_hash=17406068394f6802ce6a3b8e2acb_GMZDANZRGM2TCOA,1,1,1,False,https://sun1-91.userapi.com/-ZK6k7FO-MBU-iOQbYE9tQfhLG1jeq1IoK0q0g/qJU5zNPJCaY.jpg
456239534,-220754053,"БЕЗУМНЫЕ ИЗОБРЕТЕНИЯ #1 – Кошка Урозовитель | Пушной, Мамикс, Крастер, Старый и Милана Хаметова","Вступайте в DIY сообщество ВсеИнструменты.ру https://bit.ly/3t8rYkE 
erid: 2Vtzqvx2Wu8

Тик-так, время выгоды! Финальная распродажа года со скидками до 80% на Ozon c 1 по 25 декабря. Это удачный момент, чтобы порадовать себя и близких: https://vk.cc/csKBCv 
erid: 2VtzqxKqPC5 

«Безумные изобретения» – это шоу в котором Пушной, Крастер, Старый и Мамикс бросают вызов детской фантазии и решают построить абсолютно все, что придумают дети! А если детям не понравится, то главные DIY звезды страны выполнят наказание. 

В этом выпуске Милана Хаметова и другие дети загадали построить огромную кошку единорога, справились ли на ваш взгляд ведущие, пишите в комментариях! 

Новый трек Миланы Хаметовой – «Изи» эксклюзивно в VK Музыке! https://vk.cc/ctegVp 

ТАЙМКОДЫ: 

00:00 – Интро от безумных изобретателей 
01:47 – Андрей Старый раскрывает секрет модной стрижки 
02:10 – Дети поют, когда надо говорить 
05:42 – Дети взрывают мозг ведущим своим «Котом-урозовителем»! 
07:06 – Милану Хаметову поймали на слове 
08:03 – Ведущие уже пожалели, что в это ввязались 
10:06 – Команда работает, Пушной отдыхает
19:41 – Кошка, которую не разрешат завести родители
21:53 – Старый и розовый пони
23:54 – И снова Старый попал под раздачу
25:45 – Зарядили конфетами в детей 
26:39 – Голосование! Узнаем, снимет ли клип Милана Хаметова?

Смотри это и другие шоу VK Видео Originals в сообществе VK Видео – https://vk.com/vkvideo",1768,1702544100,10244769,428,68744,3501,https://vk.com/video_ext.php?oid=-220754053&id=456239534&hash=4f8439c941368a81&__ref=vk.admin_android&api_hash=1740606839d93ea2b0c6b0e794dc_GMZDANZRGM2TCOA,1,1,1,False,https://sun1-24.userapi.com/LqeEOtpQj3xcmpF0vjL4WqhScgIVa-Afzpb_6w/thPXgcgM1-Q.jpg
456239538,-220754053,Вредные советы от «Безумных изобретений» #1,,33,1702562100,143415,0,195,4,https://vk.com/video_ext.php?oid=-220754053&id=456239538&hash=8b55770be124abdc&__ref=vk.admin_android&api_hash=17406068398098d524a4dcf65cf9_GMZDANZRGM2TCOA,1,1,1,False,https://i.mycdn.me/getVideoPreview?id=5732334635657&idx=7&type=39&tkn=NcbG7B4eBuYa9BtVREticSc_ztI&fn=vid_s
456239532,-220754053,"БЕЗУМНЫЕ ИЗОБРЕТЕНИЯ #1 – Кошка Урозовитель | Пушной, Мамикс, Крастер, Старый и Милана Хаметова  | Тизер",,55,1702537200,38605,7,65,12,https://vk.com/video_ext.php?oid=-220754053&id=456239532&hash=62d92731fb6943ec&__ref=vk.admin_android&api_hash=1740606839b7a210b1d577a38f18_GMZDANZRGM2TCOA,1,1,1,False,https://i.mycdn.me/getVideoPreview?id=5759712627289&idx=10&type=39&tkn=L_kXZEEkeTPbzokwgCt0CY3J1Bg&fn=vid_s
456239531,-220754053,"Безумные изобретения – Пушной, Мамикс, Крастер, Старый. Тизер сезона","Смотрите новое шоу «Безумные изобретения» уже завтра в 12:00 эксклюзивно в VK Видео! 

Главные научпоп звезды страны – Александр Пушной, Мамикс, Даня Крастер и Андрей Старый – собрались, чтобы бросить вызов детской фантазии.",60,1702470540,1038070,23,1708,227,https://vk.com/video_ext.php?oid=-220754053&id=456239531&hash=41f42cb12f4944f4&__ref=vk.admin_android&api_hash=17406068392bb14bff5b319a411c_GMZDANZRGM2TCOA,1,1,1,False,https://sun1-57.userapi.com/GQm9ih9OZOQnyik3KqkRuEzY_IDysLsWU6NGrg/U0hgXlp_u2A.jpg
456239529,-220754053,"ОФИСНЫЕ ИГРЫ КликКлак 2 СЕЗОН 4 СЕРИЯ: Джарахов, SQWOZ BAB, Сатир, Прокофьев, Старый","«Офисные игры 2» – Новый сезон юмористического, развлекательного шоу, в котором Сатир, Прокофьев, Старый и Марат SQWOZ BAB уже не стажëры, а сотрудники. Во втором сезоне им предстоит избежать увольнения, выполняя дурацкие, смешные и безумные челленджи, которые для них подготовил Эльдар Джарахов. 

Ураааа!!! 4 серия «Офисных игр»! 

Сегодня сотрудники займутся спортом! В роли футбольных вратарей постараются отбить мячи, которыми Герман El Classico будет бить в голову СанСанычу, сыграют в сумоистский хоккей и в волейбол ноутбуком. А ещё в офисе появится системный администратор – Даня Крастер. Приятного просмотра! 

Таймкоды: 

00:11 – Повезет ли сегодня Старому в любви? 
03:00 – Испытание сотрудников по «бразильской системе» 
14:00 – Офисная семья должна быть спортивной 
14:56 – Сумоисткий хоккей с мячом 
25:53 – Время вызвать системного администратора! 
26:57 – Волейбол ноутбуком 
36:33 – Итоги четвертого дня 

Герман El Classico 
https://vk.com/german_el_classico 

Даня Крастер 
https://vk.com/crastan 

Эльдар Джарахов 
https://vk.com/rocknrofl 

Саня Быков 
https://vk.com/bboysansay 

Андрюша Прокофьев 
https://vk.com/prok_kok 

Илья Satyr Шабельников 
https://vk.com/satyrchannel 

Марат SQWOZ BAB 
https://vk.com/sqwozbab 

Андрей Старый 
https://vk.com/stariyx 

Смотри это и другие шоу VK Видео Originals в сообществе VK Видео – https://vk.com/vkvide",2236,1702457700,3782454,63,3607,679,https://vk.com/video_ext.php?oid=-220754053&id=456239529&hash=e894fb1ece705761&__ref=vk.admin_android&api_hash=1740606839c95049981a405abcbe_GMZDANZRGM2TCOA,1,1,1,False,https://sun1-92.userapi.com/xQXbubvnbgBblOFiCTf0BeWtSpm-uPcppHKpBg/W0DPXYUjuzU.jpg
456239527,-220754053,Четвертая серия шоу «ОФИСНЫЕ ИГРЫ» от КликКлак – с 13 декабря эксклюзивно в VK Видео!,,29,1702450800,30389,1,68,9,https://vk.com/video_ext.php?oid=-220754053&id=456239527&hash=21264c0a94a6f818&__ref=vk.admin_android&api_hash=1740606839d25ca6995de5943d9f_GMZDANZRGM2TCOA,1,1,1,False,https://i.mycdn.me/getVideoPreview?id=5617613343293&idx=0&type=39&tkn=iE0VIFS7vjuOnQRaHyZ_SUCGfnE&fn=vid_s
456239526,-220754053,"Тизер нового шоу «Безумные изобретения» с Александром Пушным, Мамиксом, Даней Крастером и Андреем Старым","14 декабря эксклюзивно в VK Видео состоится премьера нового семейного шоу «Безумные изобретения» – это шоу в котором впервые собрались вместе главные научпоп звезды страны: Александр Пушной, Мамикс Даня Крастер и Андрей Старый. 

В каждом выпуске команда блогеров бросает вызов непредсказуемой детской фантазии и решает построить абсолютно всё, что придумают дети. А если юным заказчикам это не понравится, то ведущие выполнят жесткое наказание. 

Следите за новостями и не пропустите главное научное шоу страны!",46,1702392900,1043769,23,1393,112,https://vk.com/video_ext.php?oid=-220754053&id=456239526&hash=4077e949e29b1bf1&__ref=vk.admin_android&api_hash=174060683910183e67c46e46dc63_GMZDANZRGM2TCOA,1,1,1,False,https://sun1-97.userapi.com/uH-kCQhx1YuducIpEU314xj8nzcNYwhIAM2HiA/LLZtwaRGxmU.jpg
456239523,-220754053,Звёздный Балабол #5 Джигурда – Отар Кушанашвили,"Два главных болтуна, Никита Джигурда и Отар Кушанашвили схлестнулись в новом выпуске шоу «Звёздный Балабол». Посмотрит ли Отар интимное видео Никиты? Отсосет ли Джигурда яд из ягодицы? За какую сумму Кушанашвили станет есть в кадре фекалии? Эти и многие другие ответы участников были проверены на детекторе лжи в свежем выпуске шоу «Звёздный Балабол».

Того, кто врал больше, мы сфотографировали и повесили на огромный «экран позора» в центре Москвы.

Смотрите эксклюзивно в VK Видео.

Таймкоды:

00:00 – Смешной тизер
01:13 – Всем Салем!
02:15 – Поучительный стих от Джигурды
02:37 – Джигурда таланливый актер?
04:02 – Кто лучше в сексе?
04:40 – Надевали женское белье?
05:26 – Джигурда клоун?
06:58 – Спал ли Отар с «Блестящими»?
07:22 – Хочет ли Кушанашвили пощупать Волочкову?
08:08 – Никита несет бредятину?
08:23 – Секрет счастья от Джигурды?
10:08 – Отсосешь яд, чтобы спасти жизнь?
11:27 – Посмотришь его интимное видео?
12:25 – Купишь компромат на него?
16:40 – На что Отар готов ради шоу на тв?
18:01 – Съешь фекалии в кадре?
19:14 – Можно подтереться твоей футболкой?
20:06 – Сдашь бой за деньги?
21:45 – Музыкальная пауза от Джигурды?
22:58 – Самая смешная шутка Отара
23:36 – Хотите поменяться членами?
24:14 – Это твой самый неадекватный знакомый?
25:32 – Деньги разрушили дружбу
24:48 – Постоянный вопрос про мизинец
27:19 – Подводим итоги
 
Смотри это и другие шоу VK Видео Originals в сообществе VK Видео – https://vk.com/vkvideo",1691,1702400100,2210246,85,2115,794,https://vk.com/video_ext.php?oid=-220754053&id=456239523&hash=bb5d1a5fb2ea7f37&__ref=vk.admin_android&api_hash=1740606839e99c2d0f2a73a0d9a5_GMZDANZRGM2TCOA,1,1,1,False,https://sun1-87.userapi.com/rncLYm1FitVIbSVPB3S_JQ17o0b104M23HYYGg/dAwdASgFQoI.jpg
456239522,-220754053,Звёздный Балабол #5 Джигурда – Отар Кушанашвили | Тизер,,57,1702382400,58666,7,79,24,https://vk.com/video_ext.php?oid=-220754053&id=456239522&hash=1102f75a7f9b2a6d&__ref=vk.admin_android&api_hash=17406068396c0c68c4a7a7143b6d_GMZDANZRGM2TCOA,1,1,1,False,https://sun1-83.userapi.com/mT4bhytkKGqskLjqqDu2d3HR9tKkSnHBOEmm2Q/8kXZIZDBNsM.jpg
456239515,-220754053,"КСТАТИ #23 – Мигель, Леонид Якубович, White Punk, Харламов, Мусагалиев, Дорохов","Уютные квартиры со скидкой 10% от «Самолет»: https://smlt.ru/nkuv8wp
 
Покупайте выгодно на Мегамаркете! Например, этот набор бокалов Crystalite Bohemia всего за 299 руб – https://clck.ru/36yMfB
 
Также используйте промокод МЕГАЗАКУПКИ и получите дополнительную скидку 500 руб при первом заказе от 1 500 руб!
Правила использования промокода: https://clck.ru/36yMgb
Erid: 2VtzquY9duL
 
И квартиру, и мебель, и переезд, и кладовую – все можно с Можнотекой от «Самолет»: https://smlt.ru/7z8wc_3
 
Итоги года 2023 ВКонтакте: http://vk.com/2023
 
Двадцать третий выпуск шоу «Кстати» с Азаматом Харламовым. Дорох тоже был, но ему досталось от одного из гостей за его этот «стендап». Гостями двадцать третьего выпуска стали: простой русский парень Мигель и первый квнщик, добившийся настоящего успеха – Леонид Аркадьевич Якубович. Музыкальный гость: White Punk с треком «Снова» с нового альбома «Мрачные Тени II», послушайте его прямо сейчас (вернее после того, как досмотрите выпуск) – https://vk.com/music/album/-2000268467_19268467_9f24afb51f1a2612c5

Таймкоды:

0:00 – Начинаем двадцать третий выпуск ""Кстати"" и лениво конфликтуем
04:17 – Первый гость. Мигель
05:31 – Как Мигель снимался в «Бригаде»
07:02 – Говорим о спектакле «Девочка со спичками»
10:38 – Как познакомились Гарик и Мигель
11:18 – Мигель против «Аэрофлота»
13:00 – Не достало ли Мигеля сидеть в жюри
14:38 – Играем в «Чёрный русский» с Серёжей Шестипёровым
18:59 – Первое танцевальное соревнование пальчиками
25:37 – Итоги года от VK Музыки
27:18 – Второй гость. Леонид Аркадьевич Якубович
28:45 – Смотрим трейлер и обсуждаем фильм «Честный развод. Бенефис»
32:52 – Как Леониду Аркадьевичу работалось с Мольером над спектаклем «Скупой»
34:37 – О чём подкаст «Все хотят летать» и как Леонид Аркадьевич попал в авиацию
37:16 – Как Гарику победить аэрофобию
40:57 – Проверяем Дороха на знание английского языка
41:26 – Леонид Аркадьевич и КВН
43:09 – Не расстраиваем Леонида Аркадьевича
47:05 – White Punk – «Снова»

Смотри это и другие шоу VK Видео Originals в сообществе VK Видео – https://vk.com/vkvide

Как не пропускать новинки и прямые эфиры? Скачай наше приложение VK Видео https://trk.mail.ru/c/oy96s5 и подпишись на те каналы или плейлисты, которые тебе интересны.",3015,1702112100,12082314,1204,27918,7499,https://vk.com/video_ext.php?oid=-220754053&id=456239515&hash=06f665632940cc01&__ref=vk.admin_android&api_hash=1740606839799f9cf283b54a89d0_GMZDANZRGM2TCOA,1,1,1,False,https://sun1-24.userapi.com/IM0CGku9xkeZohD61hu12pVjiwD4kDgRYY1bSg/_CD3kC1scig.jpg
456239514,-220754053,"КСТАТИ #23 – Мигель, Леонид Якубович, White Punk, Харламов, Мусагалиев, Дорохов. Тизер",,59,1702105200,148174,11,567,47,https://vk.com/video_ext.php?oid=-220754053&id=456239514&hash=79f0008c46f4c5a7&__ref=vk.admin_android&api_hash=1740606839f845ea071d39854c12_GMZDANZRGM2TCOA,1,1,1,False,https://i.mycdn.me/getVideoPreview?id=5719351233241&idx=7&type=39&tkn=YF5D4EI7Ty5Kz4WT0jRD4wdKG_s&fn=vid_s
456239513,-220754053,Внутри Лапенко 4. Серия 5,"Серия Пятая, в которой дети Катамарановска прощаются не только с лагерем, но и с детством.

Смотри это и другие шоу VK Видео Originals в сообществе VK Видео – https://vk.com/vkvide

Как не пропускать новинки и прямые эфиры? Скачай наше приложение VK Видео https://trk.mail.ru/c/oy96s5 и подпишись на те каналы или плейлисты, которые тебе интересны.",1739,1702047300,9263029,1835,14996,3070,https://vk.com/video_ext.php?oid=-220754053&id=456239513&hash=2fcce000cbbbbb35&__ref=vk.admin_android&api_hash=17406068396515a83a1b24fe5837_GMZDANZRGM2TCOA,1,1,1,False,https://sun1-98.userapi.com/ThX6hlOULLhz9SblwKjIp0l3tYS_P-LbA-lvXw/hafrStgdlCk.jpg
456239510,-220754053,Битва за время  | 6 выпуск | ШАСТУН х ПОПОВ х МИГЕЛЬ х ВАШ,"Тик-так, время выгоды! Финальная распродажа года со скидками до 80% на Ozon c 1 по 25 декабря. Это удачный момент, чтобы порадовать себя и близких: https://vk.cc/csThPu 
 
Erid: 2VtzqvD16v6

Кешбэк 10% при оплате в продуктовых магазинах до 24 декабря: 

1. Скачивайте приложение СБПэй https://redirect.appmetrica.yandex.com/serve/532948570630824252 
2. Привязывайте банковский счет 
3. Регистрируетесь в программе лояльности privetmir.ru 
4. Оплачивайте покупки в продуктовых магазинах, прикладывая смартфон к NFC-табличке СБП.
 
Erid: 2VtzqwtnDTG

Битва за время – это проект, в котором комики в разных юмористических жанрах пытаются рассмешить жюри за отведённое им время. Самые смешные в конце сезона получат 3 миллиона рублей! Изначально у выступающих есть только одна минута на выступление, но если жюри нравится происходящее на сцене – они будут добавлять время участникам.
 
Ведущий:

Саша Ваш https://vk.com/sasavash 

Жюри:

Антон Шастун https://vk.com/shastoon.channel 
Арсений Попов https://vk.com/arsofk 
Мигель https://vk.com/migelclub

Таймкоды

00:00 – Начало
00:48 – Объяснение правил
03:30 – Лена Маницкая
12:49 – Дуэт «ИП Окопный»
20:03 – Андрей Авхачев
26:11 – Иванова и Боброва
33:23 – Дуэт «Савич и Пур» 
43:37 – Дуэт «Киньте Копеечку» 

Смотри это и другие шоу VK Видео Originals в сообществе VK Видео – https://vk.com/vkvide

Как не пропускать новинки и прямые эфиры? Скачай наше приложение VK Видео https://trk.mail.ru/c/oy96s5 и подпишись на те каналы или плейлисты, которые тебе интересны.",2966,1702036500,2376783,235,12492,1589,https://vk.com/video_ext.php?oid=-220754053&id=456239510&hash=3a8de056f21c9a8d&__ref=vk.admin_android&api_hash=1740606839ba4a5d7354a0b8c4b8_GMZDANZRGM2TCOA,1,1,1,False,https://sun1-15.userapi.com/A7u2e6P9y-YIbKX1RaPDbGf8uyykopmK1FkJyg/yh_x_y5jOSA.jpg
456239511,-220754053,Битва за время  | 6 выпуск | ШАСТУН х ПОПОВ х МИГЕЛЬ х ВАШ | Тизер,,57,1702029600,73351,11,142,23,https://vk.com/video_ext.php?oid=-220754053&id=456239511&hash=e0952a0e9a43806b&__ref=vk.admin_android&api_hash=1740606839e1a5aa49db62ef676c_GMZDANZRGM2TCOA,1,1,1,False,https://sun1-98.userapi.com/eJypvT5gjnFG7rDLbl1-Tcn8Xq6F-L59VmMHfQ/qOw4bKljTq4.jpg
456239507,-220754053,"АДСКИЙ ДОМ КликКлак #5: Джарахов, Сатир, Прокофьев и Старый","Кешбэк 10% при оплате в продуктовых магазинах до 24 декабря: 

1. Скачивайте приложение СБПэй https://redirect.appmetrica.yandex.com/serve/316775788970070811 
2. Привязывайте банковский счет 
3. Регистрируетесь в программе лояльности privetmir.ru 
4. Оплачивайте покупки в продуктовых магазинах, прикладывая смартфон к NFC-табличке СБП. 

Развлекательное шоу, в котором участники КЛИККЛАК вместе со звездными гостями попадают в двухэтажный Адский Дом, хозяином которого является Илья Сатир. Чтобы выйти из дома, нужно пройти 6 комнат: «Похоть», «Чревоугодие», «Жадность», «Гнев», «Противники искусства» и «Злые щели». Новая серия – новая комната! 

Пятая серия «Адского Дома»! Сегодня наши грешники пройдут через новый круг ада: «Противники искусства». В каждой игре на участниках шоу будут электрошокеры. По ходу выпуска мощность тока будет только увеличиваться! 

Это и многое другое в новом выпуске «Адского Дома».

Эльдар Джарахов 
https://vk.com/rocknrofl 

Андрюша Прокофьев 
https://vk.com/prok_kok 

Илья Satyr Шабельников 
https://vk.com/satyrchannel 

Андрей Старый 
https://vk.com/stariyx 

Смотри это и другие шоу VK Видео Originals в сообществе VK Видео – https://vk.com/vkvide

Как не пропускать новинки и прямые эфиры? Скачай наше приложение VK Видео https://trk.mail.ru/c/oy96s5 и подпишись на те каналы или плейлисты, которые тебе интересны.",1800,1702025700,2148050,42,1848,387,https://vk.com/video_ext.php?oid=-220754053&id=456239507&hash=a4a737e38409a8e3&__ref=vk.admin_android&api_hash=1740606839e742e71cb70d80f4be_GMZDANZRGM2TCOA,1,1,1,False,https://sun1-13.userapi.com/w2oTBmFor3bD6ZAP2aq7WNfJy2DvNelRSx7UnQ/cfowlyLKXpk.jpg
456239508,-220754053,Пятая серия шоу «Адский Дом» от КликКлак – 8 декабря эксклюзивно в VK Видео!,,24,1702018800,24721,1,32,7,https://vk.com/video_ext.php?oid=-220754053&id=456239508&hash=5b1a65baa8722524&__ref=vk.admin_android&api_hash=17406068396c46536bc278ce3d9b_GMZDANZRGM2TCOA,1,1,1,False,https://i.mycdn.me/getVideoPreview?id=5744319007382&idx=2&type=39&tkn=d3-4Auv-sKf3K3PbExRY682A0a0&fn=vid_s
456239506,-220754053,Внутри Лапенко 4. Серия 4,"Серия Четвертая, в которой хулиганы Стрельниковы выходят на «дело», в лагере проходит кинопоказ картины «Отважный Антуан Лапье», а история принимает мистический оборот.

Смотри это и другие шоу VK Видео Originals в сообществе VK Видео – https://vk.com/vkvide

Как не пропускать новинки и прямые эфиры? Скачай наше приложение VK Видео https://trk.mail.ru/c/oy96s5 и подпишись на те каналы или плейлисты, которые тебе интересны.",1311,1701960900,7926401,527,10666,3192,https://vk.com/video_ext.php?oid=-220754053&id=456239506&hash=63d39822fc006e1b&__ref=vk.admin_android&api_hash=1740606839150d0b0f752ddf4e94_GMZDANZRGM2TCOA,1,1,1,False,https://sun1-89.userapi.com/YpYQlhbIok9nP6TsQVOa-Ukrf-4w_zwSbKoI-Q/xVcdbF8qv-s.jpg
456239505,-220754053,Внутри Лапенко 4. Серия 3,"Серия Третья, в которой отрядам предстоит сразиться в игре Зарница за флаги, а хулиганам Стрельниковым за сердце красавицы Нателлы.

Смотри это и другие шоу VK Видео Originals в сообществе VK Видео – https://vk.com/vkvide

Как не пропускать новинки и прямые эфиры? Скачай наше приложение VK Видео https://trk.mail.ru/c/oy96s5 и подпишись на те каналы или плейлисты, которые тебе интересны.",1321,1701874500,7308191,460,12377,3964,https://vk.com/video_ext.php?oid=-220754053&id=456239505&hash=48235af1b10202e4&__ref=vk.admin_android&api_hash=1740606839b4345cc0deedf39e65_GMZDANZRGM2TCOA,1,1,1,False,https://sun1-88.userapi.com/ToC-zJ1kXUFu5AoS3wfL87GtM8cnj1sts7h8LA/7z8gqyRYwUY.jpg
456239502,-220754053,"ОФИСНЫЕ ИГРЫ КликКлак 2 СЕЗОН 3 СЕРИЯ: Джарахов, SQWOZ BAB, Сатир, Прокофьев, Старый","Кешбэк 10% при оплате в продуктовых магазинах до 24 декабря: 

1. Скачивайте приложение СБПэй https://redirect.appmetrica.yandex.com/serve/821178948040804727 
2. Привязывайте банковский счет 
3. Регистрируетесь в программе лояльности privetmir.ru 
4. Оплачивайте покупки в продуктовых магазинах, прикладывая смартфон к NFC-табличке СБП.  

«Офисные игры 2» – Новый сезон юмористического, развлекательного шоу, в котором Сатир, Прокофьев, Старый и Марат SQWOZ BAB уже не стажëры, а сотрудники. Во втором сезоне им предстоит избежать увольнения, выполняя дурацкие, смешные и безумные челленджи, которые для них подготовил Эльдар Джарахов. 

Сегодня наши сотрудники будут готовить друг для друга обед. Помогать им будет повар офисной столовки – Белькович (18+ за обедом лучше не смотреть). После этого сыграют в регби с арбузом, а ещё Эльдар постреляет в ребят из лука. Кажется, все останутся живы... 

Приятного просмотра! 

Таймкоды:
 
00:00 – Как получить кешбэк в 10% 
00:15 – Пранк над Валентиной Валентиновной 
01:58 – Кулинарные испытания 
26:21 – За что коллеги не любят Сатира? 
27:13 – Арбузное веселье 
34:03 – Почему Сан Саныч наказал Старого? 
35:15 – Эльдар охотится за нарушителями порядка 
42:16 – Итоги третьего дня 

Александр Белькович 
https://vk.com/belkovich 

Эльдар Джарахов 
https://vk.com/rocknrofl 

Саня Быков 
https://vk.com/bboysansay 

Андрюша Прокофьев 
https://vk.com/prok_kok 

Илья Satyr Шабельников 
https://vk.com/satyrchannel 

Марат SQWOZ BAB 
https://vk.com/sqwozbab 

Андрей Старый 
https://vk.com/stariyx 

Смотри это и другие шоу VK Видео Originals в сообществе VK Видео – https://vk.com/vkvideo",2585,1701852900,3759310,44,3783,726,https://vk.com/video_ext.php?oid=-220754053&id=456239502&hash=1f63248c4e6e6c93&__ref=vk.admin_android&api_hash=1740606839f196d8ed5649963df5_GMZDANZRGM2TCOA,1,1,1,False,https://sun1-85.userapi.com/wfpl6cLLhWfEvEUr08KWFNrpy0hLRaQ_wfo_YQ/sDYc9PZejqk.jpg
456239503,-220754053,Третья серия шоу «ОФИСНЫЕ ИГРЫ» от КликКлак – с 6 декабря эксклюзивно в VK Видео!,,31,1701846000,36941,2,54,9,https://vk.com/video_ext.php?oid=-220754053&id=456239503&hash=d22fb096fdcaadc8&__ref=vk.admin_android&api_hash=174060683932baa9c14f94f135e9_GMZDANZRGM2TCOA,1,1,1,False,https://i.mycdn.me/getVideoPreview?id=5690858343127&idx=3&type=39&tkn=nM4NReRY6qO1U5zXBSrGfo4JZSQ&fn=vid_s
456239498,-220754053,Внутри Лапенко 4. Серия 2,"Серия Вторая, в которой неожиданно появляется новый отдыхающий лагеря, а старший вожатый Ричард Сапогов решает организовать для детей вечер танцев.

Смотри это и другие шоу VK Видео Originals в сообществе VK Видео – https://vk.com/vkvide

Как не пропускать новинки и прямые эфиры? Скачай наше приложение VK Видео https://trk.mail.ru/c/oy96s5 и подпишись на те каналы или плейлисты, которые тебе интересны.",1374,1701788100,7912438,849,16550,5112,https://vk.com/video_ext.php?oid=-220754053&id=456239498&hash=df4267ccfe49c099&__ref=vk.admin_android&api_hash=174060683913f0299388a80d0e39_GMZDANZRGM2TCOA,1,1,1,False,https://sun1-95.userapi.com/nG44F28241nz_CNtu8arUTY9Wwazi_gg5wXetA/pr024k7_hz4.jpg
456239493,-220754053,Звёздный Балабол #4 Супер Стас – Сударь,"Супер Стас и Никита Сударь пришли к Данику на полиграф и без стеснения ответили на все вопросы друг про друга в новом выпуске шоу «Звёздный Балабол». Смотрит ли Сударь порно без женщин? Станет ли Стас брить бороду бритвой после яиц? Верит ли Сударь в похудение Стаса? Ответы на эти и другие вопросы смотрите в свежем выпуске шоу «Звёздный Балабол».

Как всегда, по итогам программы мы выявили главного вруна, сфотографировали и повесили на огромный «экран позора» в центре Москвы.

Смотрите эксклюзивно в VK Видео.

Таймкоды:

00:00 – Смешной тизер
00:53 – Всем Салем!
02:16 – Сударь одевается как говнарь?
03:02 – Сможет ли Стас похудеть?
04:37 – Как Стас подъедал в магазине?
05:04 – У Сударя воняют ноги?
05:43 – Конец дружбы Даника и Сударя?
06:23 – Как часто мастурбирует Сударь?
07:30 – Стримит ли Сударь без трусов?
10:08 – Станет ли Стас брить бороду бритвой после яиц?
11:36 – Признаешься, если перданешь?
12:04 – Кто главный пердун в «лиге»?
13:24 – Попьешь из моего пупка?
15:25 – Поможешь ему вытереть зад?
16:13 – Самая стыдная история Сударя
18:14 – Регулярный вопрос про мизинец?
20:03 – Смотришь порно без женщин?
20:42 – Подводим итоги

Смотри это и другие шоу VK Видео Originals в сообществе VK Видео – https://vk.com/vkvideo",1303,1701698755,2178145,15,1652,247,https://vk.com/video_ext.php?oid=-220754053&id=456239493&hash=6805fddb6efb3d08&__ref=vk.admin_android&api_hash=17406068399fbd145d89295ac634_GMZDANZRGM2TCOA,1,1,1,False,https://sun1-98.userapi.com/S2mjkqvnGdQdmdWe1CK8Miku4rqk_DikRvE-hQ/-0PPDMdN8Uw.jpg
456239496,-220754053,Звёздный Балабол #4 Супер Стас – Сударь | Тизер,,48,1701777600,39489,8,61,9,https://vk.com/video_ext.php?oid=-220754053&id=456239496&hash=997c263d6b0564a8&__ref=vk.admin_android&api_hash=1740606839ce69cfe1be5436ab19_GMZDANZRGM2TCOA,1,1,1,False,https://sun1-98.userapi.com/INxUiCeU3NNm6Bo8wCgcp3hWcvKOOyICV7dVlw/ZVo1u2M_UbM.jpg
456239491,-220754053,Внутри Лапенко 4. Серия 1,"Серия Первая, в которой желтый пузатенький автобус увозит детей города Катамарановска в летний лагерь «Лисья горка», и приключения начинаются!

Смотри это и другие шоу VK Видео Originals в сообществе VK Видео – https://vk.com/vkvide

Как не пропускать новинки и прямые эфиры? Скачай наше приложение VK Видео https://trk.mail.ru/c/oy96s5 и подпишись на те каналы или плейлисты, которые тебе интересны.",1789,1701701700,9173709,1407,31421,17389,https://vk.com/video_ext.php?oid=-220754053&id=456239491&hash=00f57588d4463b9e&__ref=vk.admin_android&api_hash=1740606839cba3398b6764d8d909_GMZDANZRGM2TCOA,1,1,1,False,https://sun1-27.userapi.com/uUFMIHwBks8jWV2BeR2T4ZBHpbt5k7uXWrHGEg/k7xEfvX018I.jpg
456239489,-220754053,Орёл и Орёл. Самое понтовое тревел-шоу. Владивосток,"В тринадцатом выпуске тревел-шоу «Орёл и Орёл» Юсуп и Омар приедут понтоваться во Владивосток. Самый дорогой деликатес Азии, остров Русский, дрифт с видом на море и другие понты в столице Приморья.

В конце выпуска, по традиции, мы узнаем кто стал понтовее во Владивостоке.

ТАЙМКОДЫ:

00:00 – Правила шоу
01:03 – Понтовая заставка
01:56 – Бешеный кабриолет Юсупа
04:00 – Первый понт
04:33 – Морской лев
06:22 – Новый проект «Орёл и Дельфин»
07:36 – Второй понт
10:11 – Юсуп и Омар ловят волну
13:16 – Третий понт
15:27 – Один из самых понтовых деликатесов в мире
18:20 – Юсуп и Омар ныряют за устрицами
20:40 – Юсуп и Омар впервые пробуют устрицы 
22:07 – Четвёртый понт
24:37 – Двойной дрифт
27:05 – Объявление победителя

Смотри это и другие шоу VK Видео Originals в сообществе VK Видео – https://vk.com/vkvideo",1700,1701680100,1941478,151,3013,578,https://vk.com/video_ext.php?oid=-220754053&id=456239489&hash=ef186334e1087076&__ref=vk.admin_android&api_hash=17406068396f570e93cc7d0b7064_GMZDANZRGM2TCOA,1,1,1,False,https://sun1-23.userapi.com/JDhNyGkRxOXIU10wzBk2PesrT4MU3O9hdEhxxw/9CYHMzYqIj8.jpg
456239488,-220754053,Орёл и Орёл. Самое понтовое тревел-шоу. Владивосток. Тизер,,55,1701673200,42366,0,86,14,https://vk.com/video_ext.php?oid=-220754053&id=456239488&hash=fe9c8601baaed12f&__ref=vk.admin_android&api_hash=17406068397e9320c3237ca66e64_GMZDANZRGM2TCOA,1,1,1,False,https://i.mycdn.me/getVideoPreview?id=5831172098608&idx=4&type=39&tkn=WoV1sGy_bcxHW-mK6yUpe0Sf7UE&fn=vid_s
456239486,-220754053,"КСТАТИ #22 – Евгений Чебатков, Амина Tenderlybae, Харламов, Мусагалиев, Дорохов","Кредит наличными от ВТБ с комфортным платежом от 1900 рублей на любые цели. Подробная информация по ссылке: https://vk.cc/csL0WR

Покупайте выгодно на Мегамаркете – в декабре электроника и бытовая техника с повышенным кешбэком до 80% бонусами – https://clck.ru/36ssuE

Также используйте промокод КСТАТИ и получите дополнительную скидку 3 000 руб при первом заказе от 10 000 руб!
Правила использования промокода: https://clck.ru/36st3x
Erid: 2Vtzqw5PPmT

Двадцать второй выпуск шоу «Кстати» с Азаматом Харламовым. Дорох тоже был, уже даже перестал просить его в название добавить, мы к нему привыкли. Гостями двадцать второго выпуска стали: многогранный, рыжий, талантливый, наш – Евгений Чебатков и девушка, прорвавшаяся из-за компьютера в музыкальные чарты и наши сердца – Амина Tenderlybae.

Таймкоды:

0:00 – Начинаем двадцать второй выпуск «Кстати» и радуемся за Катю Лель
03:40 – Первый гость. Евгений Чебатков
07:09 – Как Женя озвучивал «Черепашек-ниндзя» и «Трансформеров»
08:35 – Зачем Женя открыл компьютерный клуб рядом с полицией
09:35 – Участие Евгения в новом альбоме Gorilla Zippo (он же Баста, он же Ноггано, он же N1NT3ND0)
10:35 – Смотрим и обсуждаем трейлер фильма «Майор Гром: Игра»
14:50 – Азамат сомневается в реальности и современной поп-культуре
15:28 – Как ловить мух
19:19 – Рэп-игра «Колесо Фристайла»
31:29 – В чём человечество не шагнуло вперёд
45:00 – Смотрим на Азамата и Дороха
45:48 – Вторая гостья. Амина Tenderlybae
47:52 – Что значит «Tenderlybae»
51:47 – Почему Амина провела детство за компьютером
54:35 – Говорим о проекте Амины «Hacking Show»
55:50 – Есть ли бойфренд у Амины и зачем ей надо знать его резус-фактор
59:14 – Новое шоу Амины – «Отгадай или страдай»
01:01:47 – Почему первые стримы Tenderlybae вела в маске
01:04:35 – Традиция шоу «Кстати» – гость играет на укулеле и поёт
01:09:23 – Рождение Эдуардика Суровенького
01:10:20 – Курсы игры на укулеле Амины Tenderlybae
01:11:57 – Что ставит и слушает DJ Tenderlybae
01:14:11 – Tenderlybae – «Выдумал тебя»

Смотри это и другие шоу VK Видео Originals в сообществе VK Видео – https://vk.com/vkvideo",4784,1701507300,11088653,2153,27610,6241,https://vk.com/video_ext.php?oid=-220754053&id=456239486&hash=cbed4214089ae0fd&__ref=vk.admin_android&api_hash=17406068394fb17ee2a1dd210c09_GMZDANZRGM2TCOA,1,1,1,False,https://sun1-23.userapi.com/l3VzBWkEXKg4IvHDbw6tPNWZtdDLJfS4VKRKxg/YO5QvV7wats.jpg
456239484,-220754053,"КСТАТИ #22 – Евгений Чебатков, Амина Tenderlybae, Харламов, Мусагалиев, Дорохов. Тизер",,53,1701500400,106947,5,202,31,https://vk.com/video_ext.php?oid=-220754053&id=456239484&hash=efce8b85df503dc1&__ref=vk.admin_android&api_hash=1740606839b7d8e41326818fff9d_GMZDANZRGM2TCOA,1,1,1,False,https://i.mycdn.me/getVideoPreview?id=5863536396942&idx=2&type=39&tkn=Y-c3ZAQdCCUDCIp-k-RaLO_3i2o&fn=vid_s
456239482,-220754053,"АДСКИЙ ДОМ КликКлак #4: Джарахов, Сатир, Прокофьев и Старый","Развлекательное шоу, в котором участники КЛИККЛАК вместе со звездными гостями попадают в двухэтажный Адский Дом, хозяином которого является Илья Сатир. Чтобы выйти из дома, нужно пройти 6 комнат: «Похоть», «Чревоугодие», «Жадность», «Гнев», «Противники искусства» и «Злые щели». Новая серия – новая комната! 

Четвёртая серия «Адского Дома»! Сегодня наши грешники пройдут через новый круг ада: Гнев 

Без долгих описаний... В этой серии вас ждёт голый Джарахов! 

Это и многое другое в новом выпуске «Адского Дома» 

Эльдар Джарахов 
https://vk.com/rocknrofl 

Андрюша Прокофьев 
https://vk.com/prok_kok 

Илья Satyr Шабельников 
https://vk.com/satyrchannel 

Андрей Старый 
https://vk.com/stariyx 

Смотри это и другие шоу VK Видео Originals в сообществе VK Видео – https://vk.com/vkvide",1391,1701420900,2211671,40,2476,451,https://vk.com/video_ext.php?oid=-220754053&id=456239482&hash=276d16018745d050&__ref=vk.admin_android&api_hash=1740606839b5e53e888bf7951343_GMZDANZRGM2TCOA,1,1,1,False,https://sun1-15.userapi.com/UQrvmCwUdMPeeZMid3xW5VxRuGQEoOfXEJplMg/Tb4i5_ZhmnM.jpg
456239480,-220754053,Битва за время | 5 выпуск | ШАСТУН х МАРКОНИ х ДЖАБРАИЛОВ х ВАШ,"Битва за время – это проект, в котором комики в разных юмористических жанрах пытаются рассмешить жюри за отведённое им время. Самый смешной в конце сезона получит 3 миллиона рублей! Изначально у участников есть только одна минута на выступление, но если жюри нравится происходящее на сцене, они будут добавлять минуты к таймеру. 
 
Ведущий: 

Саша Ваш https://vk.com/sasavash 

Жюри: 

Антон Шастун https://vk.com/shastoon.channel 
Владимир Маркони https://vk.com/v_markoni 
Игорь Джабраилов https://vk.com/igordzhabrailov 

Таймкоды: 

00:00 – Начало
01:00 – Объяснение правил
02:03 – Алексей Кузнецов 
11:40 – Дуэт «Урал» 
16:38 – Лиза Найдён
22:00 – Дуэт «Ой бой»
27:51 – Настя Ткаченко
33:16 – Сергей Ужахов
39:35 – Дуэт «Мама Стифлера»

Смотри это и другие шоу VK Видео Originals в сообществе VK Видео – https://vk.com/vkvide",2769,1701431700,1840287,127,7670,748,https://vk.com/video_ext.php?oid=-220754053&id=456239480&hash=b1b5e9b9f643b3b2&__ref=vk.admin_android&api_hash=17406068395bc407c1f27220ec00_GMZDANZRGM2TCOA,1,1,1,False,https://sun1-56.userapi.com/lQRJ56O1Kt9lMLQtcb58zoL7V7iS3Z7lZo7o8w/AkXRB4bttyk.jpg
456239478,-220754053,Четвертая серия шоу «Адский Дом» от КликКлак – 1 декабря эксклюзивно в VK Видео!,,31,1701349226,172652,0,58,17,https://vk.com/video_ext.php?oid=-220754053&id=456239478&hash=b4b8b271b5b1628c&__ref=vk.admin_android&api_hash=1740606839b36e94d2d7c45ac7ea_GMZDANZRGM2TCOA,1,1,1,False,https://i.mycdn.me/getVideoPreview?id=5696465144406&idx=9&type=39&tkn=ToLuDJpKhnhPH4KgOkUCBRjYDgw&fn=vid_s
456239477,-220754053,Битва за время | 5 выпуск | ШАСТУН х МАРКОНИ х ДЖАБРАИЛОВ х ВАШ | Тизер,,53,1701424800,33952,0,47,8,https://vk.com/video_ext.php?oid=-220754053&id=456239477&hash=59193e5bfd208131&__ref=vk.admin_android&api_hash=1740606839193a6b719d7b390966_GMZDANZRGM2TCOA,1,1,1,False,https://sun1-28.userapi.com/CrW7J7jFAKb6l9BF7u1r1XdLMKXUK5Z-U-Ia8Q/k1wMPojP6ZM.jpg
456239471,-220754053,"ОФИСНЫЕ ИГРЫ КликКлак 2 СЕЗОН 2 СЕРИЯ: Джарахов, SQWOZ BAB, Сатир, Прокофьев, Старый","На Мегамаркете вовсю идет Черная Пятница! До 30 ноября приобретайте товары по выгодным ценам, например, эту умную колонку SberBoom всего за 8 990 рублей — https://clck.ru/36jzLN

Также используйте промокод ОСЕНЬТЕХНИКА и получите дополнительную скидку 3 000 руб при первом заказе от 10 000 руб!

Правила использования промокода: https://clck.ru/36jzVU
Erid: 2VtzqxP25ct

«Офисные игры 2» – Новый сезон юмористического, развлекательного шоу, в котором Сатир, Прокофьев, Старый и Марат SQWOZ BAB уже не стажëры, а сотрудники. Во втором сезоне им предстоит избежать увольнения, выполняя дурацкие, смешные и безумные челленджи, которые для них подготовил Эльдар Джарахов. 

Ну наконееееец-то! Ждали неделю и вот она! Вторая серия легендарного шоу: «Офисные игры 2»! Сегодня наши сотрудники пройдут маркерную полосу препятствий, будут угадывать продукты лицом, которыми в них бросит секретарша, и сыграют в вышибалы! Отгадайте, кому сломают палец? Приятного просмотра! 

Таймкоды:

00:00 – Секрет выгодных покупок 
00:10 – Почему всем в офисе стоит ускориться? 
01:57 – Маркерная полоса препятствий 
11:34 – Конкурс на офисной кухне с Валентиной Валентиновной 
24:20 – Играем в вышибалы 
30:05 – Итоги второго дня 

Эльдар Джарахов 
https://vk.com/rocknrofl 

Саня Быков 
https://vk.com/bboysansay 

Андрюша Прокофьев 
https://vk.com/prok_kok 

Илья Satyr Шабельников 
https://vk.com/satyrchannel 

Марат SQWOZ BAB 
https://vk.com/sqwozbab 

Андрей Старый 
https://vk.com/stariyx 

Смотри это и другие шоу VK Видео Originals в сообществе VK Видео – https://vk.com/vkvideo",1863,1701248100,3653422,47,3685,802,https://vk.com/video_ext.php?oid=-220754053&id=456239471&hash=248aef0d5612127e&__ref=vk.admin_android&api_hash=1740606839046b8468fd97a94a00_GMZDANZRGM2TCOA,1,1,1,False,https://sun1-55.userapi.com/frVPIeVr-n2YHnls4q3Yi7OiLkIagXGx2oHuPA/soHEkPXSg3w.jpg
456239470,-220754053,Вторая серия шоу «ОФИСНЫЕ ИГРЫ» от КликКлак – с 29 ноября эксклюзивно в VK Видео!,,23,1701241200,27373,0,30,9,https://vk.com/video_ext.php?oid=-220754053&id=456239470&hash=9ff5e8b22f19ca9d&__ref=vk.admin_android&api_hash=174060683958b674202fdb85a7a4_GMZDANZRGM2TCOA,1,1,1,False,https://i.mycdn.me/getVideoPreview?id=5831693044277&idx=5&type=39&tkn=z-2NCFtwQ5C4lvA3FEsnY0erI2s&fn=vid_s
456239468,-220754053,Звёздный Балабол #3 Покров – Адушкина | Тизер,,56,1701172800,45240,1,54,20,https://vk.com/video_ext.php?oid=-220754053&id=456239468&hash=af751b972504ca8a&__ref=vk.admin_android&api_hash=1740606839c7ff52ac002bccf011_GMZDANZRGM2TCOA,1,1,1,False,https://sun1-89.userapi.com/jiq4h3jTnzu-xCidzVvmYr4ubEq3QEiCNJXiEQ/hmN6WG_kbH8.jpg
456239464,-220754053,Орёл и Орёл. Самое понтовое тревел-шоу. Екатеринбург,"В двенадцатом выпуске тревел-шоу «Орёл и Орёл» Юсуп и Омар приедут понтоваться в Екатеринбург. Самый высокий бассейн в Европе, добыча золота, путешествие на ретропоезде и другие понты на границе Европы и Азии. В конце выпуска, по традиции, мы узнаем кто стал понтовее в Екатеринбурге.

ТАЙМКОДЫ:

00:00 – Правила шоу
01:17 – Понтовая заставка
02:00 – Первый понт
05:19 – Легендарные музыканты
05:50 vУникальный памятник клавиатуре
07:33 – Второй понт
08:55 – Императорский вагон
11:17 – Столетняя станция
13:38 – Третий понт
14:49 – Как добыть золото?
16:14 – Настоящая шахта золотодобытчиков
18:12 – Юсуп поднимает бабки
20:36 – Четвёртый понт
21:30 – Самый понтовый вид в Екатеринбурге
22:50 – Самый высокий бассейн в Европе
24:33 – Объявление победителя

Смотри это и другие шоу VK Видео Originals в сообществе VK Видео – https://vk.com/vkvideo",1534,1701075300,1733195,87,2741,627,https://vk.com/video_ext.php?oid=-220754053&id=456239464&hash=b2fc8755c7fe4453&__ref=vk.admin_android&api_hash=1740606839af96cb129690c4d03a_GMZDANZRGM2TCOA,1,1,1,False,https://sun1-26.userapi.com/_EikgxxWkeo602ITB5EZvPpdY9n3N7G76IKlbg/iw3OrvWQ6Wk.jpg
456239463,-220754053,Орёл и Орёл. Самое понтовое тревел-шоу. Екатеринбург. Тизер,,51,1701068400,27994,2,53,8,https://vk.com/video_ext.php?oid=-220754053&id=456239463&hash=ab2418a74705fd09&__ref=vk.admin_android&api_hash=17406068391bd2075660126acf98_GMZDANZRGM2TCOA,1,1,1,False,https://i.mycdn.me/getVideoPreview?id=5679021689430&idx=11&type=39&tkn=-MDhzcB4f4yZHvtxy37-8KaNBV0&fn=vid_s
456239462,-220754053,ВНУТРИ ЛАПЕНКО 4. Трейлер финального сезона,"«Все когда-нибудь начинает заканчиваться!»

Финальный сезон вселенной «Внутри Лапенко» будет приквелом и расскажет о детстве любимых персонажей. Юные жители города Катамарановска отправятся в пионерлагерь «Лисья горка», где их ждет лето, полное приключений и захватывающих событий!

Зрители познакомятся с наивным Инженером и его одноклассником недотепой Жилиным. Узнают, каким ребенком был Игорь Катамаранов, и как покорял сердца девушек роскошный первокурсник американского кино-института Ричард Сапогов. Станут свидетелями проделок местных хулиганов – братьев Стрельниковых и увидят рождение группы всех времен и достоинств «Багровый Фантомас». Также нам раскроется главная тайна предыдущих сезонов – кто такая Особа! Существовала ли она на самом деле, и какие события заставили Инженера поселить ее в своих фантазиях…

Все серии с 4 декабря по 8 декабря эксклюзивно в VK Видео!

#внутрилапенко #внутрилапенко4 #приемлемо",135,1700906100,1185907,142,8971,2060,https://vk.com/video_ext.php?oid=-220754053&id=456239462&hash=61f684c1b3a46a36&__ref=vk.admin_android&api_hash=17406068390cb0604c1b05138548_GMZDANZRGM2TCOA,1,1,1,False,https://sun1-23.userapi.com/js3J7URNlxPVew4Yi3prUe14QvqRxYFgh4tZxw/lH70LRQKOOs.jpg
456239461,-220754053,"КСТАТИ #21 – Карина Кросс и Янгер, Антон Лапенко и Алексей Смирнов, Харламов, Мусагалиев, Дорохов","Покупайте выгодно на Мегамаркете – в ноябре электроника и бытовая техника с повышенным кешбэком до 70% бонусами – https://clck.ru/36kZeE

Также используйте промокод КСТАТИОСЕНЬ и получите дополнительную скидку 1 000 руб при первом заказе от 3 000 руб! Правила использования промокода: https://clck.ru/36kZew

Erid: 2VtzqvS8WyF

В сообществе VK Праздники вы узнаете много нового о праздниках нашей страны! А также о крутых проектах VК. Подписывайся, чтобы быть в курсе событий и не пропустить конкурсы с крутыми призами! 

https://vk.com/vkholidays

Двадцать первый выпуск шоу «Кстати» с Азаматом Харламовым. Дорох голос сорвал, как-то жалко его стало выгонять. Гостями двадцать первого выпуска стали: бывавшая в хате Карина Кросс и Янгер, сделавший предложение со сломанным пальцем; мастер перевоплощений Антон Лапенко и Алексей Смирнов (тот самый Смирняга из дуэта «Бандерас и Кляскляускас»). Музыкальные гости: Багровый Фантомас.

Таймкоды:

0:00 – Начинаем двадцать первый выпуск «Кстати»
05:15 – Поздравляем всех мам вместе с ВК
07:06 – Первые гости. Карина Кросс и Янгер
08:55 – О чем шоу «ТОП»
10:42 – Что делал Дорох на шоу «Кто твой подписчик?»
13:40 – С какими словами Карина Кросс заходила в хату
14:42 – Откуда взялись Янгер и Дорох
17:12 – Какие у Карины Кросс плохие привычки
19:00 – Как Янгер делал своей девушке предложение на шоу «Суперниндзя»
24:00 – Самая главная новость – костюм Карины с фотками Инстасамки
27:18 – Давайте задумаемся о подарках близким на новый год
28:14 – Вторые гости. Антон Лапенко и Алексей Смирнов
29:31 – Как образовался дуэт «Бандерас и Кляскляускас»
30:46 – Мечта Азамата объявить «Всех Лапенко» неосуществима
32:12 – Почему Дмитрий Маликов никогда не придёт в шоу «КСТАТИ»
34:30 – О чём новый сезон «Внутри Лапенко»
40:30 – Как поменялась манера съемки «Внутри Лапенко»
43:29 – Почему этот сезон – последний и как ребята его писали
45:31 – Каждый должен побывать на концерте группы «Багровый фантомас»
46:50 – Как Лапенко снимался в фильме «Исчезнувший велосипедист»
48:53 – Что ребята будут делать после «Внутри Лапенко»
50:17 – Конкурс пародий и передразниваний им. Ивана Абрамова
01:04:25 – Багровый Фантомас – «Сон купца»

Смотри это и другие шоу VK Видео Originals в сообществе VK Видео – https://vk.com/vkvideo",4153,1700902500,15131506,1205,29681,5242,https://vk.com/video_ext.php?oid=-220754053&id=456239461&hash=71c6e06bc48c59e3&__ref=vk.admin_android&api_hash=1740606839d805fa3c340563c7ab_GMZDANZRGM2TCOA,1,1,1,False,https://sun1-55.userapi.com/Bd4u_rYKcklrb9kluZjpkjSUUQLXRdXdlDon7w/OtFQ1w8nzTg.jpg
456239459,-220754053,"КСТАТИ #21 – Карина Кросс и Янгер, Антон Лапенко и Алексей Смирнов, Харламов, Мусагалиев, Дорохов. Тизер",,57,1700895600,70192,5,168,24,https://vk.com/video_ext.php?oid=-220754053&id=456239459&hash=24f2697e640b29c0&__ref=vk.admin_android&api_hash=1740606839beff8855e3d3be2f7b_GMZDANZRGM2TCOA,1,1,1,False,https://i.mycdn.me/getVideoPreview?id=5460541114979&idx=1&type=39&tkn=D2-mtjfNXRJVezgYWk8lrpht33A&fn=vid_s
456239457,-220754053,Битва за время  | 4 выпуск |  ШАСТУН х ДОРОХОВ х СЛУЦКИЙ х ВАШ,"Покупайте выгодно на Мегамаркете – в ноябре электроника и бытовая техника с повышенным кешбэком до 70% бонусами – https://clck.ru/36jzX9 
 
Также используйте промокод ОСЕНЬТЕХНИКА и получите дополнительную скидку 3 000 руб при первом заказе от 10 000 руб! 
Правила использования промокода: https://clck.ru/36jzXx
 
Erid: 2VtzqxXWjbw

Битва за время – это проект, в котором комики в разных юмористических жанрах пытаются рассмешить жюри за отведённое им время. Самый смешной в конце сезона получит 3 миллиона рублей! Изначально у участников есть только одна минута на выступление, но если жюри нравится происходящее на сцене, они будут добавлять минуты к таймеру. 
 
Ведущий
Саша Ваш https://vk.com/sasavash 
 
Жюри: 
Антон Шастун https://vk.com/shastoon.channel 
Денис Дорохов https://vk.com/public221160665 
Леонид Слуцкий 
 
00:00 – Начало
00:50 – Объяснение правил
03:03 – Артём Осипов
12:18 – Дуэт «Нетленочка» 
19:52 – Дуэт «Мистер Мистикс»
25:16 – Дима Тихонов
32:51 – Дуэт «Хрисан и Эрик»
38:27 – Дуэт «Антон и Рустам»

Смотри это и другие шоу VK Видео Originals в сообществе VK Видео – https://vk.com/vkvideo",2807,1700826900,2264394,163,8973,1162,https://vk.com/video_ext.php?oid=-220754053&id=456239457&hash=664b424f394a39e1&__ref=vk.admin_android&api_hash=1740606839a89c54131c9eb063b6_GMZDANZRGM2TCOA,1,1,1,False,https://sun1-54.userapi.com/3dvVdnFuBjBWQkpZoNDDjzeQk5amYhDibBIY6Q/O2aV6D1xtBI.jpg
456239455,-220754053,Битва за время  | 4 выпуск |  ШАСТУН х ДОРОХОВ х СЛУЦКИЙ х ВАШ | Тизер,,59,1700820000,21921,0,52,5,https://vk.com/video_ext.php?oid=-220754053&id=456239455&hash=0d3207eb388c5fe3&__ref=vk.admin_android&api_hash=17406068394976efd80af1124a87_GMZDANZRGM2TCOA,1,1,1,False,https://sun1-17.userapi.com/gKeo-2QvjDG9ZmkG5giwSSkHvmGBTVykuJXZDg/7e2DvOJpkic.jpg
456239454,-220754053,"АДСКИЙ ДОМ КликКлак #3: Джарахов, Сатир, Прокофьев и Старый","Развлекательное шоу, в котором участники КЛИККЛАК вместе со звездными гостями попадают в двухэтажный Адский Дом, хозяином которого является Илья Сатир. Чтобы выйти из дома, нужно пройти 6 комнат: «Похоть», «Чревоугодие», «Жадность», «Гнев», «Противники искусства» и «Злые щели». Новая серия – новая комната! 

В третьей серии наши грешники отправятся на новый круг ада – Эльдар Джарахов простоит на гвоздях пока в него будут кидать ананасы, Андрей Прокофьев выжмет подмышками апельсиновый сок, а Старый разобьёт головой 100 сырых яиц. 

Это и многое другое в новом выпуске «Адского Дома».

Эльдар Джарахов 
https://vk.com/rocknrofl 

Андрюша Прокофьев 
https://vk.com/prok_kok 

Илья Satyr Шабельников 
https://vk.com/satyrchannel 

Андрей Старый 
https://vk.com/stariyx 

Смотри это и другие шоу VK Видео Originals в сообществе VK Видео – https://vk.com/vkvideo",1454,1700816100,2074519,320,2594,448,https://vk.com/video_ext.php?oid=-220754053&id=456239454&hash=f49a7eac2a74331f&__ref=vk.admin_android&api_hash=1740606839c25d6c567726d7bab5_GMZDANZRGM2TCOA,1,1,1,False,https://sun1-24.userapi.com/pfi4ucv5KLllrjxb_hcVWThV6tsTocSx6TDdDw/z8_0_yUcUrc.jpg
456239453,-220754053,Третий выпуск шоу «Адский Дом» от КликКлак – 24 ноября эксклюзивно в VK Видео!,,32,1700809200,8305,1,14,3,https://vk.com/video_ext.php?oid=-220754053&id=456239453&hash=85bbe59803331c39&__ref=vk.admin_android&api_hash=1740606839573e35e7149a427991_GMZDANZRGM2TCOA,1,1,1,False,https://sun1-84.userapi.com/k-Fw4-zcmkY5_7d3TnfjR2M1-BQRhDttk2WjNA/jXjTgVMDfYE.jpg
456239451,-220754053,"ОФИСНЫЕ ИГРЫ КликКлак 2 СЕЗОН 1 СЕРИЯ: Джарахов, SQWOZ BAB, Сатир, Прокофьев, Старый","«Офисные игры 2» – Новый сезон юмористического, развлекательного шоу, в котором Сатир, Прокофьев, Старый и Марат SQWOZ BAB уже не стажëры, а сотрудники. Во втором сезоне им предстоит избежать увольнения, выполняя дурацкие, смешные и безумные челленджи, которые для них подготовил Эльдар Джарахов.

В этом выпуске участники шоу упадут с высоты 2 метра, если не смогут вспомнить, что было в 1 сезоне. Героев ждет соревнование на меткость бросания сырыми яицами в голову, а в третьей игре Отар Кушанашвили разобьёт старую мебель о спины наших любимых сотрудников.

Приятного просмотра!

Таймкоды: 
00:00 – Въезжаем в новый офис 
02:34 – Викторина по итогам стажировки 
14:29 – Как сохранить семейную атмосферу на работе? 
15:14 – Офисный яйцебол 
27:28 – Травма Сан Саныча 
28:40 – Избавляемся от старой мебели с Отаром Трахычем 
39:33 – Итоги первого дня

Отар Кушанашвили
https://vk.com/o.kushanashvili

Эльдар Джарахов
https://vk.com/rocknrofl

Саня Быков
https://vk.com/bboysansay

Андрюша Прокофьев
https://vk.com/prok_kok

Илья Satyr Шабельников
https://vk.com/satyrchannel

Марат SQWOZ BAB
https://vk.com/sqwozbab

Андрей Старый
https://vk.com/stariyx

Смотри это и другие шоу VK Видео Originals в сообществе VK Видео – https://vk.com/vkvideo",2409,1700643300,3920484,93,6899,1340,https://vk.com/video_ext.php?oid=-220754053&id=456239451&hash=fc961849ca523324&__ref=vk.admin_android&api_hash=1740606839ac10885f3a03d5233b_GMZDANZRGM2TCOA,1,1,1,False,https://sun1-97.userapi.com/1Nud78dXPqJ3PJ4-NYC9b_0KHAdkluBXGNo2AA/6MzoSS6nZKA.jpg
456239449,-220754053,Новый сезон шоу «ОФИСНЫЕ ИГРЫ» от КликКлак – с 22 ноября эксклюзивно в VK Видео!,,24,1700636400,21964,0,29,7,https://vk.com/video_ext.php?oid=-220754053&id=456239449&hash=a4dbf7ae3f6c0b48&__ref=vk.admin_android&api_hash=174060683935d52c6e06fd857f37_GMZDANZRGM2TCOA,1,1,1,False,https://sun1-14.userapi.com/AAQaUZGeBA_7aLvD3B2l_IlPyQu-6VnPj8tTzw/pxn20AgOx6s.jpg
456239443,-220754053,Звёздный Балабол #2 Джарахов – Костюшкин,"У Эльдара Джарахова чуть не началась паническая атака, когда он оказался на полиграфе вместе со Стасом Костюшкиным. В новом выпуске шоу «Звёздный Балабол», отвечая на каверзные вопросы Даника, гости рассказали, как правильно измерять длину достоинства, узнают ли звезд в секс-шопах, и хейтят ли коллеги их совместное творчество. Все это и много другое смотрите в самом истерическом выпуске шоу «Звёздный Балабол».

Как всегда лживые ответы участников выявлял профессиональный полиграфолог. Главного балабола по итогам программы мы сфотографировали и отправили на огромный «экран позора» в центре Москвы.

Смотрите эксклюзивно в VK Видео.

Таймкоды:
00:00 – Смешной Тизер
01:06 – Всем Салем!
02:03 – У Костюшкина большой?
02:53 – Как Стас в секс-шоп ходил
04:25 – Использует ли Костюшкин Эльдара?
05:16 – Стас показал сиськи
06:23 – Слушает ли Эльдар песни Костюшкина?
06:47 – Есть ли мастурбаторы у Джарахова и Костюшкина?
08:14 – Хотел бы Эльдар такого отца, как Стас?
10:27 – Почему Костюшкин не хочет жить в теле Эльдара?
11:09 – Выдавишь ему прыщ на заднице?
11:53 – За что прилетело Данику?
13:03 – Подаришь кольцо, которое он съел и выкакал?
15:19 – Согласен позировать ему голым?
17:45 – Умеют ли проститутки хранить секреты?
18:31 – Секс с зомби под песни «Чай вдвоем»
20:25 – Кто из вас умнее?
21:53 – Этот каламбур Эльдар придумывал 29 лет
22:33 – Постоянный вопрос про мизинец
23:14 – Вопрос, который вызвал паническую атаку у Эльдара
24:30 – Подводим итоги

Смотри это и другие шоу VK Видео Originals в сообществе VK Видео – https://vk.com/vkvideo",1530,1700471892,2307674,72,1886,676,https://vk.com/video_ext.php?oid=-220754053&id=456239443&hash=80431fc9d2550736&__ref=vk.admin_android&api_hash=1740606839328d6afa81987cf9c1_GMZDANZRGM2TCOA,1,1,1,False,https://sun1-55.userapi.com/Ygqpzdy2uq8Hc27l7qmH4eTnWq0u9Y_PBN3n3Q/MSFKT31MTLw.jpg
456239444,-220754053,ОФИСНЫЕ ИГРЫ 2 СЕЗОН. Тизер,"«Офисные игры 2» – Новый сезон юмористического, развлекательного шоу, в котором Сатир, Прокофьев, Старый и Марат SQWOZ BAB уже не стажëры, а сотрудники. Во втором сезоне им предстоит избежать увольнения, выполняя дурацкие, смешные и безумные челленджи, которые для них подготовил Эльдар Джарахов.

Эльдар Джарахов 
https://vk.com/rocknrofl 

Саня Быков 
https://vk.com/bboysansay 

Андрюша Прокофьев 
https://vk.com/prok_kok 

Илья Satyr Шабельников 
https://vk.com/satyrchannel 

Марат SQWOZ BAB 
https://vk.com/sqwozbab 

Андрей Старый 
https://vk.com/stariyx 

Смотри это и другие шоу VK Видео Originals в сообществе VK Видео – https://vk.com/vkvideo",44,1700567760,432826,6,277,42,https://vk.com/video_ext.php?oid=-220754053&id=456239444&hash=84ad5863c041742c&__ref=vk.admin_android&api_hash=1740606839a9192b16c21fdb62cf_GMZDANZRGM2TCOA,1,1,1,False,https://sun1-57.userapi.com/9AvxZlhRi22Iyrox61PTXgG-RX4z9z9XB7iDww/BAnCJX21AYQ.jpg
456239447,-220754053,Звёздный Балабол #2 Джарахов – Костюшкин | Тизер,,55,1700560800,17732,0,29,5,https://vk.com/video_ext.php?oid=-220754053&id=456239447&hash=5c3faa6c1b702994&__ref=vk.admin_android&api_hash=174060683984f2b6ddb213171081_GMZDANZRGM2TCOA,1,1,1,False,https://sun1-14.userapi.com/q5Q83B3rQcB0zqEIr4Qf58E6Z5w-2iFqCgVCwA/74STjmRAKKw.jpg
456239441,-220754053,Орёл и Орёл. Самое понтовое тревел-шоу. Мурманск,"В одиннадцатом выпуске тревел-шоу «Орёл и Орёл» Юсуп и Омар приедут понтоваться в Мурманск. Самый северный ресторан России, охота на китов, первый атомный ледокол в мире и другие понты в городе за Полярным кругом. В конце выпуска, по традиции, мы узнаем кто стал понтовее в Мурманске.

ТАЙМКОДЫ:

00:00 – Правила шоу
01:30 – Понтовая заставка
02:20 – Главный понт Мурманска
03:34 – Первый понт
05:30 – Двигатель мощностью 11000 л.с.
07:26 – Атомный реактор
10:51 – Второй понт
12:58 – Игра престолов. Продолжение
13:33 – Настоящее кладбище кораблей
15:35 – Третий понт
17:23 – Самые понтовые морские деликатесы
19:36 – Четвёртый понт
21:58 – Дикие морские котики
22:45 – Обращение Юсупа к китам
24:58 – Объявление победителя

Смотри это и другие шоу VK Видео Originals в сообществе VK Видео – https://vk.com/vkvideo",1582,1700470500,1722303,65,2045,735,https://vk.com/video_ext.php?oid=-220754053&id=456239441&hash=d2b7e36038478949&__ref=vk.admin_android&api_hash=1740606839a5dcdfc1e330d8e13e_GMZDANZRGM2TCOA,1,1,1,False,https://sun1-88.userapi.com/AZhiS8ft7-A6OedYdoo0M-l_nI9ajmX4xb6VlA/xtZsmJJWldc.jpg
456239440,-220754053,Орёл и Орёл. Самое понтовое тревел-шоу. Мурманск. Тизер,,60,1700463600,39815,1,88,15,https://vk.com/video_ext.php?oid=-220754053&id=456239440&hash=c8dd8507e16401d6&__ref=vk.admin_android&api_hash=17406068391d143be1d2de901ab2_GMZDANZRGM2TCOA,1,1,1,False,https://i.mycdn.me/getVideoPreview?id=5797313710673&idx=5&type=39&tkn=l-m9JSm8DzoRDaoFmSisj9adkW0&fn=vid_s
456239438,-220754053,"КСТАТИ #20 – Лариса Гузеева, Паша Техник, Харламов, Мусагалиев, Дорохов","Уютные квартиры со скидкой 10% от «Самолет»: https://smlt.ru/8zgtzt8

И квартиру, и мебель, и переезд, и кладовую – все можно с Можнотекой от «Самолет»: https://smlt.ru/9-kit49

Двадцатый выпуск шоу «Кстати» с Азаматом Харламовым. Дорох держится из последних сил, для него это непростой месяц. Гостями двадцатого выпуска стали: первый человек, с которым общается наша студия – Паша Техник и в будущем великолепная тёща – Лариса Гузеева. Музыкальные гости: Купание обезьяны в теплой воде.

0:00 – Начинаем двадцатый выпуск «Кстати» и блюдём «недрочабрь»
02:45 – Первый гость. Паша Техник
04:40 – Как дела у Паши и как прошёл его сибирский тур
08:42 – Почему Паша больше не индивидуальный предприниматель
10:30 – Пашка «чуть-чуть» сорвался
11:22 – Рубрика ""Паша Кинотехник""
19:51 – Вторая гостья. Лариса Гузеева
21:35 – Смотрим трейлер фильма «Тёща»
22:28 – Как Ларисе Андреевне работалось с Гариком
26:23 – Как Гарику работалось с Ларисой Андреевной
28:24 – О чём фильм «Тёща»
29:55 – Какой тёщей будет Лариса Гузеева
32:21 – Результат смешивания фотографий Ларисы и Гарика
32:48 – Что Лариса Гузеева шлёт в ответ на дикпики
34:08 – Чем отличается новая версия «Давай Поженимся!»
35:39 – Вопрос от ресторатора Гарика кулинару Ларисе
36:39 – Почему люди рады видеть Гарика Харламова
39:05 – Квитаемся за все шутки Гарика над Ларисой в соцсетях
41:30 – Играем в «Меняемся телами»
48:04 – Публичное примирение Ларисы Гузеевой и Гарика Харламова
48:55 – Обращение Ларисы к создателям фейковой страницы Ларисы Гузеевой
49:37 – Купание обезьяны в тёплой воде - «Тёща»

Смотри это и другие шоу VK Видео Originals в сообществе VK Видео – https://vk.com/vkvideo",3275,1700297700,15344469,1834,42300,14652,https://vk.com/video_ext.php?oid=-220754053&id=456239438&hash=f64f1623ccc6ef74&__ref=vk.admin_android&api_hash=174060683906c6d2e0c458ea036e_GMZDANZRGM2TCOA,1,1,1,False,https://sun1-90.userapi.com/BdD5c8VgvpjHrCs5LuOs7JLydJ9udWJIaYzdRw/KUIrS8Po04Q.jpg
456239436,-220754053,"КСТАТИ #20 – Лариса Гузеева, Паша Техник, Харламов, Мусагалиев, Дорохов. Тизер",,49,1700290800,202103,25,576,101,https://vk.com/video_ext.php?oid=-220754053&id=456239436&hash=180cbf7353aaeaf5&__ref=vk.admin_android&api_hash=1740606839625d678fb3547e3232_GMZDANZRGM2TCOA,1,1,1,False,https://i.mycdn.me/getVideoPreview?id=5697853852395&idx=2&type=39&tkn=uPAokHlIqZSWdmCLTP-K2Te0HgY&fn=vid_s
456239435,-220754053,Битва за время | 3 выпуск | ШАСТУН × ПОПОВ х МИГЕЛЬ х ВАШ,"Покупайте выгодно на Мегамаркете – в ноябре электроника и бытовая техника с повышенным кешбэком до 70% бонусами – https://clck.ru/36d7Lk Также используйте промокод ОСЕНЬТЕХНИКА и получите дополнительную скидку 3 000 руб при первом заказе от 10000 руб! Правила использования промокода: https://clck.ru/36d7N9
Erid: 2VtzqvTKRfE 

Бронируйте отели и выбирайте бесплатные бонусы от МТС TRAVEL: завтраки, поздний выезд или ранний заезд. А также получайте кешбэк до 25%. Подробности – https://l.mts.ru/1/travel_bitva_za_vemya
Предложение для пользователей с активной подпиской МТС Premium.
Erid: 2VtzqwgxP4C 

Битва за время – это проект, в котором комики в разных юмористических жанрах пытаются рассмешить жюри за отведённое им время. Самые смешные в конце сезона получат 3 миллиона рублей! Изначально у выступающих есть только одна минута на выступление, но если жюри нравится происходящее на сцене – они будут добавлять время участникам.

Ведущий:
Саша Ваш https://vk.com/sasavash

Жюри:
Антон Шастун https://vk.com/shastoon.channel
Арсений Попов https://vk.com/arsofk
Мигель https://vk.com/migelclub

Таймкоды:

00:00 – Начало
00:54 – Объяснение правил
03:06 – Женя Ежова
11:22 – Аня Захарова и Миша Хохряков
18:51 – Дуэт «Конечная»
23:36 – Настя «Тачка»
32:31 – Дуэт «Абрамов и Тайфун»
36:57 – Трио «Нетяжелый люкс»
43:45 с Дуэт «Четыре»

Смотри это и другие шоу VK Видео Originals в сообществе VK Видео – https://vk.com/vkvideo",3176,1700222100,2598767,368,17137,2330,https://vk.com/video_ext.php?oid=-220754053&id=456239435&hash=1a2b124f9d0abd76&__ref=vk.admin_android&api_hash=17406068392a9bc0e18bd4205aa2_GMZDANZRGM2TCOA,1,1,1,False,https://sun1-25.userapi.com/3I8PHbZJiI9NHOJRonTrm3kSfU2R87FmZ9YZxQ/aGSKGvJbfzg.jpg
456239433,-220754053,Битва за время | 3 выпуск | ШАСТУН × ПОПОВ х МИГЕЛЬ х ВАШ | Тизер,,53,1700215200,40555,3,113,10,https://vk.com/video_ext.php?oid=-220754053&id=456239433&hash=a5110fcdf38449e9&__ref=vk.admin_android&api_hash=174060683969420a6ab232818140_GMZDANZRGM2TCOA,1,1,1,False,https://sun1-54.userapi.com/jodHkm7JGZ7MwAzzVjn3sMK8wsBcw8cHUCMIQA/Weel7wiwylQ.jpg
456239431,-220754053,"АДСКИЙ ДОМ КликКлак #2: Джарахов, Сатир, Прокофьев, Старый и Супер Стас","Развлекательное шоу, в котором участники КЛИККЛАК вместе со звездными гостями попадают в двухэтажный Адский Дом, хозяином которого является Илья Сатир. Чтобы выйти из дома, нужно пройти 6 комнат: «Похоть», «Чревоугодие», «Жадность», «Гнев», «Противники искусства» и «Злые щели». Новая серия – новая комната!

Сегодня Эльдар Джарахов, Андрей Прокофьев и Андрей Старый продолжат своё путешествие по Адскому Дому. Во второй серии им нужно пройти три испытания в комнате «Чревоугодие», в которой их будет ждать Сатир, Супер Стас и самый острый соус в мире! 

Супер Стас
https://vk.com/stasliga

Эльдар Джарахов
https://vk.com/rocknrofl

Андрюша Прокофьев
https://vk.com/prok_kok 

Илья Satyr Шабельников
https://vk.com/satyrchannel

Андрей Старый
https://vk.com/stariyx

Смотри это и другие шоу VK Видео Originals в сообществе VK Видео – https://vk.com/vkvideo",1572,1700211300,2289319,39,3664,605,https://vk.com/video_ext.php?oid=-220754053&id=456239431&hash=e773eeec76fe4acc&__ref=vk.admin_android&api_hash=174060683986923cf7c30d321f56_GMZDANZRGM2TCOA,1,1,1,False,https://sun1-95.userapi.com/y7gnnZJGwwymFUo3eaIb1yMNcW2NR6mCpI4nrg/cf2XqnGr9bw.jpg
456239430,-220754053,Второй выпуск шоу «Адский Дом» от КликКлак – 17 ноября эксклюзивно в VK Видео!,,32,1700204400,10794,0,12,3,https://vk.com/video_ext.php?oid=-220754053&id=456239430&hash=0c48d5d441842488&__ref=vk.admin_android&api_hash=17406068394932049b9301a41046_GMZDANZRGM2TCOA,1,1,1,False,https://i.mycdn.me/getVideoPreview?id=5499513014822&idx=3&type=39&tkn=SoaIYA_c2HBiyOehLFxahxPuKq8&fn=vid_s
456242421,-220754053,Тося Чайкина. Надежда,"В финале шоу «Сессия» Тося исполнила трек «Надежда», подводящий черту под эмоциональной беседой с Дмитрием Дибровым. 

Полный выпуск смотрите по ссылке эксклюзивно в VK Видео:https://vk.com/video-220754053_456239424",338,1731672930,74546,1,59,4,https://vk.com/video_ext.php?oid=-220754053&id=456242421&hash=cc674ec28bfad4e1&__ref=vk.admin_android&api_hash=1740606839bbc6b320246796ede4_GMZDANZRGM2TCOA,1,1,1,False,https://sun1-93.userapi.com/impg/cusiHR-i7E85cA1-cC49My7E5Y_pStdNV1xvxg/4Npuv5qvVEg.jpg?size=130x96&quality=95&keep_aspect_ratio=1&background=000000&sign=905ec9959912de56f100f357a5c51022&c_uniq_tag=85O0OenHNWzHubClEHcNLCswmaV82RREfKZ149P3CAQ&type=video_thumb
456239424,-220754053,Сессия. Тося Чайкина,"В заключительном выпуске второго сезона шоу «Сессия» вы узнаете, как поставленный диагноз пограничное расстройство личности влияет на ежедневную жизнь Тоси, почему она уходит в меланхолию и драматизацию событий в кризисные периоды, а также как болезненные переживания находят выход в музыке.

В разговоре с Дмитрием Дибровым певица расскажет про тяжёлые моменты взаимодействия с отцом, травму по поводу утраты ребенка и депрессивное состояние от абьюзивных созависимых отношений. В конце программы Тося исполнит трек «Надежда», подводящий черту под эмоциональной беседой.  

Смотрите эксклюзивно в VK Видео.  

Таймкоды:

00:00 – Начало выпуска
00:31 – Психологическое досье
01:36 – Гипотезы диагнозов
01:47 – Начало сессии
01:58 – Пограничное расстройство личности и ПТСР
03:44 – Комментарий психотерапевта
04:04 – Ребенок музыки
06:27 – Воспоминания из детства о маме
10:54 – Комментарий психотерапевта
11:13 – Татуировки и их символизм
12:10 – Конфликты с мамой
13:40 – Буллинг в школе
17:48 – Комментарий психотерапевта
18:09 – Созависимые отношения
20:49 – Комментарий психотерапевта
21:10 – Аборт и подсознательный поиск любви отца
26:20 – Комментарий психотерапевта
26:46 – Синдром Лолиты
29:40 – отсутствие отца в жизни
33:08 – Психологический прием «Обращение к отцу»
35:27 – Комментарий психотерапевта
35:49 – Выход из абьюзивных отношений
39:06 – Психосоматика в вопросах проблемы кожи
43:25 – Комментарий психотерапевта
43:44 – Нервные срывы и обиды на себя
45:31 – Психологический прием «Обращение к себе»
47:38 – Трек «Надежда»
53:00 – Психологическое заключение

Смотри это и другие шоу VK Видео Originals в сообществе VK Видео – https://vk.com/vkvideo",3249,1700124900,2716511,77,1128,402,https://vk.com/video_ext.php?oid=-220754053&id=456239424&hash=c4cc8fb806c74741&__ref=vk.admin_android&api_hash=1740606839ec627fd16f32295e2b_GMZDANZRGM2TCOA,1,1,1,False,https://sun1-98.userapi.com/yubBsvRK5OM6wLYk-BFt2NJly_Efk_BfXzKMDQ/byvr2tdKFLo.jpg
456239426,-220754053,Сессия. Тося Чайкина. Тизер,"В заключительном выпуске второго сезона шоу «Сессия» вы узнаете, как поставленный диагноз пограничное расстройство личности влияет на ежедневную жизнь Тоси, почему она уходит в меланхолию и драматизацию событий в кризисные периоды, а также как болезненные переживания находят выход в музыке.

В разговоре с Дмитрием Дибровым певица расскажет про тяжёлые моменты взаимодействия с отцом, травму по поводу утраты ребенка и депрессивное состояние от абьюзивных созависимых отношений. В конце программы Тося исполнит трек «Надежда», подводящий черту под эмоциональной беседой.  

Смотрите эксклюзивно в VK Видео.  ",53,1700119398,19043,2,29,7,https://vk.com/video_ext.php?oid=-220754053&id=456239426&hash=579d461bb72622fd&__ref=vk.admin_android&api_hash=1740606839f247047e9ffe420be0_GMZDANZRGM2TCOA,1,1,1,False,https://i.mycdn.me/getVideoPreview?id=5448749222623&idx=0&type=39&tkn=8dQOhI6JuRjQwiFPAIAfa9OJT-0&fn=vid_s
456239404,-220754053,Звёздный Балабол #1 Янчик – SQWOZ BAB,"В первом выпуске шоу «Звёздный Балабол» ведущий Даник подключил Янчика и Марата SQWOZ BAB к детектору лжи и задает им каверзные вопросы друг про друга. Марат игнорил Янчика в сообщениях! Бреют ли Марат и Янчик яйца? Готов ли Янчик поменять больничную утку Марата? Всё это и многое другое вы узнаете в шоу «Звёздный Балабол».
 
Участники знатно повеселились, а правдивость их ответов проверял профессиональный полиграфолог. Того, кто набрал больше всего «звездежей» мы сфотографировали и поместили на огромный «экран позора» в центре Москвы.
 
Смотрите эксклюзивно в VK Видео.

Таймкоды:
 
00:00 – Смешной тизер
00:58 – Всем Салем!
02:00 – Раздражает ли Даник Янчика?
02:45 – Хвостик Янчика - бабская тема?
03:19 – Бреет ли SQWOZ BAB яйца?
04:26 – А Янчик?
05:03 – SQWOZ BAB - каблук?
06:36 – Выложит ли SQWOZ BAB обидный дисс на Янчика?
07:24 – Снимется ли Янчик в клипе с голым задом?
08:49 – Помыл бы Янчик Марата?
09:18 – А яйца побрил бы?
10:11 – Секс с женой, внутри которой разум Ячика?
10:35 – Стал бы Янчик смотреть на голого SQWOZ BAB?
12:05 – Тебе нравятся его шмотки?
13:58 – Нарисуешь ему чл*н на лбу?
14:54 – Динамил его в сообщениях?
16:07 – Мизинец или потенция друга?
16:46 – Подводим итоги
 
Смотри это и другие шоу VK Видео Originals в сообществе VK Видео – https://vk.com/vkvideo",1083,1699891602,2142061,34,2599,731,https://vk.com/video_ext.php?oid=-220754053&id=456239404&hash=a1f0b157e4a19a35&__ref=vk.admin_android&api_hash=1740606839c0ffbd21748f5a2c57_GMZDANZRGM2TCOA,1,1,1,False,https://sun1-30.userapi.com/tGSAQfGjcTeDZkOjfzs-oLVrJdx9ZDF2vdh03Q/PEFol0lWHqU.jpg
456239418,-220754053,Звёздный Балабол #1 Янчик – SQWOZ BAB | Тизер,,54,1699991232,24770,0,24,7,https://vk.com/video_ext.php?oid=-220754053&id=456239418&hash=f9ea81be3d930a03&__ref=vk.admin_android&api_hash=174060683996fca35cd82d74c1e4_GMZDANZRGM2TCOA,1,1,1,False,https://i.mycdn.me/getVideoPreview?id=5706498312755&idx=1&type=39&tkn=9K2LV9VWtV24UfbA8la9PblZf94&fn=vid_s
456239412,-220754053,Звёздный Балабол | Тизер сезона,"«Звёздный балабол» – это шоу, куда приходят два звёздных друга, чтобы на детекторе лжи ответить на неудобные вопросы друг про друга и посмеяться над собой. Ведущий шоу, душка Даник, следит за тем, чтобы самая горькая правда и сладкая ложь не вызывали у гостей ничего, кроме смеха.

Смотрите эксклюзивно в VK Видео.",72,1699966939,703553,14,455,40,https://vk.com/video_ext.php?oid=-220754053&id=456239412&hash=a0075fe0911f0ca6&__ref=vk.admin_android&api_hash=174060683948d44efe9e98728837_GMZDANZRGM2TCOA,1,1,1,False,https://sun1-13.userapi.com/SOSfG5Qb9z7rGsN6V0hcfXQwzBv0aYf2CmqyMg/26FG1Y22mvc.jpg
456239402,-220754053,Орёл и Орёл. Самое понтовое тревел-шоу. Грозный,"Насладитесь утонченным вкусом MacCoffee Cappuccino di Torino! 
Купить: https://vk.cc/cseAXY
Реклама. erid: 2VtzquoG2D5

В десятом выпуске тревел-шоу «Орёл и Орёл» Юсуп и Омар приедут понтоваться в Грозный. Невероятное озеро в горах, Грозный-сити, чемпионы мира по шашлыкам, полёты над пропастью и другие понты в столице Чеченской Республики. В конце выпуска, по традиции, мы узнаем кто стал понтовее в Грозном.

ТАЙМКОДЫ:

00:00 – Правила шоу
01:17 – Понтовая заставка
02:12 – Юсуп неожиданно начинает танцевать
03:26 – Понтовая реклама кофе
05:29 – Первый понт
08:33 – Омар комментирует футбол
11:05 – Второй понт
12:39 – Самый понтовый шашлык в России
15:00 – Третий понт
19:48 – Омар и Юсуп летят в пропасть
22:25 – Четвёртый понт
23:38 – Самые большие круглые часы в мире
24:25 – Юсуп даёт жёсткую оценку Грозному
27:25 – Самый понтовый фонтан
29:08 – Объявление победителя

Смотри это и другие шоу VK Видео Originals в сообществе VK Видео – https://vk.com/vkvideo",1806,1699865700,2326958,79,2223,392,https://vk.com/video_ext.php?oid=-220754053&id=456239402&hash=f7a378b80550c141&__ref=vk.admin_android&api_hash=17406068390e8f5b602cd4343eab_GMZDANZRGM2TCOA,1,1,1,False,https://sun1-94.userapi.com/feXzjNpp705eMXmPHZBzTjqV1glDTwzMXF6RGQ/Rrjz-ILyFrg.jpg
456239401,-220754053,Орёл и Орёл. Самое понтовое тревел-шоу. Грозный. Тизер,,60,1699858800,25089,0,53,7,https://vk.com/video_ext.php?oid=-220754053&id=456239401&hash=32ee403734fecbaa&__ref=vk.admin_android&api_hash=17406068397166f97c4d35004c7c_GMZDANZRGM2TCOA,1,1,1,False,https://i.mycdn.me/getVideoPreview?id=5485695601339&idx=7&type=39&tkn=fARqHWPi0FPN1NcgTqwkX7TnYTQ&fn=vid_s
456239394,-220754053,"КСТАТИ #19 – Евгения Медведева, Ульяна Пылаева, Гарик Рудник, Алексей Карпенко, 5УТРА, Зоя Яровицына. Тизер",,67,1699686000,76636,3,214,23,https://vk.com/video_ext.php?oid=-220754053&id=456239394&hash=a7ea73977382a509&__ref=vk.admin_android&api_hash=1740606839c449857fdcdab3cdac_GMZDANZRGM2TCOA,1,1,1,False,https://i.mycdn.me/getVideoPreview?id=5723561069231&idx=2&type=39&tkn=9dBEZuFJbjk_w-KfXRcP6p51iC0&fn=vid_s
456239393,-220754053,Битва за время | 2 выпуск | ШАСТУН х МАРКОНИ х ДЖАБРАИЛОВ х ВАШ,"У вас каприз – у нас Шарлиз! https://brands.5ka.ru/sharliz Круассаны, маффины, венские вафли, зефиры, пастила, печенье, сладкие рулеты и многое другое. Ищите все сладости Шарлиз в магазинах и доставке «Пятёрочки». 
Erid:2Vtzqv78Ddh 
 
На Мегамаркете начался Зелёный день! С 9 по 12 ноября приобретайте товары по скидкам и с повышенным кешбэком – https://clck.ru/36VjBX 
 
Также используйте промокод ОСЕНЬТЕХНИКА и получите дополнительную скидку 3 000 руб при первом заказе от 10 000 руб! Правила использования промокода: https://clck.ru/36VjD5 
Erid: 2VtzqvvEha7 
 
Битва за время – это проект, в котором комики в разных юмористических жанрах пытаются рассмешить жюри за отведённое им время. Самый смешной в конце сезона получит 3 миллиона рублей! Изначально у участников есть только одна минута на выступление, но если жюри нравится происходящее на сцене, они будут добавлять минуты к таймеру. 
 
Ведущий: 
Саша Ваш https://vk.com/sasavash 

Жюри: 
Антон Шастун https://vk.com/shastoon.channel 
Владимир Маркони https://vk.com/v_markoni 
Игорь Джабраилов https://vk.com/igordzhabrailov 
 
Таймкоды: 

00:00 – Начало
02:00 – Объяснение правил
04:18 – Оля Гульчак 
10:02 – Дуэт «Иван-да-Аза» 
16:05 – Дуэт «Лера и Маша»
24:36 – Замрат Вартанянц
31:03 – Александр Смирнов
36:36 – Дуэт «Жидкий Шмель»
42:17 – Трио «18+» 
 
Смотри это и другие шоу VK Видео Originals в сообществе VK Видео – https://vk.com/vkvideo",3058,1699617300,2645827,285,10834,1476,https://vk.com/video_ext.php?oid=-220754053&id=456239393&hash=f7a11c113b7084bf&__ref=vk.admin_android&api_hash=174060683971d7d1409ea7d00fae_GMZDANZRGM2TCOA,1,1,1,False,https://sun1-28.userapi.com/H6uzSeBkThBIpasAiiahCubmCl__vR-F-QbjYQ/9LfnxDy_PqI.jpg
456239391,-220754053,Битва за время | 2 выпуск | ШАСТУН х МАРКОНИ х ДЖАБРАИЛОВ х ВАШ | Тизер,,50,1699610400,29274,1,80,12,https://vk.com/video_ext.php?oid=-220754053&id=456239391&hash=9756698e2b1754f8&__ref=vk.admin_android&api_hash=1740606839084a03bef8cf564467_GMZDANZRGM2TCOA,1,1,1,False,https://sun1-14.userapi.com/3rcT3sumhSLNOpJT7Vzfs9893NRDnoUq-EMyJw/Uw4Ig5gmao0.jpg
456239388,-220754053,"АДСКИЙ ДОМ КликКлак #1: Джарахов, Сатир, Прокофьев, Старый и Маш Милаш","Развлекательное шоу, в котором участники КЛИККЛАК вместе со звездными гостями попадают в двухэтажный Адский Дом, хозяином которого является Илья Сатир. Чтобы выйти из дома, нужно пройти 6 комнат: «Похоть», «Чревоугодие», «Жадность», «Гнев», «Противники искусства» и «Злые щели». Новая серия – новая комната!

Сегодня Эльдар Джарахов, Андрей Прокофьев и Андрей Старый попадают в Адский Дом. В первой серии им нужно пройти три испытания в комнате «Похоть», в которой вместе с Сатиром их будет ждать Маш Милаш.

Маш Милаш 
https://vk.com/mash_milash 

Эльдар Джарахов
https://vk.com/rocknrofl

Андрюша Прокофьев
https://vk.com/prok_kok 

Илья Satyr Шабельников
https://vk.com/satyrchannel

Андрей Старый
https://vk.com/stariyx

Смотри это и другие шоу VK Видео Originals в сообществе VK Видео – https://vk.com/vkvideo",890,1699606500,2360260,116,5375,1564,https://vk.com/video_ext.php?oid=-220754053&id=456239388&hash=6a09bead1fc97133&__ref=vk.admin_android&api_hash=174060683902ec6c3b1eb43827ff_GMZDANZRGM2TCOA,1,1,1,False,https://sun1-91.userapi.com/BPgILtHxzuero8vVYzEq8OVQDb1ODkcJ5BYxWQ/oB1KCrDCDGs.jpg
456239387,-220754053,Новое шоу от КликКлак – «Адский Дом» эксклюзивно в VK Видео с 10 ноября!,,35,1699599600,15673,0,22,5,https://vk.com/video_ext.php?oid=-220754053&id=456239387&hash=87db17697a649cd0&__ref=vk.admin_android&api_hash=1740606839281bcf4c8e44fed69f_GMZDANZRGM2TCOA,1,1,1,False,https://i.mycdn.me/getVideoPreview?id=5735208520274&idx=7&type=39&tkn=r9gGFv2lbdg2WhayeWqnEOAYvCE&fn=vid_s
456239385,-220754053,АДСКИЙ ДОМ КликКлак. Тизер сезона,"Развлекательное шоу, в котором участники КЛИККЛАК вместе со звездными гостями попадают в двухэтажный Адский Дом, хозяином которого является Илья Сатир. Чтобы выйти из дома, нужно пройти 6 комнат: «Похоть», «Чревоугодие», «Жадность», «Гнев», «Противники искусства» и «Злые щели». Новая серия – новая комната! 

Эльдар Джарахов
https://vk.com/rocknrofl

Андрюша Прокофьев
https://vk.com/prok_kok

Илья Satyr Шабельников
https://vk.com/satyrchannel

Андрей Старый
https://vk.com/stariyx

Смотри это и другие шоу VK Видео Originals в сообществе VK Видео – https://vk.com/vkvideo",55,1699527660,385003,5,264,57,https://vk.com/video_ext.php?oid=-220754053&id=456239385&hash=015564a143aaefac&__ref=vk.admin_android&api_hash=1740606839bf90dbd59b303092b7_GMZDANZRGM2TCOA,1,1,1,False,https://sun1-17.userapi.com/NkD5l4BxxSJN81GfqAMwP8z1DG0kb55lRZlU-Q/hxKLbbjZaF4.jpg
456239381,-220754053,Navai. Эгоист,,193,1699534500,123659,5,215,35,https://vk.com/video_ext.php?oid=-220754053&id=456239381&hash=b1151027d2c2feda&__ref=vk.admin_android&api_hash=174060683996f672947b68002276_GMZDANZRGM2TCOA,1,1,1,False,https://sun1-18.userapi.com/EIsv2oEpHpIQ9pVhxNKlkKEEqEXCf2Wxm8WayA/gyhpIYnq3HI.jpg
456239379,-220754053,Сессия. Наваи,"В новом выпуске шоу «Сессия» Наваи даст своё первое большое интервью, из которого вы узнаете, как сказалось на становлении маленького мальчика взросление в передвижном зоопарке без сверстников и почему заложенные в детстве качества привели его к профессиональной карьере, где он реализует свои накопленные эмоциональные переживания через песни.

В диалоге с Дмитрием Дибровым музыкант расскажет про травмирующий опыт предательства в личной жизни, комфортное пребывание в одиночестве, регулярную саморефлексию и раннюю сепарацию с родителями. В конце программы Наваи исполнит свой трек «Эгоист», который подведёт черту под откровенной беседой. 

Смотрите эксклюзивно в VK Видео. 

ТАЙМКОДЫ:

00:00 – Начало выпуска
00:31 – Психологическое досье
01:36 – Гипотезы диагнозов
01:47 – Начало сессии
02:52 – Жизнь семьи в передвижном зоопарке
04:39 – Синдром Маугли
06:35 – Комментарий психотерапевта
06:56 – Переезд в Москву
08:24 – Отношения в семье и трудное финансовое положение
10:02 – Комментарий психотерапевта
10:22 – Рождение брата и забота о нём
13:44 – Комментарий психотерапевта
14:04 – Жизнь в Азербайджане и новый менталитет
16:53 – Комментарий психотерапевта
17:13 – Общежитие в Москве и работа в такси
19:28 – Отсутствие денег 
22:27 – Комментарий психотерапевта
22:48 – Любовь и взаимопонимание в семье
25:35 – Покупка квартиры и дом в дороге
28:35 – Комментарий психотерапевта
28:55 – Отношение к женщинам
30:30 – Предательство и понимание любви
33:46 – Комментарий психотерапевта
34:08 – Обращение через треки и благодарность женщинам
37:39 – Комментарий психотерапевта
37:58 – Вдохновение для музыки
39:04 – Мужская дружба и партнерство с HammAli
42:21 – Комментарий психотерапевта
42:40 – Загадочность в образе и первое интервью
44:10 – Помощь юмора в жизни
45:11 – Желание создать семью
47:32 – Комментарий психотерапевта
47:50 – Психологический прием «Обращение к будущей жене»
49:34 – Трек «Эгоист»
52:36 – Психологическое заключение

Смотри это и другие шоу VK Видео Originals в сообществе VK Видео – https://vk.com/vkvideo",3248,1699520100,3042870,82,3097,1409,https://vk.com/video_ext.php?oid=-220754053&id=456239379&hash=0eb77e16928aae51&__ref=vk.admin_android&api_hash=1740606839cf6838927d45f702c2_GMZDANZRGM2TCOA,1,1,1,False,https://sun1-19.userapi.com/Koo5lurM5tozGbYq0NOy0wpWchM7E7WlLh34AA/0HGdngz2zi0.jpg
456239378,-220754053,Сессия. Наваи. Тизер,"В новом выпуске шоу «Сессия» Наваи даст своё первое большое интервью, из которого вы узнаете, как сказалось на становлении маленького мальчика взросление в передвижном зоопарке без сверстников и почему заложенные в детстве качества привели его к профессиональной карьере, где он реализует свои накопленные эмоциональные переживания через песни.

В диалоге с Дмитрием Дибровым музыкант расскажет про травмирующий опыт предательства в личной жизни, комфортное пребывание в одиночестве, регулярную саморефлексию и раннюю сепарацию с родителями. 

Смотрите эксклюзивно в VK Видео. ",51,1699513200,33978,1,83,13,https://vk.com/video_ext.php?oid=-220754053&id=456239378&hash=cd38105ea0af58fa&__ref=vk.admin_android&api_hash=17406068391b0d94a0b652b8e4f7_GMZDANZRGM2TCOA,1,1,1,False,https://i.mycdn.me/getVideoPreview?id=5343116921572&idx=4&type=39&tkn=Gl67oAjKNVbWg1o_s9wilzYCYo4&fn=vid_s
456239374,-220754053,Орёл и Орёл. Самое понтовое тревел-шоу. Иркутск,"В девятом выпуске тревел-шоу «Орёл и Орёл» Юсуп и Омар приедут понтоваться в Иркутск. Самое глубокое и чистое озеро, одна из самых красивых железных дорог в мире, погружение на дно Байкала, догтрекинг в тайге и другие понты в столице Восточной Сибири.
 
В конце выпуска, по традиции, мы узнаем кто стал понтовее в Иркутске.
 
ТАЙМКОДЫ:
 
00:00 – Правила шоу
01:44 – Понтовая заставка
02:35 – Первый понт
04:03 – Самая фотогеничная железная дорога России
05:35 – Ошибка архитектора - туннель в никуда
08:16 – Самый понтовый транспорт Байкала
09:09 – Второй понт
11:32 – Погружение на дно Байкала
12:25 – Юсуп поймал нерпу
13:26 – Пацанская цитата от Юсупа
14:27 – Третий понт
15:15 – Юсуп ломает кость
16:15 – Омар выходит на бой
16:59 – Чемпион России по горловому пению 
21:40 – Четвёртый понт
22:36 – Гостиница в самом центре тайги
24:00 – Юсуп ловит рыбу голыми руками
25:40 – Объявление победителя

Смотри это и другие шоу VK Видео Originals в сообществе VK Видео – https://vk.com/vkvideo",1606,1699260900,1682932,97,2115,552,https://vk.com/video_ext.php?oid=-220754053&id=456239374&hash=15752edd5adb4d46&__ref=vk.admin_android&api_hash=1740606839e52b0b41666481d16e_GMZDANZRGM2TCOA,1,1,1,False,https://sun1-47.userapi.com/LAuxdZlCgUtd9xoRHQnQW8vFsVkcOJP76_jmkA/nVm1lkAeeLk.jpg
456239372,-220754053,Орёл и Орёл. Самое понтовое тревел-шоу. Иркутск. Тизер,,57,1699254000,41595,6,84,17,https://vk.com/video_ext.php?oid=-220754053&id=456239372&hash=41f48996f6189463&__ref=vk.admin_android&api_hash=1740606839a664ff9bc7cd83353c_GMZDANZRGM2TCOA,1,1,1,False,https://i.mycdn.me/getVideoPreview?id=5597040085676&idx=6&type=39&tkn=otlKJ6efmvZPPp21r11K_Sh3ELE&fn=vid_s
456239370,-220754053,"КСТАТИ #18 - Влад А4, Ида Галич, Амура, Харламов, Мусагалиев, Дорохов","Холодильник Viomi Bottom Freezer Smart Refrigerator https://vk.cc/cs1mOD
Обогреватель со встроенным увлажнителем Viomi Smart Heater Pro 2 https://vk.cc/cs1mXO

Очиститель для воды Viomi Blues Lite 600G https://vk.cc/cs1n09
Каталог https://vk.cc/cs1n1l
Каталог_QR https://vk.cc/cs1n26 Erid: 2VtzqwyUJSK

Оплата по QR-коду или в одно касание смартфоном? Скачивайте приложение СБПэй и оплачивайте покупки быстро и удобно: https://clck.ru/36M6UX Erid: 2VtzqxjQUUN

Восемнадцатый выпуск шоу «Кстати» с Азаматом Харламовым. Дорох тоже был, видимо пока не пососется с кем-то, не выгоним его. Гостями восемнадцатого выпуска стали: все больше разбирающийся во взрослых вещах Влад А4 и единственный призер Премьер-лиги с Роллс Ройсом – Ида Галич.

Таймкоды:

0:00 – Начинаем восемнадцатый выпуск «Кстати» и страшно пугаемся
04:02 – На что мы заменили Гарика и Дороха (а потом и Азамата)
05:01 – Первый гость. Влад А4
06:15 – Как Влад А4 проводит выходные
06:59 – Ведущих КСТАТИ наконец-то кормят гости
08:15 – Смотрим фотографии из школьного альбома
12:10 – Гогунский, я твой отец
13:08 – Зебровые войны. Эпизод II
15:00 – Тестируем Влада А4 на знание «взрослых вещей»
18:34 – Ведущие «Кстати» участвуют челлендже в стиле Влада А4
25:27 – Вторая гостья. Ида Галич
27:19 – Дорох пытается делать комплименты
27:53 – Раскрываем секрет фигуры Иды Галич
29:42 – Обсуждаем шоу Иды «Незвездные Флюиды»
31:16 – Над каким новым проектом работает Ида Галич
32:05 – Натуральный обмен - роллы Иды на сосиску Гарика
33:54 – С кем будут новые выпуски «Есть вопросики»
35:49 – Когда Ида поняла, что пора валить из КВН
37:53 – Мягко спрашиваем Иду о конфликте с Настей Ивлеевой
41:36 – Как Дорох пососался на сцене и закрыл «Игру»
45:24 – Повторяем ВК Клипы с Идой Галич
54:54 – Амура - «Минимум»

Смотри это и другие шоу VK Видео Originals в сообществе VK Видео – https://vk.com/vkvideo",3477,1699088100,12065805,1077,26808,3923,https://vk.com/video_ext.php?oid=-220754053&id=456239370&hash=e979c5af021f336c&__ref=vk.admin_android&api_hash=174060683960a88f1777c8812b7e_GMZDANZRGM2TCOA,1,1,1,False,https://sun1-20.userapi.com/ssVaBIJwgONVdVstebGDYQ_3gFRzl1G3q0IZ7w/j52weumwI_Y.jpg
456239369,-220754053,"КСТАТИ #18 – Влад А4, Ида Галич, Харламов, Мусагалиев, Дорохов. Тизер",,45,1699081200,58727,4,188,13,https://vk.com/video_ext.php?oid=-220754053&id=456239369&hash=3d3630c8668b9e70&__ref=vk.admin_android&api_hash=1740606839ba660979ebb5dae82f_GMZDANZRGM2TCOA,1,1,1,False,https://i.mycdn.me/getVideoPreview?id=5694420159089&idx=1&type=39&tkn=G1e0Wol_RAaqCsa4VmNS2RYLmpg&fn=vid_s
456239368,-220754053,Битва за время | 1 выпуск | ШАСТУН х ДОРОХОВ х СЛУЦКИЙ х ВАШ,"Битва за время – это проект, в котором комики в разных юмористических жанрах пытаются рассмешить жюри за отведённое им время. Самый смешной в конце сезона получит 3 миллиона рублей! Изначально у участников есть только одна минута на выступление, но если жюри нравится происходящее на сцене, они будут добавлять минуты к таймеру. 

Ведущий: 
Саша Ваш https://vk.com/sasavash 

Жюри: 
Антон Шастун https://vk.com/shastoon.channel 
Денис Дорохов https://vk.com/public221160665 
Леонид Слуцкий 

Таймкоды:

00:00 – Начало
02:13 – Объяснение правил
03:40 – Влада Макаренкова 
12:32 – Дуэт «Знакомые» 
17:59 – Дуэт «Ёж»
22:00 – Ира Мартьянова
29:27 – Дуэт «То есть трио»
36:52 – Дуэт «Гуляев и Емельянов»
42:45 – Дуэт «Дайте посмеяться»

Смотри это и другие шоу VK Видео Originals в сообществе VK Видео – https://vk.com/vkvideo",2871,1699001700,3896547,383,18184,3468,https://vk.com/video_ext.php?oid=-220754053&id=456239368&hash=f37eda9d5830ddbf&__ref=vk.admin_android&api_hash=1740606839d6c64a36beb0ef4732_GMZDANZRGM2TCOA,1,1,1,False,https://sun1-91.userapi.com/Uh20hf10rsbsF5_QtYzwnE4aL2bvVfortaXKrA/KeOpV18qt38.jpg
456239366,-220754053,Битва за время | 1 выпуск | ШАСТУН х ДОРОХОВ х СЛУЦКИЙ х ВАШ | Тизер,,51,1698994800,25246,5,79,6,https://vk.com/video_ext.php?oid=-220754053&id=456239366&hash=f976a876ea202594&__ref=vk.admin_android&api_hash=174060683946d656fe4b8828bf87_GMZDANZRGM2TCOA,1,1,1,False,https://i.mycdn.me/getVideoPreview?id=5675850074860&idx=13&type=39&tkn=GpQBzZnUKZty0SoBIP5bib09HfA&fn=vid_s
456239363,-220754053,Mary Gu. Папа,,215,1698929700,324005,26,873,153,https://vk.com/video_ext.php?oid=-220754053&id=456239363&hash=f99922c300f6996a&__ref=vk.admin_android&api_hash=17406068394d1f827cbf150c91af_GMZDANZRGM2TCOA,1,1,1,False,https://sun1-84.userapi.com/TnCM5xUvXeXb1A9ZCwRG3Gxstwa1vVbjrhaxtw/THCFcaGQwtE.jpg
456239360,-220754053,Битва за время | Тизер сезона,"Битва за время – проект, в котором комики в разных юмористических жанрах пытаются рассмешить жюри за отведённое им время. Самый смешной в конце сезона получит 3 миллиона рублей! 

Изначально у участников есть только одна минута на выступление, но если жюри нравится происходящее на сцене, они будут добавлять минуты к таймеру.

Смотри эксклюзивно в VK Видео. ",59,1698922500,558940,8,1042,86,https://vk.com/video_ext.php?oid=-220754053&id=456239360&hash=f47d67e67ca4c375&__ref=vk.admin_android&api_hash=174060683938a5658de645a64210_GMZDANZRGM2TCOA,1,1,1,False,https://sun1-90.userapi.com/VCuaoeRFuxqDpVVwZ_GR2jMz1w8voUmRTF1FpQ/CBxUa-OBwXU.jpg
456239358,-220754053,Сессия. Мэри Гу,"В этом выпуске шоу «Сессия» вы узнаете, из-за каких травмирующих событий у Мэри Гу происходит фиксация на мрачных сторонах жизни и почему она впадает в сильную зависимость от партнера в отношениях несмотря на их абъюзивный и деструктивный характер. 

В диалоге с Дмитрием Дибровым девушка обсудит преодоление острых негативных чувств и страданий, борьбу с одиночеством и детскими травмами через творчество, затронув темы отсутствия матери и отца в своем становлении. В финале программы Мэри исполнит символичный трек «Папа».

Смотрите эксклюзивно в VK Видео. 

ТАЙМКОДЫ:

00:00 – Начало выпуска
00:30 – Психологическое досье
01:36 – Гипотезы диагнозов
01:47 – Начало сессии
02:30 – Удушение пуповиной при рождении
03:19 – Отсутствие родителей в воспитании и обида на них
07:11 – Комментарий психотерапевта
07:31 – Белая ворона в обществе
08:17 – Побеги из дома и от одиночества
09:53 – Замещение фигуры отца и самобичевание
12:55 – Комментарий психотерапевта
13:16 – Абъюзивные отношения и драма в жизни
16:30 – Знакомство мужа с мамой в тюрьме
19:53 – Психологический прием «Обращение к матери»
21:54 – Комментарий психотерапевта
22:13 – Отрицание своей женственности
24:09 – Безразличие отца и его дальнейшее отсутствие
27:23 – Психологический прием «Обращение к отцу»
30:07 – Комментарий психотерапевта
30:27 – Образ бабушки в жизни
33:58 – Отношение к успеху и внутренний конфликт
35:04 – Комментарий психотерапевта
35:25 – Боязнь быть уязвимой
36:55 – Садистические наклонности
38:39 – Любовные отношения
41:22 – Комментарий психотерапевта
41:39 – Ипохондрия
44:35 – Комментарий психотерапевта
44:57 – Преодоление себя
48:37 – Комментарий психотерапевта
48:58 – Психологический прием «Обращение к себе маленькой»
51:30 – Трек «Папа»
54:49 – Психологическое заключение

Смотри это и другие шоу VK Видео Originals в сообществе VK Видео – https://vk.com/vkvideo",3376,1698915300,2973712,196,6049,4634,https://vk.com/video_ext.php?oid=-220754053&id=456239358&hash=7d8b3dafbf61b3dd&__ref=vk.admin_android&api_hash=1740606839754a803b3f58b0d417_GMZDANZRGM2TCOA,1,1,1,False,https://sun1-13.userapi.com/FKk3QTo5lMYtmiWWDMhyT3StXiYXLviFyueY3Q/gVfQ4S2O6eg.jpg
456239357,-220754053,Сессия. Мэри Гу. Тизер,,60,1698908400,45697,3,80,27,https://vk.com/video_ext.php?oid=-220754053&id=456239357&hash=5825a59d7edd31c0&__ref=vk.admin_android&api_hash=1740606839ee7976be95c07c25cc_GMZDANZRGM2TCOA,1,1,1,False,https://i.mycdn.me/getVideoPreview?id=5711831304944&idx=9&type=39&tkn=CdLEHQB_h-JO1MREeTxyPBVRyzc&fn=vid_s
456239353,-220754053,Орёл и Орёл. Самое понтовое тревел-шоу. Нижний Новгород,"Покупайте выгодно на Мегамаркете – в преддверии масштабной акции Зеленый день с 9 по 12 ноября приобретайте товары по скидкам и с повышенным кешбэком – https://clck.ru/369VWu 

Также используйте промокод ОСЕНЬТЕХНИКА и получите дополнительную скидку 3 000 руб при первом заказе от 10 000 руб! 
Правила использования промокода: https://clck.ru/369VVi 
Реклама. Erid: 2VtzqvcE5S4

В восьмом выпуске тревел-шоу «Орёл и Орёл» Юсуп и Омар приедут понтоваться в Нижний Новгород. Самый маленький стейк-хаус в мире, полёт на вертолёте, собственное граффити и другие понты в одном из старейших городов России.
 
В конце выпуска, по традиции, мы узнаем кто стал понтовее в Нижнем Новгороде.
 
ТАЙМКОДЫ:
 
00:00 – Правила шоу
01:46 – Самая понтовая лестница России
03:50 – Понтовая заставка
04:46 – Первый понт
06:56 – Омар и Юсуп полетели на понтовом вертолёте 
09:32 – Омар покупает острова
10:48 – Второй понт
13:29 – Самый понтовый стейк в Нижнем
15:36 – Ретропонт от Омара 
17:23 – Третий понт
19:26 – Юсуп рисует граффити
19:51 – Омар обижается на Юсупа
21:03 – Четвёртый понт
23:56 – Фристайл от Омара
25:25 – Омар потерялся
26:53 – Объявление победителя

Смотри это и другие шоу VK Видео Originals в сообществе VK Видео – https://vk.com/vkvideo",1692,1698656100,2275858,68,1538,387,https://vk.com/video_ext.php?oid=-220754053&id=456239353&hash=866cf9cf05b96fe6&__ref=vk.admin_android&api_hash=1740606839f0979c912353f82b9c_GMZDANZRGM2TCOA,1,1,1,False,https://sun1-97.userapi.com/n_sF1qTUHNhG02FN1VYUt8qxo6RmnVDQn0vQZw/WcPtg-qM0kU.jpg
456239354,-220754053,Орёл и Орёл. Самое понтовое тревел-шоу. Нижний Новгород. Тизер,,52,1698649200,48935,6,120,25,https://vk.com/video_ext.php?oid=-220754053&id=456239354&hash=ca16705ac34e719c&__ref=vk.admin_android&api_hash=17406068398ee2a2c452070f03f0_GMZDANZRGM2TCOA,1,1,1,False,https://i.mycdn.me/getVideoPreview?id=5736212269585&idx=11&type=39&tkn=n9Puq7jXJERilmvN9rQF0Ymkj-o&fn=vid_s
456239350,-220754053,"КСТАТИ #17 – Артемий Лебедев, Юра Музыченко, группа «The Hatters», Харламов, Мусагалиев, Дорохов","Покупайте выгодно на Мегамаркете – в преддверии масштабной акции Зеленый день с 9 по 12 ноября приобретайте товары по скидкам и с повышенным кешбэком – https://clck.ru/36FN2t

Также используйте промокод КСТАТИОСЕНЬ и получите дополнительную скидку 1 000 руб при первом заказе от 3 000 руб!
Правила использования промокода: https://clck.ru/36FN4P
Erid: 2VtzqxJJza2

И квартиру, и мебель, и переезд, и кладовую – все можно с Можнотекой от «Самолет». Подробнее по ссылке: https://smlt.ru/nas1_xb. Erid: 2Vtzqw84qhY

Семнадцатый выпуск шоу «Кстати» с Азаматом Харламовым. Дорох тоже был и наверное даже в следующий раз будет – он в этом выпуске почти и не вытворял ничего такого. Гостями семнадцатого выпуска стали: человек, которого бесит все, кроме Москвы и русского мата – Артемий Лебедев и самый трезвый рок-н-рольщик страны – Юра Музыченко.

Таймкоды:

0:00 – Начинаем семнадцатый выпуск «Кстати» и поддерживаем Анну Касаткину
04:11 – Первый гость. Артемий Лебедев
05:10 – Как Павел Дуров «делал» мозг Артемию и его студии
06:15 – Что входит в обязанности директора по дизайну VK
09:20 – Отзыв Артемия на Швейцарию
10:44 – Вопрос от Дороха - как быть хорошим, но неадекватным отцом
11:50 – Инициатива Артемия - Год русского мата
15:45 – Краткий список вещей, которые бесят Артемия
17:38 – Проверяем Артемия - битва «Дизайнер vs. Нейросеть»
21:49 – Советуем зрителям «Кстати» больше не смотреть прогноз погоды
22:54 – Второй гость. Юрий Музыченко
23:51 – Предлагаем Юре набить на себя символ программы «Кстати»
27:04 – В зале нашелся тату-мастер, чтобы набить Юре капустофель
28:19 – Обсуждаем новый альбом The Hatters - «По ходу люблю»
30:53 – История, которая стоит за клипом «Танцы»
33:44 – Искренне радуемся, что Юра еще жив
34:57 – Пытаемся понять что значит «KDDK x Ya Rick»
36:20 – Предлагаем The Hatters совместку с «Купанием обезьяны в теплой воде»
38:08 – Как Юра завязал с алкоголем
42:27 – Юра подводит итоги интервью
43:26 – Какими татуировками Юра гордится, а какие хочет свести
44:28 – Тянет ли Юру к рэпу и как Азамат потворствует успеху этого жанра
46:06 – Как отличить красивого мужчину от некрасивого
48:43 – The Hatters - «Просто проваливай»

Смотри это и другие шоу VK Видео Originals в сообществе VK Видео – https://vk.com/vkvideo",3192,1698483300,11904336,1639,38559,7391,https://vk.com/video_ext.php?oid=-220754053&id=456239350&hash=60a35c21a776dc25&__ref=vk.admin_android&api_hash=1740606839fc4249abac8b7053d5_GMZDANZRGM2TCOA,1,1,1,False,https://sun1-55.userapi.com/EBU2TAkxV0lSB7FZehRxzY-0YftlF_F1OoYh6g/0EXbhicy1Gk.jpg
456239351,-220754053,"КСТАТИ #17 – Артемий Лебедев, Юра Музыченко, группа «The Hatters», Харламов, Мусагалиев, Дорохов. Тизер",,58,1698476400,94790,23,316,19,https://vk.com/video_ext.php?oid=-220754053&id=456239351&hash=0aefdda8ffede77d&__ref=vk.admin_android&api_hash=17406068391c0a545d6e3f24f2e0_GMZDANZRGM2TCOA,1,1,1,False,https://i.mycdn.me/getVideoPreview?id=5685921647246&idx=2&type=39&tkn=rmeSkqQu4lx0JRs9HT7YkzRbPas&fn=vid_s
456239347,-220754053,Сессия. Рамиль,"С 9 по 12 ноября пройдёт масштабная акция Зелёный день со множеством скидок и спецпредложений: https://clck.ru/36E6as 

Уже сейчас на Мегамаркете действует повышенный кешбэк до 60% бонусами СберСпасибо на бытовую технику и электронику: https://clck.ru/36E6bA 

Erid: 2Vtzqur3rHt

В пятом выпуске шоу «Сессия» вы узнаете, как сказалось на Рамиле взросление без отца и воспитание улицами, откуда берут начало его сложные взаимоотношения с противоположным полом и почему тексты его песен имеют сниженный фон настроения, тревожно-мнительный окрас и погружают на глубокий чувственный уровень переживаний. 

В диалоге с Дмитрием Дибровым музыкант вспоминает последние дни с самым близким человеком в своей жизни и впервые рассказывает подробности тяжелой травмы позвоночника, из-за которой был вынужден провести полтора года в лежачем состоянии. В заключение программы Рамиль исполнит свой трек «Морфий» в лайв формате. 

Смотрите эксклюзивно в VK Видео.

ТАЙМКОДЫ:

00:00 – Начало выпуска
00:30 – Психологическое досье
01:31 – Гипотезы диагнозов
01:43 – Интеграция
03:07 – Начало сессии
04:10 – Воровство и другие проступки в детстве
05:28 – Комментарий психотерапевта
05:48 – Взросление без отца и мужская рука в воспитании
10:17 – Комментарий психотерапевта
10:38 – Романтика улиц
12:56 – Ответственность за поколение и изменение в творчестве
13:57 – Комментарий психотерапевта
14:14 – Отношения с мамой и бабушкой
15:37 – Воспоминания о бабушке и забота перед её смертью
20:06 – Психологический прием «Обращение к бабушке»
23:20 – Комментарий психотерапевта
23:43 – Уход из дома
26:15 – Комментарий психотерапевта
26:37 – Синдром уходов и бродяжничества
29:14 – Комментарий психотерапевта
29:34 – Музыка в жизни Рамиля
31:20 – Мизогиния
32:46 – Комментарий психотерапевта
33:04 – Трагедия в любви
36:40 – Комментарий психотерапевта
36:58 – Обида на женщин
39:30 – Комментарий психотерапевта
39:49 – Фигура дедушки в жизни
42:32 – Комментарий психотерапевта
42:52 – Перелом позвоночника
47:04 – Комментарий психотерапевта
47:27 – Мотивация писать музыку
48:56 – Психологический прием «Обращение к себе маленькому»
50:04 – Трек «Морфий»
52:50 – Психологическое заключение

Смотри это и другие шоу VK Видео Originals в сообществе VK Видео – https://vk.com/vkvideo",3249,1698310500,2797503,86,5392,2108,https://vk.com/video_ext.php?oid=-220754053&id=456239347&hash=37dd6e44b9092b1f&__ref=vk.admin_android&api_hash=1740606839227633bd93ef40cbb4_GMZDANZRGM2TCOA,1,1,1,False,https://sun1-15.userapi.com/oUyh8d55TOhd79dFAP_zjE00-4Rp58NHJa9y-A/BAeHbt3Lm6o.jpg
456239348,-220754053,Ramil'. Морфий,,180,1698321300,261772,28,375,68,https://vk.com/video_ext.php?oid=-220754053&id=456239348&hash=e9ea1cd30e2f46d6&__ref=vk.admin_android&api_hash=1740606839ba45379bf0a0edb234_GMZDANZRGM2TCOA,1,1,1,False,https://sun1-55.userapi.com/L4ZNc__opFXC6TRBb3pkShRrpscuxgBswnBG2A/fAFe5Hlg2_E.jpg
456239344,-220754053,Сессия. Рамиль. Тизер,,52,1698303600,45920,5,111,29,https://vk.com/video_ext.php?oid=-220754053&id=456239344&hash=9e48500af5c7de8c&__ref=vk.admin_android&api_hash=174060683947c064c25f60692234_GMZDANZRGM2TCOA,1,1,1,False,https://i.mycdn.me/getVideoPreview?id=5636864674540&idx=0&type=39&tkn=7KA6-MrtQxB0wo3QdEzNqYmR49g&fn=vid_s
456239342,-220754053,Орёл и Орёл. Самое понтовое тревел-шоу. Пятигорск,"Насладитесь утонченным вкусом MacCoffee Cappuccino di Torino! 
Купить : https://vk.cc/cs1Bbu

#maccoffee #maccoffeecappuccinoditorino #cappuccinoditorino 

Реклама. Erid: 2VtzqvLMN1s

Покупайте выгодно на Мегамаркете – в преддверии масштабной акции Зеленый день с 9 по 12 ноября приобретайте товары по скидкам и с повышенным кешбэком – https://clck.ru/369VUg

Также используйте промокод ОСЕНЬТЕХНИКА и получите дополнительную скидку 3 000 руб при первом заказе от 10 000 руб! Правила использования промокода:  https://clck.ru/369VVi
Реклама. Erid: 2VtzqxCqx6g

В седьмом выпуске тревел-шоу «Орёл и Орёл» Юсуп и Омар приедут понтоваться в Пятигорск. Самая лечебная грязь в Европе, столетняя кофейня, уникальная гора Машук, посвящение в казаки и другие понты в уютном и лечебном городе-курорте. В конце выпуска, по традиции, мы узнаем кто стал понтовее в Пятигорске.
 
ТАЙМКОДЫ:
 
00:00 – Правила шоу
00:55 – Понтовая заставка
01:50 – Первый понт
02:00 – Баттл Омара и Юсупа
03:05 – Самая высокая телевышка в Европе
04:49 – Реклама кофе
07:50 – Второй понт
08:14 – Юсуп в самой понтовой грязи
10:57 – Третий понт
12:15 – Омар испугался шашки
13:06 – Юсуп рубит бутылку
15:31 – Юсуп пошёл вразнос 
16:35 – Четвёртый понт
18:57 – Самые понтовые булочки Пятигорска
21:36 – Бонусный понт
21:59 – Самые понтовые тачки Пятигорска
23:10 – Бешеные гонки по Пятигорску
25:30 – Объявление победителя

Смотри это и другие шоу VK Видео Originals в сообществе VK Видео – https://vk.com/vkvideo",1612,1698051300,2218657,46,1549,530,https://vk.com/video_ext.php?oid=-220754053&id=456239342&hash=d4a753bede1f88e2&__ref=vk.admin_android&api_hash=174060683957950c29c35306e5f6_GMZDANZRGM2TCOA,1,1,1,False,https://sun1-57.userapi.com/Do3RwHxf8In07WzuSOKq-scPihDNFpcmkfn7LQ/4lRgsalB2dw.jpg
456239338,-220754053,Орёл и Орёл. Самое понтовое тревел-шоу. Пятигорск. Тизер,,55,1698044400,52146,0,140,18,https://vk.com/video_ext.php?oid=-220754053&id=456239338&hash=a999f1a680929780&__ref=vk.admin_android&api_hash=1740606839486ed1f9f100a1b083_GMZDANZRGM2TCOA,1,1,1,False,https://i.mycdn.me/getVideoPreview?id=5311517166143&idx=10&type=39&tkn=oZyvAizWBnDTBrQLT_py7lsoUV4&fn=vid_s
456239337,-220754053,"КСТАТИ #16 – Леонид Ярмольник, Зоя Яровицына, Харламов, Мусагалиев, Дорохов","И квартиру, и мебель, и переезд, и кладовую – все можно с Можнотекой от «Самолет». Подробнее по ссылке: https://smlt.ru/nas1_xb. Erid: 2VtzqwxoQXm

Топ-книг от Зои Яровицыной можно послушать тут – Homo Deus: краткая история будущего https://trk.mail.ru/c/sg0gx2?audiobook=2192
Энн Пэтчет «Голландский дом» https://trk.mail.ru/c/sg0gx2?audiobook=1293

Шестнадцатый выпуск шоу «Кстати» с Азаматом Харламовым. Дороху недолго осталось, у него мотоцикл разгоняется до 100 за 4 секунды. Гостями шестнадцатого выпуска стали: обладатель множества регалий, но главное – народный цыпленок табака и орел, Леонид Яромольник и все еще верящая, что эти двоечники что-то будут читать, Зоя Яровицына.

Таймкоды:

0:00 – Начинаем шестнадцатый выпуск «Кстати» и ищем надежных крестных Дороху
03:28 – Выясняем, что происходит в мире футбола и видеоигр
06:03 – Поздравляем «Смешариков» с юбилеем
07:21 – Первый гость. Леонид Ярмольник
09:52 – Знакомим Дороха с регалиями Леонида Исааковича
12:11 – Как идет подготовка к юбилею Леонида
13:40 – Обсуждаем грядущий «Летучий корабль»
18:23 – Подарок Дороха Леониду на юбилей
19:16 – Каково это - сниматься у сына друга
22:08 – Ярмольник – самый благодарный зритель КВН
24:17 – Что смотрит Леонид, чтобы посмеяться
25:53 – Персональное выступление – Камызяков» для Леонида Ярмольника
31:24 – Вторая гостья. Зоя Яровицына и рубрика «Кстати о книгах»
33:25 – Книга для Азамата. Юваль Ной Харари – «Homo Deus»
36:22 – Книга для Харламова. Трумен Капоте – «Хладнокровное убийство»
39:11 – Книга для Дороха. Энн Пэтчетт – «Голландский дом»
40:50 – Как двоечники с последней парты сорвали урок
46:17 – Насколько Россия читающая страна
47:20 – lumos – nox
48:51 – Купание обезьяны в теплой воде – «Ода Жопе»

Смотри это и другие шоу VK Видео Originals в сообществе VK Видео – https://vk.com/vkvideo",3267,1697878500,14427577,1472,24791,3734,https://vk.com/video_ext.php?oid=-220754053&id=456239337&hash=c428c7c87016aa0b&__ref=vk.admin_android&api_hash=174060683944d766f5b10c13164a_GMZDANZRGM2TCOA,1,1,1,False,https://sun1-86.userapi.com/0h5jDStEcHmcCoVd1fcUPOElYEoHmSDk65-BKQ/2GLWiXd7sJI.jpg
456239335,-220754053,"КСТАТИ #16 – Леонид Ярмольник, Зоя Яровицына, Харламов, Мусагалиев, Дорохов. Тизер",,48,1697871600,78285,9,217,19,https://vk.com/video_ext.php?oid=-220754053&id=456239335&hash=0f4ba4e81bc0d231&__ref=vk.admin_android&api_hash=1740606839f98605891a754becd4_GMZDANZRGM2TCOA,1,1,1,False,https://i.mycdn.me/getVideoPreview?id=5456635038456&idx=2&type=39&tkn=BCGq8LVETQ88gzUvkjpQAcN7gUk&fn=vid_s
456239332,-220754053,Паша Техник. Тварь,,189,1697720100,1091277,415,1344,2506,https://vk.com/video_ext.php?oid=-220754053&id=456239332&hash=2e60e4459cac9987&__ref=vk.admin_android&api_hash=1740606839f98ea409f56809356e_GMZDANZRGM2TCOA,1,1,1,False,https://sun1-28.userapi.com/bgBdYLRKfShldPjucwuG3F4GEjwMZEsug9dx4w/-10MonPRCRE.jpg
456239329,-220754053,Сессия. Паша Техник,"В новом выпуске шоу «Сессия» вы откроете для себя Пашу Техника с иной стороны и узнаете, какие детские травмы способствовали дальнейшему девиантному поведению со стороны музыканта, как попытки скрыть низкую самооценку сформировали демонстративный способ позиционирование и эпатажный характер.

В разговоре с Дмитрием Дибровым герой искренне поделится своими мыслями после продолжительного времени в реабилитационном центре, рассказав про срывы и темные отрезки своей жизни. В конце программы Паша Техник исполнит трек «Тварь». 

Смотрите эксклюзивно в VK Видео. 

ТАЙМКОДЫ:

00:00 – Начало выпуска
00:29 – Психологическое досье
01:34 – Гипотезы диагнозов
01:51 – Начало сессии
02:21 – Детство Паши
03:37 – Комментарий психотерапевта
03:55 – Школьные воспоминания
05:18 – Родительское воспитание 
07:25 – Комментарий психотерапевта
07:46 – Отношение с родителями и чувство стыда
09:44 – Комментарий психотерапевта
10:04 – Домашний ребенок
11:00 – Смерть преследует всю жизнь
12:09 – Комментарий психотерапевта
12:28 – Суицидальные мысли и депрессия
14:21 – Комментарий психотерапевта
14:40 – Круговорот негативных событий
17:08 – Уход от реальности
19:08 – Комментарий психотерапевта
19:26 – Тюремные заключения
23:32 – Комментарий психотерапевта
23:55 – Защитные реакции и маски
26:12 – Комментарий психотерапевта
26:34 – Искренность и провокация
29:22 – Ребрендинг Паши Техника
30:06 – Комментарий психотерапевта
30:29 – Развод и проживание с женой
32:05 – Стал хуже после рождения ребенка
33:35 – Комментарий психотерапевта
33:56 – Употребление и рехабы
36:35 – Отцовство
37:31 – Комментарий психотерапевта
37:50 – Психологический прием «Обращение к сыну»
39:59 – Трек «Тварь»
42:51 – Психологическое заключение 

Смотри это и другие шоу VK Видео Originals в сообществе VK Видео – https://vk.com/vkvideo",2653,1697705700,3480149,292,6715,7517,https://vk.com/video_ext.php?oid=-220754053&id=456239329&hash=e50026a200dcfd78&__ref=vk.admin_android&api_hash=1740606839e7ac75edefb864f104_GMZDANZRGM2TCOA,1,1,1,False,https://sun1-14.userapi.com/lgMfW4QwIHTvyCqMAvwnxa_wpmrjvTcY9CQAQA/1-UB-aAxZLA.jpg
456239331,-220754053,Сессия. Паша Техник. Тизер,,49,1697698800,71373,3,187,77,https://vk.com/video_ext.php?oid=-220754053&id=456239331&hash=9c1eed282ba27fca&__ref=vk.admin_android&api_hash=1740606839458e095fdc306c9476_GMZDANZRGM2TCOA,1,1,1,False,https://i.mycdn.me/getVideoPreview?id=5367879109286&idx=5&type=39&tkn=F9jWv90PBWYLwxNb7Af3vd1Qm4I&fn=vid_s
456239325,-220754053,Орёл и Орёл. Самое понтовое тревел-шоу. Казань,"В шестом выпуске тревел-шоу «Орёл и Орёл» Юсуп и Омар приедут понтоваться в Казань. Самый большой ипподром в Европе, уникальный татарский фастфуд, самый необычный отель внутри стадиона и другие понты столицы Татарстана. В конце выпуска, по традиции, мы узнаем кто стал понтовее в Казани. 

ТАЙМКОДЫ:

00:00 – Правила шоу 
00:37 – Юсуп хочет вести шоу один 
01:24 – Понтовая заставка 
02:05 – Первый понт 
03:44 – Самые понтовые места ипподрома 
04:50 – Омар разговаривает с лошадьми 
05:50 – Лошадь выбрала Омара
07:27 – Второй понт 
10:33 – Омар и Юсуп сами готовят кыстыбый 
12:49 – Третий понт 
13:28 – Омар и Юсуп плывут искать золото 
14:33 – Человек за бортом 
16:44 – Четвёртый понт
17:24 – Самый понтовый отель в Казани 
19:14 – Юсуп занимает место Роналду 
19:54 – Пресс-конференция Омара 
21:20 – Финты от Омара 
23:16 – Объявление победителя

Смотри это и другие шоу VK Видео Originals в сообществе VK Видео – https://vk.com/vkvideo",1455,1697446500,1766839,98,2721,562,https://vk.com/video_ext.php?oid=-220754053&id=456239325&hash=469e025acb5fe180&__ref=vk.admin_android&api_hash=17406068427c5022312a33631e5f_GMZDANZRGM2TCOA,1,1,1,False,https://sun1-96.userapi.com/fRmVXjxKsCIwyhYf6OE3IVZ7nFkHJhBSKSyo2w/AM1Lulo7awo.jpg
456239326,-220754053,Орёл и Орёл. Самое понтовое тревел-шоу. Казань. Тизер,,57,1697439600,82131,1,232,40,https://vk.com/video_ext.php?oid=-220754053&id=456239326&hash=1e977b4671692de0&__ref=vk.admin_android&api_hash=174060684200360d061e0fc488c1_GMZDANZRGM2TCOA,1,1,1,False,https://i.mycdn.me/getVideoPreview?id=5303847815847&idx=12&type=39&tkn=qYPQl-170t60u7gu1o0jTysLkpo&fn=vid_s
456239322,-220754053,"КСТАТИ #15 – Джиган, Zivert, Олеся Иванченко и Дмитрий Журавлев, Харламов, Мусагалиев, Дорохов","И квартиру, и мебель, и переезд, и кладовую – все можно с Можнотекой от «Самолет». Подробнее по ссылке: https://smlt.ru/i7wz6a_. Erid: 2VtzqwxoQXm

Пятнадцатый выпуск шоу «Кстати» с Азаматом Харламовым. Дорох был в последний раз – его забирают в «Натальную карту». Гостями пятнадцатого выпуска стали: главные предсказатели страны Олеся Иванченко и Дмитрий Журавлев из «Натальной карты», сдерживающий обещания Джиган и Юля Zivert в образе женщины-аяуаски.

Таймкоды:

0:00 – Начинаем пятнадцатый выпуск «Кстати»
03:30 – Первые гости. Олеся Иванченко и Дмитрий Журавлев из «Натальной Карты»
04:29 – Как давно Олеся занимается астрологией
06:50 – Выясняем, является ли астрология наукой (нет)
08:08 – Дороха забирают из «Кстати»
08:27 – Что вообще такое «натальная карта»
09:39 – Пробуем «понаталить» в шоу «Кстати»
12:10 – Натальная карта Азамата, с ним все ясно
16:24 – Натальная карта Гарика, он «мяу и львенок»
24:20 – Колода Марии Ленорман отвечает на вопрос ведущих «Кстати»
25:51 – Второй гость. Джиган
27:34 – Рубрика «Поясни за прикол с Джиганом»
38:51 – Выясняем, кто как пьет воду
40:40 – Третья гостья. Zivert
42:20 – Обсуждаем новый альбом Юли – «В мире веселых»
43:36 – Как Юля Зиверт работала бортпроводницей
44:47 – Техника ловли мух от мамы Азамата
47:41 – Создаем домашнюю атмосферу на шоу «Кстати»
48:27 – Как люди видят тексты песен Zivert
50:12 – Интернациональное караоке на шоу «Кстати»
52:46 – Zivert – «Бери и беги»

Смотри это и другие шоу VK Видео Originals в сообществе VK Видео – https://vk.com/vkvideo",3426,1697273700,15666418,1967,51290,20103,https://vk.com/video_ext.php?oid=-220754053&id=456239322&hash=47e6124fd6458d0a&__ref=vk.admin_android&api_hash=17406068422586aa16fae6fb14a1_GMZDANZRGM2TCOA,1,1,1,False,https://sun1-21.userapi.com/xRBe-LOLxtYe9IA0xpqKwgeNnQ_kMHKTgbWqyA/U_cPSwTcQtU.jpg
456239323,-220754053,"КСТАТИ #15 – Джиган, Zivert, Олеся Иванченко и Дмитрий Журавлев, Харламов, Мусагалиев, Дорохов. Тизер",,52,1697266800,161972,13,307,85,https://vk.com/video_ext.php?oid=-220754053&id=456239323&hash=050a63be1f6ff61d&__ref=vk.admin_android&api_hash=1740606842d6e126670fc2255c46_GMZDANZRGM2TCOA,1,1,1,False,https://i.mycdn.me/getVideoPreview?id=5368661084698&idx=3&type=39&tkn=Z575QF8Wy5rTmqVSFyacAm858WU&fn=vid_s
456239318,-220754053,Сессия. Юля Гаврилина,"Найдите своего репетитора в онлайн-школе Фоксфорд. По промокоду NASTAVNIK вы получите скидку 50% — четыре занятия с репетитором по цене двух. А после регистрации на платформе подарим вам бесплатные курсы.
Переходите по ссылке: https://foxford.ru/s/v1BE 
Реклама. ООО «Фоксфорд». erid: 2VtzqxW7sG7

В третьем выпуске шоу «Сессия» вы узнаете, способна ли Юля Гаврилина справиться с комплексами по поводу своего голоса, который может являться следствием синдрома Брике, а также строгого родительского воспитания. 

Вместе с Дмитрием Дибровым Юля пройдется по самым тяжелым моментам своей жизни, погрузившись в воспоминания о детстве, о недавних отношениях, которые сыграли серьезную роль в её жизни, а также о травмах, которые за ними последовали. В конце программы Юля исполнит трек «Забей и просто танцуй».

Эксклюзивно в VK Видео. 

ТАЙМКОДЫ:

00:00 – Начало выпуска
00:30 – Психологическое досье
01:33 – Гипотезы диагнозов
01:45 – Интеграция
02:57 – Начало выпуска
03:21 – Комплексы с голосом
05:38 – Плохие компании
09:13 – Комментарий психотерапевта
09:35 – Зависимость от установок родителей
10:58 – Обида на отца
13:07 – Комментарий психотерапевта
13:26 – Синдром Брике и строгое воспитание
15:54 – Комментарий психотерапевта
16:18 – Самоубийство биологического отца
18:51 – Психологический прием “Обращение к отцу”
21:18 – Комментарий психотерапевта
21:39 – Мама – сильная женщина
24:19 – Первый бунт – побег из дома
26:00 – Комментарий психотерапевта
26:18 – Отношения с Даней Милохиным
30:52 – Комментарий психотерапевта
31:11 – Страх одиночества
34:18 – Комментарий психотерапевта
34:39 – Переезд из дома в Хайп Хаус
36:13 – Стокгольмский синдром
37:21 – Комментарий психотерапевта
37:45 – Сложность принятия решений
40:38 – Комментарий психотерапевта
40:58 – Психологический прием “Обращение к себе”
45:54 – Трек “Забей и просто танцуй”
48:16 – Психологическое заключение

Смотри это и другие шоу VK Видео Originals в сообществе VK Видео – https://vk.com/vkvideo",2985,1697100900,3081969,295,8002,5593,https://vk.com/video_ext.php?oid=-220754053&id=456239318&hash=698b3819560586a0&__ref=vk.admin_android&api_hash=17406068426df026f70124c01ef2_GMZDANZRGM2TCOA,1,1,1,False,https://sun1-16.userapi.com/YY4gMKKPrb67-iGEyq356FAFbX0rSWNdl5URwQ/vWz6eFEaF4o.jpg
456239321,-220754053,GAVRILINA. ЗАБЕЙ И ПРОСТО ТАНЦУЙ,,156,1697115300,295581,21,456,35,https://vk.com/video_ext.php?oid=-220754053&id=456239321&hash=02574353af6cb0fd&__ref=vk.admin_android&api_hash=174060684247c862ee19a3b530a0_GMZDANZRGM2TCOA,1,1,1,False,https://sun1-95.userapi.com/xdxWAacW5Wg1wVpJmuYbTH-ZjraP2sRK-eOxzA/tLFbLmePuTU.jpg
456239319,-220754053,Сессия. Юля Гаврилина. Тизер,,49,1697094000,65325,4,167,20,https://vk.com/video_ext.php?oid=-220754053&id=456239319&hash=8568ab5cbe91e6c9&__ref=vk.admin_android&api_hash=17406068425f6da3143dc742877e_GMZDANZRGM2TCOA,1,1,1,False,https://i.mycdn.me/getVideoPreview?id=5551429782131&idx=6&type=39&tkn=rxiUOAXsx2se0Qdbt7Orzk0bR84&fn=vid_s
456239314,-220754053,Орёл и Орёл. Самое понтовое тревел-шоу. Астрахань,"В пятом выпуске тревел-шоу «Орёл и Орёл» Юсуп и Омар приедут понтоваться в Астрахань. Самая дорогая икра мира, экстремальные гонки среди песчаных барханов, посещение столицы Золотой Орды и другие понты в одном из самых многонациональных городов России. В конце выпуска, по традиции, мы узнаем кто стал понтовее в Астрахани.

ТАЙМКОДЫ:

00:00 – Правила шоу
01:28 – Понтовая заставка
02:15 – Первый понт
02:54 – Стартап от Юсупа
05:55 – Самые взрослые рыбы Астрахани
06:09 – Очередной стартап от Юсупа
07:47 – Второй понт
08:31 – Новый стартап от Юсупа
09:58 – Кино от Омара и Юсупа
12:40 – Третий понт
14:51 – Бешеные гонки начинаются
16:05 – У Омара застревает машина
18:43 – Третий понт
19:42 – Самые необычные пельмени в мире
21:21 – Слепая дегустация пельменей
22:55 – Объявление победителя

Смотри это и другие шоу VK Видео Originals в сообществе VK Видео — https://vk.com/vkvideo",1455,1696841700,1826757,91,3458,737,https://vk.com/video_ext.php?oid=-220754053&id=456239314&hash=4cda1191cc9e1a31&__ref=vk.admin_android&api_hash=174060684233721a223f9a5d7ff3_GMZDANZRGM2TCOA,1,1,1,False,https://sun1-29.userapi.com/Kru21rP-IrflGxaXnW8cmKb70y7FfH_-YB_HhA/_UdVq98spLM.jpg
456239313,-220754053,Орёл и Орёл. Самое понтовое тревел-шоу. Астрахань. Тизер,,59,1696834800,71264,8,218,29,https://vk.com/video_ext.php?oid=-220754053&id=456239313&hash=9df2137a66e51414&__ref=vk.admin_android&api_hash=1740606842494b68ec82ac9af130_GMZDANZRGM2TCOA,1,1,1,False,https://i.mycdn.me/getVideoPreview?id=5520229272205&idx=13&type=39&tkn=lh3As6HlkptwWnWJk_p9mQy2PnE&fn=vid_s
456239317,-220754053,Добро пожаловать в мир VK Видео,"Блогеры, звезды, инфлюэнсеры и даже больше. Пошумели на шоу-презентации запуска полноценного приложения ""VK Видео"" и нового сезона шоу линейки ""Originals"". Как это было 👉",100,1696953117,377390,9,328,20,https://vk.com/video_ext.php?oid=-220754053&id=456239317&hash=ab705917f4d6c7d0&__ref=vk.admin_android&api_hash=1740606842dacd8c02ef24755e70_GMZDANZRGM2TCOA,1,1,1,False,https://sun1-25.userapi.com/t1gw0RtnB3YJX_qTg7z4EdEPkeUcnP6BDa5_FA/fVP5EuKU4N8.jpg
456239312,-220754053,"КСТАТИ #14 – Харламов, Мусагалиев, Дорохов, Екатерина Мизулина, Каспийский Груз","Нейросеть YandexGPT кратко пересказывает страницы в Браузере: https://clck.ru/35t9hG. Erid: 2VtzqxTg6N6

Четырнадцатый выпуск шоу «Кстати» с Азаматом Харламовым. Дороха тоже позвали, так как таких гостей, мы бы без него не вытянули. Гостями четырнадцатого выпуска стали: глава «Лиги безопасного интернета» Екатерина Мизулина и юбиляры из «Каспийского Груза» – Тимур Одилбеков и Анар Зейналов. 

Таймкоды:

0:00 – Начинаем четырнадцатый выпуск ""Кстати"", рассуждая о передрягах
03:58 – Первая гостья. Екатерина Мизулина
06:12 – Говорим о фотографиях Екатерины с «матершинниками»
07:20 – Чем занимается и как работает «Лига безопасного интернета»
09:39 – Зачем Екатерина телепортировала Даню Милохина
10:21 – Как проходит день главы «Лиги безопасного интернета»
11:55 – Когда «Лига» обратит внимание на жесть на ТВ
12:59 – Что слушает и танцует Екатерина Мизулина
15:27 – Заблокировала бы «Лига» стихи Есенина
16:26 – Екатерина Мизулина закрывает шоу «Кстати»
19:33 – Поздравляем Вконтакте с днем рождения
21:14 – Вторые гости. Каспийский Груз
23:05 – Как группа отмечает 10-летний юбилей
23:56 – Почему группа распадалась в 2017 году
25:16 – Говорим о новых альбомах группы «Каспийский Груз»
27:44 – Кто ходит на концерты «Каспийского Груза»
28:48 – Почему Гарик не разбирается в рэпе и не любит слово «текст»
31:43 – Звала ли к себе «Каспийский Груз» Екатерина Мизулина
33:01 – Гарик обещает послушать «Каспийский Груз»
33:53 – Как проходили первые концерты группы
35:03 – Почему Анар молчал все интервью
36:22 – Выясняем, что на личном и говорим о детях
39:07 – Чего мы не знаем о Дмитрии Маликове
41:28 – Каспийский Груз – «Доедешь – пиши»

Смотри это и другие шоу VK Видео Originals в сообществе VK Видео – https://vk.com/vkvideo",2723,1696668900,12905574,2490,36193,13440,https://vk.com/video_ext.php?oid=-220754053&id=456239312&hash=cf485ec7f12feb2a&__ref=vk.admin_android&api_hash=1740606842a7a7b238cc60230200_GMZDANZRGM2TCOA,1,1,1,False,https://sun1-85.userapi.com/g83bLo0ZHqai_mx-zyp4ap1GDf0DcKoKnNeP1w/NaeZDis0a8k.jpg
456239311,-220754053,"КСТАТИ #14 – Харламов, Мусагалиев, Дорохов, Екатерина Мизулина, Каспийский Груз. Тизер",,38,1696662000,113955,15,274,43,https://vk.com/video_ext.php?oid=-220754053&id=456239311&hash=8d990b61170e0300&__ref=vk.admin_android&api_hash=174060684226f240f579d93d0ef5_GMZDANZRGM2TCOA,1,1,1,False,https://sun1-28.userapi.com/FxDAt4E2VfAdqcLiiXIxBOXOeSipXSSAmkYr5Q/251jScFwrJ4.jpg
456239306,-220754053,Сессия. Ваня Дмитриенко,"В новом выпуске шоу «Сессия» Ваня Дмитриенко впервые делится откровенными подробностями своих самых болезненных переживаний и травм, которые сыграли значимую роль в его становлении как личности. Вы узнаете, как Ваня прошел путь от раздачи листовок по ночам до написания хитов, как он пережил утрату близкого человека, обратившись к нему в рамках психологического приема, как был вынужден рано повзрослеть и стать опорой для всей своей семьи. 

В разговоре с Дмитрием Дибровым музыкант разбирает природу своего трудоголизма, а также погружается в детские воспоминания, затрагивая то, как действуют его защитные механизмы отрицания и рационализации в борьбе с негативными эмоциями. В конце программы Ваня впервые исполнит свой новый трек «Дождь». Всё это и многое другое – эксклюзивно в VK Видео. 

ТАЙМКОДЫ:

00:00 – Начало выпуска
00:30 – Психологическое досье
01:21 – Гипотезы диагнозов
01:44 – Начало сессии
02:23 – Отношения с мамой
04:39 – Воровство денег у мамы
05:18 – Комментарий психотерапевта 
05:38 – Сын маминой подруги
06:56 – Теневая сторона Вани 
10:40 – Комментарий психотерапевта
11:00 – Психологические травмы и отношения с отчимом
13:27 – Воспоминания об отчиме
15:57 – Комментарий психотерапевта
16:17 – Последняя встреча с отчимом
18:50 – Психологический прием «Обращение к отчиму»
20:27 – Комментарий психотерапевта
20:43 – Парентификация и заработки для семьи
24:01 – Комментарий психотерапевта
24:18 – Переезд в Москву и трудоголизм
26:23 – Побег от проблем
27:29 – Комментарий психотерапевта
27:51 – Влияние отца на творчество
29:16 – Проблемы в семье
31:39 – Комментарий психотерапевта
31:57 – Развод родителей
34:39 – Комментарий психотерапевта
34:57 – Бессознательная попытка исправить ошибки отца
36:50 – Комментарий психотерапевта
37:09 – Осуществление мечт
38:34 – Проблема отношений
40:59 – Любовные страдания
42:52 – Комментарий психотерапевта
43:11 – Недостаток внимания и несогласие с поступками отца
45:49 – Комментарий психотерапевта
46:11 – Музыка как способ внутреннего раскрепощения
47:24 – Психологический прием «Обращение к себе из будущего»
49:08 – Трек «Дождь»
51:04 – Психологическое заключение

Смотри это и другие шоу VK Видео Originals в сообществе VK Видео – https://vk.com/vkvideo",3143,1696496340,2346876,72,4444,1420,https://vk.com/video_ext.php?oid=-220754053&id=456239306&hash=fd8290b094cc77e4&__ref=vk.admin_android&api_hash=1740606842b1a774a3eb225180a9_GMZDANZRGM2TCOA,1,1,1,False,https://sun1-29.userapi.com/_oLUk-avOjRGOJ-ASfxe-lD26Yn3PJZ6dnEX_A/izTnwXsu_Gc.jpg
456239307,-220754053,Ваня Дмитриенко. Дождь,,132,1696506600,436253,32,2119,206,https://vk.com/video_ext.php?oid=-220754053&id=456239307&hash=020f3bfa23c6b98f&__ref=vk.admin_android&api_hash=174060684220784864fe511b0612_GMZDANZRGM2TCOA,1,1,1,False,https://sun1-24.userapi.com/im2CCSOyJHnUkRaTYEv_1Rchi5SjpTvhs9DnRw/FsdhyIyxxqY.jpg
456239305,-220754053,Сессия. Ваня Дмитриенко. Тизер,,45,1696489200,42002,3,117,14,https://vk.com/video_ext.php?oid=-220754053&id=456239305&hash=802bb30cc470bde8&__ref=vk.admin_android&api_hash=1740606842d83d4334d3592dd9ac_GMZDANZRGM2TCOA,1,1,1,False,https://i.mycdn.me/getVideoPreview?id=7803696712300&idx=1&type=39&tkn=HyGyDczOp-nl-RM5rldNS2HnL0o&fn=vid_s
456239294,-220754053,Орёл и Орёл. Самое понтовое тревел-шоу. Калининград,"В четвёртом выпуске тревел-шоу ""Орёл и Орёл"" Юсуп и Омар приедут понтоваться в Калининград. Баня на берегу Балтийского моря, вкуснейшие деликатесы от одного из лучших поваров России, путешествие в прошлое к викингам, подводная лодка и другие понты в самом западном регионе России.

В конце выпуска, по традиции, мы узнаем кто стал понтовее в Калининграде.

ТАЙМКОДЫ:

00:00 – Правила шоу
01:17 – Понтовая заставка
02:08 – Первый понт
03:30 – Конфликт Омара и Юсупа
05:53 – Самая понтовая машина города
07:40 – Второй понт
11:10 – Самые дорогие деликатесы
12:40 – Десерт с голограммой 
13:57 – Третий понт
16:13 – У Омара галлюцинации
18:22 – Пацанская цитата от Юсупа
19:30 – Четвёртый понт
21:15 – Омар и Юсуп выбирают доспехи 
22:33 – Жёсткая драка Омара и Юсупа
25:14 – Огненное шоу от Юсупа
26:15 – Объявление победителя",1614,1696226957,2032455,150,3995,1192,https://vk.com/video_ext.php?oid=-220754053&id=456239294&hash=e3369b572bf3c617&__ref=vk.admin_android&api_hash=1740606842048b78aab263e7c986_GMZDANZRGM2TCOA,1,1,1,False,https://sun1-96.userapi.com/uKHeEIet2QKvp8IJ367yAW4YN_0LmspZsk6fSQ/v9mtOnT8Rb4.jpg
456239296,-220754053,Орёл и Орёл. Самое понтовое тревел-шоу. Калининград. Тизер,,55,1696230000,218937,0,322,39,https://vk.com/video_ext.php?oid=-220754053&id=456239296&hash=c6f958b0ac70ec06&__ref=vk.admin_android&api_hash=1740606842430349d22339fdd857_GMZDANZRGM2TCOA,1,1,1,False,https://i.mycdn.me/getVideoPreview?id=5562825116402&idx=1&type=39&tkn=CTAJoHCLFBrPxP59PuwPzKz4Qhc&fn=vid_s
456239293,-220754053,VK Видео применяет рекомендательные технологии,"VK Видео применяет рекомендательные технологии. Правила применения рекомендательных технологий доступны по адресу 
https://vk.com/legal/recommendations",48,1696037554,14782237,236,7736,643,https://vk.com/video_ext.php?oid=-220754053&id=456239293&hash=11fbb909153bda34&__ref=vk.admin_android&api_hash=17406068427ae935edebb5af37a7_GMZDANZRGM2TCOA,1,1,1,False,https://sun1-26.userapi.com/usVd4OUc0aR3pUFge7DvGRDyoCNkpJj71hQhiQ/5dqpmnELKu8.jpg
456239292,-220754053,"КСТАТИ #13 - Харламов, Мусагалиев, Дорохов, Никита Ефремов, Зоя Яровицына, Мари Краймбрери","https://clck.ru/35sdQe - делайте выгодные покупки на Мегамаркете!
Erid: 2Vtzqx9MesC

И квартиру, и мебель, и переезд, и кладовую — все можно с Можнотекой от «Самолет». Подробнее по ссылке: https://smlt.ru/b6x9x5g. Erid: 2VtzqvZNqe8

Тринадцатый выпуск шоу ""Кстати"" с Азаматом Харламовым. Дороха почти заменили на нормального третьего ведущего, но в итоге не срослось. Гостями тринадцатого выпуска стали: семейный пародист Никита Ефремов, самый начитанный представитель ""Кругов на полях"" Зоя Яровицына и все еще не нашедшая себе парня Мари Краймбрери.

Таймкоды:

0:00 Начинаем тринадцатый выпуск ""Кстати"" и немножечко хандрим
03:02 Первый гость. Никита Ефремов
06:12 Обсуждаем с Никитой сериал ""Крутая Перемена""
07:56 Никита Ефремов в роли Михаила Ефремова, пародирующего Олега Ефремова
09:13 Обсуждаем ""Библиотекаря"" в специально подготовленных для этого декорациях
10:19 Как Гарик не досмотрел ""Тетрис""
14:46 Что объединяет кино карьеры Гарика и Никиты
16:16 В каких проектах сейчас снимается Никита Ефремов
19:20 Возможна ли актерская забастовка в России
21:15 Гарик обещает досмотреть ""Тетрис""
23:13 Новость из Ирландии
24:16 Вторая гостья. Зоя Яровицына
26:05 Новая рубрика. ""Кстати о книгах"" с Зоей
27:21 Книга для Дороха - ""Четвертое Крыло"" Ребекки Яррос
31:05 Книга для Гарика - ""Эмпайр Фоллз"" Ричарда Руссо
33:48 Книга для Азамата - ""Медвежий Угол"" Фредрика Бакмана
35:51 Зоя придумывает челлендж сама для себя
37:24 Третья гостья. Мари Краймбрери
38:41 Как выходил, выходил и вышел альбом ""Почему у меня нет парня""
39:52 Топ-5 недостатков Мари Краймбрери
40:38 Кто как называет свои ""хот-доги""
41:51 Парень для Мари Краймбрери все-таки нашелся
43:00 Обсуждаем обложку первого альбома Мари
44:52 Гарик Харламов ревнует Тимура Батрутдинова
46:18 Начало пути Мари - подтанцовка и гострайтинг
48:20 Пишем песню Дороху
49:46 Проверяем слух Мари
50:42 Мари Краймбрери - ""Мне так повезло""  Смотри это и другие шоу VK Видео Originals в сообществе VK Видео — https://vk.com/vkvideo",3284,1696063800,12361415,1281,26293,4645,https://vk.com/video_ext.php?oid=-220754053&id=456239292&hash=b60b5d0d086a88a4&__ref=vk.admin_android&api_hash=1740606842c1f047bc88eea5d81c_GMZDANZRGM2TCOA,1,1,1,False,https://sun1-25.userapi.com/tmZonu-WQL6-xwECvrtyTOkZmyJQsO31ZetIVA/RepTXabT_F0.jpg
456239291,-220754053,"КСТАТИ #13 - Харламов, Мусагалиев, Дорохов, Никита Ефремов, Зоя Яровицына, Мари Краймбрери. Тизер",,53,1696057200,80111,21,224,29,https://vk.com/video_ext.php?oid=-220754053&id=456239291&hash=e1b8d55fe1c7966a&__ref=vk.admin_android&api_hash=1740606842ab8df90e35bc5019f7_GMZDANZRGM2TCOA,1,1,1,False,https://i.mycdn.me/getVideoPreview?id=5320167197255&idx=5&type=39&tkn=ZihzDDIATp71LWE3ivxL8VIuhrc&fn=vid_s
456239288,-220754053,Сессия. Джарахов,"В первом выпуске нового сезона шоу «Сессия» вы узнаете, как Эльдар Джарахов справляется с приступами панических атак, вызванными диабетом и нехваткой сахара, уходя от поведенческой модели саморазрушения к самоконтролю и заботе о себе. Эльдар делится подробностями того, как не диагностированный ранее синдром дефицита внимания и гиперактивности привел к самому болезненному опыту в детстве, из чего родилась последовавшая неуверенность и излишняя самокритика. 

В разговоре с Дмитрием Дибровым музыкант и блогер расскажет про свое становление, самоидентификацию, постоянное чувство вины и непростые отношения с родителями, к которым он обратился во время программы с искренней и трогательной речью. В конце программы Эльдар исполнит трек «Два незнакомых человека», подводя черту под откровенной беседой. Смотрите эксклюзивно в VK Видео. 

ТАЙМКОДЫ:

00:00 – Начало выпуска
00:26 – Психологическое досье
01:25 – Гипотезы диагнозов
01:44 – Начало сессии
02:13 – Самоидентификации с выявления диабета
03:50 – Слезы родителей, череда болезней и чувство вины
06:33 – Комментарий психотерапевта
06:53 – Скачки сахара на нервной почве
08:23 – Гиперопека, сепарация и протест
10:00 – Отсутствие самостоятельности 
11:14 – Комментарий психотерапевта
11:32 – Постоянные сравнения в детстве и последствия этого
13:39 – Комментарий психотерапевта
14:01 – Питающая энергия
14:53 – Психологический прием «Обращение к родителям»
18:07 – Родители скрывали настоящие эмоции
19:08 – Комментарий психотерапевта
19:27 – Формирование синдрома дефицита внимания и гиперактивности
21:19 – Комментарий психотерапевта
21:37 – Периоды странностей и сожжение аттестата
23:21 – Непонимание со стороны людей и вспыльчивость
25:17 – Комментарий психотерапевта
25:41 – Самоуничтожение и борьба с собой
29:23 – Причины деструктивного поведения
32:09 – Комментарий психотерапевта
32:26 – Любовь, отношения и расставания в 17 лет
34:41 – Комментарий психотерапевта
34:54 – Любовь как топливо в 27 лет
36:55 – Бессознательная мольба мамы о помощи 
38:56 – Комментарий психотерапевта
39:23 – Внутренний конфликт и период аддиктивности
42:05 – Самоконтроль впервые в жизни
42:41 – Комментарий психотерапевта
43:05 – Одиночество стало лекарством от чужого мнения
44:39 – Парадокс грустного клоуна
45:46 – Комментарий психотерапевта
46:05 – Отсутствие страха смерти
47:36 – Психологический прием «Обращение к себе»
51:17 – Песня “Два незнакомых человека
53:06 – Психологическое заключение

Смотри это и другие шоу VK Видео Originals в сообществе VK Видео – https://vk.com/vkvideo",3267,1695970186,3312629,95,3432,1486,https://vk.com/video_ext.php?oid=-220754053&id=456239288&hash=333ac85bc6c2c425&__ref=vk.admin_android&api_hash=174060684238013a84492a7fc9e4_GMZDANZRGM2TCOA,1,1,1,False,https://sun1-86.userapi.com/H9zGHLIZAkuBQXTEvExCbxLEHeFP_kK-MPpEgQ/yD3bLaQGqII.jpg
456239289,-220754053,Джарахов. Два незнакомых человека,,123,1695993292,122339,7,394,58,https://vk.com/video_ext.php?oid=-220754053&id=456239289&hash=817da3de52708558&__ref=vk.admin_android&api_hash=174060684271e38dc0e493f3c483_GMZDANZRGM2TCOA,1,1,1,False,https://sun1-94.userapi.com/4-N3w4TYe_bAKKgganYr857IsRJycG-hpdCpfQ/tcnFicnor4E.jpg
456239286,-220754053,Сессия. Джарахов. Тизер,,49,1695970800,40115,4,97,13,https://vk.com/video_ext.php?oid=-220754053&id=456239286&hash=428d0d2cd85c8d1c&__ref=vk.admin_android&api_hash=1740606842675ed3c5d887a33ce5_GMZDANZRGM2TCOA,1,1,1,False,https://i.mycdn.me/getVideoPreview?id=5246044015323&idx=7&type=39&tkn=HTOPnpU506nUhXKYuUXl4f1TH-0&fn=vid_s
456239284,-220754053,Сессия. Тизер 2 сезона,,101,1695884446,757347,9,804,132,https://vk.com/video_ext.php?oid=-220754053&id=456239284&hash=b42f73cfa8aef534&__ref=vk.admin_android&api_hash=1740606842750a11b7ef0891c9c1_GMZDANZRGM2TCOA,1,1,1,False,https://sun1-15.userapi.com/YHn8pZRP4Esm3hFgUS9ufQAvrXTfqg8sDzIfKw/QRJCyocj1JA.jpg
456239268,-220754053,Орёл и Орёл. Самое понтовое тревел-шоу. Дербент,"В третьем выпуске тревел-шоу «Орёл и орёл» Юсуп и Омар приедут понтоваться в Дербент, который находится в их родном Дагестане. Самый дорогой фонтан России, самый заниженный самолёт в мире, древнейшая крепость, шашлык из золота и другие понты в самом южном городе России.

В конце выпуска, по традиции, мы узнаем кто стал понтовее в Дербенте.

ТАЙМКОДЫ:

00:00 – Правила шоу
00:33 – Омару мешают начать шоу
01:54 – Понтовая заставка
03:00 – Самый понтовый транспорт Дербента
03:57 – Первый понт
07:18 – Пацаны делают свои деньги
10:31 – Второй понт
11:57 – Внутри Каспийского монстра
13:06 – Пацаны управляют самолётом
14:27 – Омар-пулемётчик
16:44 – Третий понт
19:17 – Юсуп понтово солит мясо
20:25 – Шашлык из золота есть же
21:32 – К Юсупу приходят за долгом
22:22 – Юсуп танцует
22:44 – Третий понт
24:55 – Омар управляет фонтаном
25:32 – Первый музей фонтанов в России
28:37 – Суперпонт от Омара
28:55 – Объявление победителя

Смотри это и другие шоу VK Видео Originals в сообществе VK Видео — https://vk.com/vkvideo",1801,1695621772,2430265,314,6059,1996,https://vk.com/video_ext.php?oid=-220754053&id=456239268&hash=0eb785c94a0e1a6c&__ref=vk.admin_android&api_hash=1740606842aa586ced5b3f993bac_GMZDANZRGM2TCOA,1,1,1,False,https://sun1-56.userapi.com/uQywiWlKEBKChWjxYbI_LgsZSoE0tM_wO82kIw/SFJfFxxTs60.jpg
456239270,-220754053,Орёл и Орёл. Самое понтовое тревел-шоу. Дербент. Тизер,,49,1695627296,183865,1,82,17,https://vk.com/video_ext.php?oid=-220754053&id=456239270&hash=c8dff70987b486ca&__ref=vk.admin_android&api_hash=17406068425f1727bb12db6115a9_GMZDANZRGM2TCOA,1,1,1,False,https://i.mycdn.me/getVideoPreview?id=5480414972493&idx=4&type=39&tkn=LlD1zbBJNl8ozzqEXirN72Y2bqc&fn=vid_s
456239265,-220754053,"КСТАТИ #12 - Харламов, Мусагалиев, Дорохов, Паша Техник, Дарья Мороз, Вячеслав Чепурченко, THE DAWLESS, KACCETA","И квартиру, и мебель, и переезд, и кладовую — все можно с Можнотекой от «Самолет». Подробнее по ссылке: https://smlt.ru/dx_wfhn. Erid: 2VtzqxGeKDz

Двенадцатый выпуск шоу ""Кстати"" с Азаматом Харламовым. Несмотря на все ваши комменты, Дороха пока ни на кого не заменили, давайте поднажмем в комментах. Гостями двенадцатого выпуска стали: спасибо, что живой Паша Техник, режиссер-дебютант Дарья Мороз и кто-то по имени Вячеслав Чепурченко. Музыкальные гости - THE DAWLESS и KACCETA

Таймкоды:
0:00 Начинаем двенадцатый выпуск ""Кстати"" и обсуждаем ""Лигу городов""
02:57 Первый гость от Дороха - Паша Техник
04:23 Почему Паша не любит реабилитационные учреждения
05:17 С чего ""начался"" Паша Техник
06:37 Чем будет заниматься ""новый"" Паша Техник
09:32 Паша Техник рекомендует книги и фильмы
10:36 Краткий пересказ ваших любимых фильмов от Паши
15:47 О чем новый альбом Паши
17:17 Паша, румынцы и аптека
19:10 Как Паша Техник зарабатывает деньги
20:38 Паша Техник - новый голос вашего навигатора
21:31 Анонсируем кинорубрику в ""Кстати"" - Паша Кинотехник
23:57 Вторые гости. Дарья Мороз и Вячеслав Чепурченко
25:05 О чем режиссерский дебют Дарьи - ""Секс. До и после""
28:00 Как Дарья Мороз ощущает себя в режиссерском кресле
29:43 Славе тоже задали вопрос
31:22 Яна Кошкина - топ
32:50 Вспоминаем кинодебют Дороха
33:28 Поэтический баттл. Чепурченко vs. Дорох
36:19 Дарья дебютировала в кино в 2,5 месяца
38:18 Актерский челлендж - пустить слезу напротив Харламова
45:49 THE DAWLESS, KACCETA - KINO

Смотри это и другие шоу VK Видео Originals в сообществе VK Видео — https://vk.com/vkvideo",2946,1695453797,14490360,2261,32996,16153,https://vk.com/video_ext.php?oid=-220754053&id=456239265&hash=7da6ee9cc50d1338&__ref=vk.admin_android&api_hash=1740606842a3c31ac28b4a76dd4b_GMZDANZRGM2TCOA,1,1,1,False,https://sun1-19.userapi.com/56IsMY-8D70QkmoZ7EeKgxrIqzAJ1jdJmf-jOQ/LMd8_59i2E8.jpg
456239267,-220754053,"КСТАТИ #12 - Харламов, Мусагалиев, Дорохов, Паша Техник, Дарья Мороз, Вячеслав Чепурченко, THE DAWLESS, KACCETA. Тизер",,49,1695456906,73798,6,160,23,https://vk.com/video_ext.php?oid=-220754053&id=456239267&hash=0280cf74199f2c22&__ref=vk.admin_android&api_hash=1740606842cc78c0c27d3c12a32f_GMZDANZRGM2TCOA,1,1,1,False,https://i.mycdn.me/getVideoPreview?id=5109018921597&idx=3&type=39&tkn=PLI1np7M6VkCsUubtyp2KBrPdDo&fn=vid_s
456239264,-220754053,Трансляция презентации VK Видео,,2315,1695402555,1588283,71,1174,101,https://vk.com/video_ext.php?oid=-220754053&id=456239264&hash=9a2e187723107e38&__ref=vk.admin_android&api_hash=17406068428032eb7ce328448bf1_GMZDANZRGM2TCOA,1,1,1,False,https://sun1-25.userapi.com/t1gw0RtnB3YJX_qTg7z4EdEPkeUcnP6BDa5_FA/y4yw8a1HtT4.jpg
456239260,-220754053,"Операция ""Вы не смотрите VK Видео? Тогда мы идём к вам!""","4 сентября был запуск отдельного приложения VK Видео. Импровизаторы Дмитрий Позов и Сергей Матвиенко, вместе с Владимиром Маркони решили выяснить, как на это событие отреагировали обычные москвичи. 

Мы хотели обойти примерно 10 миллионов жителей столицы, но потом решили, что просто закинем Маркони на ВДНХ. 

Как это будет  - смотрите в нашей прямой трансляции.

""Реклама. Рекламодатель: ООО ""В Контакте"", ИНН 7842349892. ERID: 2VtzqwVAFpC
VK Видео (vk.com/video). Соглашение: vk.com/terms/vkvideo. 12+""",2208,1695045600,2692299,2403,3797,390,https://vk.com/video_ext.php?oid=-220754053&id=456239260&hash=bc67a3fcd0dcb2a3&__ref=vk.admin_android&api_hash=17406068421e0bd1079d38e1d832_GMZDANZRGM2TCOA,1,1,1,False,https://sun1-47.userapi.com/pf4FRRlxvm8AD8OI59rbWvNnv2HW2Hdw1qJmXA/9Vhum_dcfBQ.jpg
456239259,-220754053,Орёл и Орёл. Самое понтовое тревел-шоу. Сочи,"Во втором выпуске тревел-шоу ""Орёл и орёл"" Юсуп и Омар приедут на самый сочный курорт России. Бешеные гонки на трассе Формулы 1, прыжки в пропасть, старейший ресторан в горах, море, солнце и бесконечные понты Сочи. 

В конце выпуска, по традиции, мы узнаем самого понтового из орлов в Сочи.

ТАЙМКОДЫ:

00:00 – правила шоу
01:52 – понтовая заставка
02:48 – Первый понт
02:58 – Омар об Олимпийском парке
03:40 – Маршрутка-кабриолет
04:27 – Самый понтовый автодром России
06:25 – Пацаны газуют на гоночном такси
08:03 – Второй понт
09:47 – Самый понтовый подвесной мост России 
10:37 – У Омара паническая атака из-за высоты
12:36 – Пацаны прыгают в пропасть
14:50 – Третий вкусный понт
16:08 – Самые понтовые блюда ресторана
17:55 – Омар обманывает оператора
18:56 – Четвёртый понт
19:57 – Одна из самых понтовых бань Сочи
21:37 – Омар определяет траву по запаху
22:47 – Юсуп бьёт Омара
23:55 – Омар хочет вернуть волосы
26:19 – Юсуп Холмс и Омар Ватсон
27:01 – Омар хочет убрать Юсупа из шоу
27:25 – Юсуп хочет выгнать Омара
27:45 – Оператор уходит из проекта
28:47 – Объявления победителя",1782,1695021381,2210581,183,4656,1233,https://vk.com/video_ext.php?oid=-220754053&id=456239259&hash=352375013a9edfb6&__ref=vk.admin_android&api_hash=17406068426794326e522f07122b_GMZDANZRGM2TCOA,1,1,1,False,https://sun1-27.userapi.com/weIR7TGosOB5ut6oPa0__QuOCybfsyVR6v1vZQ/hbtYvM6yrfE.jpg
456239257,-220754053,Орёл и Орёл. Самое понтовое тревел-шоу. Сочи. Тизер,,52,1695016948,58596,1,178,24,https://vk.com/video_ext.php?oid=-220754053&id=456239257&hash=ec515c39b8ddfba0&__ref=vk.admin_android&api_hash=17406068427c6339deba7fb18660_GMZDANZRGM2TCOA,1,1,1,False,https://i.mycdn.me/getVideoPreview?id=5342399433419&idx=6&type=39&tkn=Mx39I_KyB4GyvoQUqKzpwSrRcnc&fn=vid_s
456239254,-220754053,"КСТАТИ #11 - Харламов, Мусагалиев, Дорохов, ВПИСКА, Эрик Давидыч, Анна Плетнева, ТРАВМА, SKIDRI","Бургер Кинг запускает линейку с русским характером. Это бургеры с котлетой из 100% говядины, со сливочным хреном, ржаной булочкой и беконом, Часть средств от продаж будет перечислена в благотворительный фонд по восстановлению регионов Сибири, пострадавших от пожаров. Спасаем леса Сибири вместе с Бургер Кинг!
https://vk.cc/cqzzUw. Erid: 2VtzqvpUWn3

Одиннадцатый выпуск шоу ""Кстати"" с Азаматом Харламовым. Возможно Дорох был последний раз. Гостями одиннадцатого выпуска стали: решающие все с помощью ""цуефа"", Василий Трунов и Николай Редькин из ""Вписки"", потерявший половину себя по пути на съемку, Эрик Давидыч и одна из самых плохих девочек, Анна Плетнева с ТРАВМОЙ и SKIDRI (его на съемки не пустили).

Таймкоды:
0:00 Начинаем одиннадцатый выпуск ""Кстати"" и обсуждаем историю юмора
02:14 Призываем зрителей помочь нам выгнать Дороха из ""Кстати""
03:36 Первые гости. Василий Трунов и Николай Редькин, а вместе - ""Вписка""
05:19 Как ребята пришли к идее брать интервью вдвоем
08:47 Почему стрельнуло интервью с Александром Зубаревым
09:54 ""Вписка"" распадается?
11:41 Вася и Коля - борцы за экологию (а может и нет, мы так и не поняли)
13:57 Играем с гостями в ""Угадай к кому вписались""
17:05 Как Гарик давал интервью ""Вписке""
17:58 ЛОШАДЕКАЛИПСИС
20:32 Второй гость. Эрик Давидыч
22:16 Вопрос от друга Дороха
22:59 Эрик вспоминает ""как все начиналось""
24:27 Комплименты от Давидыча ""мастодонтам""
25:35 Давидыч - советник гендиректора завода ""Москвич""
27:41 Прожарка автомобилей ведущих ""Кстати""
29:08 Почему китайские авто рвут рынок
31:25 Удастся ли пересадить чиновников на российские авто
32:43 Россия - самая подходящая страна для электромобилей
37:54 Третьи гости. Анна Плетнева и ТРАВМА
39:35 Гарик Харламов во сне Анны Плетневой
40:01 Подарки от гостей ведущим ""Кстати""
42:58 Эксклюзив о том, как возродилась ""Плохая девочка""
46:59 Определяем с гостями ""Самую плохую девочку""
50:33 Винтаж, ТРАВМА, SKIDRI, DVRKLXGHT - Плохая Девочка

Смотри это и другие шоу VK Видео Originals в сообществе VK Видео — https://vk.com/vkvideo",3294,1694812191,12344137,1770,28219,5293,https://vk.com/video_ext.php?oid=-220754053&id=456239254&hash=ad7531b4ff2ea9c8&__ref=vk.admin_android&api_hash=1740606842d6c9a84d134d35be6a_GMZDANZRGM2TCOA,1,1,1,False,https://sun1-16.userapi.com/YpmlV9GasGpeiIaAgnzhKHsjPvjxEgov3wliIw/Adk1aUrI5MI.jpg
456239256,-220754053,"КСТАТИ #11 - Харламов, Мусагалиев, Дорохов, ВПИСКА, Эрик Давидыч, Анна Плетнева, ТРАВМА, SKIDRI. Тизер",,65,1694848464,112699,3,268,43,https://vk.com/video_ext.php?oid=-220754053&id=456239256&hash=cbb0a719c4d58625&__ref=vk.admin_android&api_hash=174060684207178a7b66df7104dd_GMZDANZRGM2TCOA,1,1,1,False,https://i.mycdn.me/getVideoPreview?id=5080217618975&idx=1&type=39&tkn=wuTEXzWuQoM4u2WA9UojLBi_ay0&fn=vid_s
456239236,-220754053,Орёл и Орёл. Самое понтовое тревел-шоу. Санкт-Петербург,"В первом выпуске тревел-шоу ""Орёл и Орёл"" Омар Алибутаев и Юсуп Омаров покажут самые понтовые места Санкт-Петербурга. Орлы посмотрят на город с воды. Залезут на знаменитые крыши северной столицы, покатаются на императорской карете, попробуют самую понтовую шаверму, а самое главное расскажут вам какие места в Питере стоит посетить и за какие деньги.В конце программы вы узнаете, кто же был понтовее в самом европейском городе России.

ТАЙМКОДЫ:
 
00:00 – Правила шоу
01:28 – Понтовая заставка
02:18 – Омар о дворцовой площади
02:43 – Опасное сальто
03:07 – Первый понт
03:24 – Самая понтовая карета Питера
04:58 – Экскурсия от Омара
05:51 – Драка Омара и Юсупа
07:59 – Второй понт
10:04 – Самые понтовые крыши Питера
11:43 – Бэтмен в Питере
13:13 – Самая понтовая шаверма города
14:04 – Самая понтовая речная экскурсия
16:33 – Пираты на Неве
20:22 – Как развести мост?
21:05 – Что находится внутри моста?
24:08 – Развод мостов своими руками
25:20 – Самый кайфовый вид в Санкт Петербурге
26:49 – Объявление победителя

Смотри это и другие шоу VK Видео Originals в сообществе VK Видео — https://vk.com/vkvideo",1684,1694422800,2452443,325,6724,1946,https://vk.com/video_ext.php?oid=-220754053&id=456239236&hash=7303ce5a106f4d4b&__ref=vk.admin_android&api_hash=174060684288f179fc51e1483838_GMZDANZRGM2TCOA,1,1,1,False,https://sun1-23.userapi.com/CZ8IPaYlm4_vtK9nk8Apk5PjLyeh3q7pzzTsQQ/adzPVSn6aZE.jpg
456239246,-220754053,Орёл и Орёл. Самое понтовое тревел-шоу. Санкт-Петербург. Тизер,,57,1694420512,154106,7,359,30,https://vk.com/video_ext.php?oid=-220754053&id=456239246&hash=76a5fda4cb4ab981&__ref=vk.admin_android&api_hash=1740606842e788fab2edd2efc10c_GMZDANZRGM2TCOA,1,1,1,False,https://i.mycdn.me/getVideoPreview?id=5239098313351&idx=3&type=39&tkn=-joCwQcqJ23Eb61Qym9VbsH0w4M&fn=vid_s
456239235,-220754053,Орёл и Орёл. Самое понтовое тревел-шоу. Анонс,"«Орёл и Орёл» — самое понтовое тревел шоу, в котором два друга Омар Алибутаев и Юсуп Омаров отправятся в путешествие и покажут друг другу самые понтовитые места в которых вы можете побывать. У кого счетчик понтов покажет больше баллов, тот и станет победителем!

Эксклюзивно в VK Видео",78,1694281581,760496,50,1985,353,https://vk.com/video_ext.php?oid=-220754053&id=456239235&hash=32bd6d3cbad75400&__ref=vk.admin_android&api_hash=1740606842095242b07ebe6df290_GMZDANZRGM2TCOA,1,1,1,False,https://sun1-29.userapi.com/UK76NaWPiFzH3pzfDhjwgfO9_iUK4dgcB1mXKA/e4oO1aK4-2Y.jpg
456239233,-220754053,"КСТАТИ #10 — Харламов, Мусагалиев, Дорохов, Сергей Бурунов, Гоша Карцев, Тимур Хайдаров, SQWOZ BAB","И квартиру, и мебель, и переезд, и кладовую — все можно с Можнотекой от «Самолет». Подробнее по ссылке: https://smlt.ru/4tttrfp. Erid: 2Vtzqwe4kP2 

Юбилейный, десятый выпуск «Кстати» с Азаматом Харламовым! Дорох тоже добрался, хоть и не без сложностей (он в выпуске сам расскажет). Гостями десятого выпуска стали: разносторонне образованный Сергей Бурунов, помытый и чистый ковбой Гоша Карцев и делающий из людей «конфетку» Тимур Хайдаров. Музыкальный гость: SQWOZ BAB.

Таймкоды:

0:00 — Начинаем десятый выпуск «Кстати»
02:21 — Почему все футболисты валят в Саудовскую Аравию
03:48 — Как Трампу отсидеть 640 лет в тюрьме
06:42 — Первый гость. Мама Гарика, а сразу за ней – Сергей Бурунов
08:41 — Как идут съемки «Бременских Музыкантов»
12:57 — Насколько Сергей Бурунов образованный человек
14:35 — У Дорохова и Бурунова нашлось что-то общее
15:25 — Как Денис Дорохов родился во второй раз
17:29 — Гарик Харламов ушиб мозг и у него отшибло юмор
21:42 — «Слово Пацана» – один из лучших сценариев, что читал Бурунов
25:55 — Второй гость. Гоша Карцев (он будет всё время приходить, привыкайте)
27:34 — Гоша проверяет ведущих помнят ли они, что такое «новая этика»
28:34 — Оцениваем луки с VK Fest с Гошей Карцевым
35:56 — Третий Гость. Тимур Хайдаров
37:26 — Благодарим Тимура за пресс Киркорова
39:13 — Куда везут «лишнее» с российских звезд
41:23 — На ком набивал руку Тимур Хайдаров
42:40 — Как помочь Дороху и что с ним не так
43:55 — Проверяем себя и Тимура на знание видов пластических операций
54:18 — SQWOZ BAB – АЙ

Смотри это и другие шоу VK Видео Originals в сообществе VK Видео — https://vk.com/vkvideo",3461,1694241941,14693075,945,33133,10250,https://vk.com/video_ext.php?oid=-220754053&id=456239233&hash=7d4c442266817e38&__ref=vk.admin_android&api_hash=174060684234323fa30ed172b1da_GMZDANZRGM2TCOA,1,1,1,False,https://sun1-47.userapi.com/z7bxxdINVs_3lLB40Yfbsu1AUXCpaGrAZFyL3w/Enrxnbm8M68.jpg
456239230,-220754053,"КСТАТИ #10 — Харламов, Мусагалиев, Дорохов, Сергей Бурунов, Гоша Карцев, Тимур Хайдаров, SQWOZ BAB. Тизер",,60,1694243811,104530,0,262,33,https://vk.com/video_ext.php?oid=-220754053&id=456239230&hash=cf08ca2d00a27b4f&__ref=vk.admin_android&api_hash=174060684249f652232bed6e9df5_GMZDANZRGM2TCOA,1,1,1,False,https://i.mycdn.me/getVideoPreview?id=5268754139865&idx=3&type=39&tkn=4G3SJ08rXaA7BHFWcSbk3iiZxiE&fn=vid_s
456239214,-220754053,"КСТАТИ #9 – Харламов, Мусагалиев, Дорохов, Юрий Стоянов, Валерия, Иосиф Пригожин, Анет Сай","Возвращаемся после отпуска с девятым выпуском шоу «Кстати» с Азаматом Харламовым. Дорох тоже пережил это лето. Гостями девятого выпуска стали: Юрий Николаевич Стоянов у которого конкурентов — по пальцам пересчитать; вечно молодая Валерия и неудавшаяся поп-звезда Иосиф Пригожин. Музыкальный гость этого выпуска — Анет Сай.

Таймкоды:

0:00 — Начинаем девятый выпуск ""Кстати"" и публично теребим
01:40 — Максимально актуальное возвращение шоу «Кстати»
03:40 — Барбенгеймер - главное событие лета
05:25 — Почему Луна-25 «прекратила свое существование»
07:41 – Поздравляем Индию со статусом космической державы
09:09 — Первый гость. Юрий Стоянов
11:33 — Трейлер «Трепачей» и комплименты Женскому стендапу
15:05 — Почему «лень» – замечательное качество
16:51 — О сериале «Мамонты» и конкуренции среди актеров 66+
19:25 — Как телефонные мошенники стали жертвой семьи Стояновых
20:56 — 30 лет программе «Городок»
22:25 — Профили Стоянова и Дороха в «Давай Поженимся»
26:23 — Совет начинающим юмористам от Юрия Стоянова
28:51 — Историческое видео для нового приложения VK Видео
31:55 — Вторые гости. Валерия и Иосиф Пригожин
33:28 — Поздравляем Валерию с 18-летием
33:45 — Обсуждаем «Трибьют Валерии» и лучших молодых артистов страны
36:36 — 20 лет творческому союзу Валерии и Иосифа Пригожина
39:38 — Иосиф Пригожин – новый форвард ФК 10
40:21 — Клип Иосифа Пригожина – «Время любви»
43:29 — Ностальгический фото-тест для Иосифа и Валерии
46:46 — Анет Сай - «Была Любовь»

Смотри это и другие шоу VK Видео Originals в сообществе VK Видео — https://vk.com/vkvideo",3051,1693621229,14243366,1242,35321,7309,https://vk.com/video_ext.php?oid=-220754053&id=456239214&hash=f943b1204e41acbb&__ref=vk.admin_android&api_hash=1740606843efbcf7b0fcd40a4bff_GMZDANZRGM2TCOA,1,1,1,False,https://sun1-93.userapi.com/PkmfvLyorbNhiNkxKfFLZMicmnCgqwziHHGziw/CHVuICy2xpg.jpg
456239216,-220754053,"КСТАТИ #9 – Юрий Стоянов, Валерия, Иосиф Пригожин, Анет Сай. Тизер",,54,1693645172,78943,4,207,25,https://vk.com/video_ext.php?oid=-220754053&id=456239216&hash=c2372ccc8fcbe616&__ref=vk.admin_android&api_hash=1740606843e80ab9e0be1d6a51ec_GMZDANZRGM2TCOA,1,1,1,False,https://i.mycdn.me/getVideoPreview?id=5177182325319&idx=13&type=39&tkn=ryQKFZJPmMnNanOdtQC0ZIYkQ0k&fn=vid_s
456239205,-220754053,КСТАТИ с Азаматом Харламовым. Возвращение. Тизер,"«КСТАТИ» с Азаматом Харламовым возвращается после летнего отпуска! Отдохнувшие, загорелые, обновленные Гарик и Азамат (ну и Дорох тоже) на ваших экранах — 2 сентября, эксклюзивно в VK Видео.",54,1693556961,788299,19,1606,52,https://vk.com/video_ext.php?oid=-220754053&id=456239205&hash=2784108275d93d7b&__ref=vk.admin_android&api_hash=17406068435aa73ced6222a49e96_GMZDANZRGM2TCOA,1,1,1,False,https://i.mycdn.me/getVideoPreview?id=5031456541405&idx=0&type=39&tkn=KowVXriM1-C58DErroF_vAWj688&fn=vid_s
456239204,-220754053,VK Видео: Смотрите всё и даже больше с Шастуном,,30,1693498812,33485,0,47,8,https://vk.com/video_ext.php?oid=-220754053&id=456239204&hash=897e8640cfad6be2&__ref=vk.admin_android&api_hash=1740606843e9e56f073708a60901_GMZDANZRGM2TCOA,1,1,1,False,https://i.mycdn.me/getVideoPreview?id=5167233174087&idx=0&type=39&tkn=1sukzFfFFl_ruh2bH64Jcr3THaE&fn=vid_s
456239203,-220754053,VK Видео: Смотрите всё и даже больше с Сабуровым,,30,1693498765,114665,2,224,23,https://vk.com/video_ext.php?oid=-220754053&id=456239203&hash=738e0305472a1f5e&__ref=vk.admin_android&api_hash=1740606843bacf82e4258ae79969_GMZDANZRGM2TCOA,1,1,1,False,https://i.mycdn.me/getVideoPreview?id=5057032555104&idx=0&type=39&tkn=0Jx5zl02O_k6iFGee1LUyo_-iUc&fn=vid_s
456239199,-220754053,LAB. Therr Maitz — «That Wave»,,210,1693301641,691965,32,1207,190,https://vk.com/video_ext.php?oid=-220754053&id=456239199&hash=3d0238bc15b3609d&__ref=vk.admin_android&api_hash=174060684346393304d17138da1b_GMZDANZRGM2TCOA,1,1,1,False,https://sun1-86.userapi.com/dlDi-DZCJlcYjMQvq7BT2GKQFfN8SZ8zLV5hrA/6Wb72RNsqVQ.jpg
456239200,-220754053,LAB. Therr Maitz — «Help Us»,,264,1693302902,674187,58,1385,328,https://vk.com/video_ext.php?oid=-220754053&id=456239200&hash=858e8048a9faf404&__ref=vk.admin_android&api_hash=1740606843b61657a78bf37b2a44_GMZDANZRGM2TCOA,1,1,1,False,https://sun1-95.userapi.com/zfTX6n9E1Xde2kEbveURd4srdAf2Sn-n83fpqQ/kbTzoFm5uYU.jpg
456239197,-220754053,LAB. Лаборатория музыки Антона Беляева. Therr Maitz,"10 ноября | Москва | VK Stadium — Большой концерт Therr Maitz с оркестром и хором. Купить билет: https://vk.cc/cqnVLi

Промокод LAB на скидку 10% действует на сайте, в мобильном приложении и в розничных магазинах Hoff с 22 августа до 22 октября 2023 года. Узнать подробнее об условиях применения промокода можно по ссылке: https://clck.ru/358V3b

Mir Supreme — ваш мир комфорта: https://clck.ru/35LePX. Получайте кешбэк 7% в ресторанах, 10% за поездки в Ultima, 20% за билеты на «Аэроэкспресс» и доступ в бизнес-залы в путешествиях.

Все треки из выпусков «LAB. Лаборатория музыки Антона Беляева» слушай эксклюзивно в VK Музыке — https://music.vk.com/link/TgKX

Как родилась идея шоу, кто стоит за его созданием и как проходят съемки — Therr Maitz в новом выпуске шоу «LAB. Лаборатория музыки Антона Беляева». Смотри эксклюзивно в VK Видео.

Таймкоды:
00:00 — «That wave» – Therr Maitz
04:45 — как родилась идея шоу
06:06 — новая студия
08:00 — «для меня музыкальная часть – возможность спрятаться»
09:15 — как устроена работа над шоу
15:49 — любимые песни команды
17:41 — «Help us» – Therr Maitz
21:53 — песня с идеальной аранжировкой? (блиц)

Смотри это и другие шоу VK Видео Originals в сообществе VK Видео — https://vk.com/vkvideo",1440,1692644929,3375837,142,5830,986,https://vk.com/video_ext.php?oid=-220754053&id=456239197&hash=5c197d01258398b7&__ref=vk.admin_android&api_hash=174060684343d7d201e7fd9669aa_GMZDANZRGM2TCOA,1,1,1,False,https://sun1-23.userapi.com/-BX7qHWVdQs79nFBOrhUNVsS-xPT08aIvxntXg/gXz6U1bwD2E.jpg
456239196,-220754053,LAB. Вячеслав Бутусов — «Мелодия»,,272,1692090000,789297,81,2123,658,https://vk.com/video_ext.php?oid=-220754053&id=456239196&hash=d48a47add7f55a12&__ref=vk.admin_android&api_hash=17406068433e3309e82732e7ed4a_GMZDANZRGM2TCOA,1,1,1,False,https://sun1-96.userapi.com/wnpltZzgoAVPlT3p2hU6yp0jg1EdXXvUJSJQqg/AYd1a-1TtCc.jpg
456239195,-220754053,LAB. Вячеслав Бутусов — «На берегу безымянной реки»,,222,1692090000,849751,61,3034,883,https://vk.com/video_ext.php?oid=-220754053&id=456239195&hash=4a382691878aef86&__ref=vk.admin_android&api_hash=1740606843177d1980352e10541c_GMZDANZRGM2TCOA,1,1,1,False,https://sun1-89.userapi.com/dal0BWqh7Kxb8j4y-JdJ6PE-LbtywdhNE9oBKQ/lq35ez8_jeM.jpg
456239192,-220754053,LAB. Лаборатория музыки Антона Беляева. Вячеслав Бутусов,"Mir Supreme — ваш мир комфорта: https://clck.ru/35ELUS. Получайте кешбэк 7% в ресторанах, 10% за поездки в Ultima, 20% за билеты на «Аэроэкспресс» и доступ в бизнес-залы в путешествиях.

Все треки из выпусков «LAB. Лаборатория музыки Антона Беляева» слушай эксклюзивно в VK Музыке — https://music.vk.com/link/TgKX 

«Мелодия» Муслима Магомаева и «На берегу безымянной реки» группы Nautilus Pompilius — Вячеслав Бутусов в новом выпуске шоу «LAB. Лаборатория музыки Антона Беляева». Про любимую музыку, перемены в творчестве и будущие проекты — смотри эксклюзивно в VK Видео. 

Таймкоды:
00:00 — «Мелодия» – Муслим Магомаев
04:40 — вдохновение в творчестве других исполнителей
08:04 — «Мелодия» – почему именно эта песня?
10:05 — какую музыку слушает Вячеслав Бутусов
13:36 — что осталось за кадром LAB’a
15:53 — песня, без которой вы не представляете свою жизнь? (блиц)
17:41 — работа над новой музыкой
19:41 — создание композиций для кино и театра
21:11 — принять ситуацию или пытаться решить? (блиц)
21:48 — как появилась песня «На берегу безымянной реки» 
24:03 — «На берегу безымянной реки» в новой аранжировке 

Смотри это и другие шоу VK Видео Originals в сообществе VK Видео — https://vk.com/vkvideo",1689,1691471606,3911310,359,13023,3120,https://vk.com/video_ext.php?oid=-220754053&id=456239192&hash=8f77a29fbfd8788f&__ref=vk.admin_android&api_hash=174060684378c0174bc3e5121f3d_GMZDANZRGM2TCOA,1,1,1,False,https://sun1-16.userapi.com/4ExIpoFgFeQdGICryHP8ONQjdMkqq2KzM5Ru5A/Arv3tbMBP7w.jpg
456239193,-220754053,LAB. Лаборатория музыки Антона Беляева. Вячеслав Бутусов. Тизер,"«Мелодия» Муслима Магомаева и «На берегу безымянной реки» группы Nautilus Pompilius — Вячеслав Бутусов в новом выпуске шоу «LAB. Лаборатория музыки Антона Беляева». Про любимую музыку, перемены в творчестве и будущие проекты — смотри эксклюзивно в VK Видео.",59,1691485645,112096,17,597,104,https://vk.com/video_ext.php?oid=-220754053&id=456239193&hash=eb99b8bdbc410573&__ref=vk.admin_android&api_hash=1740606843220f2f546f402094fe_GMZDANZRGM2TCOA,1,1,1,False,https://i.mycdn.me/getVideoPreview?id=4985149262397&idx=3&type=39&tkn=KFqQ1KqSO2b4vizZG1V8EVyOVIc&fn=vid_s
456239190,-220754053,LAB. Рома Зверь — «Южная ночь»,,181,1690882179,994215,52,1841,560,https://vk.com/video_ext.php?oid=-220754053&id=456239190&hash=0414ab272a397590&__ref=vk.admin_android&api_hash=1740606843e18457340cd0e04b93_GMZDANZRGM2TCOA,1,1,1,False,https://sun1-27.userapi.com/2pfu4mmkNLvUR2ucTHO0wR0uXRZJeS6IN3PobQ/2M6uhPQjbww.jpg
456239189,-220754053,LAB. Рома Зверь — «Про дурачка»,,207,1690881738,1426805,251,7024,2466,https://vk.com/video_ext.php?oid=-220754053&id=456239189&hash=39a84898f2aef592&__ref=vk.admin_android&api_hash=17406068437a5e3381a604d0b6b3_GMZDANZRGM2TCOA,1,1,1,False,https://sun1-54.userapi.com/SYOUeRkrLdR-MfExUJpPaxz82GrbfkjC3FJxyg/9RBWkPZwBz0.jpg
456239182,-220754053,Сессия. Ёлка,"В заключительном выпуске первого сезона шоу “Сессия” Елизавета Иванцив (Ёлка) делится откровениями по поводу депрессивных моментов в жизни, низкой самооценки, перфекционизма и самокритики, рассуждая о том, как она справляется с вызовами судьбы.

В разговоре с Дмитрием Дибровым Елизавета рассказывает про свой бунтарский характер, альтер эго ЯАVЬ и терапевтический эффект, который она испытывает при перевоплощении в этот образ.

В конце программы Ёлка исполнит трек “Нечего терять”, подводя черту под откровенной беседой. Эксклюзивно в VK Видео.

Таймкоды:
00:00 – Начало выпуска
00:26 – Психологическое досье
01:36 – Гипотезы диагнозов
01:48 – Начало сессии
02:11 – Пришла в терапию из-за низкой самооценки
04:14 – Что Елизавета вкладывает в тексты
04:58 – Комментарий психотерапевта
05:19 – Закрытый и ранимый ребенок
06:39 – Бунтарский характер в юности
08:12 – Школа – самый травмирующий опыт
10:02 – Польза терапии на личном опыте
11:42 – Комментарий психотерапевта
12:01 – Развод родителей
14:45 – Комментарий психотерапевта
15:02 – Психологический эксперимент “Машина времени”
18:51 – Психологический эксперимент “Обращение к дедушке и отцу”
21:16 – Написание стихов в детстве на фоне безответной любви
22:15 – Комментарий психотерапевта
22:34 – Погоня за своим недостижимым идеалом и неуверенность в себе
22:14 – Написание песен
26:15 – Комментарий психотерапевта
26:34 – Ревность к своему творчеству
27:27 – Комментарий психотерапевта
27:48 – Сравнение Ёлки с другими артистами
30:46 – Комментарий психотерапевта
31:07 – Альтер эго ЯАVЬ и депрессивные моменты в жизни
37:16 – Комментарий психотерапевта
37:37 – Счастье и задачи перед собой
39:20 – Психологический прием “Обращение к себе маленькой”
40:49 – Песня “Нечего терять”
45:02 – Психологическое заключение

Смотри это и другие шоу VK Видео Originals в сообществе VK Видео — https://vk.com/vkvideo",2785,1690444984,2896679,120,3794,1657,https://vk.com/video_ext.php?oid=-220754053&id=456239182&hash=954a3206f7a97606&__ref=vk.admin_android&api_hash=174060684348bc5a5fa59db9ba74_GMZDANZRGM2TCOA,1,1,1,False,https://sun1-91.userapi.com/iqbrDF4ra40I5XL475cLywwe-DN-NRS1V90J8w/B9v5QQHFl-g.jpg
456239184,-220754053,Ёлка. Нечего терять,,267,1690452381,356162,35,898,178,https://vk.com/video_ext.php?oid=-220754053&id=456239184&hash=01353376c48df78f&__ref=vk.admin_android&api_hash=1740606843e91db58d31a178e3a3_GMZDANZRGM2TCOA,1,1,1,False,https://sun1-88.userapi.com/Ed1X9l42XH3_AaTJCDanqtFuaxoBCJ4cFRZCTw/8b73CkZuhW0.jpg
456239183,-220754053,Сессия. Ёлка. Тизер,"В заключительном выпуске первого сезона шоу «Сессия» Елизавета Иванцив (Ёлка) делится откровениями по поводу депрессивных моментов в жизни, низкой самооценки, перфекционизма и самокритики, рассуждая о том, как она справляется с вызовами судьбы.

В разговоре с Дмитрием Дибровым Елизавета рассказывает про свой бунтарский характер, альтер эго ЯАVЬ и терапевтический эффект, который она испытывает при перевоплощении в этот образ.

В конце программы Ёлка исполнит трек «Нечего терять», подводя черту под откровенной беседой. Эксклюзивно в VK Видео.",46,1690447024,52426,4,165,28,https://vk.com/video_ext.php?oid=-220754053&id=456239183&hash=e5f4808be3ddf9b5&__ref=vk.admin_android&api_hash=1740606843d5d119606881c31f77_GMZDANZRGM2TCOA,1,1,1,False,https://i.mycdn.me/getVideoPreview?id=5166233619084&idx=7&type=39&tkn=BslDwQAyudI7Pn0SWkTbE6TflUE&fn=vid_s
456239174,-220754053,LAB. Лаборатория музыки Антона Беляева. Рома Зверь,"Все треки из выпусков «LAB. Лаборатория музыки Антона Беляева» слушай эксклюзивно в VK Музыке — https://music.vk.com/link/TgKX

«Южная ночь» группы «Звери» и «Про дурачка» Егора Летова — Рома Зверь в новом выпуске шоу «LAB. Лаборатория музыки Антона Беляева». Про начало творческого пути, группу «Звери» и секреты создания музыки — смотри эксклюзивно в VK Видео. 

Звери • Лето • Любовь
26 августа @ ВТБ Арена (МСК)
1 сентября @ Газпром Арена (СПБ)
Билеты на https://zve.ru 

Therr Maitz • Концерты
29 июля @ Акустика счастья (СПБ)
30 июля @ Chess&Jazz (МСК)
Билеты на https://therrmaitz.ru

Таймкоды:
00:00 — «Южная ночь» в новой аранжировке 
03:03 — как появилась «Южная ночь»
04:50 — как изменился подход к написанию песен 
07:58 — какой из собственных хитов надоел Роме Зверю
10:58 — 20 лет группе «Звери»
12:50 — что осталось за кадром LAB’a
14:47 — первый Олимпийский
16:26 — лучшая песня для красивого заката? (блиц)
17:19 — лучшие стадионные концерты, на которых был Рома Зверь
20:02 — любимые русские исполнители 
21:55 — про исполнение чужих песен 
22:57 — «Про дурачка» – почему именно эта песня?
24:18 — «Про дурачка» – Егор Летов 

Смотри это и другие шоу VK Видео Originals в сообществе VK Видео",1658,1690261480,3982950,339,11541,3095,https://vk.com/video_ext.php?oid=-220754053&id=456239174&hash=9dff338a6fccef39&__ref=vk.admin_android&api_hash=17406068432ddd3b08afcd7b4b9b_GMZDANZRGM2TCOA,1,1,1,False,https://sun1-55.userapi.com/Xj06cu4Hx391ZjmUfbR-XH9HNY1RewOYQYiiSQ/Uz6FB65O1OQ.jpg
456239175,-220754053,LAB. Лаборатория музыки Антона Беляева. Рома Зверь,"«Южная ночь» группы «Звери» и «Про дурачка» Егора Летова — Рома Зверь в новом выпуске шоу «LAB. Лаборатория музыки Антона Беляева». Про начало творческого пути, группу «Звери» и секреты создания музыки — смотри эксклюзивно в VK Видео.",51,1690272715,86657,6,559,62,https://vk.com/video_ext.php?oid=-220754053&id=456239175&hash=c9bc353cf00e85ed&__ref=vk.admin_android&api_hash=1740606843fd99139b26f40be93f_GMZDANZRGM2TCOA,1,1,1,False,https://i.mycdn.me/getVideoPreview?id=4837679565440&idx=2&type=39&tkn=e-Kflm4KZOXQfEt19d7CQ-ZCNW4&fn=vid_s
456239169,-220754053,Сессия. Lovv66,"В новом выпуске шоу «Сессия» Иван Шабашов (Lovv66) откровенно делится историями об утрате матери, поиске недостающих пазлов жизни в наркотической зависимости, а также о многочисленных побегах из рехаба и проблемах, связанных с этим.

Дмитрий Дибров вместе с Иваном погружается в детали жизни и становления артиста, поднимая вопросы заимствования в творчестве и разбирая тексты песен, которые отражают ситуации из разных возрастных периодов и связанные с ними эмоции и чувства.

В конце программы Lovv66 исполняет лайв версию своего трека «МАЙ МАЙ». Смотрите эксклюзивно в VK Видео.

Таймкоды:
00:00 — Начало выпуска
00:26 — Психологическое досье
01:20 — Гипотезы диагнозов
01:32 — Начало сессии
02:12 — Отношения со сверстниками
04:10 — Выгнали из школы из-за проблем с наркотиками
07:15 — Комментарий психотерапевта
07:37 — Потеря матери и злоупотребление веществами
11:35 — Комментарий психотерапевта
11:57 — Последний разговор с матерью
13:32 — Отрицание смерти матери
14:29 — Психологический прием «Обращение к матери»
15:41 — События прошлого, влияющие на жизнь сейчас 
17:00 — Как зарабатывал деньги
18:46 — Кредитомания
20:02 — Комментарий психотерапевта
20:24 — Воспитание со стороны отца
21:43 — Первые посещения рехаба
24:00 — Комментарий психотерапевта
24:19 — Отношения с отцом
27:04 — «Чем умнее человек, тем умнее его зависимость»
29:32 — Комментарий психотерапевта
29:52 — Копирование чужих песен
32:19 — Секс в творчестве Lovv66
33:52 — Комментарий психотерапевта
34:18 — Травмирующий опыт первой любви
36:04 — Эффект бабочки
37:29 м Женщины в творчестве Lovv66
39:07 — Татуировки это фотоальбом
40:52 — Комментарий психотерапевта
41:15 — Синдром самозванца
43:17 — Комментарий психотерапевта
43:39 — Предательство и дружба
45:18 — Комментарий психотерапевта
45:45 — Интересная жизнь – соответствующая музыка
46:31 — Психологический прием «Обращение к себе в прошлом и будущем»
49:08 — Песня «МАЙ МАЙ»
51:00 — Психологическое заключение

Смотри это и другие шоу VK Видео Originals в сообществе VK Видео — https://vk.com/vkvideo",3133,1689837960,2871671,59,4119,2909,https://vk.com/video_ext.php?oid=-220754053&id=456239169&hash=58af31957ab3b6c1&__ref=vk.admin_android&api_hash=1740606843b8c7763ebbb54dc159_GMZDANZRGM2TCOA,1,1,1,False,https://sun1-21.userapi.com/WnbU2qy0nZvSVcff0vipNzVk3mk8diKogpycpw/4P2qwUBs61E.jpg
456239172,-220754053,Lovv66. МАЙ МАЙ,,125,1689849016,185385,22,499,111,https://vk.com/video_ext.php?oid=-220754053&id=456239172&hash=cedb3d8fc6ee9f80&__ref=vk.admin_android&api_hash=1740606843b7206d0d81105cb1fd_GMZDANZRGM2TCOA,1,1,1,False,https://sun1-91.userapi.com/diknX9hozoSpVd9P-u1T70pMjtjGWPEGVQ4LyQ/XTQ8ew8oEKw.jpg
456239171,-220754053,Сессия. Lovv66. Тизер,"В новом выпуске шоу «Сессия» Иван Шабашов (Lovv66) откровенно делится историями об утрате матери, поиске недостающих пазлов жизни в наркотической зависимости, а также о многочисленных побегах из рехаба и проблемах, связанных с этим.

Дмитрий Дибров вместе с Иваном погружается в детали жизни и становления артиста, поднимая вопросы заимствования в творчестве и разбирая тексты песен, которые отражают ситуации из разных возрастных периодов и связанные с ними эмоции и чувства.

В конце программы Lovv66 исполняет лайв версию своего трека «МАЙ МАЙ». Смотрите эксклюзивно в VK Видео.",33,1689839614,417875,11,81,17,https://vk.com/video_ext.php?oid=-220754053&id=456239171&hash=87c9b0603ec61865&__ref=vk.admin_android&api_hash=1740606843dee17b62d261129e66_GMZDANZRGM2TCOA,1,1,1,False,https://i.mycdn.me/getVideoPreview?id=4823217670820&idx=10&type=39&tkn=O-nYA6Qn56_RTyySQkSpmJz8mJ8&fn=vid_s
456239167,-220754053,LAB. Азамат Мусагалиев — «Ничего не говори»,,232,1689675111,2167480,568,14225,4809,https://vk.com/video_ext.php?oid=-220754053&id=456239167&hash=83a2e4079af511eb&__ref=vk.admin_android&api_hash=1740606843a5d8ae1caec4d7de9b_GMZDANZRGM2TCOA,1,1,1,False,https://sun1-98.userapi.com/u8dWbmvan8JM3-T_MUcDj1VZlvLgAefI0DtBwA/DZR4b0KP57Q.jpg
456239166,-220754053,LAB. Азамат Мусагалиев — «Фантазер»,,260,1689674095,1927949,429,13599,5653,https://vk.com/video_ext.php?oid=-220754053&id=456239166&hash=b065060dc4aec110&__ref=vk.admin_android&api_hash=17406068439f7977d1ae2ebb7d4c_GMZDANZRGM2TCOA,1,1,1,False,https://sun1-28.userapi.com/jUnait1q9iJuE15Z6qSdt8_fSGTvh9lpcmXPtA/Rl45-1s95hQ.jpg
456239163,-220754053,"КСТАТИ #8 - Харламов, Мусагалиев, Дорохов, Никита Ефремов, Александр Ревва, КликКлак","Восьмой выпуск шоу «Кстати». Дорох точно был последний раз, он скандалил и ругался на соведущих, ну короче сами увидите, когда посмотрите. Гостями восьмого выпуска стали: многоликий Александр Ревва, успешный Никита Ефремов (который Nikita Efremov, не актер) а также безумные трезвенники из КЛИККЛАК — Эльдар Джарахов, Андрей Старый, Андрей Прокофьев и Александр Быков.

Таймкоды:
0:00 — Начинаем восьмой выпуск «Кстати»
01:06 — Главная новость лета и важный анонс для всех зрителей «Кстати»
03:17 — Первый гость. Александр Ревва
05:34 — Обалдеваем от успешности Артура Пирожкова
08:04 — Как стать красивым? Рецепт Александра Реввы
10:17 — Блиц-опрос. Где заканчивается Ревва и начинается Пирожков?
15:00 — Когда ждать нового юмора от Реввы
17:10 — Второй гость. Павел Воля
18:10 — Третий гость. Никита Ефремов
19:35 — Чем занимается Никита Ефремов (который не актер, а другой)
21:35 — Сколько именных бизнес-проектов в мире
22:11 — Говорим о шоу NE SHOPPING Никиты Ефремова
23:10 — Почему зародился культ кроссовок и какие из них самые дорогие
24:54 — Как Лещенко и Винокур крокодиловые туфли в США покупали
26:42 — Четвертые гости. Эльдар Джарахов, Андрей Старый, Андрей Прокофьев и Александр Быков, а вместе они – КЛИККЛАК
29:16 — Новые проекты КЛИККЛАК – Офисные игры и КЛИККЛАК на СТС
32:20 — О музыкальных релизах Джарахова и Прокофьева
33:40 — Как весь КЛИККЛАК бросил бухать
34:20 — Викторина по раннему творчеству Эльдара Джарахова
37:46 — Анонсируем «Крысиные Бега 2»
38:26 — «Кажется нащупал» на шоу «Кстати»
45:10 — Купание обезьяны в теплой воде – «Сердце и Гондоны»

Смотри это и другие шоу VK Видео Originals в сообществе VK Видео — https://vk.com/vkvideo",2994,1689368890,12298682,1599,29725,5565,https://vk.com/video_ext.php?oid=-220754053&id=456239163&hash=bd5fc6d7bbfc57dd&__ref=vk.admin_android&api_hash=174060684345e9b3f76e08da39f5_GMZDANZRGM2TCOA,1,1,1,False,https://sun1-17.userapi.com/s5W_gwvhEXN9YqcFUD-b4UspuMpmE3F6-8LOaw/etmGUJ5brtQ.jpg
456239165,-220754053,"КСТАТИ #8 - Харламов, Мусагалиев, Дорохов, Никита Ефремов, Александр Ревва, КликКлак. Тизер","Восьмой выпуск шоу «Кстати». Дорох точно был последний раз, он скандалил и ругался на соведущих, ну короче сами увидите, когда посмотрите. Гостями восьмого выпуска стали: многоликий Александр Ревва, успешный Никита Ефремов (который Nikita Efremov, не актер) а также безумные трезвенники из КЛИККЛАК — Эльдар Джарахов, Андрей Старый, Андрей Прокофьев и Александр Быков.",76,1689386002,77190,1,69,11,https://vk.com/video_ext.php?oid=-220754053&id=456239165&hash=d0d6228c02e91e0d&__ref=vk.admin_android&api_hash=174060684348ded77ff8b7300f9c_GMZDANZRGM2TCOA,1,1,1,False,https://i.mycdn.me/getVideoPreview?id=4931417606665&idx=6&type=39&tkn=1T6ekuhbX9ldfSd3wweEwtgmryE&fn=vid_s
456239159,-220754053,Сессия. Денис Кукояка,"В шестом выпуске шоу «Сессия» Денис Кукояка встречается со своими страхами лицом к лицу, разбирая триггерные эпизоды из жизни и исследуя причины панических атак, что даже заставило его взять паузу во время съемок и перевести дыхание. 

Дмитрий Дибров в диалоге с Денисом углубляется в анализ творчества группы «ХЛЕБ», выясняя, какие внутренние переживания скрывает артист за юмором, а также как он проецирует отношения и тяжелую сепарацию с родителями на близких людей. В конце программы герой исполнит трек группы ХЛЕБ — The End. 

ТАЙМКОДЫ:

00:00 — Начало выпуска
00:27 — Психологическое досье
01:24 — Гипотезы диагнозов
01:39 — Начало сессии
02:15 — Инфантилизм и туалетный юмор в творчестве Дениса и группы ХЛЕБ
04:00 — Комментарий психотерапевта
04:19 — Отношение родителей к образу Дениса
05:35 — Грязный юмор – способ привлечь внимание мамы
07:06 — Воспоминания о родителях из детства и отсутствие ощущения семьи
09:54 — Комментарий психотерапевта
10:14 — Проблемы с внутренним взрослым
11:18 — Возраст внутреннего ребенка Дениса и одиночество в первом классе
13:14 — Комментарий психотерапевта
13:33 — Своими песнями Денис прошелся по дну
15:43 — Комментарий психотерапевта
15:55 — Панические атаки
16:47 — Черный юмор помогает пережить тревоги
19:30 — Комментарий психотерапевта
19:52 — Сентиментальность и слезы – высвобождение эмоций
21:09 — Причины депрессии
22:14 — Комментарий психотерапевта
22:34 — Агорафобия
24:26 — Музыка это дружба
26:15 — Комментарий психотерапевта
26:32 — Друзья из группы ХЛЕБ
28:31 — Подобие соратников образам родителей
31:39 — Комментарий психотерапевта
32:00 — Чувство вины и забота о маме
34:20 — Комментарий психотерапевта
34:44 — Страх вернуться к тому, с чего начинал
37:24 — Наркотики и криминал обошли стороной
38:03 — Комментарий психотерапевта
38:22 — Страх потерять жену как одна из причин панических атак
40:31 — Созависимые отношения
41:52 — Комментарий психотерапевта
42:10 — Дочь – друг по возрасту для внутреннего ребенка?
44:20 — Комментарий психотерапевта
44:42 — Реализация амбиций за счет дочери
46:10 — Страх за дочь и ее отношения со сверстниками
48:23 — Психологический прием «Обращение к 18-ти летней дочери»
49:35 — Песня «The End»
52:13 — Психологическое заключение

Смотри это и другие шоу VK Видео Originals в сообществе VK Видео — https://vk.com/vkvideo",3209,1689232473,2901043,210,7977,6570,https://vk.com/video_ext.php?oid=-220754053&id=456239159&hash=abfac1057f70052a&__ref=vk.admin_android&api_hash=174060684341b0179462741809b7_GMZDANZRGM2TCOA,1,1,1,False,https://sun1-27.userapi.com/WbSLyu3K1Ma6bJO0ksG3Yp-6C4NQ6Xdd3s7LFQ/fQ0Suo9wmZ8.jpg
456239162,-220754053,ХЛЕБ. THE END,,175,1689247784,707606,34,1201,163,https://vk.com/video_ext.php?oid=-220754053&id=456239162&hash=de0e2f03609fb3df&__ref=vk.admin_android&api_hash=1740606843591f6847537480cd64_GMZDANZRGM2TCOA,1,1,1,False,https://sun1-13.userapi.com/H8XPLNzSxHazcOl-DS2_iLrzR3Q26fNYxz-SJQ/2-lhFhOHdTg.jpg
456239160,-220754053,Сессия. Денис Кукояка. Тизер,"В шестом выпуске шоу “Сессия” Денис Кукояка встречается со своими страхами лицом к лицу, разбирая триггерные эпизоды из жизни и исследуя причины панических атак, что даже заставило его взять паузу во время съемок и перевести дыхание.",39,1689235450,79535,1,166,33,https://vk.com/video_ext.php?oid=-220754053&id=456239160&hash=c9f1d91a14144cfc&__ref=vk.admin_android&api_hash=1740606843be12a1a6dbccd82441_GMZDANZRGM2TCOA,1,1,1,False,https://i.mycdn.me/getVideoPreview?id=5092384049900&idx=11&type=39&tkn=YvfJEMWnIMcPMVaXuQM5KNjvuZk&fn=vid_s
456239156,-220754053,LAB. Лаборатория музыки Антона Беляева. Азамат Мусагалиев,"Закажите бесплатную Альфа-Карту с кэшбэком до 100% каждый месяц. В июле дополнительно 10% на супермаркеты: https://alfa.me/hrcdTT

Все треки из выпусков «LAB. Лаборатория музыки Антона Беляева» слушай эксклюзивно в VK Музыке — https://music.vk.com/link/TgKX

«Ничего не говори» группы Рок-Oстрова и «Фантазер» Ярослава Евдокимова — Азамат Мусагалиев в новом выпуске шоу «LAB. Лаборатория музыки Антона Беляева». О любови к музыке, гастролях с КВН и воспоминаниях из детства — смотри эксклюзивно в VK Видео. 

Therr Maitz • Концерты
29 июля @ Акустика счастья (СПБ)
30 июля @ Chess&Jazz (МСК)
Билеты на https://therrmaitz.ru

Таймкоды:
00:00 — «Ничего не говори» – Рок-Oстрова
04:00 — почему именно эта песня?
05:41 — первая гитара
08:12 — есть ли амбиции стать серьезным музыкантом?
09:25 — «С днём рождения, Азамат!» – что осталось за кадром LAB’a
11:44 — лучшая песня, чтобы успокоить Дорохова? (блиц)
15:59 — песня, под которую Азамат плакал полчаса
16:55 — можно ли гастроли КВН сравнить с турами рок-звезд?
17:38 — известность – дар или ноша?
17:51 — Камызяк или Нью-Йорк? (блиц)
19:00 — про песню «Фантазер» и концерт Ярослава Евдокимова
22:54 — «Фантазер» – Ярослав Евдокимов

Смотри это и другие шоу VK Видео Originals в сообществе VK Видео — https://vk.com/vkvideo",1642,1689056030,4361053,658,19537,5443,https://vk.com/video_ext.php?oid=-220754053&id=456239156&hash=0b9a2b78a0b81bcb&__ref=vk.admin_android&api_hash=17406068434f4385a7bcfd5d50af_GMZDANZRGM2TCOA,1,1,1,False,https://sun1-96.userapi.com/4c966MxzvzNhUkWuADRqVElKOfjzPIbsuCLSRQ/5h35DAkSTZk.jpg
456239158,-220754053,LAB. Лаборатория музыки Антона Беляева. Азамат Мусагалиев. Тизер,"«Ничего не говори» группы Рок-Oстрова и «Фантазер» Ярослава Евдокимова — Азамат Мусагалиев в новом выпуске шоу «LAB. Лаборатория музыки Антона Беляева». О любови к музыке, гастролях с КВН и воспоминаниях из детства — смотри эксклюзивно в VK Видео.",54,1689058519,142985,26,1593,209,https://vk.com/video_ext.php?oid=-220754053&id=456239158&hash=0f3f55496017de49&__ref=vk.admin_android&api_hash=17406068435749ac5131d97bfda5_GMZDANZRGM2TCOA,1,1,1,False,https://i.mycdn.me/getVideoPreview?id=5112245389936&idx=2&type=39&tkn=L_FKaLkjt43KStEZAM8Pkw6kVdg&fn=vid_s
456239154,-220754053,"ОФИСНЫЕ ИГРЫ КликКлак 1 СЕЗОН 6 СЕРИЯ: Джарахов, SQWOZ BAB, Сатир, Прокофьев, Старый","«Офисные игры» — это юмористическое, развлекательное шоу, в котором Сатир, Прокофьев, Старый и Марат SQWOZ BAB станут стажёрами обычного московского офиса. Им предстоит выполнить дурацкие, смешные и безумные челленджи, которые для них подготовил Эльдар Джарахов. 

Финальный выпуск Офисных игр! Это самый настоящий корпоратив! Стажёры пытались осушить бокал, надеть трусы и найти компьютерные мыши. Кто же в итоге победил, и что ему за это будет, смотрите в заключительной серии 1 сезона!

Таймкоды:
00:00 — Эльдар объявляет начало корпоратива!
00:58 — Почему Сатир торопится напиться?
01:55 — «Осуши Бокал»
05:50 — Минутка юмора
06:30 — «Бег в трусах»
11:25 — На что сотрудники скидывались всем офисом?
12:46 — «Полевые мыши»
17:19 — Подводим итоги стражировки
20:23 — Счастливый победитель едет в Сочи!
21:19 — Разносим офис

Эльдар Джарахов
https://vk.com/rocknrofl 
Саня Быков
https://vk.com/bboysansay
Андрей Старый
https://vk.com/stariyx
Андрюша Прокофьев
https://vk.com/prok_kok 
Илья Satyr Шабельников
https://vk.com/satyrchannel 
Марат SQWOZ BAB
https://vk.com/sqwozbab

Смотри это и другие шоу VK Видео Originals в сообществе VK Видео — https://vk.com/vkvideo",1320,1688974525,4171260,67,5456,1136,https://vk.com/video_ext.php?oid=-220754053&id=456239154&hash=3bb90257a4d55c26&__ref=vk.admin_android&api_hash=1740606843db598f8649af3e3739_GMZDANZRGM2TCOA,1,1,1,False,https://sun1-16.userapi.com/d4ZJXtjx5CSb3g_kV-LYlzZ1JPYV4nfimqjHtA/xmfECn035A4.jpg
456239152,-220754053,"ОФИСНЫЕ ИГРЫ КликКлак #6: Джарахов, SQWOZ BAB, Сатир, Прокофьев, Старый. Тизер","Финальный выпуск Офисных игр! Это самый настоящий корпоратив! Стажёры пытались осушить бокал, надеть трусы и найти компьютерные мыши. Кто же в итоге победил, и что ему за это будет, смотрите в заключительной серии 1 сезона!",27,1688969440,14623,0,13,3,https://vk.com/video_ext.php?oid=-220754053&id=456239152&hash=2dc28a47d02f90c3&__ref=vk.admin_android&api_hash=1740606843c23e936861a14ca5b4_GMZDANZRGM2TCOA,1,1,1,False,https://i.mycdn.me/getVideoPreview?id=5089314933459&idx=7&type=39&tkn=oZrk_UrRbn6iXai6Zzxe4m5Kn80&fn=vid_s
456239147,-220754053,"КСТАТИ #7 - Харламов, Мусагалиев, Дорохов, Wylsacom, Павел Дедищев, LOVV66","Седьмой выпуск шоу «Кстати"" с Азаматом Харламовым. Ну и Денис Дорохов каким-то образом опять попал на съемки. Гостями седьмого выпуска стали: увлекающийся затратными хобби Wylsacom, культурно обогатившийся Павел Дедищев и сменивший жанр на «клубасик"" LOVV66

Насладитесь утонченным вкусом MacCoffee Cappuccino di Torino!
Купить на ОЗОН: https://ozon.ru/t/Y6Z6WDp

Реклама. ООО «ФЕС ПРОДУКТ». ИНН 5007049413. Erid: 2VtzqvZuFnc

Таймкоды:
0:00 — Начинаем седьмой выпуск «Кстати»
02:10 — Нужны ли россиянам таблетки от опьянения
03:31 — Как работает телепорт
05:30 — Новые цвета линий московского метро
08:30 — Антонио Тартуретти, Модесто Бертотто и Франческо Шоколатто – новые ведущие «Кстати»
10:15 — Первый гость. Wylsacom
12:42 — Первое появление Wylsacom на экранах 
14:44 — Сколько машин у Валентина
16:22 — Зачем Wylsacom тратит миллионы на виртуальных футболистов
17:27 — Нужно ли давать гаджеты детям
19:07 — Что лучше – iPhone или Android
29:50 — Второй гость. Павел Дедищев
31:30 — Как Павел столкнулся с миром современного театра
38:09 — Сколько семья Дедищевых потратила на постановку Богомолова
39:32 — Финальный вывод Павла о спектакле «Гамлет in Moscow»
41:38 — Третий гость. LOVV66
44:29 — Почему новый трек Ивана называется «МАЙ МАЙ»
47:00 — Самый бесячий вопрос к LOVV66 и что вообще значит «LOVV66»
50:00 — Как грешит Иван LOVV66
51:55 — LOVV66 – «Килиманджаро»

Смотри это и другие шоу VK Видео Originals в сообществе VK Видео — https://vk.com/vkvideo",3316,1688765552,13317402,1052,27565,6243,https://vk.com/video_ext.php?oid=-220754053&id=456239147&hash=b3ff86b29811e19f&__ref=vk.admin_android&api_hash=17406068435fdac05a04db260b8a_GMZDANZRGM2TCOA,1,1,1,False,https://sun1-93.userapi.com/VTmNn_5gPgGjhUvbeNgL8yQR-MtUi5daH-Uk0g/r8spg8sffcw.jpg
456239148,-220754053,"КСТАТИ #7 - Харламов, Мусагалиев, Дорохов, Wylsacom, Павел Дедищев, LOVV66. Тизер","Седьмой выпуск шоу «Кстати» с Азаматом Харламовым. Ну и Денис Дорохов каким-то образом опять попал на съемки. Гостями седьмого  выпуска стали: увлекающийся затратными хобби Wylsacom, культурно обогатившийся Павел Дедищев и сменивший жанр на «клубасик» LOVV66.",61,1688799880,122436,2,165,43,https://vk.com/video_ext.php?oid=-220754053&id=456239148&hash=f66d1d211b5fb8db&__ref=vk.admin_android&api_hash=174060684396fd0b4b1c84252612_GMZDANZRGM2TCOA,1,1,1,False,https://i.mycdn.me/getVideoPreview?id=4783757527557&idx=2&type=39&tkn=RLBtONAi1OMmDqrf0rAX6TMqY1k&fn=vid_s
456239139,-220754053,Сессия. INSTASAMKA,"Дарья Зотеева (INSTASAMKA) в новым выпуске шоу «Сессия» рассказала про то, как стеснялась финансового положения своей семьи, про переезд в Москву и буллинг со стороны новых одноклассников, а также про трудные взаимоотношения с отцом, с которым они закончили свое общение на эмоциональной ноте.

В интервью с Дмитрием Дибровым артистка откровенно говорит про критику в свой адрес, творческий образ и работу над ним вместе со своим мужем Олегом Moneyken, а также про пластическую хирургию, к которой неоднократно прибегала.

В заключение программы INSTASAMKA исполняет лайв версию своего трека Bestie. Смотрите эксклюзивно в VK Видео.

Таймкоды:
00:00 — Начало выпуска
00:27 — Психологическое досье
01:17 — Гипотезы диагнозов
01:32 — Начало сессии
02:02 — Про мнение окружающих и критику в свой адрес со школьного времени
04:57 — Комментарий психотерапевта
05:15 — Мама приходила в школу и разбиралась с одноклассниками
06:38 — Пример конфликта в школе
08:02 — Комментарий психотерапевта
08:15 — Про дорогой подарок и зависть
09:22 — Самый счастливый момент из детства
10:11 — Переезд в Москву 
11:40 — Стимул Даши зарабатывать и его связь с шопоголизмом
12:58 — Комментарий психотерапевта
13:19 — Мечта и трагедия всего детства
13:55 — Финансовое положение семьи Даши в детстве 
15:20 — Дружба с обеспеченными сверстниками 
16:46 — Старания родителей
18:29 — Возвращение в Тобольск из Москвы на перевоспитание
21:16 — Взаимоотношения с отцом и вещи, которые Даша не прощает
24:54 — Психологический прием «Обращение к отцу»
25:43 — Комментарий психотерапевта
25:59 — Неполная семья и стремление к получению образования
26:58 — Про работоспособность и развитие своих социальных сетей
28:26 — Комментарий психотерапевта
28:44 — Хайп на Инстасамку и начало музыкального пути с Олегом
31:30 — Недостатки Инстасамки, которые Даша хотела бы изменить
31:55 — Внешний вид Даши создается для образа Инстасамки
33:06 — Комментарий психотерапевта
33:33 — Пластическая хирургия и отношение к ней
34:21 — Участие Олега в образе Даши
36:32 — Комментарий психотерапевта
36:55 — Страх одиночества
37:45 — Ревность к младшей сестре
39:09 — Комментарий психотерапевта
39:28 — Воспитание детей
40:10 — Сарказм как осознанная часть творчества
41:32 — Психологический прием «Обращение к себе маленькой»
42:59 — Песня «Bestie»
45:36 — Психологическое заключение

*
Смотри это и другие шоу VK Видео Originals в сообществе VK Видео — https://vk.com/vkvideo",2821,1688620100,3362033,359,8248,5928,https://vk.com/video_ext.php?oid=-220754053&id=456239139&hash=daa5d6bbfa04dba4&__ref=vk.admin_android&api_hash=1740606843345c1fe92398360538_GMZDANZRGM2TCOA,1,1,1,False,https://sun1-15.userapi.com/lGXQryeN-4a82qYWlG9ier9hQovdolNH962kxQ/tgJB6ZuMyTc.jpg
456239142,-220754053,INSTASAMKA. Bestie,,171,1688637348,569758,54,452,128,https://vk.com/video_ext.php?oid=-220754053&id=456239142&hash=4838f306fa972eaa&__ref=vk.admin_android&api_hash=1740606843562c6ded426ab0a118_GMZDANZRGM2TCOA,1,1,1,False,https://sun1-84.userapi.com/itOz11mHRvIsxWPau3jGIWgvFeuQnu0no4ib_Q/4v16C1M8wt4.jpg
456239141,-220754053,Сессия. INSTASAMKA. Тизер,"Дарья Зотеева (INSTASAMKA) в новым выпуске шоу «Сессия» рассказала про то, как стеснялась финансового положения своей семьи, про переезд в Москву и буллинг со стороны новых одноклассников, а также про трудные взаимоотношения с отцом, с которым они закончили свое общение на эмоциональной ноте.",40,1688627152,77818,5,51,23,https://vk.com/video_ext.php?oid=-220754053&id=456239141&hash=922f7612b918f39d&__ref=vk.admin_android&api_hash=174060684348bd971d1652f9b39c_GMZDANZRGM2TCOA,1,1,1,False,https://i.mycdn.me/getVideoPreview?id=5031354763923&idx=0&type=39&tkn=YcPNpBBkUKhyfAOb6Op3ZGJRH_A&fn=vid_s
456239137,-220754053,Вписка у Маргулиса. Илья Фишерман,"Илья Фишерман поет на «йогуртовом» языке в лакированных ботинках и играет фанк с питерскими «фирмачами». В новом выпуске «ВПИСКИ» ST зачитывает рэп-куплет вместе с гостем, а Маргулис берет в руки бас-гитару. Все это и не только — смотрите в VK Видео!

Таймкоды:

00:00 – Начало
00:25 – «Вместе»
04:23 – Кто споет для нас сегодня
04:53 – Маргулис респектует живой музыке
06:04 – Музыка неширокого полета 
06:43 – «Шампанское» 
11:06 – Как Илья пришел в музыку 
12:09 – Что зазвучало в голове у ST
12:19 – Про поддержку родителей 
13:08 – Как было во времена Маргулиса
13:55 – «Мечтатели»
18:00 – Ожидания от первого альбома 
18:35 – Планируются ли фиты
19:16 – Куда ставить ударение в фамилии
19:36 – «Гитара»
23:00 – Фит с Маргулисом 
25:11 – «Где ты была?»
30:02 – Кто организовывает концерты
31:10 – Про концертный талисман 
32:08 – Чем трек-лист зацепил ST
32:46 – «Губы»
36:20 – Фит с ST
38:43 – Как звучит «йогуртовый» язык Фишермана
39:15 – Как создает музыку Маргулис
39:53 – Подарки из Санкт-Петербурга
42:16 – Илья идет петь «в народ»
42:40 –«Хорошо»",2980,1688536169,2483029,21,612,104,https://vk.com/video_ext.php?oid=-220754053&id=456239137&hash=b4f4ce9edd7ef974&__ref=vk.admin_android&api_hash=1740606843b24eedd6aa77b6fc89_GMZDANZRGM2TCOA,1,1,1,False,https://sun1-91.userapi.com/IKu3f0LgUs9fx1VnQ38DHzbaSSDw2bfqxvClmw/jYDJlhkwktg.jpg
456239138,-220754053,Вписка у Маргулиса. Илья Фишерман. Тизер,"Илья Фишерман поет на «йогуртовом» языке в лакированных ботинках и играет фанк с питерскими «фирмачами». В новом выпуске «ВПИСКИ» ST зачитывает рэп-куплет вместе с гостем, а Маргулис берет в руки бас-гитару. Все это и не только — смотрите в VK Видео!",47,1688544518,10908,0,16,1,https://vk.com/video_ext.php?oid=-220754053&id=456239138&hash=4dc7da6647d27ec7&__ref=vk.admin_android&api_hash=174060684307a8359823d385c22a_GMZDANZRGM2TCOA,1,1,1,False,https://i.mycdn.me/getVideoPreview?id=5044326959693&idx=10&type=39&tkn=ibRdklc4NKI6RKV9BARCnhpV-ms&fn=vid_s
456239135,-220754053,LAB. NILETTO — «Улыбка»,,211,1688465478,764186,79,2136,818,https://vk.com/video_ext.php?oid=-220754053&id=456239135&hash=9d409c5564b2f8fa&__ref=vk.admin_android&api_hash=17406068438bd67ba710dd79e535_GMZDANZRGM2TCOA,1,1,1,False,https://sun1-94.userapi.com/dbQEpd1y9EVWLZ2AHujopn52vGpsxmJwo_PgHA/6s8gw42StPc.jpg
456239134,-220754053,"LAB. NILETTO — «Очарована, околдована»",,290,1688464908,1047167,323,5854,2592,https://vk.com/video_ext.php?oid=-220754053&id=456239134&hash=538ba8843bff8438&__ref=vk.admin_android&api_hash=17406068438826ab0c785938dd0e_GMZDANZRGM2TCOA,1,1,1,False,https://sun1-56.userapi.com/MTZO8tO8TeouBme_5SbZGxhJsfUbjxDmUYpe8g/uD_BkuWF-SU.jpg
456239129,-220754053,"ОФИСНЫЕ ИГРЫ КликКлак 1 СЕЗОН 5 СЕРИЯ: Джарахов, SQWOZ BAB, Сатир, Прокофьев, Старый","“Офисные игры” - это юмористическое, развлекательное шоу, в котором Сатир, Прокофьев, Старый и Марат SQWOZ BAB станут стажёрами обычного московского офиса. Им предстоит выполнить дурацкие, смешные и безумные челленджи, которые для них подготовил Эльдар Джарахов. 

В этом выпуске Старый разбил камеру прямо во время съёмок! Сатир сел на бутылку, а Марата и Прокофьева облили болотной жижей! 
За всем этим и многим другим наблюдал Джарахов в новом выпуске ""Офисных игр""!

Таймкоды:
00:00 Время хороших новостей
01:04 Кто поможет Эльдару с офисной техникой?
01:44 «Высота»
07:27 Как рассмешить Сан Саныча?
08:01 «Кулернутые»
17:34 Куда пропал Эльдар?
18:24 «Промежуточная Аттестация»
28:59 Кто из стажеров самый умный?

Эльдар Джарахов
https://vk.com/rocknrofl 
Саня Быков
https://vk.com/bboysansay
Андрей Старый
https://vk.com/stariyx
Андрюша Прокофьев
https://vk.com/prok_kok 
Илья Satyr Шабельников
https://vk.com/satyrchannel 
Марат SQWOZ BAB
https://vk.com/sqwozbab",1813,1688331768,4121247,56,4590,1090,https://vk.com/video_ext.php?oid=-220754053&id=456239129&hash=6638b5aa647f1a23&__ref=vk.admin_android&api_hash=17406068436b5c19aeabafb4fcba_GMZDANZRGM2TCOA,1,1,1,False,https://sun1-89.userapi.com/f1CWHOMy2jgIXQTsqP0rEvQS6Iv81AzGK5KEEA/MkgueCOPUBc.jpg
456239131,-220754053,"ОФИСНЫЕ ИГРЫ КликКлак #5: Джарахов, SQWOZ BAB, Сатир, Прокофьев, Старый. Тизер","В этом выпуске Старый разбил камеру прямо во время съёмок! Сатир сел на бутылку, а Марата и Прокофьева облили болотной жижей! За всем этим и многим другим наблюдал Джарахов в новом выпуске «Офисных игр»!",27,1688368736,47220,2,60,14,https://vk.com/video_ext.php?oid=-220754053&id=456239131&hash=b8d357b65251b19d&__ref=vk.admin_android&api_hash=1740606843bb4b10bd3ca8652093_GMZDANZRGM2TCOA,1,1,1,False,https://i.mycdn.me/getVideoPreview?id=5108324829713&idx=1&type=39&tkn=I4Q_jfku8wQu_KbEhn9qERZr-Bs&fn=vid_s
456239124,-220754053,"КСТАТИ #6 - Харламов, Мусагалиев, Дорохов, Дмитрий Дибров, 10AGE, 2DROTS","Шестой выпуск шоу «Кстати» с Азаматом Харламовым. Ну и Денис Дорохов в каком-то смысле тоже ведёт это шоу. Гостями шестого выпуска стали: нестареющий и вечно модный Дмитрий Дибров, рассудительный 10age, футболисты команды 2DROTS — Эд, Крап и Богди, а также основатель МФЛ Николай Осипов.

Таймкоды: 

0:00 Начинаем шестой выпуск ""Кстати""
01:30 Подводим итоги лета (точнее итоги 24 июня)
02:17 Обращение к отдыхающим
03:28 Во время ЕГЭ россияне купили успокоительного на полмиллиарда
06:40 Маск vs. Цукерберг
08:36 КАПУСТОФЕЛЬ
12:42 Первые гости. 2DROTS и основатель МФЛ Николай Осипов
15:02 Как появилась команда 2DROTS
15:59 Финал МФЛ. 2DROTS - Родина Медиа
17:55 Обсуждаем рекорды медийного футбола
19:52 История встреч 2DROTS и ФК10
21:40 Сколько зарабатывают в 2DROTS?
23:08 Крап проспорил миллион рублей
25:24 Интеллектуальная футбольная викторина ""Блястяще!""
33:51 Второй гость. Дмитрий Дибров
35:19 Обсуждаем новое шоу Дмитрия ""Сессия""
37:21 Дмитрий Дибров признается в любви Instasamke
38:29 Возрождение ""Антропологии"" на Первом канале
40:32 Юлианна Караулова - новая ведущая ""Кто хочет стать миллионером?""
41:15 Как не сойти с ума и иметь силы на четыре брака?
42:56 Психологическая ""Сессия"" для Дмитрия Диброва
48:03 Третий гость. 10age
51:15 Первый слова Димы 10age в шоу ""Кстати""
52:54 Свежие треки Димы - ""Толер"" и ""Демоны""
54:12 Дима 10age принял очень важное для себя решение
56:59 Как поменялся Дима с момента выхода главных хитов
59:50 Как следить за своим телом и разумом
01:02:51 10age - Демоны",4000,1688158770,13586541,1467,31187,7518,https://vk.com/video_ext.php?oid=-220754053&id=456239124&hash=264fc84c81a2e296&__ref=vk.admin_android&api_hash=1740606843956a436defef981548_GMZDANZRGM2TCOA,1,1,1,False,https://sun1-95.userapi.com/X2Fc1IYbTFP8wFMfOmbQxmBQ79olmXEN_T1N0w/tmYqyI11TxQ.jpg
456239126,-220754053,"КСТАТИ #6 - Харламов, Мусагалиев, Дорохов, Дмитрий Дибров, 10AGE, 2DROTS. Тизер","Шестой выпуск шоу «Кстати» с Азаматом Харламовым. Ну и Денис Дорохов в каком-то смысле тоже ведёт это шоу. Гостями шестого выпуска стали: нестареющий и вечно модный Дмитрий Дибров, рассудительный 10age, футболисты команды 2DROTS — Эд, Крап и Богди, а также основатель МФЛ Николай Осипов.",49,1688195582,54799,2,45,7,https://vk.com/video_ext.php?oid=-220754053&id=456239126&hash=2dce034b7a374fb6&__ref=vk.admin_android&api_hash=174060684343d66613b7330ac71c_GMZDANZRGM2TCOA,1,1,1,False,https://i.mycdn.me/getVideoPreview?id=5112122968817&idx=1&type=39&tkn=5Ciz8xCHf2jd9T-I8MFLKmXdbu4&fn=vid_s
456239121,-220754053,Сессия. 10AGE,"В новом выпуске шоу «Сессия» Дмитрий Панов (10AGE) погружается в воспоминания о пройденном пути от «дебилушки из деревни» до миллионной аудитории, рассказывая про то, как родители потратили весь материнский капитал за пятерых детей на его неоконченное образование, про «синдром спасателя» в кругу задир и наркоманов родного поселка и непонимание своих целей в жизни.

На приеме у Дмитрия Диброва музыкант открывает для себя истинную природу своих панических атак, рассуждает про принятие негативных эмоций, а также впервые говорит о самом важном событии в его жизни с Анет Сай.

В конце программы 10AGE исполняет трек «Б.О.М.Ж.» в лайв формате. Смотрите эксклюзивно в VK Видео. 

Таймкоды:

00:00 — Начало выпуска
00:27 — Психологическое досье
01:24 — Гипотезы диагнозов
01:37 — Начало сессии
01:44 — Про значение своего псевдонима
02:33 — Отсутствие любопытства и скудная речь до 20 лет
04:41 — Комментарий психотерапевта
04:56 — «Дебилушка из деревни», на которого потратили материнский капитал за пятерых детей
08:29 — Причины панических атак и «синдром спасателя»
09:39 — Комментарий психотерапевта
09:55 — Сцена клипа в «Нету интереса» вдохновлена детством
10:47 — Ситуации, когда Дима доводил до слез
12:11 — Связь панических атак и принятия своих эмоций 
15:12 — Комментарий психотерапевта
15:28 — Злость на судьбу и родителей
16:43 — Патологическое желание врать и придуманные личности
17:28 — Комментарий психотерапевта
18:34 — Какие проблемы и почему сидят внутри?
20:45 — Комментарий психотерапевта
21:01 — Почему бросил университет? 
22:25 — Первые текста и треки
24:12 — Как появилась индивидуальность 10AGE
25:42 — Комментарий психотерапевта
25:58 — Шоу как способ привлечения внимания 
26:56 — Развитие таланта и поиск себя 
28:09 — Поиск человека рядом
30:10 — Встреча с Анет Сай
32:49 — Зависимые отношения
33:24 — Комментарий психотерапевта
33:56 — Гармония внутри и принятие женственности
35:27 — Комментарий психотерапевта
36:27 — Татуировки на теле 
37:13 — Почему Дима не женат?
38:44 — О самом важном событии в жизни с Анет Сай
42:02 — Перфекционизм и смыслы в творчестве
44:15 — Комментарий психотерапевта
45:45 — Если бы не жил в деревне, писал бы музыку?
46:57 — Психологический прием «Обращение к себе маленькому»
48:40 — Песня «Б.О.М.Ж»
52:13 — Психологическое заключение

*
Смотри это и другие шоу VK Видео Originals в сообществе VK Видео https://vk.com/vkvideo",3203,1688013592,2771850,97,3780,1722,https://vk.com/video_ext.php?oid=-220754053&id=456239121&hash=ced622c1fea50e7f&__ref=vk.admin_android&api_hash=1740606843966ae81706270346b3_GMZDANZRGM2TCOA,1,1,1,False,https://sun1-98.userapi.com/uLRPnqLr6r4_bP8TIbuOoFnm25HZGL2P65prRA/42638dtn78A.jpg
456239123,-220754053,10AGE. Б.О.М.Ж.,,227,1688033584,626265,40,588,186,https://vk.com/video_ext.php?oid=-220754053&id=456239123&hash=1ab9816fc25ae196&__ref=vk.admin_android&api_hash=1740606843ceab0d1f0f0f6b5b47_GMZDANZRGM2TCOA,1,1,1,False,https://sun1-90.userapi.com/ZWEb-o0mJeRUhr7oI0PhV4YKOAUqxAs9V_ijPA/UhswL2DP1XE.jpg
456239122,-220754053,Сессия. 10AGE. Тизер,"В новом выпуске шоу «Сессия» Дмитрий Панов (10AGE) погружается в воспоминания о пройденном пути от «дебилушки из деревни» до миллионной аудитории, рассказывая про то, как родители потратили весь материнский капитал за пятерых детей на его неоконченное образование, про «синдром спасателя» в кругу задир и наркоманов родного поселка и непонимание своих целей в жизни.

На приеме у Дмитрия Диброва музыкант открывает для себя истинную природу своих панических атак, рассуждает про принятие негативных эмоций, а также впервые говорит о самом важном событии в его жизни с Анет Сай.

В конце программы 10AGE исполняет трек «Б.О.М.Ж.» в лайв формате. Смотрите эксклюзивно в VK Видео.",59,1688024982,43195,1,59,15,https://vk.com/video_ext.php?oid=-220754053&id=456239122&hash=8412efc722a42960&__ref=vk.admin_android&api_hash=17406068431ec602395c058e1485_GMZDANZRGM2TCOA,1,1,1,False,https://i.mycdn.me/getVideoPreview?id=5031817382546&idx=6&type=39&tkn=9FaPQbBgYwtZiLH3whPJZ8PRtaU&fn=vid_s
456239118,-220754053,Вписка у Маргулиса. Зомб,"Как получить неформальное звание «мэра Барнаула» и дать 80 концертов за 92 дня? В новом выпуске «ВПИСКИ У МАРГУЛИСА» Зомб исполняет «культурный рэп» и наглядно доказывает, что его музыка объединяет сердца! Смотрите эксклюзивно в VK Видео.

Таймкоды

00:00 - Начало
00:27 - «Занят»
03:19 – То, что обожает ST
03:36 – «У тебя, оказывается, человеческая музыка»
03:59 – Как «Занят» попала в ротацию более 50-ти радиостанций
04:58 – О не совсем радийных треках
06:01 – Как рэперы запоминают тексты
06:15 – Про заграничных слушателей 
06:32 – На каких площадках выступал Зомб
08:31 - «Кто тебя обидел?»
11:42 – Что происходит на рэп-концертах
13:27 – Как менялась аудитория
14:30 – Проваливался ли под сцену Маргулис
15:26 – «По садовому»
18:07 – Поем всей «Впиской»
18:34 – ST определил тематику треков Зомба
19:43 – Сколько лет Зомб на сцене
20:05 – Про участие в рэп-баттлах
21:35 – Зомб из 2013 года
22:09 – «Панацея»
25:14 – Как Зомб увековечил песню в татуировке
27:14 – Пример молодым музыкантам 
27:41 – Какую песню увековечил бы в тату Маргулис
28:11 – Зачем нужны чарты
30:06 – «Босая»
33:10 – Представление команды
33:54 – Маргулис хвалит барабанщика
34:24 – Чем Зомб занимался раньше
35:59 – Как родители относятся к творчеству
36:54 – Почему Зомб остался в Барнауле
38:46 – «Даже не половина»
41:40 – Как «собираются» треки
42:45 - Сюрприз
45:07 - «Улетали птицами гордыми»",2950,1687929914,1504742,21,752,94,https://vk.com/video_ext.php?oid=-220754053&id=456239118&hash=3a3b311069bc57c4&__ref=vk.admin_android&api_hash=1740606843e7217c5a744c18cf55_GMZDANZRGM2TCOA,1,1,1,False,https://sun1-23.userapi.com/Ieo6WYVQg_D9QBW_g7K8S8vkcUWJFK6warYJoQ/lXl7k5fZlTM.jpg
456239119,-220754053,Вписка у Маргулиса. Зомб. Тизер,"Как получить неформальное звание «мэра Барнаула» и дать 80 концертов за 92 дня? В новом выпуске «ВПИСКИ У МАРГУЛИСА» Зомб исполняет «культурный рэп» и наглядно доказывает, что его музыка объединяет сердца! Смотрите эксклюзивно в VK Видео.",46,1687936577,9659,5,12,0,https://vk.com/video_ext.php?oid=-220754053&id=456239119&hash=257eedacd665d7a3&__ref=vk.admin_android&api_hash=174060684399224c3e3beaa56c69_GMZDANZRGM2TCOA,1,1,1,False,https://i.mycdn.me/getVideoPreview?id=5009178233580&idx=1&type=39&tkn=XYCHx34bimPbW6WQlWs8kYjwuB0&fn=vid_s
456239114,-220754053,LAB. Лаборатория музыки Антона Беляева. NILETTO,"Все треки из выпусков «LAB. Лаборатория музыки Антона Беляева» слушай эксклюзивно в VK Музыке — https://music.vk.com/link/TgKX

«Очарована, околдована» Михаила Звездинского и «Улыбка» из «Крошки Енота» — NILETTO в новом выпуске шоу «LAB. Лаборатория музыки Антона Беляева». О начале музыкальной карьеры, команде из Екатеринбурга и переменах в творчестве — смотри эксклюзивно в VK Видео. 

Therr Maitz • Концерты
29 июля @ Акустика счастья (СПБ)
30 июля @ Chess&Jazz (МСК)
Билеты на https://therrmaitz.ru

Таймкоды:
00:00 — «Очарована, околдована» – Михаил Звездинский
05:00 — насколько эта песня важна для NILETTO и его семьи 
05:48 — про альбом «КРИОЛИТ»
07:59 — лучшая песня о расставании? (блиц)
09:15 — когда впервые почувствовал тягу к музыке?
10:51 — про команду из Екатеринбурга
13:08 — что осталось за кадром LAB’a
14:53 — когда почувствовал, что стал большим артистом?
17:13 — Екатеринбург или Дубай? (блиц)
17:52 — «Улыбка» из «Крошки Енота» – почему именно эта песня?
20:20 — «Улыбка» – Клара Румянова & инструментальный ансамбль «Мелодия»

*
Смотри это и другие шоу VK Видео Originals в сообществе VK Видео https://vk.com/vkvideo",1428,1687847381,3503444,508,12819,3538,https://vk.com/video_ext.php?oid=-220754053&id=456239114&hash=2555594de0b33feb&__ref=vk.admin_android&api_hash=17406068439165c4d91708efdac0_GMZDANZRGM2TCOA,1,1,1,False,https://sun1-15.userapi.com/maHfh0RGAhmImL6-wDqgwyFqdvxYmDfA1g8Bgg/1T3r7oBuw4g.jpg
456239116,-220754053,LAB. Лаборатория музыки Антона Беляева. NILETTO. Тизер,"«Очарована, околдована» Михаила Звездинского и «Улыбка» из «Крошки Енота» — NILETTO в новом выпуске шоу «LAB. Лаборатория музыки Антона Беляева». О начале музыкальной карьеры, команде из Екатеринбурга и переменах в творчестве — смотри эксклюзивно в VK Видео.",53,1687848190,114283,14,509,88,https://vk.com/video_ext.php?oid=-220754053&id=456239116&hash=638980e04decc554&__ref=vk.admin_android&api_hash=174060684337e739de269f4279e4_GMZDANZRGM2TCOA,1,1,1,False,https://i.mycdn.me/getVideoPreview?id=4651923147389&idx=9&type=39&tkn=-mno3x3efGhrfU3uDAdddOTcmgg&fn=vid_s
456239113,-220754053,"КСТАТИ #5 — Харламов, Мусагалиев, Дорохов, Анатолий Сульянов, Ирина Горбачева, L'One","Пятый выпуск шоу «Кстати» с Азаматом Харламовым. Денис Дорохов снова каким-то образом просочился на съемки. Гостями пятого выпуска стали: ни на секунду не прекращающий делать свою работу Анатолий Сульянов, актриса Ирина Горбачева и экспериментальный L'One.

Новая коллекция от Бургер Кинг — это настоящее сырное безумие! 
Котлета Тильзитер в хрустящей золотистой панировке, соус Пармеджано и сырная булочка бриошь – и всё это в одном Тильзитер Кинг! А ведь есть еще Тильзитер Кинг с курицей и даже Тильзитер ролл. Пробуй прямо сейчас: https://clck.ru/34nr9W

Реклама.Рекламодатель — ООО «Бургер Рус», ОГРН 1097746274009
Erid: 2VtzqwovSr7

Таймкоды: 

0:00 — Начинаем пятый выпуск «Кстати»
00:41 — Гарик Харламов в 42 года узнает почему «сирень» так называется
01:28 — Мы переоделись
02:53 — Загадочное исчезновение одного из ведущих шоу «Кстати»
04:38 — Первый гость. Основатель Hardcore Fighting Анатолий Сульянов
06:23 — Почему была основана лига Hardcore Fighting Championship
10:20 — Когда Гарик Харламов последний раз дрался
11:18 — С кем будут бои ведущих «Кстати» на Epic Fighting
13:43 — Анонсируем большой турнир HFC 1 июля на ЦСКА Арене
14:34 — Игры закончились. Мусагалиев и Харламов против Маслякова и Маслякова-мл.
16:05 — Играем в «Будет ли нокаут?» с Анатолием Сульяновым
21:57 — Сколько нужно заплатить Дороху, чтобы он участвовал в боях HFC
23:56 — Новый альбом Басты – эксклюзивно на VK музыке
24:55 — Вторая гостья. Ирина Горбачева
27:08 — Обсуждаем премьеру фильма «Дыхание» с Ирой в главной роли
29:10 — Как Ирина работает над своим ментальным здоровьем
30:42 — Что такое «мула-бандха»
33:22 — Как идут съемки «Бременских музыкантов»
35:22 — Супервикторина «Звуки ртом»
46:57 — Третий гость. L'One
47:43 — Обсуждаем новый экспериментальный альбом Левана «Дом» 
49:56 — Почему вам нужно пойти на большие концерты L'One осенью
51:21 — Вспоминаем баскетбольные достижения Левана и продолжаем вечный спор о любимых играх ведущих и гостя
55:23 — L'One – Она одна

*
Смотри это и другие шоу VK Видео Originals в сообществе VK Видео https://vk.com/vkvideo",3560,1687758831,14229001,1642,35649,10233,https://vk.com/video_ext.php?oid=-220754053&id=456239113&hash=0f9a016624d888a1&__ref=vk.admin_android&api_hash=174060684394234bb9487b61627c_GMZDANZRGM2TCOA,1,1,1,False,https://sun1-57.userapi.com/tmKCzrUxrZpyq2UKgmD4pvQ7UqFP0VVLVrxSdw/q7AKHhRRYD8.jpg
456239108,-220754053,"ОФИСНЫЕ ИГРЫ КликКлак 1 СЕЗОН 4 СЕРИЯ: Джарахов, SQWOZ BAB, Сатир, Прокофьев, Старый","«Офисные игры» — это юмористическое, развлекательное шоу, в котором Сатир, Прокофьев, Старый и Марат SQWOZ BAB станут стажёрами обычного московского офиса. Им предстоит выполнить дурацкие, смешные и безумные челленджи, которые для них подготовил Эльдар Джарахов. 

В этом выпуске Сатир сел на кактус, Марат SQWOZ BAB раскрыл страшный секрет про Прокофьева, а Старый прокатился на сëрфе прямо в офисе! За всем этим и многим другим наблюдал Джарахов в новом выпуске «Офисных игр»!

Таймкоды:
00:00 — Пранк от стажёров
01:46 —«Сапёр»
11:35 — Даст ли Сан Саныч премию?
12:28 —«Забег по коробкам»
20:11 —«Кулерный сёрфинг»
27:05 — Где лучше – на Бали или в офисе?

Эльдар Джарахов
https://vk.com/rocknrofl 
Саня Быков
https://vk.com/bboysansay
Андрей Старый
https://vk.com/stariyx
Андрюша Прокофьев
https://vk.com/prok_kok 
Илья Satyr Шабельников
https://vk.com/satyrchannel 
Марат SQWOZ BAB
https://vk.com/sqwozbab

*
Смотри это и другие шоу VK Видео Originals в сообществе VK Видео https://vk.com/vkvideo",1667,1687729194,4065713,48,4901,1222,https://vk.com/video_ext.php?oid=-220754053&id=456239108&hash=af424c84ffda5be8&__ref=vk.admin_android&api_hash=17406068433355cb0289574ca242_GMZDANZRGM2TCOA,1,1,1,False,https://sun1-20.userapi.com/rkNH2xg_eQjEAb8Jnf4eC-E2m8Nwyx10VWZ9Qg/21pt3e1tLSs.jpg
456239112,-220754053,КСТАТИ #5. Тизер,"Пятый выпуск шоу «Кстати» с Азаматом Харламовым. Денис Дорохов снова каким-то образом просочился на съемки. Гостями пятого выпуска стали: ни на секунду не прекращающий делать свою работу Анатолий Сульянов, актриса Ирина Горбачева и экспериментальный L'One.",53,1687737964,96090,0,28,3,https://vk.com/video_ext.php?oid=-220754053&id=456239112&hash=125660523450c975&__ref=vk.admin_android&api_hash=17406068438333729eec8223455a_GMZDANZRGM2TCOA,1,1,1,False,https://i.mycdn.me/getVideoPreview?id=4769683999450&idx=0&type=39&tkn=xqZBbEKIBkDBmhQdnVA-Uz3PXfU&fn=vid_s
456239111,-220754053,"ОФИСНЫЕ ИГРЫ КликКлак #4: Джарахов, SQWOZ BAB, Сатир, Прокофьев, Старый. Тизер","«Офисные игры» — это юмористическое, развлекательное шоу, в котором Сатир, Прокофьев, Старый и Марат SQWOZ BAB станут стажёрами обычного московского офиса. Им предстоит выполнить дурацкие, смешные и безумные челленджи, которые для них подготовил Эльдар Джарахов. 

В этом выпуске Сатир сел на кактус, Марат SQWOZ BAB раскрыл страшный секрет про Прокофьева, а Старый прокатился на сëрфе прямо в офисе! За всем этим и многим другим наблюдал Джарахов в новом выпуске «Офисных игр»!",30,1687737731,23391,0,18,4,https://vk.com/video_ext.php?oid=-220754053&id=456239111&hash=26413efce66c22ce&__ref=vk.admin_android&api_hash=17406068438be8749eff8400a86b_GMZDANZRGM2TCOA,1,1,1,False,https://i.mycdn.me/getVideoPreview?id=4914437229303&idx=4&type=39&tkn=9SKp7Rm3C5juAnAY4dSpbJsRB2o&fn=vid_s
456239100,-220754053,Сессия. Чипинкос,"Амин Чипинкос в новом выпуске шоу «Сессия» обсуждает гипотезы о своей шизофрении, рассказывает про предательства со стороны друзей и детские травмы, ставшие триггерами на всю жизнь.

В интервью с Дмитрием Дибровым легенда гангста-рэпа впервые раскроет, почему он променял философию своего творчества на деньги, а в завершение программы исполнит символичный трек «За выгоду». Смотрите эксклюзивно в VK Видео. 

Таймкоды:

00:00 — Начало выпуска
00:27 — Психологическое досье
01:20 — Гипотезы диагнозов
01:34 — Начало сессии
02:09 — О рэп-игре и критериях хороших исполнителей
03:25 — Психическое здоровье Амина
04:12 — Комментарий психотерапевта
04:25 — О распорядке дня и образе жизни
05:34 — Школьные годы Амина
07:14 — Различия между рэпером и поэтом
07:52 — Про любовь и отношения
09:19 — Психологический приём «Обращение к бывшей девушке»
10:10 — Отношение к свадьбе и рождению детей
11:11 — Комментарий психотерапевта
11:37 — О своих именах
12:27 — Комментарий психотерапевта
12:35 — Отношения с отцом
15:40 — Кем работал, чтобы прокормить семью
16:26 — Отношение Амина к людям
17:30 — Комментарий психотерапевта
17:45 — Детские травмы и история про любимое домашнее животное
20:35 — Комментарий психотерапевта
21:23 — Про отношение к животным
22:44 — Одиночество – лучшее состояние
23:42 — Как создает творчество 
24:37 — Комментарий психотерапевта
24:50 — Недоверие ко всему миру
26:08 — Фотографии с коллегами по цеху и отношение к ним
27:00 — Съемки клипа Егора Крида
27:47 — Чипинкос предал свои идеалы и «свой рэп»?
29:45 — Идейный вдохновитель всей музыкальной сцены
31:33 — Женщины не должны быть в рэпе
31:54 — Комментарий психотерапевта
32:12 — Кумиры Чипинкоса
32:46 — Трудно ли быть Богом?
33:50 — Про любовь к своему миру
34:28 — Мавроди идеал человека 
34:52 — Комментарий психотерапевта
35:49 — Психологический приём «Обращение к кумиру»
36:53 — Про ложь и отношение к ней
37:22 — Существует ли в реальности менеджер Чипинкоса?
39:40 — Комментарий психотерапевта
40:50 — Психологический приём «Обращение к себе маленькому»
42:04 — Песня «За выгоду»
44:50 — Психологическое заключение

*
Смотри это и другие шоу VK Видео Originals в сообществе VK Видео https://vk.com/vkvideo",2770,1687409882,2735656,212,4263,1604,https://vk.com/video_ext.php?oid=-220754053&id=456239100&hash=c1f2b3030ee190d4&__ref=vk.admin_android&api_hash=17406068438f60bf3e2d93aac5d4_GMZDANZRGM2TCOA,1,1,1,False,https://sun1-92.userapi.com/5yPEU-HXiN320UmxgrPpU8w1OIV4aI21Gs16jQ/uD9BfAvVz3Y.jpg
456239103,-220754053,Чипинкос. За выгоду,,180,1687425398,550361,76,336,143,https://vk.com/video_ext.php?oid=-220754053&id=456239103&hash=14f003fe50578c44&__ref=vk.admin_android&api_hash=1740606843e7d6892608c9f83d24_GMZDANZRGM2TCOA,1,1,1,False,https://sun1-98.userapi.com/kdSgpInHQVhwHmwsObIY2DWNWeRJg2E4smD6tg/uD25bc5ckaw.jpg
456239102,-220754053,Сессия. Чипинкос. Тизер,"Амин Чипинкос в новом выпуске шоу «Сессия» обсуждает гипотезы о своей шизофрении, рассказывает про предательства со стороны друзей и детские травмы, ставшие триггерами на всю жизнь.

В интервью с Дмитрием Дибровым легенда гангста-рэпа впервые раскроет, почему он променял философию своего творчества на деньги, а в завершение программы исполнит символичный трек «За выгоду». Смотрите эксклюзивно в VK Видео.",40,1687421964,93657,9,141,72,https://vk.com/video_ext.php?oid=-220754053&id=456239102&hash=cda98e65dc593f7d&__ref=vk.admin_android&api_hash=1740606843079dafb903cec1d281_GMZDANZRGM2TCOA,1,1,1,False,https://i.mycdn.me/getVideoPreview?id=4850242095735&idx=3&type=39&tkn=QtpXIZk7XW1qR127ZZ0SWdEa4ak&fn=vid_s
456239098,-220754053,Вписка у Маргулиса. ALON,"Гламурный ALON исполняет заедающие бэнгеры, идеально грассирует «р» и изобретает
глэм-поп музыку, вдохновленную… шансоном. Какой трек заказал у артиста Маргулис и
как ST с Алоном качали бицепсы прямо на программе — все это смотрите в новом
выпуске «ВПИСКИ У МАРГУЛИСА» в VK Видео!

Таймкоды:

00:00 — Начало
00:49 — «ИУ (Я ей, она мне)»
02:43 — Всем шалом!
03:05 — Что-то на иврите
03:31 — Не ньюскульный исполнитель
04:30 — Загадочный образ диджея
05:17 — Что Маргулис думает о песне «ИУ»
05:38 — Как завирусилась «ИУ»
06:52 — «Каноэ»
09:47 — Анекдот про каноэ от ST
10:27 — Мультикультурный артист
11:44 — Почему музыка и спорт?
12:41 — «Лох»
15:08 — Встречал ли Маргулис таких артисты?
15:34 — На какой музыке рос Алон
16:11 — Маргулис заказывает песню
16:36 — «Мою девушку трахнул рэпер»
18:12 — Что думают о творчестве Алона его родители?
18:35 — ST ждет ТЭФИ
18:42 — Про выступление на круизе
20:09 — Пишут ли Алону хейтеры?
20:30 — Спонтанная тренировка
20:59 — «Колхозница»
23:30 — Как Алон повис под краном
25:26 — Поет ли Алон свои песни на застольях?
26:39 — «Самый плохой»
29:15 — Про вдохновение шансоном
30:26 — «Девочка»
33:05 — Когда будет концерт?
33:39 — О недавних выступлениях
34:28 — «Я люблю тебя»

*
Смотри это и другие шоу VK Видео Originals в сообществе VK Видео https://vk.com/vkvideo",2225,1687327929,2654961,38,519,184,https://vk.com/video_ext.php?oid=-220754053&id=456239098&hash=8cbd1423f06d08a8&__ref=vk.admin_android&api_hash=1740606843476f2468ae03522818_GMZDANZRGM2TCOA,1,1,1,False,https://sun1-95.userapi.com/w98qYhFZ2lzoebM-d3JpMkWRAzXnN33l77XPvg/ZDGW21mfRMU.jpg
456239099,-220754053,Вписка у Маргулиса. ALON. Тизер,"Гламурный ALON исполняет заедающие бэнгеры, идеально грассирует «р» и изобретает глэм-поп музыку, вдохновленную… шансоном. Какой трек заказал у артиста Маргулис и как ST с Алоном качали бицепсы прямо на программе — все это смотрите в новом выпуске «ВПИСКИ У МАРГУЛИСА» в VK Видео!",39,1687333711,13937,1,13,2,https://vk.com/video_ext.php?oid=-220754053&id=456239099&hash=b9f86bb62f69ef60&__ref=vk.admin_android&api_hash=1740606843efe51bfc0ee051c70c_GMZDANZRGM2TCOA,1,1,1,False,https://i.mycdn.me/getVideoPreview?id=5009451322032&idx=2&type=39&tkn=ONhF_4ew3VjvljDKw9rHNQYv9Ws&fn=vid_s
456239095,-220754053,LAB. Ёлка — «Знаешь»,,233,1687250035,1014029,64,2919,1063,https://vk.com/video_ext.php?oid=-220754053&id=456239095&hash=2c82cbffd9d8ed93&__ref=vk.admin_android&api_hash=17406068439ca01e9b58748164e5_GMZDANZRGM2TCOA,1,1,1,False,https://sun1-85.userapi.com/KeMA-sGy2fkB7bkdc9Yp-fmH54jYDDE-nY0yCQ/oh6yu4IJ2sQ.jpg
456239094,-220754053,LAB. Ёлка — «Земля»,,267,1687249525,965417,110,4310,1401,https://vk.com/video_ext.php?oid=-220754053&id=456239094&hash=38d7658633254215&__ref=vk.admin_android&api_hash=1740606843770593828f4055b349_GMZDANZRGM2TCOA,1,1,1,False,https://sun1-85.userapi.com/Fdgg0Mobvy_iWD1Ran9r-cKb2wz-563ay_6HCA/0zWnYzoio3M.jpg
456239088,-220754053,"КСТАТИ #4 — Харламов, Мусагалиев, Дорохов, Гурам Амарян, Валя Карнавал, Антон Беляев","Четвертый выпуск шоу «Кстати» с Азаматом Харламовым. Ну и Денис Дорохов опять пришел. Гостями четвертого выпуска стали: раскрывающий таланты Гурам Амарян, обновленная Валя Карнавал и любящий тишину Антон Беляев

Mir Pay – удобное приложение от платежной системы «Мир» для оплаты при помощи смартфона на ОС Android. Подробнее о Mir Pay по ссылке: https://clck.ru/34h7mu
erid: 2VtzqxYuW9x

Таймкоды:

0:00 — Начинаем четвертый выпуск «Кстати»
0:27 — Разбираемся в гендерных вопросах арбузов
01:40 — Ел ли Гарик Харламов «капустофель»
03:37 — Летом пофиг на все, кроме Diablo IV
05:41 — Обсуждаем первый VR/AR от Apple
08:56 — Почему Азамат не купит Apple Vision Pro
10:32 — Вперед к новым рекордам! Рекордная взятка следователю из Москвы 24 млн $
14:22 — Первый гость. Гурам Амарян расскажет о Большем стендап фестивале VK
16:16 — Сколько участников было на VK фесте
20:14 — Почему Денис Дорохов начал заниматься стендапом
21:31 — Выступление участника Большого стендап феста VK на шоу «Кстати» - Фарид Гасанов.
25:27 — Вторая гостья. Валя Карнавал
27:26 — Секрет похудения Вали Карнавал
28:04 — Что там со Стоуном?
29:38 — Обсуждаем влог Вали про её родное село 
32:01 — Ждать ли новые песни от Вали Карнавал
33:06 — Лучшая шутка про сериал «Отпуск» 
34:16 — Как Валя Карнавал попала в кино
37:06 — Дебют актерского дуэта Дорохов и Карнавал в проекте «Фонтан похоти»
44:55 — Третий гость. Антон Беляев
47:16 — Как Денису Дорохову начать музыкальную карьеру
48:37 — Куда делась группа Therr Maitz
49:31 — Трейлер нового сезона шоу «LAB»
50:56 — Как Азамат попал в «LAB» и не попал в шоу «Маска»
53:16 — «Купание обезьяны в теплой воде» и Антон Беляев - Ничего не говори

*
Смотри это и другие шоу VK Видео Originals в сообществе VK Видео https://vk.com/vkvideo",3436,1686949340,14988490,2838,43322,9231,https://vk.com/video_ext.php?oid=-220754053&id=456239088&hash=2fd73db9193baa30&__ref=vk.admin_android&api_hash=1740606843aed165ef6dbe7f83cc_GMZDANZRGM2TCOA,1,1,1,False,https://sun1-55.userapi.com/7cE6wMbgTxoqhygf29hGN5ln7FjNp48LU8Q8UA/6hfGkh1UQg0.jpg
456239091,-220754053,"КСТАТИ #4 - Харламов, Мусагалиев, Дорохов, Гурам Амарян, Валя Карнавал, Антон Беляев. Тизер","Четвертый выпуск шоу «Кстати» с Азаматом Харламовым. Ну и Денис Дорохов опять пришел. Гостями четвертого выпуска стали: раскрывающий таланты Гурам Амарян, обновленная Валя Карнавал и любящий тишину Антон Беляев.",44,1686984561,80335,5,95,7,https://vk.com/video_ext.php?oid=-220754053&id=456239091&hash=15c0d19d659575e1&__ref=vk.admin_android&api_hash=1740606843864b677870ef7af64a_GMZDANZRGM2TCOA,1,1,1,False,https://i.mycdn.me/getVideoPreview?id=4751842937369&idx=14&type=39&tkn=dahJZfQTrmCHO6wqXwm29ykEtgA&fn=vid_s
456239083,-220754053,Сессия. Глеб «Три дня дождя»,"Глеб Викторов во втором выпуске шоу «Сессия» рассказывает про диагностированное у него биполярное расстройство, многочисленные зависимости и про то, как отцовство может изменить его как человека. В конце программы Глеб исполнит свой трек «За край», который подводит черту под откровенной беседой. 

Дмитрий Дибров в диалоге с Глебом глубоко погружает зрителя в те проблемы, с которыми сталкивается артист в течение своего пути, борясь со своими внутренними демонами. Смотрите шоу «Сессия» эксклюзивно в VK Видео. 

Съемка выпуска проводилась 14 апреля 2023 года.

Таймкоды:

00:00 — Начало выпуска
00:27 — Психологическое досье
01:20 — Гипотезы диагнозов
01:15 — Начало сессии
01:54 — О биполярном аффективном расстройстве личности
04:05 — Комментарий психотерапевта
04:19 — Буллинг от одноклассников и учителей
07:32 — Комментарий психотерапевта
07:44 — Обида на школьного учителя
08:32 — Психологический приём «Обращение к учителю»
10:05 — Комментарий психотерапевта
10:23 — Анорексия 
12:31 — Алкогольная зависимость
13:50 — Комментарий психотерапевта
14:02 — Лудомания
14:51 — Невозможность иметь детей
19:10 — Комментарий психотерапевта
19:19 — Отцовство: как ребёнок может изменить жизнь и творчество
25:44 — Вина взрослых в диагнозе Глеба
27:14 — О родителях и их взаимоотношениях
28:38 — Комментарий психотерапевта
28:54 — Ссоры мамы и папы
31:33 — Как реагировали родители на зависимости сына
33:43 — Нездоровая любовь и одержимость
34:36 — Комментарий психотерапевта
34:56 — О девушке, ради которой бросил жену
36:56 — Схожесть фаз биполярного расстройства с характерами родителей
40:07 — Наркомания – новая и самая страшная зависимость Глеба
41:22 — «Клуб 27» и страх смерти
44:21 — Комментарий психотерапевта
44:41 — Психологический приём «Похороны»
50:51 — Обращение к единственному человеку, с которым можно было бы попрощаться 
52:11 — Песня «За край»
55:30 — Психологическое заключение

*
Смотри это и другие шоу VK Видео Originals в сообществе VK Видео https://vk.com/vkvideo",3395,1686770182,3308669,417,20605,10881,https://vk.com/video_ext.php?oid=-220754053&id=456239083&hash=d4381e5fd596ae0a&__ref=vk.admin_android&api_hash=174060684305a0e338a17e1d2a24_GMZDANZRGM2TCOA,1,1,1,False,https://sun1-27.userapi.com/PGGNtPBJHzXpZJCKerHATbtwLUErXhD1spwpPQ/4rwdN55mC6g.jpg
456239086,-220754053,Три дня дождя. За край,,214,1686814209,907915,53,2662,427,https://vk.com/video_ext.php?oid=-220754053&id=456239086&hash=b2babbd9f799d8de&__ref=vk.admin_android&api_hash=174060684396022bfe6ea9b3263c_GMZDANZRGM2TCOA,1,1,1,False,https://sun1-84.userapi.com/MQ6gbr2nMyC0Vhvn7lP97pv-ayKM8Eiu36ny2Q/fK8zxHuJhQA.jpg
456239084,-220754053,Сессия. Глеб «Три дня дождя». Тизер,"Глеб Викторов во втором выпуске шоу «Сессия» рассказывает про диагностированное у него биполярное расстройство, многочисленные зависимости и про то, как отцовство может изменить его как человека. В конце программы Глеб исполнит свой трек «За край», который подводит черту под откровенной беседой. 

Дмитрий Дибров в диалоге с Глебом глубоко погружает зрителя в те проблемы, с которыми сталкивается артист в течение своего пути, борясь со своими внутренними демонами. Смотрите шоу «Сессия» эксклюзивно в VK Видео.",43,1686808298,225607,6,215,75,https://vk.com/video_ext.php?oid=-220754053&id=456239084&hash=bb9bca62e24ffc0a&__ref=vk.admin_android&api_hash=1740606843d37f1cd245cdf13b82_GMZDANZRGM2TCOA,1,1,1,False,https://i.mycdn.me/getVideoPreview?id=4853246200567&idx=3&type=39&tkn=_Xhff3jhJZos5FsgdddKTfC_bpE&fn=vid_s
456239080,-220754053,Вписка у Маргулиса. мытищи в огне,"«Апокалипсис на завтрак, думскролинг на обед» и стадионное арт-панк кабаре на ужин — «мытищи в огне» на «ВПИСКЕ У МАРГУЛИСА»! В новом выпуске музыканты осыпают сцену блестками, миксуют жесткое звучание с культурными отсылками и делают обоюдно выгодное предложение Глюкозе. Все это - эксклюзивно в VK Видео!

Таймкоды:

00:00 — Начало
00:28 — «Коса на камень»
03:49 — Кто недавно переехал в Мытищи
04:36 — Старинная шутка от Маргулиса
04:58 — Есть ли в Мытищах дома культуры?
05:16 — Почему «стадионное арт-панк кабаре»
06:06 — «À LA RUSSE»
10:09 — Отсылки к русской культуре
10:58 — Как возникла концепция альбома
11:53 — ST в поиске отсылок
13:21 — Маргулис о любви к винилу
14:09 — Продолжаем искать отсылки
15:11 — «Сияющий Дао»
19:13 — В каких местах играли ребята
20:02 — Кем работают участники «мытищ»
21:41 — Как возник блестящий макияж
23:11 — «Подозрительный предмет»
26:26 — Отсылка на Игоря Стравинского
27:57 — «Шампанское с икрой»
30:51 — На какой музыке воспитывались «мытищи»
32:30 — Предложение Глюкозе
33:31 — «Клац клац клац»
35:54 — Почему слушатели ходят на концерты
36:54 — Ходят ли на концерты родители?
37:34 — Про выступления на VK Fest
39:05 — «Жизнь в историческую эпоху»

*
Смотри это и другие шоу VK Видео Originals в сообществе VK Видео https://vk.com/vkvideo",2656,1686686461,1554322,51,874,180,https://vk.com/video_ext.php?oid=-220754053&id=456239080&hash=d130da5c2cff4379&__ref=vk.admin_android&api_hash=174060684335d3339eebd4581843_GMZDANZRGM2TCOA,1,1,1,False,https://sun1-86.userapi.com/Lp1-tDRoO-su1uhLTYaHlzf6Bc0orrqyKbRuOg/-j6ZLmGYvcA.jpg
456239082,-220754053,Вписка у Маргулиса. мытищи в огне. Тизер,"«Апокалипсис на завтрак, думскролинг на обед» и стадионное арт-панк кабаре на ужин — «мытищи в огне» на «ВПИСКЕ У МАРГУЛИСА»! В новом выпуске музыканты осыпают сцену блестками, миксуют жесткое звучание с культурными отсылками и делают обоюдно выгодное предложение Глюкозе. Все это — эксклюзивно в VK Видео!",57,1686725448,15640,1,12,1,https://vk.com/video_ext.php?oid=-220754053&id=456239082&hash=26004ae70e2776f3&__ref=vk.admin_android&api_hash=1740606843b502cb311bd992901f_GMZDANZRGM2TCOA,1,1,1,False,https://i.mycdn.me/getVideoPreview?id=4675354102492&idx=8&type=39&tkn=vxIbovp9bPW0VsjHk2sbWN3DJ-k&fn=vid_s
456239073,-220754053,LAB. Лаборатория музыки Антона Беляева. Ёлка,"Все треки из выпусков «LAB. Лаборатория музыки Антона Беляева» слушай эксклюзивно в VK Музыке — https://music.vk.com/link/TgKX

«Земля» группы Маша и Медведи и «Знаешь» Rozhden — Ёлка в новом выпуске шоу «LAB. Лаборатория музыки Антона Беляева». О влиянии отца на творчество, альтер эго ЯАVЬ и нелюбви к чужому исполнению собственных треков — смотри эксклюзивно в VK Видео. 

Therr Maitz • Концерты
29 июля @ Акустика счастья (СПБ)
30 июля @ Chess&Jazz (МСК)
Билеты на https://therrmaitz.ru

Таймкоды:
00:00 — «Земля» – Маша и Медведи
05:20 — почему именно эта песня?
07:18 — про съемки клипов и нелюбовь к интервью
09:23 — песня под которую хочется плакать? (блиц)
13:10 — «я очень не люблю, когда поют мои песни» – что осталось за кадром LAB’a
15:43 — про влияние отца на творчество 
18:33 — про проект ЯАVЬ
19:50 — конфликт Ёлки и ЯАVЬ
21:35 — клавиши или гитара? (блиц)
24:29 — «Знаешь» – Rozhden

*
Смотри это и другие шоу VK Видео Originals в сообществе VK Видео https://vk.com/vkvideo",1693,1686607186,3418044,260,10169,2421,https://vk.com/video_ext.php?oid=-220754053&id=456239073&hash=7f3967c9d2f7d812&__ref=vk.admin_android&api_hash=1740606843753146f7f4e9ebe132_GMZDANZRGM2TCOA,1,1,1,False,https://sun1-95.userapi.com/yY8tzkpbv5w7475CN_hNfyJH6mKn1_DrRWSLag/qNhwfcafY0c.jpg
456239072,-220754053,"ОФИСНЫЕ ИГРЫ Клик Клак 1 СЕЗОН 3 СЕРИЯ: ynchq, Джарахов, SQWOZ BAB, Сатир, Прокофьев, Старый","«Офисные игры» — это юмористическое, развлекательное шоу, в котором Сатир, Прокофьев, Старый и Марат SQWOZ BAB станут стажёрами обычного московского офиса. Им предстоит выполнить дурацкие, смешные и безумные челленджи, которые для них подготовил Эльдар Джарахов. 

В этом выпуске Прокофьев получил электрической мухобойкой, на Марате SQWOZ BAB разлетелся шлем, Старый и Сатир передували тараканов, а Джарахову об голову разбили клавиатуру. Это и многое другое в новом выпуске «Офисных игр»!

Таймкоды:
00:00 — Бодрое Утро!
01:10 — Чего боится Эльдар?
01:43 — «Антисанитария»
06:11 — Как на сотрудников влияют переработки?
06:52 — «Не Спались»
11:30 — Почему Сквозь Баб и Сатир не хотят работать?
12:02 — «Крышесносная клавиатура»
21:06 — Итоги дня

Ян (ynchq)
https://vk.com/ynchq
Эльдар Джарахов
https://vk.com/rocknrofl 
Саня Быков
https://vk.com/bboysansay
Андрей Старый
https://vk.com/stariyx
Андрюша Прокофьев
https://vk.com/prok_kok 
Илья Satyr Шабельников
https://vk.com/satyrchannel 
Марат SQWOZ BAB
https://vk.com/sqwozbab

*
Смотри это и другие шоу VK Видео Originals в сообществе VK Видео https://vk.com/vkvideo",1344,1686603688,4212594,447,5712,1559,https://vk.com/video_ext.php?oid=-220754053&id=456239072&hash=8a93b161e5c3f3f1&__ref=vk.admin_android&api_hash=17406068430e3cfc7a8e4268cfff_GMZDANZRGM2TCOA,1,1,1,False,https://sun1-26.userapi.com/pcEw_zrEB9cnSR_G-KNeeyu_AQG3Q5QRK1KcwA/HQgCRypKELI.jpg
456239077,-220754053,LAB. Лаборатория музыки Антона Беляева. Ёлка. Тизер,"«Земля» группы Маша и Медведи и «Знаешь» Rozhden — Ёлка в новом выпуске шоу «LAB. Лаборатория музыки Антона Беляева». О влиянии отца на творчество, альтер эго ЯАVЬ и нелюбви к чужому исполнению собственных треков — смотри эксклюзивно в VK Видео.",35,1686637302,82789,2,372,45,https://vk.com/video_ext.php?oid=-220754053&id=456239077&hash=e0d38b8f2579d71d&__ref=vk.admin_android&api_hash=174060684392c7b5aee127503374_GMZDANZRGM2TCOA,1,1,1,False,https://i.mycdn.me/getVideoPreview?id=4597137082947&idx=6&type=39&tkn=UCG3lKSxUMtxJcdec3O7_T4P8BE&fn=vid_s
456239075,-220754053,"ОФИСНЫЕ ИГРЫ Клик Клак #3: ynchq, Джарахов, SQWOZ BAB, Сатир, Прокофьев, Старый. Тизер","В этом выпуске Прокофьев получил электрической мухобойкой, на Марате SQWOZ BAB разлетелся шлем, Старый и Сатир передували тараканов, а Джарахову об голову разбили клавиатуру. Это и многое другое в новом выпуске «Офисных игр»!",31,1686636538,24133,0,22,5,https://vk.com/video_ext.php?oid=-220754053&id=456239075&hash=b6175329b06c7b00&__ref=vk.admin_android&api_hash=1740606843bb0bfbb3e37284dbca_GMZDANZRGM2TCOA,1,1,1,False,https://i.mycdn.me/getVideoPreview?id=4668071152380&idx=5&type=39&tkn=t7pau2gcU7TsIa2A4Gj9ly_hK4w&fn=vid_s
456239067,-220754053,"КСТАТИ #3 — Харламов, Мусагалиев, Дорохов, Ян Непомнящий, Григорий Лепс, Тимати, Гоша Карцев. Тизер","Третий выпуск шоу «Кстати» с Азаматом Харламовым. Денис Дорохов тоже тут. Гостями третьего выпуска стали: гроссмейстер Ян Непомнящий, яркий (пришел в желтом костюме) Гоша Карцев, многогранный Тимати с охраной и нестареющий Григорий Лепс.",67,1686378368,144779,5,231,46,https://vk.com/video_ext.php?oid=-220754053&id=456239067&hash=33e5a46552c7130d&__ref=vk.admin_android&api_hash=17406068432f533092706b324e6b_GMZDANZRGM2TCOA,1,1,1,False,https://i.mycdn.me/getVideoPreview?id=4644429367963&idx=2&type=39&tkn=n67NgMWGqkVSF_CHlCOz2FCnrYs&fn=vid_s
456239066,-220754053,"КСТАТИ #3 — Харламов, Мусагалиев, Дорохов, Ян Непомнящий, Григорий Лепс, Тимати, Гоша Карцев","Третий выпуск шоу «Кстати» с Азаматом Харламовым. Денис Дорохов тоже тут. Гостями третьего выпуска стали: гроссмейстер Ян Непомнящий, яркий (пришел в желтом костюме) Гоша Карцев, многогранный Тимати с охраной и нестареющий Григорий Лепс.

Таймкоды:

0:00 — Начинаем третий выпуск «Кстати»
02:06 — Александр Кокорин – лучший футболист (на Кипре)
03:13 — Расовая дискриминация на Чемпионате Мира по футболу
05:45 — МВД пригрозило сажать рэперов за треки о наркотиках
08:17 — Первый гость. Гроссмейстер Ян Непомнящий
11:17 — Не устал ли Ян от шахмат?
12:53 — Сколько зарабатывают шахматисты
14:00 — Шахматный матч года. Гарика Харламов против Яна Непомнящего и Дениса Дорохова
22:31 — Второй гость. Гоша Карцев
24:33 — Гоша Карцев в шаге от ухода с шоу «Кстати»
24:56 — Осуждаем главное событие мира моды – Met Gala
26:54 — Гоша Карцев рассказывает, что такое «новая этика»
27:54 — Оцениваем наряды русских звезд в рамках «новой этики»
33:18 — Гоша Карцев остается в «Кстати»
34:03 — Третий гость. Тимати
35:12 — Тимати хвалит хот-доги Харламова
36:26 — Существует ли еще ночная жизнь в Москве
39:38 — «Фабрике звезд-4» – 20 лет. Вспоминаем участников вместе с Тимати
42:35 — Как Азамат разыграл охранников Тимати
44:23 — Готов ли Тимати к жизни сорокалетнего мужика?
46:41 — Четвертый гость. Григорий Лепс
48:00 — Григорий Лепс и Купание обезьяны в теплой воде – Годы

*
Смотри это и другие шоу VK Видео Originals в сообществе VK Видео https://vk.com/vkvideo",3116,1686344565,12584053,1010,38039,8230,https://vk.com/video_ext.php?oid=-220754053&id=456239066&hash=9ac4263ab690d4b8&__ref=vk.admin_android&api_hash=1740606843dd69460d7f52405610_GMZDANZRGM2TCOA,1,1,1,False,https://sun1-88.userapi.com/jkOUy4nKjGiq78Z6JhEdeAi-W0tUS5No7DaU7Q/x-ctv1wLl8w.jpg
456239064,-220754053,Баста. Рэквием,,279,1686238895,838989,89,2313,643,https://vk.com/video_ext.php?oid=-220754053&id=456239064&hash=8ec7e9e5b8a6c390&__ref=vk.admin_android&api_hash=174060684376c897c3d83fa5a705_GMZDANZRGM2TCOA,1,1,1,False,https://sun1-13.userapi.com/OrerZAUesdvjX272AwUOz0HVuYDGkdnK8les0Q/PrR7tkHxXO8.jpg
456239058,-220754053,Сессия. Баста,"Василий Вакуленко в премьерном выпуске нового шоу «Сессия» исследует природу своих многочисленных альтер эго, детские травмы, темный период аддикции и мотивацию к творчеству, а также впервые исполняет свой новый трек «Рэквием», который писал более 10 лет. 

Вместе с Дмитрием Дибровым в откровенном интервью Баста разбирает строчки из своих песен, вспоминая тяжелые и светлые моменты жизни — всё это и многое другое смотрите эксклюзивно в VK Видео.

Таймкоды:

00:00 — Начало выпуска 
00:27 — Психологическое досье 
01:15 — Начало сессии 
01:59 — Комментарий психотерапевта 
02:20 — Альтер эго Василия Вакуленко 
03:33 — Как появились субличности? 
04:40 — Комментарий психотерапевта 
04:58 — Теневая сторона Басты 
08:19 — Комментарий психотерапевта 
08:39 — Как победить раздвоение личности? 
10:25 — Психологический приём «Необитаемый остров» с Бастой, Ноггано и Нинтендо 
12:09 — Комментарий психотерапевта 
12:31 — Сильные стороны Ноггано и желание привлечь внимание 
14:15 — Комментарий психотерапевта 
14:29 — Начало психологической травмы: развод родителей 
16:06 — Комментарий психотерапевта 
17:28 — Роль отца заменил дедушка 
18:43 — Ревность к брату 
20:20 — Комментарий психотерапевта 
20:38 — Злость на отца 
21:34 — Протест и появление Басты. Отношение к успеху 
22:49 — Комментарий психотерапевта 
23:05 — Религия и поиск отца в Боге 
24:25 — Психологический приём «Обращение к отцу» 
25:24 — Комментарий психотерапевта 
27:00 — Тоска по дедушке 
28:29 — Психологический приём «Обращение к дедушке» 
30:19 — Аддикция – зависимое поведение 
30:27 — Комментарий психотерапевта 
31:51 — Бессознательное желание быть недееспособным, привлекать внимание 
33:11 — 22 апреля 2003 года – полный отказ от наркотиков 
34:33 — Отношение к смерти 
37:32 — Эпилептоидная психопатия. Резкие вспышки агрессии 
38:08 — Комментарий психотерапевта 
38:31 — Баста об агрессии 
40:17 — Комментарий психотерапевта 
40:29 — Благодарность бабушке за музыкальную школу 
41:46 — О воспитании детей 
42:32 — Первая злость в детстве. Переезд в Белоруссию 
44:04 — Комментарий психотерапевта 
44:13 — Обида на маму 
49:15 — Мама – самый светлый и добрый человек 
50:30 — «Иду к лучшей версии себя» 
51:10 — Психологический приём «Обращение к себе маленькому» 
52:33 — Премьера песни Басты «Рэквием» 
56:59 — Психологическое заключение

*
Смотри это и другие шоу VK Видео Originals в сообществе VK Видео https://vk.com/vkvideo",3486,1686205571,3806411,303,8427,6919,https://vk.com/video_ext.php?oid=-220754053&id=456239058&hash=36ffc2a5692714fd&__ref=vk.admin_android&api_hash=1740606843ae119c8f2c3a04a292_GMZDANZRGM2TCOA,1,1,1,False,https://sun1-90.userapi.com/_lTLWTQjCG_WyE6aDcHgVySRadeTC3VJGLCICQ/A91fPb7K5c0.jpg
456239065,-220754053,Баста. Обращение к отцу,,31,1686266292,104454,2,381,12,https://vk.com/video_ext.php?oid=-220754053&id=456239065&hash=c8ec8f1ca7783b4e&__ref=vk.admin_android&api_hash=1740606843d9919a734fc9bbf0d2_GMZDANZRGM2TCOA,1,1,1,False,https://sun1-88.userapi.com/mTfcrb_n1YFr9jVzqi9LfWLmRZ0W64KdRGVG8g/YezKd7Ay9kQ.jpg
456239060,-220754053,Сессия. Баста. Тизер,"Василий Вакуленко в премьерном выпуске нового шоу ""Сессия"" исследует природу своих многочисленных альтер эго, детские травмы, темный период аддикции и мотивацию к творчеству, а также впервые исполняет свой новый трек ""Рэквием"", который писал более 10 лет. 

Вместе с Дмитрием Дибровым в откровенном интервью Баста разбирает строчки из своих песен, вспоминая тяжелые и светлые моменты жизни — всё это и многое другое смотрите эксклюзивно в VK Видео.",40,1686212684,416069,12,341,45,https://vk.com/video_ext.php?oid=-220754053&id=456239060&hash=3b8b39e9efed69ed&__ref=vk.admin_android&api_hash=17406068437c90cc6c177d54b69e_GMZDANZRGM2TCOA,1,1,1,False,https://i.mycdn.me/getVideoPreview?id=4874647964212&idx=5&type=39&tkn=gTQJGjpploB9unCylHKdppP3aHg&fn=vid_s
456239055,-220754053,Сессия. Тизер 1 сезона,"Сессия — это шоу, в котором ведущий и приглашённые гости в формате психотерапевтического сеанса разбирают, как их психологические проблемы и травмы влияют на творчество. А психотерапевт за кадром поясняет происходящее с профессиональной точки зрения.

Смотри с 8 июня в 12:00 эксклюзивно в VK Видео!",117,1686130854,2154194,41,2379,803,https://vk.com/video_ext.php?oid=-220754053&id=456239055&hash=6f3ca49118595e19&__ref=vk.admin_android&api_hash=1740606843903e79867cc2c4c293_GMZDANZRGM2TCOA,1,1,1,False,https://sun1-96.userapi.com/Z3mQv-Etwd9j13D6shnsvGh05Xrje83HwE6pwQ/yajTtHEtMJo.jpg
456239052,-220754053,Вписка у Маргулиса. КУОК,"КУОК «валит рэпася» и лишает Маргулиса дара речи в новом выпуске «ВПИСКИ». Где прячутся девчонки хип-хоп артиста и как звучит первый в истории программы рэп-хор — смотрите в VK Видео!

Таймкоды:

00:00 — Начало
00:30 — «Дофамин»
02:54 — Чему завидует Маргулис?
03:52 — КУОК и джаз 
05:21 — Вопрос про майнкрафт
05:46 — Разбирается ли Маргулис в современной музыке
06:38 — «Дорогое развлечение»
09:15 — Какие залы собирает КУОК
10:29 — Что ST увидел в гримерке?
10:55 — Как КУОК оказался в Праге?
11:21 — О работе с другими артистами
11:58 — «Метаморфозы»
14:55 — На «Вписке» у кого?
15:09 — Где же все девчонки?
15:57 — Почему КУОК устал от снобов
17:10 — Оценки музыки от Маргулиса
18:23 — «Соучастница»
21:40 — Хедлайнер инди-сцены на VK Fest
22:15 — О планах 
23:29 — «Бесконечный тур»
24:54 — Что будет на электронном фестивале
26:16 — «Ножевое»
29:34 — Что раньше – текст или музыка?
30:06 — Что думает о творчестве КУОКа мама? 
30:50 — Текс как стихотворение 
31:36 — Как происходит «сочинительство» музыки
33:19 — Спродюсирует ли КУОК песню Маргулису?
34:01 — «Перезагрузка»
37:26 — Про творческий дуэт
39:34 — Зрители «врываются» на сцену
40:05 — «Quvi»
43:01 — Реакция Маргулиса на происходящее

*
Смотри это и другие шоу VK Видео Originals в сообществе VK Видео https://vk.com/vkvideo",2631,1686116387,1526386,39,1248,353,https://vk.com/video_ext.php?oid=-220754053&id=456239052&hash=d460e0436f9be62c&__ref=vk.admin_android&api_hash=1740606843c90900f6d3d78ab207_GMZDANZRGM2TCOA,1,1,1,False,https://sun1-86.userapi.com/RngXdwlsyaWOMgtCNLJRO-e2x0LaQ3GzuixxzA/xG-RnomgAgM.jpg
456239053,-220754053,Вписка у Маргулиса. КУОК. Тизер,КУОК «валит рэпася» и лишает Маргулиса дара речи в новом выпуске «ВПИСКИ». Где прячутся девчонки хип-хоп артиста и как звучит первый в истории программы рэп-хор — смотрите в VK Видео!,42,1686120469,73972,3,138,20,https://vk.com/video_ext.php?oid=-220754053&id=456239053&hash=cf81146a3ff7eb9a&__ref=vk.admin_android&api_hash=1740606843fd2f71e37a67b7e50c_GMZDANZRGM2TCOA,1,1,1,False,https://i.mycdn.me/getVideoPreview?id=4716570806907&idx=5&type=39&tkn=Hh6Sah1xkypds0f3wt5D8y7l9-I&fn=vid_s
456239051,-220754053,LAB. Клава Кока — «Все пройдет»,,232,1686048753,706710,66,1881,586,https://vk.com/video_ext.php?oid=-220754053&id=456239051&hash=639729a50a98b314&__ref=vk.admin_android&api_hash=1740606843f103ba729e270a4829_GMZDANZRGM2TCOA,1,1,1,False,https://sun1-14.userapi.com/geBsYKrPNmAYQM97dHHtxr69JcpMKM95sfS6gg/J8PWBmQFTJk.jpg
456239049,-220754053,LAB. Клава Кока — «Покинула чат»,,166,1686046794,628657,63,1268,430,https://vk.com/video_ext.php?oid=-220754053&id=456239049&hash=4f22724c6558e224&__ref=vk.admin_android&api_hash=174060684359fc5581d1348976f4_GMZDANZRGM2TCOA,1,1,1,False,https://sun1-16.userapi.com/mk8f7JW5Z8AmeqWzVCKosZJDyyCVgLBC7O_bYw/jCjszEZM4hI.jpg
456239046,-220754053,"ОФИСНЫЕ ИГРЫ Клик Клак 1 СЕЗОН 2 СЕРИЯ: Джарахов, SQWOZ BAB, Сатир, Прокофьев, Старый","«Офисные игры» — это юмористическое, развлекательное шоу, в котором Сатир, Прокофьев, Старый и Марат SQWOZ BAB станут стажёрами обычного московского офиса. Им предстоит выполнить дурацкие, смешные и безумные челленджи, которые для них подготовил Эльдар Джарахов. 

В этом выпуске Джарахов влюбился в рыжую секретаршу. Андрюша Прокофьев и Андрей Старый получили мокрой морковкой по попке, а Сатир и SQWOZ BAB читали доклад на резвом Быке. Это и многое другое в новом выпуске «Офисных игр»!

Таймкоды:
00:00 — Наказание за опоздание
01:28 — Новый клининг-менеджер
02:00 — Испытание «Куда по помытому?»
11:25 — Испытание «Быка за рога»
19:13 — Испытание «Пьяная Секретарша»
28:18 — Итоги дня

Эльдар Джарахов
https://vk.com/rocknrofl 
Саня Быков
https://vk.com/bboysansay
Андрей Старый
https://vk.com/stariyx
Андрюша Прокофьев
https://vk.com/prok_kok 
Илья Satyr Шабельников
https://vk.com/satyrchannel 
Марат SQWOZ BAB
https://vk.com/sqwozbab

*
Смотри это и другие шоу VK Видео Originals в сообществе VK Видео https://vk.com/vkvideo",1723,1685945649,4456905,73,6676,1730,https://vk.com/video_ext.php?oid=-220754053&id=456239046&hash=3c2be15591f7f93b&__ref=vk.admin_android&api_hash=1740606843bef82c4feafbee29ef_GMZDANZRGM2TCOA,1,1,1,False,https://sun1-16.userapi.com/K1fcpPF1KtIVixAiBYOq0A__j0y7Pi8hksi_TA/pIbvB503WXE.jpg
456239047,-220754053,"ОФИСНЫЕ ИГРЫ Клик Клак #2: Джарахов, SQWOZ BAB, Сатир, Прокофьев, Старый. Тизер","“Офисные игры” - это юмористическое, развлекательное шоу, в котором Сатир, Прокофьев, Старый и Марат SQWOZ BAB станут стажёрами обычного московского офиса. Им предстоит выполнить дурацкие, смешные и безумные челленджи, которые для них подготовил Эльдар Джарахов.",32,1685947138,36722,2,34,8,https://vk.com/video_ext.php?oid=-220754053&id=456239047&hash=228e7e735897bd65&__ref=vk.admin_android&api_hash=1740606843a529f35d0cf4103cec_GMZDANZRGM2TCOA,1,1,1,False,https://i.mycdn.me/getVideoPreview?id=4580680403519&idx=6&type=39&tkn=uqDC0EG3jX_9l_2bz5UiNKjdPtA&fn=vid_s
456239038,-220754053,"КСТАТИ #2 — Харламов, Мусагалиев, Дорохов, Instasamka и Moneyken, Роберт Багратуни и Евгения Седова, Xolidayboy","Второй выпуск шоу «Кстати» с Азаматом Харламовым. Да и что уж скрывать то теперь — и Денисом Дороховым. Гостями второго выпуска стали: звездные INSTASAMKA и Moneyken; создатели мирового хита «Atomic Heart» — Роберт Багратуни, Евгения Седова и прекрасная Анита Пудикова; а также светлый и открытый Xolidayboy, который до сих пор думает, что все это сон.

Таймкоды:

0:00 — Начинаем второй выпуск «Кстати»
01:35 — Российские блогеры и налоги
03:03 — Азамат Мусагалиев – злостный неплательщик алиментов
05:01 — «Заплати налоги и живи спокойно» – обновленная версия для 2023 года
05:56 — Первые гости. INSTASAMKA и MONEYKEN
06:50 — Знакомим Гарика Юрьевича и Дениса Игоревича с гостями
07:27 — Выясняем была ли свадьба. Была. Не было. Будет?
08:22 — Кто вы по гороскопу? Астрологическая минутка
09:21 — Денис Дорохов – главный фанат Инстасамки и Маникена
10:13 — Все снимают с себя вещи
10:48 — Конкурс. На что готовы Инстасамка и Маникен за деньги?
14:42 — Выбираем Дарье Зотеевой новый псевдоним
15:45 — СКАНДАЛЬНЫЙ уход Инстасамки и Маникена с шоу «Кстати»
16:54 — Где будут самые жаркие тусовки этого лета
18:03 — Вторые гости. Роберт Багратуни и Евгения Седова, создатели Atomic Heart
19:50 — Трейлер Atomic Heart
21:31 — Роберт Багратуни рассказывает о игре и анонсирует сиквел
24:37 — «Волк ловит яйца» для Гарика Харламова в Atomic Heart 2
27:00 — Главные звезды Atomic Heart. Близняшки и балерина Анита Пудикова
29:25 — Появление альтернативной близняшки – «Прототипа №2».
30:40 — Разучиваем балетные па с Анитой Пудиковой
33:33 — Третий гость. Xolidayboy
35:22 — «Мармеладный дом» написан в туалете за 15 минут
37:46 — Гарик Харламов читает матерные стихи
38:16 — Трек «Моя хулиганка» – в мировых чартах
39:06 — Почему Xolidayboy отказался от вызывающего имиджа
40:29 — Xolidayboy признается в любви ведущим «Кстати»
44:30 — Играем с Иваном в игру «Угадай кому пишет хейтер»
47:42 — Xolidaboy – «Моя хулиганка»

*
Смотри это и другие шоу VK Видео Originals в сообществе VK Видео https://vk.com/vkvideo",3128,1685739318,20684471,1710,49417,18018,https://vk.com/video_ext.php?oid=-220754053&id=456239038&hash=adc62837ed3dba21&__ref=vk.admin_android&api_hash=174060684350ddb1d742490fb6d9_GMZDANZRGM2TCOA,1,1,1,False,https://sun1-90.userapi.com/LiUDffvR293SAKowlpOU3NYGtKoE-YQ4TwH02g/ZCTAh1mx8wA.jpg
456239039,-220754053,"КСТАТИ #2 - Харламов, Мусагалиев, Дорохов, Instasamka и Moneyken, Роберт Багратуни и Евгения Седова, Xolidayboy. Тизер","Второй выпуск шоу «Кстати» с Азаматом Харламовым. Да и что уж скрывать то теперь - и Денисом Дороховым. Гостями второго выпуска стали: звездные INSTASAMKA и Moneyken; создатели мирового хита ""Atomic Heart"" - Роберт Багратуни, Евгения Седова и прекрасная Анита Пудикова; а также светлый и открытый Xolidayboy, который до сих пор думает, что все это сон.",60,1685745668,260148,69,636,162,https://vk.com/video_ext.php?oid=-220754053&id=456239039&hash=1b54567f737424ae&__ref=vk.admin_android&api_hash=1740606843b455138410cfed7f28_GMZDANZRGM2TCOA,1,1,1,False,https://sun1-93.userapi.com/zfNGe3C5AXzhXzlHPVrDBxikTsbmME_TzrjmmQ/nA-G7HR__5I.jpg
456239034,-220754053,Вписка у Маргулиса. Ваня Дмитриенко,"Что делать, если часто прогуливаешь школу, и как достичь успеха, если начинаешь свой творческий путь с роли упавшей ветки? Харизматичный Ваня Дмитриенко «расцарапывает душу», рассказывает, как в 15 лет написал песню для Лепса, и почему вместо чесалки для спины купил обычную… машину. Все это — в новом выпуске «ВПИСКИ У МАРГУЛИСА» в VK Видео!

Таймкоды:

00:00 — Начало
00:23 — «Венера-Юпитер»
03:10 — Что поразило Маргулиса
04:23 — Когда Ваня проснулся знаменитым
05:37 — О вере в мечты
06:55 — «Пицца»
09:46 — На что тратится Ваня Дмитриенко
13:19 — «36,6»
15:57 — День металлурга – «показатель популярности»
17:04 — Школьник Ваня
18:52 — Благодарность учителям
19:44 — «Параноик»
22:39 — «Им надо дать слово»
23:59 — Про каверы
26:09 — Почему «31-я весна»
28:03 — «31-я весна»
30:52 — Что для Вани значит первый альбом
32:31 — «Боже, какой пустяк»
36:03 — Тяжело ли общаться с мэтрами?
36:40 — Песня для Лепса в 15 лет
38:41 — «Бейби»
42:01 — Выступления на улицах
42:55 — Ваня-актёр
43:39 — Роль мечты
45:35 — «Ты со мной»
48:41 — Кем Ваня станет, когда вырастет?
49:21 — Притча
51:28 — «Лего»

*
Смотри это и другие шоу VK Видео Originals в сообществе VK Видео https://vk.com/vkvideo",3273,1685515625,1447045,72,2241,367,https://vk.com/video_ext.php?oid=-220754053&id=456239034&hash=610743c3f6b132f1&__ref=vk.admin_android&api_hash=1740606843ff190c656790450c8a_GMZDANZRGM2TCOA,1,1,1,False,https://sun1-88.userapi.com/beSLZQ4slhRmb4rOyNE-cJCw4k5uCwF0LgAcBQ/CE_tb-Cgy3w.jpg
456239036,-220754053,Вписка у Маргулиса. Ваня Дмитриенко. Тизер,"Что делать, если часто прогуливаешь школу, и как достичь успеха, если начинаешь свой творческий путь с роли упавшей ветки? Харизматичный Ваня Дмитриенко «расцарапывает душу», рассказывает, как в 15 лет написал песню для Лепса, и почему вместо чесалки для спины купил обычную… машину. Все это — в новом выпуске «ВПИСКИ У МАРГУЛИ-СА» в VK Видео!",46,1685517101,60934,0,110,11,https://vk.com/video_ext.php?oid=-220754053&id=456239036&hash=9d06d967363e7f1e&__ref=vk.admin_android&api_hash=17406068435c2da0339c26426748_GMZDANZRGM2TCOA,1,1,1,False,https://i.mycdn.me/getVideoPreview?id=7786948266604&idx=8&type=39&tkn=pzjrHM5QRsi2Qw-lYp7hzKvTqkQ&fn=vid_s
456239029,-220754053,LAB. Лаборатория музыки Антона Беляева. Клава Кока,"Все треки из выпусков «LAB. Лаборатория музыки Антона Беляева» слушайте эксклюзивно в VK Музыке — https://music.vk.com/link/TgKX

«Все пройдет» Михаила Боярского и «Покинула чат» в новой аранжировке — Клава Кока в премьерном выпуске нового сезона шоу «LAB. Лаборатория музыки Антона Беляева». О работе в Black Star, секретах создания музыки и будущих релизах — смотрите эксклюзивно в VK Видео.

Therr Maitz • Концерты
29 июля @ Акустика счастья (СПБ)
30 июля @ Chess&Jazz (МСК)
Билеты на https://therrmaitz.ru

Таймкоды:
00:00 — кавер на песню Михаила Боярского «Все пройдет»
03:40 — про любовь к каверам
06:06 — были ли моменты, когда хотелось опустить руки?
09:35 — про работу в Black Star
10:52 — лучшая песня для последнего напитка в баре? (блиц)
12:44 — что осталось за кадром LAB’a
15:15 — Клава Кока через 30 лет – какая она будет?
16:33 — Сергей Жуков или Soda Luv? (блиц)
18:40 — секреты в работе над музыкой
22:57 — «Покинула чат» в новой аранжировке

*
Смотри это и другие шоу VK Видео Originals в сообществе VK Видео https://vk.com/vkvideo",1536,1685394115,3789002,291,10396,1575,https://vk.com/video_ext.php?oid=-220754053&id=456239029&hash=99df4f0f55da9906&__ref=vk.admin_android&api_hash=17406068436e64d23d38f5ef4e8e_GMZDANZRGM2TCOA,1,1,1,False,https://sun1-29.userapi.com/tGfZ8l-dgH_ifjoJyYZShf6fSzqyHQ62Rz9JiA/7ODiiHw26oA.jpg
456239033,-220754053,LAB. Лаборатория музыки Антона Беляева. Клава Кока — «Все пройдет». Тизер,"Клава Кока в премьерном выпуске нового сезона шоу «LAB. Лаборатория музыки Антона Беляева». О работе в Black Star, секретах создания музыки и будущих релизах — смотрите эксклюзивно в VK Видео.",35,1685447697,167443,10,196,19,https://vk.com/video_ext.php?oid=-220754053&id=456239033&hash=a343c9bacb08bc32&__ref=vk.admin_android&api_hash=174060684327e35beb1235c29e59_GMZDANZRGM2TCOA,1,1,1,False,https://i.mycdn.me/getVideoPreview?id=4503070247649&idx=1&type=39&tkn=yWuHhXDz1kp1VUmsREofFsQ55n0&fn=vid_s
456239032,-220754053,LAB. Лаборатория музыки Антона Беляева. Клава Кока — «Покинула чат». Тизер,"Клава Кока в премьерном выпуске нового сезона шоу «LAB. Лаборатория музыки Антона Беляева». О работе в Black Star, секретах создания музыки и будущих релизах — смотрите эксклюзивно в VK Видео.",34,1685431259,259221,5,104,14,https://vk.com/video_ext.php?oid=-220754053&id=456239032&hash=422ac7031b04b5fa&__ref=vk.admin_android&api_hash=1740606843587622599a40dcdfcb_GMZDANZRGM2TCOA,1,1,1,False,https://i.mycdn.me/getVideoPreview?id=4791583574740&idx=1&type=39&tkn=oeAKyyvu5oP15-NsWoBhkbmHXX4&fn=vid_s
456239027,-220754053,"ОФИСНЫЕ ИГРЫ Клик Клак 1 СЕЗОН 1 СЕРИЯ: Джарахов, SQWOZ BAB, Сатир, Прокофьев, Старый","«Офисные игры» — это юмористическое, развлекательное шоу, в котором Сатир, Прокофьев, Старый и Марат SQWOZ BAB станут стажёрами обычного московского офиса. Им предстоит выполнить дурацкие, смешные и безумные челленджи, которые для них подготовил Эльдар Джарахов. 
 
В этом выпуске SQWOZ BAB чуть не сломал спину, Джарахов нашел одежду в мусорке, а их коллеги Старый, Сатир и Прокофьев собрали на себе всю возможную офисную канцелярию. Приятного просмотра!

Таймкоды:
00:00 — Знакомство с Офисом
00:57 — Кто здесь работает?
02:28 — «Закупки»
11:00 — «Не дай шарику упасть»
23:23 — «Сортировка мусора»
28:49 — Кто сегодня победил?

Эльдар Джарахов
https://vk.com/rocknrofl 
Саня Быков
https://vk.com/bboysansay 
Андрюша Прокофьев
https://vk.com/prok_kok 
Илья Satyr Шабельников
https://vk.com/satyrchannel 
Марат SQWOZ BAB
https://vk.com/sqwozbab
Андрей Старый
https://vk.com/stariyx

*
Смотри это и другие шоу VK Видео Originals в сообществе VK Видео https://vk.com/vkvideo",1782,1685343662,5051738,125,10218,3967,https://vk.com/video_ext.php?oid=-220754053&id=456239027&hash=7764e037650c9c97&__ref=vk.admin_android&api_hash=1740606843d27bc034863745b183_GMZDANZRGM2TCOA,1,1,1,False,https://sun1-85.userapi.com/uhQ5yhpoMtIO213-rbfOLrRBWuMNAYZPwGrf3Q/p9w8oAqb3Q4.jpg
456239028,-220754053,"ОФИСНЫЕ ИГРЫ Клик Клак #1: Джарахов, SQWOZ BAB, Сатир, Прокофьев, Старый. Тизер","«Офисные игры» — это юмористическое, развлекательное шоу, в котором Сатир, Прокофьев, Старый и Марат SQWOZ BAB станут стажёрами обычного московского офиса. Им предстоит выполнить дурацкие, смешные и безумные челленджи, которые для них подготовил Эльдар Джарахов.",33,1685344957,307324,2,65,31,https://vk.com/video_ext.php?oid=-220754053&id=456239028&hash=c1ad82616ae82d45&__ref=vk.admin_android&api_hash=17406068432eee92d9ce2dddb805_GMZDANZRGM2TCOA,1,1,1,False,https://i.mycdn.me/getVideoPreview?id=4625464166939&idx=11&type=39&tkn=C88yQ_Py3ATWwxJs2c7Uy2VsjcE&fn=vid_s
456239025,-220754053,ОФИСНЫЕ ИГРЫ Клик Клак. Тизер сезона,"«Офисные игры» — это юмористическое, развлекательное шоу, в котором Сатир, Прокофьев, Старый и Марат SQWOZ BAB станут стажёрами обычного московского офиса. Им предстоит выполнить дурацкие, смешные и безумные челленджи, которые для них подготовил Эльдар Джарахов. 

Смотри с 29 мая в 12:00 эксклюзивно в VK Видео!",47,1685235420,1385881,15,437,267,https://vk.com/video_ext.php?oid=-220754053&id=456239025&hash=1e4bbf30ed893fbf&__ref=vk.admin_android&api_hash=1740606843612be7b668e598c4b9_GMZDANZRGM2TCOA,1,1,1,False,https://sun1-95.userapi.com/Kua-SiCu912Ia50DGv6K8-xc-WpSHMD4V2gt0w/m-sWD6Z3oqM.jpg
456239022,-220754053,"КСТАТИ #1 — Харламов, Мусагалиев, Дорохов, Влад А4, Овечкин, Джиган","Уникальный. Свежий. Премьерный выпуск нового шоу «Кстати» с Азаматом Харламовым. Шоу где сразу двое ведущих-фронтменов: Гарик Харламов и Азамат Мусагалиев (третий ведущий — сюрприз). Гостями первого выпуска стали великий Александр Овечкин, неутомимый Джиган и ярчайший Влад А4. Музыкальные гости — дебютанты большой сцены, группа «Купание обезьяны в теплой воде».

Таймкоды:

0:00 — Начинаем «Кстати»
01:19 — А что такое «Кстати»?
04:51 — Третий ведущий?
06:14 — Адвокат Сергей Жорин защищает Дорохова 
07:33 — Когда теперь можно будет купить алкоголь?
08:17 — Гарик Харламов не понимает, как работает время
11:55 — Куда теперь летим отдыхать?
12:43 — Гарик Харламов нарушает закон 
18:35 — Первый гость. Александр Овечкин. Реакция на вылет из плей-офф
22:20 — Почему происходят драки в хоккее
25:50 — Овечкин и нейросеть
29:40 — Группа Звери выпустила новый альбом
31:11 — Второй гость. Джиган. Отдых в Африке. В завязке. 
33:00 — Джиган, как дела с Оксанкой?
35:39 — Gucci Café 
36:53 — Джиган объясняет почему смешно 
41:44 — Третий гость. Влад А4. 
42:50 — Влад А4 – бизнесмен
44:35 — Влад А4 – в топе видеоблогеров мира
45:20 — Заполняем с Владом А4 школьную анкету 
52:52 — Первое видео Влада А4. 24 часа в поликлинике. 
57:33 — Премьера песни группы «Купание обезьяны в тёплый воде»

*
Смотри это и другие шоу VK Видео Originals в сообществе VK Видео https://vk.com/vkvideo",3709,1685162835,19156983,2227,68853,29927,https://vk.com/video_ext.php?oid=-220754053&id=456239022&hash=6be2350c31537939&__ref=vk.admin_android&api_hash=174060684347dd97d736a1470959_GMZDANZRGM2TCOA,1,1,1,False,https://sun1-26.userapi.com/Dwp38rnmfCC4YttBfnwCgl09nJoTV1H53-CBiw/o88yDH06LMA.jpg
456239024,-220754053,"КСТАТИ #1 - Харламов, Мусагалиев, Дорохов, Влад А4, Овечкин, Джиган. Тизер","«Кстати» с Азаматом Харламовым - новое комедийное шоу вне рамок форматов и жанров, основной движущей силой которого является совместимо-несовместимая синергия ведущих, Азамата Мусагалиева и Гарика Харламова (а также третьего ведущего, но это сюрприз). В каждом выпуске зрителей будет ждать обсуждение самых нашумевших новостей; интервью с самыми звездными, актуальными, музыкальными и даже нежданными гостями; уникальные рубрики и самые горячие музыкальные выступления.

Смотрите шоу в котором нет рамок, стопов и закостенелых форматов, каждую субботу, эксклюзивно в ВК Видео.",50,1685178226,920706,19,493,175,https://vk.com/video_ext.php?oid=-220754053&id=456239024&hash=dc0e33437e9b6022&__ref=vk.admin_android&api_hash=17406068434084e8bf9801258a3a_GMZDANZRGM2TCOA,1,1,1,False,https://sun1-93.userapi.com/zfNGe3C5AXzhXzlHPVrDBxikTsbmME_TzrjmmQ/nA-G7HR__5I.jpg
456239020,-220754053,КСТАТИ. Тизер сезона,"«Кстати» с Азаматом Харламовым — новое комедийное шоу вне рамок форматов и жанров, основной движущей силой которого является совместимо-несовместимая синергия ведущих, Азамата Мусагалиева и Гарика Харламова (а также третьего ведущего, но это сюрприз). В каждом выпуске зрителей будет ждать обсуждение самых нашумевших новостей; интервью с самыми звездными, актуальными, музыкальными и даже нежданными гостями; уникальные рубрики и самые горячие музыкальные выступления.

Смотрите шоу в котором нет рамок, стопов и закостенелых форматов, каждую субботу, эксклюзивно в ВК Видео.",30,1685039591,6330699,78,3897,571,https://vk.com/video_ext.php?oid=-220754053&id=456239020&hash=26f187a55e4c1999&__ref=vk.admin_android&api_hash=1740606843fd9285d1a293a5f6cd_GMZDANZRGM2TCOA,1,1,1,False,https://sun1-20.userapi.com/kqlHSZp2grWP0TPs7p-og8HIVlxw-mobYkIwdw/a07rj7aZzJY.jpg
456239019,-220754053,LAB. Лаборатория музыки Антона Беляева. Тизер сезона,"Топовые артисты снова окажутся в музыкальной лаборатории Антона Беляева, где пообщаются о творчестве, исполнят вместе с Therr Maitz свои треки в необычных аранжировках, а также запишут неожиданные версии хитов других музыкантов.

Смотри с 30 мая в 12:00 эксклюзивно в VK Видео!",146,1684998521,1181921,66,2799,437,https://vk.com/video_ext.php?oid=-220754053&id=456239019&hash=719ffd3cd64c369e&__ref=vk.admin_android&api_hash=1740606843da4c79f2313712a6cf_GMZDANZRGM2TCOA,1,1,1,False,https://sun1-83.userapi.com/IhpjVDbq42DGUL4hGEwJHDGhDLDNVpiXIU5E0A/3DsX3PLfMRQ.jpg
456239018,-220754053,Вписка у Маргулиса. Эрика Лундмоен,"Норвежские мотивы, дрифт по музыкальным жанрам и сложносочиненная «Мирра» — Эрика Лундмоен во втором выпуске «ВПИСКИ У МАРГУЛИСА». О секретах создания новых звуков, работе с Бастой и о том, как правильно произносить фамилию Эрики — смотрите эксклюзивно в VK Видео.

Таймкоды:

00:00 — Начало
00:31 — «Этна»
05:09 — Произносим фамилию правильно
05:47 — Какую музыку играет Эрика?
06:30 — Что слушала в детстве?
07:47 — Что-то на норвежском
08:11 — «Кариба»
12:48 — О значении «Мирры»
13:38 — Съемки фильма и прыжки в костер
15:05 — «Придется молчать»
18:56 — ST и Маргулис хвалят творчество Эрики
20:15 — Создание оригинальных звуков
21:20 — Отношение к музыкальному образованию
22:20 — «Луна»
25:43 — Сколько все-таки альбомов?
26:04 — Работа с Бастой
26:55 — Почему полноценный альбом, а не EP?
27:36 — ST выясняет, когда слушать треки Эрики
28:41 — «Ферра»
32:40 — О тексте «Ферры»
33:07 — Будет ли музыкальная группа?
33:32 — Немузыкальное увлечение
35:18 — «Ночь»
38:21 — Как музыка Эрики воздействует на Маргулиса
39:05 — Ждать ли винил?
39:52 — «Крыльями»
42:32 — «Яд»

*
Смотри это и другие шоу VK Видео Originals в сообществе VK Видео https://vk.com/vkvideo",2814,1684908522,1531016,63,1506,440,https://vk.com/video_ext.php?oid=-220754053&id=456239018&hash=f8a206a0f7c3c396&__ref=vk.admin_android&api_hash=17406068434a312fe28896e6a169_GMZDANZRGM2TCOA,1,1,1,False,https://sun1-93.userapi.com/JrBh-wg6Wsu9G5K2vND25yE2EvtfPzVDUc_hQQ/gQ667PsCVE0.jpg
456239079,-220754053,Вписка у Маргулиса. Эрика Лундмоен. Тизер,"Норвежские мотивы, дрифт по музыкальным жанрам и сложносочиненная «Мирра» — Эрика Лундмоен во втором выпуске «ВПИСКИ У МАРГУЛИСА». О секретах создания новых звуков, работе с Бастой и о том, как правильно произносить фамилию Эрики — смотрите эксклюзивно в VK Видео.",48,1686648964,10303,0,15,1,https://vk.com/video_ext.php?oid=-220754053&id=456239079&hash=ae649fbd6ba0c79e&__ref=vk.admin_android&api_hash=174060684342f1f706af0d5cfaf4_GMZDANZRGM2TCOA,1,1,1,False,https://i.mycdn.me/getVideoPreview?id=4995771927057&idx=2&type=39&tkn=Mj4wGYsdsS2Jdw4mtdp0LbMmKag&fn=vid_s
456239164,-207536086,Вписка у Маргулиса. Wildways,"Громкие Wildways возвращают слушателей в 2007, на пальцах объясняют ST и Маргулису, чем металкор отличается от постхардкора, и устраивают первый слэм в истории «ВПИСКИ». Почему одни фанаты приходят на концерты группы в 46-й раз, а в других музыканты кидают барабанные палочки — об этом и не только в первом выпуске «ВПИСКИ У МАРГУЛИСА» в VK Видео!

Таймкоды:

00:00 — Начало
00:31 — «Сестра»
04:27 — «Первая группа, которая так громко играет»
06:02 — Разбираемся в жанрах
07:57 — «Весна»
11:03 — Немного о блюзе 
13:10 — Почему ребята используют плейбек?
14:24 — За что любят музыку Wildways
15:57 — «Теплый чистый остров»
19:35 — Кто организует концерты?
20:28 — ST рассказывает о казусе в клубе 
21:22 — Про «кидание палок»
23:21 — «Километры»
26:52 — О зарубежном периоде
29:54 — Выступление на VK Fest
30:51 — «Мечты хрустальные»
35:06 — Представление музыкантов
36:26 — Вдохновение русской поэзией 
37:12 — «Верить в людей»
40:08 — ST пытается понять текст песни
42:09 — Как Сосо Павлиашвили попал на концерт Wildways
42:43 — «Бабкибабкибабки»

*
Смотри это и другие шоу VK Видео Originals в сообществе VK Видео https://vk.com/vkvideo",2813,1684391091,1541898,76,2215,889,https://vk.com/video_ext.php?oid=-207536086&id=456239164&hash=04786d7833492e72&__ref=vk.admin_android&api_hash=1740606843f0749e209a7240a3d4_GMZDANZRGM2TCOA,1,1,1,False,https://sun1-54.userapi.com/c8PjyTSn4JMB-o9lZ9xnv3iyF1qPw8BPmqaJRA/_HuxT4mcn1Y.jpg
456239166,-207536086,Вписка у Маргулиса. Wildways. Тизер,"Тизер первого выпуска шоу «Вписка у Маргулиса»!

Громкие Wildways возвращают слушателей в 2007, на пальцах объясняют ST и Маргулису, чем металкор отличается от постхардкора, и устраивают первый слэм в истории «ВПИСКИ». Почему одни фанаты приходят на концерты группы в 46-й раз, а в других музыканты кидают барабанные палочки - об этом и не только в первом выпуске «ВПИСКИ У МАРГУЛИСА» в VK Видео!",47,1684402926,8766,2,36,12,https://vk.com/video_ext.php?oid=-207536086&id=456239166&hash=7b7a0d8fa2863327&__ref=vk.admin_android&api_hash=17406068438496e443d3e49f4b39_GMZDANZRGM2TCOA,1,1,1,False,https://i.mycdn.me/getVideoPreview?id=4401607805607&idx=3&type=39&tkn=wyc_IF6MzOg-VBydX00Wz6Q27B4&fn=vid_s
456239163,-207536086,Вписка у Маргулиса. Тизер сезона,"Новая Вписка у Маргулиса! 

Какую реакцию фрешмены вызовут у мастодонта музыки? Кто зайдет Маргулису, а кого он не поймет вообще? Новый сезон «Вписки у Маргулиса» эксклюзивно в VK Видео. Живая музыка, теплая атмосфера и самые яркие молодые артисты в гостях у Евгения Маргулиса и Саши ST.

Смотри с 18 мая в 12:00 эксклюзивно в VK Видео!",53,1684334283,822379,4,336,25,https://vk.com/video_ext.php?oid=-207536086&id=456239163&hash=d4cab5825a812e94&__ref=vk.admin_android&api_hash=1740606843d19d70208b91dcf109_GMZDANZRGM2TCOA,1,1,1,False,https://sun1-30.userapi.com/krIkxPJLB7ofAUZeuy5Oxeu0-2D2PGkwQMaj6g/VQUSCshMAEk.jpg
