../logs/API_methods.log 2025-03-05 14:46:12,360 INFO ФУНКЦИЯ GET_ALL_VIDEOS!!!
../logs/API_methods.log 2025-03-05 14:46:14,161 INFO ФУНКЦИЯ GET_UNIQUE_ALBUM_VIDEOS!!!
../logs/API_methods.log 2025-03-05 14:46:16,498 INFO ФУНКЦИЯ GET_ALL_VIDEOS!!!
../logs/API_methods.log 2025-03-05 14:46:22,179 INFO ФУНКЦИЯ GET_UNIQUE_ALBUM_VIDEOS!!!
../logs/API_methods.log 2025-03-05 14:46:45,960 INFO ФУНКЦИЯ GET_ALL_VIDEOS!!!
../logs/API_methods.log 2025-03-05 14:46:54,733 INFO ФУНКЦИЯ GET_UNIQUE_ALBUM_VIDEOS!!!
../logs/API_methods.log 2025-03-05 14:47:04,529 INFO ФУНКЦИЯ GET_ALL_VIDEOS!!!
../logs/API_methods.log 2025-03-05 14:47:07,254 INFO ФУНКЦИЯ GET_UNIQUE_ALBUM_VIDEOS!!!
../logs/API_methods.log 2025-03-05 14:47:14,026 INFO ФУНКЦИЯ GET_ALL_VIDEOS!!!
../logs/API_methods.log 2025-03-05 14:47:39,558 INFO ФУНКЦИЯ GET_UNIQUE_ALBUM_VIDEOS!!!
../logs/API_methods.log 2025-03-05 14:48:17,674 INFO ФУНКЦИЯ GET_ALL_VIDEOS!!!
../logs/API_methods.log 2025-03-05 14:48:21,491 INFO ФУНКЦИЯ GET_UNIQUE_ALBUM_VIDEOS!!!
../logs/API_methods.log 2025-03-05 14:48:25,753 INFO ФУНКЦИЯ GET_ALL_VIDEOS!!!
../logs/API_methods.log 2025-03-05 14:48:30,220 INFO ФУНКЦИЯ GET_UNIQUE_ALBUM_VIDEOS!!!
../logs/API_methods.log 2025-03-05 14:48:31,326 INFO ФУНКЦИЯ GET_ALL_VIDEOS!!!
../logs/API_methods.log 2025-03-05 14:48:44,487 INFO ФУНКЦИЯ GET_UNIQUE_ALBUM_VIDEOS!!!
../logs/API_methods.log 2025-03-05 14:48:58,376 INFO ФУНКЦИЯ GET_ALL_VIDEOS!!!
../logs/API_methods.log 2025-03-05 14:49:00,954 INFO ФУНКЦИЯ GET_UNIQUE_ALBUM_VIDEOS!!!
../logs/API_methods.log 2025-03-05 14:49:02,058 INFO ФУНКЦИЯ GET_ALL_VIDEOS!!!
../logs/API_methods.log 2025-03-05 14:49:16,945 INFO ФУНКЦИЯ GET_UNIQUE_ALBUM_VIDEOS!!!
../logs/API_methods.log 2025-03-05 14:50:30,732 INFO ФУНКЦИЯ GET_GROUP_INFO!!!
../logs/API_methods.log 2025-03-05 14:50:34,499 INFO ФУНКЦИЯ GET_WALL_INFO!!!
../logs/API_methods.log 2025-03-05 14:50:36,552 INFO ФУНКЦИЯ GET_WALL_INFO!!!
../logs/API_methods.log 2025-03-05 14:50:38,668 INFO ФУНКЦИЯ GET_WALL_INFO!!!
../logs/API_methods.log 2025-03-05 14:50:40,888 INFO ФУНКЦИЯ GET_WALL_INFO!!!
../logs/API_methods.log 2025-03-05 14:50:43,100 INFO ФУНКЦИЯ GET_WALL_INFO!!!
../logs/API_methods.log 2025-03-05 14:50:45,651 INFO ФУНКЦИЯ GET_WALL_INFO!!!
../logs/API_methods.log 2025-03-05 14:50:48,040 INFO ФУНКЦИЯ GET_WALL_INFO!!!
../logs/API_methods.log 2025-03-05 14:50:50,252 INFO ФУНКЦИЯ GET_WALL_INFO!!!
../logs/API_methods.log 2025-03-05 14:50:52,093 INFO ФУНКЦИЯ GET_WALL_INFO!!!
../logs/API_methods.log 2025-03-05 14:50:54,624 INFO ФУНКЦИЯ GET_WALL_INFO!!!
../logs/API_methods.log 2025-03-05 14:51:30,557 INFO ФУНКЦИЯ GET_VIDEO_COMMENT!!!
../logs/API_methods.log 2025-03-05 14:51:30,657 INFO Проблема с комментариями к видео Женский Форум #79
../logs/API_methods.log 2025-03-05 14:51:30,657 INFO Проблема с комментариями к видео Женский Форум #78 | Алексей Смирнов
../logs/API_methods.log 2025-03-05 14:51:30,657 INFO Проблема с комментариями к видео Женский Форум #77
../logs/API_methods.log 2025-03-05 14:51:30,657 INFO Проблема с комментариями к видео Женский Форум #76 | Ольга Бузова | Новогодний
../logs/API_methods.log 2025-03-05 14:51:30,657 INFO Проблема с комментариями к видео Женский Форум #75 | Александр Рогов | Новогодний
../logs/API_methods.log 2025-03-05 14:51:30,657 INFO Успешно получили комментарии для 5 видео
../logs/API_methods.log 2025-03-05 14:51:31,666 INFO ФУНКЦИЯ GET_VIDEO_COMMENT!!!
../logs/API_methods.log 2025-03-05 14:51:31,776 INFO Проблема с комментариями к видео Женский Форум #74 | Олег Шепс | Новогодний
../logs/API_methods.log 2025-03-05 14:51:31,776 INFO Проблема с комментариями к видео Женский Форум #73 | Ирина Мягкова
../logs/API_methods.log 2025-03-05 14:51:31,777 INFO Проблема с комментариями к видео Женский Форум #72
../logs/API_methods.log 2025-03-05 14:51:31,777 INFO Проблема с комментариями к видео Женский Форум #71 | Алексей Шальнов
../logs/API_methods.log 2025-03-05 14:51:31,777 INFO Проблема с комментариями к видео Женский Форум #70 | Оля Малащенко
../logs/API_methods.log 2025-03-05 14:51:31,777 INFO Успешно получили комментарии для 5 видео
../logs/API_methods.log 2025-03-05 14:51:32,783 INFO ФУНКЦИЯ GET_VIDEO_COMMENT!!!
../logs/API_methods.log 2025-03-05 14:51:32,906 INFO Проблема с комментариями к видео Женский Форум #69 | Мама Вари
../logs/API_methods.log 2025-03-05 14:51:32,906 INFO Проблема с комментариями к видео Женский Форум #68
../logs/API_methods.log 2025-03-05 14:51:32,906 INFO Проблема с комментариями к видео Женский Форум #67 | Роман Косицын
../logs/API_methods.log 2025-03-05 14:51:32,906 INFO Проблема с комментариями к видео Женский Форум #66 | Юлия Ахмедова
../logs/API_methods.log 2025-03-05 14:51:32,907 INFO Проблема с комментариями к видео Женский Форум #65 | Сергей Матвиенко
../logs/API_methods.log 2025-03-05 14:51:32,907 INFO Успешно получили комментарии для 5 видео
../logs/API_methods.log 2025-03-05 14:51:33,914 INFO ФУНКЦИЯ GET_VIDEO_COMMENT!!!
../logs/API_methods.log 2025-03-05 14:51:34,021 INFO Проблема с комментариями к видео Женский Форум #64
../logs/API_methods.log 2025-03-05 14:51:34,021 INFO Проблема с комментариями к видео Женский Форум #63 | Ида Галич
../logs/API_methods.log 2025-03-05 14:51:34,021 INFO Проблема с комментариями к видео Женский Форум #62
../logs/API_methods.log 2025-03-05 14:51:34,021 INFO Проблема с комментариями к видео Женский Форум #61 | Антон Шастун
../logs/API_methods.log 2025-03-05 14:51:34,021 INFO Проблема с комментариями к видео Женский Форум #60
../logs/API_methods.log 2025-03-05 14:51:34,021 INFO Успешно получили комментарии для 5 видео
../logs/API_methods.log 2025-03-05 14:51:35,030 INFO ФУНКЦИЯ GET_VIDEO_COMMENT!!!
../logs/API_methods.log 2025-03-05 14:51:35,156 INFO Проблема с комментариями к видео Женский Форум #59 | Ирина Дубцова
../logs/API_methods.log 2025-03-05 14:51:35,156 INFO Проблема с комментариями к видео Женский Форум #58
../logs/API_methods.log 2025-03-05 14:51:35,156 INFO Проблема с комментариями к видео Женский Форум #57 | Юлия Коваль
../logs/API_methods.log 2025-03-05 14:51:35,156 INFO Проблема с комментариями к видео Женский Форум #56
../logs/API_methods.log 2025-03-05 14:51:35,156 INFO Проблема с комментариями к видео Женский Форум #55 | Ева Польна
../logs/API_methods.log 2025-03-05 14:51:35,157 INFO Успешно получили комментарии для 5 видео
../logs/API_methods.log 2025-03-05 14:51:36,165 INFO ФУНКЦИЯ GET_VIDEO_COMMENT!!!
../logs/API_methods.log 2025-03-05 14:51:36,279 INFO Проблема с комментариями к видео Женский Форум #54
../logs/API_methods.log 2025-03-05 14:51:36,279 INFO Проблема с комментариями к видео Женский Форум #53 | Анастасия Волочкова
../logs/API_methods.log 2025-03-05 14:51:36,279 INFO Проблема с комментариями к видео Женский Форум #52
../logs/API_methods.log 2025-03-05 14:51:36,280 INFO Проблема с комментариями к видео Женский Форум #51 | Алла Михеева
../logs/API_methods.log 2025-03-05 14:51:36,280 INFO Проблема с комментариями к видео Женский Форум #50
../logs/API_methods.log 2025-03-05 14:51:36,280 INFO Успешно получили комментарии для 5 видео
../logs/API_methods.log 2025-03-05 14:51:37,286 INFO ФУНКЦИЯ GET_VIDEO_COMMENT!!!
../logs/API_methods.log 2025-03-05 14:51:37,400 INFO Проблема с комментариями к видео Женский Форум #49 | Дмитрий Журавлёв | Новогодний
../logs/API_methods.log 2025-03-05 14:51:37,401 INFO Проблема с комментариями к видео Женский Форум #48 | Виктория Складчикова | Новогодний
../logs/API_methods.log 2025-03-05 14:51:37,401 INFO Проблема с комментариями к видео Женский Форум #47 | Кирилл Мазур | Новогодний
../logs/API_methods.log 2025-03-05 14:51:37,401 INFO Проблема с комментариями к видео Женский Форум #46 | Аня Покров
../logs/API_methods.log 2025-03-05 14:51:37,401 INFO Проблема с комментариями к видео Женский Форум #45 | Павел Дедищев
../logs/API_methods.log 2025-03-05 14:51:37,401 INFO Успешно получили комментарии для 5 видео
../logs/API_methods.log 2025-03-05 14:51:38,407 INFO ФУНКЦИЯ GET_VIDEO_COMMENT!!!
../logs/API_methods.log 2025-03-05 14:51:38,673 INFO Проблема с комментариями к видео Женский Форум #44 | Карина Мейханаджян
../logs/API_methods.log 2025-03-05 14:51:38,673 INFO Проблема с комментариями к видео Женский Форум #43 | Карина Кросс
../logs/API_methods.log 2025-03-05 14:51:38,673 INFO Проблема с комментариями к видео Женский Форум #42 | Кирилл Мазур
../logs/API_methods.log 2025-03-05 14:51:38,673 INFO Проблема с комментариями к видео Женский Форум #41 | Елизавета Варвара Аранова
../logs/API_methods.log 2025-03-05 14:51:38,674 INFO Проблема с комментариями к видео Женский Форум #40 | Вячеслав Чепурченко
../logs/API_methods.log 2025-03-05 14:51:38,674 INFO Успешно получили комментарии для 5 видео
../logs/API_methods.log 2025-03-05 14:51:39,678 INFO ФУНКЦИЯ GET_VIDEO_COMMENT!!!
../logs/API_methods.log 2025-03-05 14:51:39,846 INFO Проблема с комментариями к видео Женский Форум #39 | Артём Муратов
../logs/API_methods.log 2025-03-05 14:51:39,846 INFO Проблема с комментариями к видео Женский Форум #38 | Олеся Иванченко
../logs/API_methods.log 2025-03-05 14:51:39,846 INFO Проблема с комментариями к видео Женский Форум #37 | Маргарита Родина
../logs/API_methods.log 2025-03-05 14:51:39,846 INFO Проблема с комментариями к видео Женский Форум #36 | Бьянка
../logs/API_methods.log 2025-03-05 14:51:39,846 INFO Проблема с комментариями к видео Женский Форум #35 | Арсений Попов
../logs/API_methods.log 2025-03-05 14:51:39,847 INFO Успешно получили комментарии для 5 видео
../logs/API_methods.log 2025-03-05 14:51:40,856 INFO ФУНКЦИЯ GET_VIDEO_COMMENT!!!
../logs/API_methods.log 2025-03-05 14:51:40,979 INFO Проблема с комментариями к видео Женский Форум #34 | Роман Каграманов
../logs/API_methods.log 2025-03-05 14:51:40,979 INFO Проблема с комментариями к видео Женский Форум #33 | Виктория Складчикова
../logs/API_methods.log 2025-03-05 14:51:40,980 INFO Проблема с комментариями к видео Женский Форум #32 | Екатерина Скулкина
../logs/API_methods.log 2025-03-05 14:51:40,980 INFO Проблема с комментариями к видео Премьеры новых выпусков Женского форума - теперь эксклюзивно в VK Видео!
../logs/API_methods.log 2025-03-05 14:51:40,980 INFO Проблема с комментариями к видео Женский Форум #31 | Дмитрий Журавлёв
../logs/API_methods.log 2025-03-05 14:51:40,980 INFO Успешно получили комментарии для 5 видео
../logs/API_methods.log 2025-03-05 14:51:41,984 INFO ФУНКЦИЯ GET_VIDEO_COMMENT!!!
../logs/API_methods.log 2025-03-05 14:51:42,097 INFO Проблема с комментариями к видео Женский Форум #30 | Белла
../logs/API_methods.log 2025-03-05 14:51:42,097 INFO Проблема с комментариями к видео Женский Форум #29 | Глюк'oZа
../logs/API_methods.log 2025-03-05 14:51:42,097 INFO Проблема с комментариями к видео Женский Форум #28 | Дима Позов
../logs/API_methods.log 2025-03-05 14:51:42,097 INFO Проблема с комментариями к видео Женский Форум #27 | Илья Макаров
../logs/API_methods.log 2025-03-05 14:51:42,097 INFO Проблема с комментариями к видео Женский Форум #26 | Сердар Камбаров
../logs/API_methods.log 2025-03-05 14:51:42,097 INFO Успешно получили комментарии для 5 видео
../logs/API_methods.log 2025-03-05 14:51:43,101 INFO ФУНКЦИЯ GET_VIDEO_COMMENT!!!
../logs/API_methods.log 2025-03-05 14:51:43,232 INFO Проблема с комментариями к видео Женский Форум #25 | Мария Миногарова
../logs/API_methods.log 2025-03-05 14:51:43,233 INFO Проблема с комментариями к видео Женский Форум #24 | Игорь Джабраилов | Зоя Яровицына | Гоша Карцев
../logs/API_methods.log 2025-03-05 14:51:43,233 INFO Проблема с комментариями к видео Женский Форум - Женский Форум #23 | Илья Соболев
../logs/API_methods.log 2025-03-05 14:51:43,233 INFO Проблема с комментариями к видео Женский Форум - Женский Форум #22 | Игорь Джабраилов
../logs/API_methods.log 2025-03-05 14:51:43,233 INFO Проблема с комментариями к видео Женский Форум - Женский Форум #21 | Тарзан
../logs/API_methods.log 2025-03-05 14:51:43,233 INFO Успешно получили комментарии для 5 видео
../logs/API_methods.log 2025-03-05 14:51:44,243 INFO ФУНКЦИЯ GET_VIDEO_COMMENT!!!
../logs/API_methods.log 2025-03-05 14:51:44,355 INFO Проблема с комментариями к видео Женский Форум - Женский Форум #19 | Анна Седокова
../logs/API_methods.log 2025-03-05 14:51:44,355 INFO Проблема с комментариями к видео Женский Форум - Женский Форум #18 | Надя Джабраилова
../logs/API_methods.log 2025-03-05 14:51:44,355 INFO Проблема с комментариями к видео Женский Форум - Женский Форум #17 | Стас Круглицкий (Стас Просто Класс)
../logs/API_methods.log 2025-03-05 14:51:44,355 INFO Проблема с комментариями к видео MEDIUM QUALITY РЕКОМЕНДУЕТ - Женский Форум #16 | Айза
../logs/API_methods.log 2025-03-05 14:51:44,356 INFO Проблема с комментариями к видео Женский Форум - Женский Форум #15 | Гоша Карцев
../logs/API_methods.log 2025-03-05 14:51:44,356 INFO Успешно получили комментарии для 5 видео
../logs/API_methods.log 2025-03-05 14:51:45,358 INFO ФУНКЦИЯ GET_VIDEO_COMMENT!!!
../logs/API_methods.log 2025-03-05 14:51:45,474 INFO Проблема с комментариями к видео Женский Форум - Женский Форум #14 | Женя Гришечкина
../logs/API_methods.log 2025-03-05 14:51:45,474 INFO Проблема с комментариями к видео Женский Форум - Женский Форум #13 | Дава
../logs/API_methods.log 2025-03-05 14:51:45,474 INFO Проблема с комментариями к видео Женский Форум - Женский Форум #12 | Артём Винокур
../logs/API_methods.log 2025-03-05 14:51:45,474 INFO Проблема с комментариями к видео Женский Форум - Женский Форум #11 | Алексей Жидковский
../logs/API_methods.log 2025-03-05 14:51:45,474 INFO Проблема с комментариями к видео Женский Форум - Женский Форум #10 | Зоя Яровицына
../logs/API_methods.log 2025-03-05 14:51:45,474 INFO Успешно получили комментарии для 5 видео
../logs/API_methods.log 2025-03-05 14:51:46,480 INFO ФУНКЦИЯ GET_VIDEO_COMMENT!!!
../logs/API_methods.log 2025-03-05 14:51:46,639 INFO Проблема с комментариями к видео Женский Форум - Женский Форум #9 | Илья Куруч
../logs/API_methods.log 2025-03-05 14:51:46,640 INFO Проблема с комментариями к видео Женский Форум - Женский Форум #8 | Madam Kaka
../logs/API_methods.log 2025-03-05 14:51:46,640 INFO Проблема с комментариями к видео Женский Форум - Женский Форум #7 | Марина Федункив
../logs/API_methods.log 2025-03-05 14:51:46,640 INFO Проблема с комментариями к видео Женский Форум - Женский форум #6 | Эвелина Гранд
../logs/API_methods.log 2025-03-05 14:51:46,640 INFO Проблема с комментариями к видео Женский форум #5 | Чума Вечеринка
../logs/API_methods.log 2025-03-05 14:51:46,640 INFO Успешно получили комментарии для 5 видео
../logs/API_methods.log 2025-03-05 14:51:47,650 INFO ФУНКЦИЯ GET_VIDEO_COMMENT!!!
../logs/API_methods.log 2025-03-05 14:51:47,781 INFO Проблема с комментариями к видео Женский Форум - Женский Форум #4 | Илья Макаров
../logs/API_methods.log 2025-03-05 14:51:47,781 INFO Проблема с комментариями к видео Женский Форум - Женский форум #3 | Гурам Амарян
../logs/API_methods.log 2025-03-05 14:51:47,781 INFO Проблема с комментариями к видео Женский Форум - Женский Форум #2 | Саша Ваш
../logs/API_methods.log 2025-03-05 14:51:47,781 INFO Проблема с комментариями к видео Женский Форум - Женский Форум #1 | Эмир Кашоков
../logs/API_methods.log 2025-03-05 14:51:47,781 INFO Проблема с комментариями к видео Звездный дурак #8 - Журавлев, Джабраилов, Гурбанов, Туганов, Савенко
../logs/API_methods.log 2025-03-05 14:51:47,781 INFO Успешно получили комментарии для 5 видео
../logs/API_methods.log 2025-03-05 14:51:48,789 INFO ФУНКЦИЯ GET_VIDEO_COMMENT!!!
../logs/API_methods.log 2025-03-05 14:51:48,906 INFO Проблема с комментариями к видео [Анонс] Стыдно знать | Амарян vs Дедищев
../logs/API_methods.log 2025-03-05 14:51:48,906 INFO Проблема с комментариями к видео Стыдно знать | Амарян vs Дедищев
../logs/API_methods.log 2025-03-05 14:51:48,907 INFO Проблема с комментариями к видео Шов про звуки #2 / Бутусов, Гришечкина, Бурдашев, Шальнов
../logs/API_methods.log 2025-03-05 14:51:48,907 INFO Проблема с комментариями к видео ПВН. #30 Стас Асафьев х Денис Михеев х Дмитрий Шпеньков х Денис Дорохов
../logs/API_methods.log 2025-03-05 14:51:48,907 INFO Проблема с комментариями к видео Звездный дурак #7 - Журавлев, Джабраилов, Муратов, Гараев, Савенко
../logs/API_methods.log 2025-03-05 14:51:48,907 INFO Успешно получили комментарии для 5 видео
../logs/API_methods.log 2025-03-05 14:51:49,912 INFO ФУНКЦИЯ GET_VIDEO_COMMENT!!!
../logs/API_methods.log 2025-03-05 14:51:50,038 INFO Проблема с комментариями к видео Разговор с Антоном Остерниковым - Паша ТЕХНИК
../logs/API_methods.log 2025-03-05 14:51:50,038 INFO Проблема с комментариями к видео Стыдно знать | Горох vs Косицын
../logs/API_methods.log 2025-03-05 14:51:50,038 INFO Проблема с комментариями к видео «Большая прожарка» Отара Кушанашвили
../logs/API_methods.log 2025-03-05 14:51:50,038 INFO Проблема с комментариями к видео Стыдно знать | Карцев vs Big Russian Boss
../logs/API_methods.log 2025-03-05 14:51:50,038 INFO Проблема с комментариями к видео ПВН. #29 Амина Тендерлибае х Динара Курбанова х Денис Дорохов х Яна Кошкина
../logs/API_methods.log 2025-03-05 14:51:50,038 INFO Успешно получили комментарии для 5 видео
../logs/API_methods.log 2025-03-05 14:51:51,048 INFO ФУНКЦИЯ GET_VIDEO_COMMENT!!!
../logs/API_methods.log 2025-03-05 14:51:51,167 INFO Проблема с комментариями к видео «Откуда ты?» Игорь Джабраилов Х Илья Куруч
../logs/API_methods.log 2025-03-05 14:51:51,167 INFO Проблема с комментариями к видео Звездный дурак #6 - Журавлев, Джабраилов, Андриенко, Гридин, Савенко
../logs/API_methods.log 2025-03-05 14:51:51,167 INFO Проблема с комментариями к видео Шов про звуки #1 / Муратов, Щетков, Ваш, Шальнов
../logs/API_methods.log 2025-03-05 14:51:51,167 INFO Проблема с комментариями к видео Звездный дурак #5 - Журавлев, Джабраилов, Курбанова, Бурдашев, Савенко
../logs/API_methods.log 2025-03-05 14:51:51,167 INFO Проблема с комментариями к видео ПВН. #28 Отар Кушанашвили х Оля Малащенко х Денис Дорохов х Яна Кошкина
../logs/API_methods.log 2025-03-05 14:51:51,168 INFO Успешно получили комментарии для 5 видео
../logs/API_methods.log 2025-03-05 14:51:52,173 INFO ФУНКЦИЯ GET_VIDEO_COMMENT!!!
../logs/API_methods.log 2025-03-05 14:51:52,283 INFO Проблема с комментариями к видео ВОВА ИЗ АТАМАНОВО. «НОВОГОДНИЕ».
../logs/API_methods.log 2025-03-05 14:51:52,283 INFO Проблема с комментариями к видео «Большая новогодняя прожарка» Джигана
../logs/API_methods.log 2025-03-05 14:51:52,284 INFO Проблема с комментариями к видео ПВН. #27 Джиган х Амир Гурбанов х Денис Дорохов х Яна Кошкина
../logs/API_methods.log 2025-03-05 14:51:52,284 INFO Проблема с комментариями к видео НОВОГОДНИЙ «СКОЛЬКО?!» #21 Джабраилов. Сапрыкин. VooDooSh.
../logs/API_methods.log 2025-03-05 14:51:52,284 INFO Проблема с комментариями к видео Павел Дедищев х Зоя Яровицына | Roast Battle Labelcom ТУРНИР #8
../logs/API_methods.log 2025-03-05 14:51:52,284 INFO Успешно получили комментарии для 5 видео
../logs/API_methods.log 2025-03-05 14:51:53,291 INFO ФУНКЦИЯ GET_VIDEO_COMMENT!!!
../logs/API_methods.log 2025-03-05 14:51:53,413 INFO Проблема с комментариями к видео КОЛЕЧНЫЙ ВЛАДЫКА | КЛИККЛАК x Куруч x Дудиков Филмс
../logs/API_methods.log 2025-03-05 14:51:53,414 INFO Проблема с комментариями к видео СКОЛЬКО?! #20 Джабраилов. Дедищев. Горох.
../logs/API_methods.log 2025-03-05 14:51:53,414 INFO Проблема с комментариями к видео Стыдно знать | Матвиенко vs Вяликова
../logs/API_methods.log 2025-03-05 14:51:53,414 INFO Проблема с комментариями к видео СКОЛЬКО?! #19 Джабраилов. 50 вопросов. Макарена.
../logs/API_methods.log 2025-03-05 14:51:53,414 INFO Проблема с комментариями к видео Сатир х Зоя Яровицына | Roast Battle Labelcom ТУРНИР #7
../logs/API_methods.log 2025-03-05 14:51:53,414 INFO Успешно получили комментарии для 5 видео
../logs/API_methods.log 2025-03-05 14:51:54,419 INFO ФУНКЦИЯ GET_VIDEO_COMMENT!!!
../logs/API_methods.log 2025-03-05 14:51:54,527 INFO Проблема с комментариями к видео ШАЛЬНОВ - МОЙ ПЕРВЫЙ РЭП #4 | МУРАТОВ feat. МЦ Похоронил & Alphavite
../logs/API_methods.log 2025-03-05 14:51:54,527 INFO Проблема с комментариями к видео Стыдно знать | Бустер vs Шальнов
../logs/API_methods.log 2025-03-05 14:51:54,527 INFO Проблема с комментариями к видео ПВН. #26 Анна Седокова х Юрий Музыченко х Денис Дорохов х Ульяна Пылаева
../logs/API_methods.log 2025-03-05 14:51:54,528 INFO Проблема с комментариями к видео СКОЛЬКО?! #18 Джабраилов. Лебедев. Жидковский.
../logs/API_methods.log 2025-03-05 14:51:54,528 INFO Проблема с комментариями к видео МУЖИК-МЫШЬ ПРОТИВ ЖОКЕРА | Шальнов/Мазур X Дудиков Филмс
../logs/API_methods.log 2025-03-05 14:51:54,528 INFO Успешно получили комментарии для 5 видео
../logs/API_methods.log 2025-03-05 14:51:55,537 INFO ФУНКЦИЯ GET_VIDEO_COMMENT!!!
../logs/API_methods.log 2025-03-05 14:51:55,657 INFO Проблема с комментариями к видео «Откуда ты?» Игорь Джабраилов Х Гурам Амарян
../logs/API_methods.log 2025-03-05 14:51:55,657 INFO Проблема с комментариями к видео Янгер х Зоя Яровицына | Roast Battle Labelcom ТУРНИР #6
../logs/API_methods.log 2025-03-05 14:51:55,657 INFO Проблема с комментариями к видео СКОЛЬКО?! #17 Джабраилов. Фауст. Косицын.
../logs/API_methods.log 2025-03-05 14:51:55,657 INFO Проблема с комментариями к видео Стыдно знать | Сатир vs Жидковский
../logs/API_methods.log 2025-03-05 14:51:55,657 INFO Проблема с комментариями к видео ЯРОВИЦЫНА - МОЙ ПЕРВЫЙ РЭП #3 | Муратов feat. МЦ Похоронил & Alphavite
../logs/API_methods.log 2025-03-05 14:51:55,657 INFO Успешно получили комментарии для 5 видео
../logs/API_methods.log 2025-03-05 14:51:56,663 INFO ФУНКЦИЯ GET_VIDEO_COMMENT!!!
../logs/API_methods.log 2025-03-05 14:51:56,774 INFO Проблема с комментариями к видео #9. ВОВА ИЗ АТАМАНОВО. «BONUS».
../logs/API_methods.log 2025-03-05 14:51:56,774 INFO Проблема с комментариями к видео ПВН. #25 Александр Ревва х Аня Покров х Денис Дорохов х Катя Вяликова
../logs/API_methods.log 2025-03-05 14:51:56,774 INFO Проблема с комментариями к видео Прощай, Легенда #6 Артемий Лебедев
../logs/API_methods.log 2025-03-05 14:51:56,774 INFO Проблема с комментариями к видео #8. ВОВА ИЗ АТАМАНОВО. «СВАДЬБА. ФИНАЛ СЕЗОНА».
../logs/API_methods.log 2025-03-05 14:51:56,774 INFO Проблема с комментариями к видео СКОЛЬКО?! #16 Джабраилов. Ахмедова. Парфенюк.
../logs/API_methods.log 2025-03-05 14:51:56,774 INFO Успешно получили комментарии для 5 видео
../logs/API_methods.log 2025-03-05 14:51:57,779 INFO ФУНКЦИЯ GET_VIDEO_COMMENT!!!
../logs/API_methods.log 2025-03-05 14:51:57,886 INFO Проблема с комментариями к видео Фауст х Зоя Яровицына | Roast Battle Labelcom ТУРНИР #5
../logs/API_methods.log 2025-03-05 14:51:57,887 INFO Проблема с комментариями к видео #7. ВОВА ИЗ АТАМАНОВО. «НЕКИЕ ПЕРЕМЕНЫ».
../logs/API_methods.log 2025-03-05 14:51:57,887 INFO Проблема с комментариями к видео ФАУСТ - МОЙ ПЕРВЫЙ РЭП #2 | Муратов feat. МЦ Похоронил & Alphavite
../logs/API_methods.log 2025-03-05 14:51:57,887 INFO Проблема с комментариями к видео Стыдно знать | Позов vs Позова
../logs/API_methods.log 2025-03-05 14:51:57,887 INFO Проблема с комментариями к видео #6. ВОВА ИЗ АТАМАНОВО. «ЗДОРОВЬЕ».
../logs/API_methods.log 2025-03-05 14:51:57,887 INFO Успешно получили комментарии для 5 видео
../logs/API_methods.log 2025-03-05 14:51:58,892 INFO ФУНКЦИЯ GET_VIDEO_COMMENT!!!
../logs/API_methods.log 2025-03-05 14:51:59,058 INFO Проблема с комментариями к видео ПВН. #24 Алексей Жидковский х Кирилл Мазур х Денис Дорохов х Яна Кошкина
../logs/API_methods.log 2025-03-05 14:51:59,059 INFO Проблема с комментариями к видео #5. ВОВА ИЗ АТАМАНОВО. «НЕДВИГА».
../logs/API_methods.log 2025-03-05 14:51:59,059 INFO Проблема с комментариями к видео ИВАН АБРАМОВ - МОЙ ПЕРВЫЙ РЭП #1 | Муратов feat. МЦ Похоронил & Alphavite
../logs/API_methods.log 2025-03-05 14:51:59,059 INFO Проблема с комментариями к видео #4. ВОВА ИЗ АТАМАНОВО. «ДНЮХА».
../logs/API_methods.log 2025-03-05 14:51:59,059 INFO Проблема с комментариями к видео Стыдно знать | Ковальчук vs Mary Gu
../logs/API_methods.log 2025-03-05 14:51:59,059 INFO Успешно получили комментарии для 5 видео
../logs/API_methods.log 2025-03-05 14:52:00,068 INFO ФУНКЦИЯ GET_VIDEO_COMMENT!!!
../logs/API_methods.log 2025-03-05 14:52:00,198 INFO Проблема с комментариями к видео #3. ВОВА ИЗ АТАМАНОВО. «КАМИЛЛА».
../logs/API_methods.log 2025-03-05 14:52:00,198 INFO Проблема с комментариями к видео ВОВА ИЗ АТАМАНОВО. 1 и 2 СЕРИИ.
../logs/API_methods.log 2025-03-05 14:52:00,198 INFO Проблема с комментариями к видео ПВН. #23 Luxury Girl х Даша Дошик х Денис Дорохов х Яна Кошкина
../logs/API_methods.log 2025-03-05 14:52:00,198 INFO Проблема с комментариями к видео Разговор с Антоном Остерниковым - Лёша ЯНГЕР
../logs/API_methods.log 2025-03-05 14:52:00,198 INFO Проблема с комментариями к видео Стыдно знать | Мейханаджян vs Мейханаджян
../logs/API_methods.log 2025-03-05 14:52:00,198 INFO Успешно получили комментарии для 5 видео
../logs/API_methods.log 2025-03-05 14:52:01,202 INFO ФУНКЦИЯ GET_VIDEO_COMMENT!!!
../logs/API_methods.log 2025-03-05 14:52:01,318 INFO Проблема с комментариями к видео Прощай, Легенда #5 Лолита
../logs/API_methods.log 2025-03-05 14:52:01,318 INFO Проблема с комментариями к видео ШТА #10: Гузеевой не понравился жених / Новые сережки Журавлева / Абрамов придумал шутку про мушкетеров
../logs/API_methods.log 2025-03-05 14:52:01,319 INFO Проблема с комментариями к видео Звездный дурак #4 - Журавлев, Джабраилов, Стогниенко, Пташенчук, Савенко
../logs/API_methods.log 2025-03-05 14:52:01,319 INFO Проблема с комментариями к видео Стыдно знать | Абрамов vs Куруч
../logs/API_methods.log 2025-03-05 14:52:01,319 INFO Проблема с комментариями к видео ШТА #9: Джиган похвалил сам себя / Бьюти процедуры Иришки Чики-Пики / Сексисткие шутки
../logs/API_methods.log 2025-03-05 14:52:01,319 INFO Успешно получили комментарии для 5 видео
../logs/API_methods.log 2025-03-05 14:52:02,324 INFO ФУНКЦИЯ GET_VIDEO_COMMENT!!!
../logs/API_methods.log 2025-03-05 14:52:02,441 INFO Проблема с комментариями к видео Звездный дурак #3 - Журавлев, Джабраилов, Мазур, Шальнов, Савенко
../logs/API_methods.log 2025-03-05 14:52:02,441 INFO Проблема с комментариями к видео ПВН. #22 Григорий Лепс х Гарик Харламов х Денис Дорохов х Яна Кошкина
../logs/API_methods.log 2025-03-05 14:52:02,442 INFO Проблема с комментариями к видео Стыдно знать | Пьеха vs Стахович
../logs/API_methods.log 2025-03-05 14:52:02,442 INFO Проблема с комментариями к видео «Большая Прожарка» Артемия Лебедева
../logs/API_methods.log 2025-03-05 14:52:02,442 INFO Проблема с комментариями к видео ЧУВАКИ-ПАУКИ | Денис Дорохов х Дудиков филмс
../logs/API_methods.log 2025-03-05 14:52:02,442 INFO Успешно получили комментарии для 5 видео
../logs/API_methods.log 2025-03-05 14:52:03,452 INFO ФУНКЦИЯ GET_VIDEO_COMMENT!!!
../logs/API_methods.log 2025-03-05 14:52:03,582 INFO Проблема с комментариями к видео Стыдно знать | Джабраилов vs Бьянка
../logs/API_methods.log 2025-03-05 14:52:03,582 INFO Проблема с комментариями к видео #Cозвон Невошедшее: Антон Шастун, Сергей Матвиенко, Александр Забродин
../logs/API_methods.log 2025-03-05 14:52:03,582 INFO Проблема с комментариями к видео Стыдно знать | Чебатков vs Адамян
../logs/API_methods.log 2025-03-05 14:52:03,582 INFO Проблема с комментариями к видео Роман Косицын х Карен Адамян | Roast Battle Labelcom ТУРНИР #4
../logs/API_methods.log 2025-03-05 14:52:03,582 INFO Проблема с комментариями к видео ПВН. #21 Роман Каграманов х Роман Косицын х Денис Дорохов х Яна Кошкина
../logs/API_methods.log 2025-03-05 14:52:03,582 INFO Успешно получили комментарии для 5 видео
../logs/API_methods.log 2025-03-05 14:52:04,585 INFO ФУНКЦИЯ GET_VIDEO_COMMENT!!!
../logs/API_methods.log 2025-03-05 14:52:04,692 INFO Проблема с комментариями к видео Стыдно знать | Кушанашвили vs Ваш
../logs/API_methods.log 2025-03-05 14:52:04,692 INFO Проблема с комментариями к видео «Откуда ты?» Игорь Джабраилов Х Алексей Шальнов
../logs/API_methods.log 2025-03-05 14:52:04,693 INFO Проблема с комментариями к видео #Созвон: Валерий Равдин, Сергей Горох
../logs/API_methods.log 2025-03-05 14:52:04,693 INFO Проблема с комментариями к видео Стыдно знать | Иванченко vs Воронин
../logs/API_methods.log 2025-03-05 14:52:04,693 INFO Проблема с комментариями к видео «Откуда ты?» Игорь Джабраилов Х Дмитрий Журавлев. Часть 2.
../logs/API_methods.log 2025-03-05 14:52:04,693 INFO Успешно получили комментарии для 5 видео
../logs/API_methods.log 2025-03-05 14:52:05,697 INFO ФУНКЦИЯ GET_VIDEO_COMMENT!!!
../logs/API_methods.log 2025-03-05 14:52:05,802 INFO Проблема с комментариями к видео «Откуда ты?» Игорь Джабраилов Х Дмитрий Журавлев. Часть 1.
../logs/API_methods.log 2025-03-05 14:52:05,803 INFO Проблема с комментариями к видео #Cозвон: Гурам Амарян, Расул Чабдаров
../logs/API_methods.log 2025-03-05 14:52:05,803 INFO Проблема с комментариями к видео ШТА #8: Мерч Паши Техника / Когда впервые осталась у парня дома / Русские туристы на шведском столе
../logs/API_methods.log 2025-03-05 14:52:05,803 INFO Проблема с комментариями к видео Надя Джабраилова х Саша Ваш | Roast Battle Labelcom ТУРНИР #3
../logs/API_methods.log 2025-03-05 14:52:05,803 INFO Проблема с комментариями к видео Звездный дурак #2 - Журавлев, Джабраилов, Малащенко, Джабраилова, Савенко
../logs/API_methods.log 2025-03-05 14:52:05,803 INFO Успешно получили комментарии для 5 видео
../logs/API_methods.log 2025-03-05 14:52:06,809 INFO ФУНКЦИЯ GET_VIDEO_COMMENT!!!
../logs/API_methods.log 2025-03-05 14:52:06,937 INFO Проблема с комментариями к видео #Cозвон: Александр Забродин, Сергей Горох
../logs/API_methods.log 2025-03-05 14:52:06,937 INFO Проблема с комментариями к видео «Большая Прожарка» Гарика Харламова.
../logs/API_methods.log 2025-03-05 14:52:06,937 INFO Проблема с комментариями к видео Большая Прожарка Гарика Харламова. Премьера 4 июля
../logs/API_methods.log 2025-03-05 14:52:06,937 INFO Проблема с комментариями к видео Звездный дурак #1 - Журавлев, Джабраилов, Ваш, Яровицына
../logs/API_methods.log 2025-03-05 14:52:06,937 INFO Проблема с комментариями к видео #Cозвон: Расул Чабдаров х Сергей Матвиенко
../logs/API_methods.log 2025-03-05 14:52:06,938 INFO Успешно получили комментарии для 5 видео
../logs/API_methods.log 2025-03-05 14:52:07,942 INFO ФУНКЦИЯ GET_VIDEO_COMMENT!!!
../logs/API_methods.log 2025-03-05 14:52:08,055 INFO Проблема с комментариями к видео ПВН. #20 Маш Милаш х Сергей Матвиенко х Денис Дорохов х Яна Кошкина
../logs/API_methods.log 2025-03-05 14:52:08,056 INFO Проблема с комментариями к видео Дмитрий Позов х Женя Синяков | Roast Battle Labelcom ТУРНИР #2
../logs/API_methods.log 2025-03-05 14:52:08,056 INFO Проблема с комментариями к видео СКОЛЬКО?! 2. #9 Джабраилов. Муратов vs Драгни
../logs/API_methods.log 2025-03-05 14:52:08,056 INFO Проблема с комментариями к видео ШТА #7: Как звучат шансы на секс / Пальто из “Слово пацана” повзрослел / Фразы после которых могут послать
../logs/API_methods.log 2025-03-05 14:52:08,056 INFO Проблема с комментариями к видео Прощай, Легенда #4 Иван Абрамов
../logs/API_methods.log 2025-03-05 14:52:08,056 INFO Успешно получили комментарии для 5 видео
../logs/API_methods.log 2025-03-05 14:52:09,062 INFO ФУНКЦИЯ GET_VIDEO_COMMENT!!!
../logs/API_methods.log 2025-03-05 14:52:09,169 INFO Проблема с комментариями к видео СКОЛЬКО?! 2. #8 Джабраилов. Швецов vs Шальнов
../logs/API_methods.log 2025-03-05 14:52:09,169 INFO Проблема с комментариями к видео #Созвон: Кирилл Мазур х Алексей Шальнов
../logs/API_methods.log 2025-03-05 14:52:09,169 INFO Проблема с комментариями к видео ПВН. #19 Гурам Амарян х Янгер х Денис Дорохов х Яна Кошкина
../logs/API_methods.log 2025-03-05 14:52:09,170 INFO Проблема с комментариями к видео Антон Шастун х Иван Абрамов | Roast Battle Labelcom ТУРНИР #1
../logs/API_methods.log 2025-03-05 14:52:09,170 INFO Проблема с комментариями к видео #Cозвон: Артём Муратов х Айдар Гараев
../logs/API_methods.log 2025-03-05 14:52:09,170 INFO Успешно получили комментарии для 5 видео
../logs/API_methods.log 2025-03-05 14:52:10,171 INFO ФУНКЦИЯ GET_VIDEO_COMMENT!!!
../logs/API_methods.log 2025-03-05 14:52:10,292 INFO Проблема с комментариями к видео ШТА #6: Женский стендап любит тру-крайм / Дед после похорон / Переписка с зеком
../logs/API_methods.log 2025-03-05 14:52:10,293 INFO Проблема с комментариями к видео СКОЛЬКО?! 2. #7 Джабраилов. Матвиенко vs Селиванов
../logs/API_methods.log 2025-03-05 14:52:10,293 INFO Проблема с комментариями к видео ПВН. #18 Марина Федункив х Янчик х Денис Дорохов х Яна Кошкина
../logs/API_methods.log 2025-03-05 14:52:10,293 INFO Проблема с комментариями к видео #Cозвон: Кирилл Шуклин х Павел Дедищев
../logs/API_methods.log 2025-03-05 14:52:10,293 INFO Проблема с комментариями к видео СКОЛЬКО?! 2. #5 Джабраилов. Белла Малу vs Дмитрий Позов
../logs/API_methods.log 2025-03-05 14:52:10,294 INFO Успешно получили комментарии для 5 видео
../logs/API_methods.log 2025-03-05 14:52:11,303 INFO ФУНКЦИЯ GET_VIDEO_COMMENT!!!
../logs/API_methods.log 2025-03-05 14:52:11,421 INFO Проблема с комментариями к видео #Cозвон: Александр Забродин, Александр Ваш
../logs/API_methods.log 2025-03-05 14:52:11,421 INFO Проблема с комментариями к видео Прощай, Легенда #3 Паша Техник
../logs/API_methods.log 2025-03-05 14:52:11,421 INFO Проблема с комментариями к видео СКОЛЬКО?! 2. #4 Джабраилов. Абрамов vs Михеева.
../logs/API_methods.log 2025-03-05 14:52:11,421 INFO Проблема с комментариями к видео «Откуда ты?» Игорь Джабраилов Х Сергей Кутузов
../logs/API_methods.log 2025-03-05 14:52:11,421 INFO Проблема с комментариями к видео СКОЛЬКО?! 2. #3 Джабраилов. Дорохов vs Пташенчук
../logs/API_methods.log 2025-03-05 14:52:11,421 INFO Успешно получили комментарии для 5 видео
../logs/API_methods.log 2025-03-05 14:52:12,431 INFO ФУНКЦИЯ GET_VIDEO_COMMENT!!!
../logs/API_methods.log 2025-03-05 14:52:12,549 INFO Проблема с комментариями к видео ПВН. #17 Паша Техник x Игорь Джабраилов х Денис Дорохов х Яна Кошкина
../logs/API_methods.log 2025-03-05 14:52:12,549 INFO Проблема с комментариями к видео #Cозвон: Гурам Амарян, Антон Шастун
../logs/API_methods.log 2025-03-05 14:52:12,549 INFO Проблема с комментариями к видео «Откуда ты?» Игорь Джабраилов Х Зоя Яровицына
../logs/API_methods.log 2025-03-05 14:52:12,549 INFO Проблема с комментариями к видео СКОЛЬКО?! 2 сезон. #2 Джабраилов. Натальная Карта.
../logs/API_methods.log 2025-03-05 14:52:12,549 INFO Проблема с комментариями к видео #2. ВОВА ИЗ АТАМАНОВО. «ЮРИЙ».
../logs/API_methods.log 2025-03-05 14:52:12,549 INFO Успешно получили комментарии для 5 видео
../logs/API_methods.log 2025-03-05 14:52:13,558 INFO ФУНКЦИЯ GET_VIDEO_COMMENT!!!
../logs/API_methods.log 2025-03-05 14:52:13,668 INFO Проблема с комментариями к видео ПВН. #16 SATYR x Карена Макарена х Денис Дорохов х Яна Кошкина
../logs/API_methods.log 2025-03-05 14:52:13,669 INFO Проблема с комментариями к видео #1. ВОВА ИЗ АТАМАНОВО. «ПРОЛОГ».
../logs/API_methods.log 2025-03-05 14:52:13,669 INFO Проблема с комментариями к видео СКОЛЬКО?! 2 сезон. #1 Джабраилов. Шастун. Лагашкин.
../logs/API_methods.log 2025-03-05 14:52:13,669 INFO Проблема с комментариями к видео СКОЛЬКО?! #6. Джабраилов. Слуцкий. Брагин.
../logs/API_methods.log 2025-03-05 14:52:13,669 INFO Проблема с комментариями к видео ШТА #5: Шалости Шастуна / Новая эмоция Мигеля / Фанаты Романа Косицына
../logs/API_methods.log 2025-03-05 14:52:13,669 INFO Успешно получили комментарии для 5 видео
../logs/API_methods.log 2025-03-05 14:52:14,675 INFO ФУНКЦИЯ GET_VIDEO_COMMENT!!!
../logs/API_methods.log 2025-03-05 14:52:14,834 INFO Проблема с комментариями к видео СКОЛЬКО?! #5. Джабраилов. Герман Эль Классико. Виктор Щетков.
../logs/API_methods.log 2025-03-05 14:52:14,835 INFO Проблема с комментариями к видео СКОЛЬКО?! #4. Джабраилов. Ира Мягкова. Александр Якушев.
../logs/API_methods.log 2025-03-05 14:52:14,835 INFO Проблема с комментариями к видео ПВН. #15 Гарик Харламов х Антон Шастун х Денис Дорохов х Яна Кошкина
../logs/API_methods.log 2025-03-05 14:52:14,835 INFO Проблема с комментариями к видео Прощай, Легенда #2 Андрей Бебуришвили
../logs/API_methods.log 2025-03-05 14:52:14,835 INFO Проблема с комментариями к видео ШТА #4: За что Дорохов извиняется перед супругой? / Пародия на Женский Форум / Что Прохор Шаляпин написал Джабраилову?
../logs/API_methods.log 2025-03-05 14:52:14,835 INFO Успешно получили комментарии для 5 видео
../logs/API_methods.log 2025-03-05 14:52:15,844 INFO ФУНКЦИЯ GET_VIDEO_COMMENT!!!
../logs/API_methods.log 2025-03-05 14:52:15,959 INFO Проблема с комментариями к видео СКОЛЬКО?! #3. Джабраилов. Айдар Гараев. Саша Ваш.
../logs/API_methods.log 2025-03-05 14:52:15,959 INFO Проблема с комментариями к видео ПВН. #14 Варвара Щербакова х Расул Чабдаров х Денис Дорохов х Яна Кошкина
../logs/API_methods.log 2025-03-05 14:52:15,959 INFO Проблема с комментариями к видео ШТА #3: Как звучит Шастун / Конфликт Джабраилова и Артюхова / История про Якубовича
../logs/API_methods.log 2025-03-05 14:52:15,959 INFO Проблема с комментариями к видео СКОЛЬКО?! #2. Джабраилов. Варя Щербакова. Зоя Яровицына.
../logs/API_methods.log 2025-03-05 14:52:15,959 INFO Проблема с комментариями к видео СКОЛЬКО?! #1. Джабраилов. Бебуришвили. Складчикова.
../logs/API_methods.log 2025-03-05 14:52:15,959 INFO Успешно получили комментарии для 5 видео
../logs/API_methods.log 2025-03-05 14:52:16,966 INFO ФУНКЦИЯ GET_VIDEO_COMMENT!!!
../logs/API_methods.log 2025-03-05 14:52:17,081 INFO Проблема с комментариями к видео ПВН. #13 Гоша Карцев х Вова Селиванов х Денис Дорохов х Яна Кошкина
../logs/API_methods.log 2025-03-05 14:52:17,082 INFO Проблема с комментариями к видео ШТА #2: Джабраилов скандально про Василия Уткина / Рукопожатный Дзюба / Перфоманс Олеси Иванченко
../logs/API_methods.log 2025-03-05 14:52:17,082 INFO Проблема с комментариями к видео ШТА #1: Чего боятся продюсеры «Беременна в 16» / Пуканы феминисток / Мокрый рот Олеси Иванченко и т.д.
../logs/API_methods.log 2025-03-05 14:52:17,082 INFO Проблема с комментариями к видео ПВН. #12 Надя Джабраилова х Белла х Денис Дорохов х Яна Кошкина
../logs/API_methods.log 2025-03-05 14:52:17,082 INFO Проблема с комментариями к видео Прощай, Легенда #1 Денис Дорохов
../logs/API_methods.log 2025-03-05 14:52:17,082 INFO Успешно получили комментарии для 5 видео
../logs/API_methods.log 2025-03-05 14:52:18,086 INFO ФУНКЦИЯ GET_VIDEO_COMMENT!!!
../logs/API_methods.log 2025-03-05 14:52:18,201 INFO Проблема с комментариями к видео ПВН. #11 Дмитрий Журавлёв х Олеся Иванченко х Денис Дорохов х Яна Кошкина
../logs/API_methods.log 2025-03-05 14:52:18,201 INFO Проблема с комментариями к видео ПВН. #9 Витя АК х Андрей Бебуришвили х Денис Дорохов х Яна Кошкина
../logs/API_methods.log 2025-03-05 14:52:18,201 INFO Проблема с комментариями к видео [Анонс] ПВН. #9 Витя АК х Андрей Бебуришвили х Денис Дорохов х Яна Кошкина
../logs/API_methods.log 2025-03-05 14:52:18,202 INFO Проблема с комментариями к видео Roast Battle – Дмитрий Позов х Сергей Орлов | Roast Battle Labelcom #33
../logs/API_methods.log 2025-03-05 14:52:18,202 INFO Проблема с комментариями к видео [Анонс] Roast Battle – Дмитрий Позов х Сергей Орлов | Roast Battle Labelcom #33
../logs/API_methods.log 2025-03-05 14:52:18,202 INFO Успешно получили комментарии для 5 видео
../logs/API_methods.log 2025-03-05 14:52:19,211 INFO ФУНКЦИЯ GET_VIDEO_COMMENT!!!
../logs/API_methods.log 2025-03-05 14:52:19,330 INFO Проблема с комментариями к видео ПВН. #8 Максим Лагашкин х Слава Чепурченко х Денис Дорохов х Яна Кошкина
../logs/API_methods.log 2025-03-05 14:52:19,330 INFO Проблема с комментариями к видео [Анонс] ПВН. #8 Максим Лагашкин х Слава Чепурченко х Денис Дорохов х Яна Кошкина
../logs/API_methods.log 2025-03-05 14:52:19,330 INFO Проблема с комментариями к видео Roast Battle – Сергей Матвиенко х Сергей Орлов | Roast Battle Labelcom #32
../logs/API_methods.log 2025-03-05 14:52:19,330 INFO Проблема с комментариями к видео [Анонс] Roast Battle – Сергей Матвиенко х Сергей Орлов | Roast Battle Labelcom #32
../logs/API_methods.log 2025-03-05 14:52:19,330 INFO Проблема с комментариями к видео Roast Battle – Надежда Сысоева х Сергей Орлов | Roast Battle Labelcom #31
../logs/API_methods.log 2025-03-05 14:52:19,330 INFO Успешно получили комментарии для 5 видео
../logs/API_methods.log 2025-03-05 14:52:20,337 INFO ФУНКЦИЯ GET_VIDEO_COMMENT!!!
../logs/API_methods.log 2025-03-05 14:52:20,443 INFO Проблема с комментариями к видео [Анонс] Roast Battle – Надежда Сысоева х Сергей Орлов | Roast Battle Labelcom #31
../logs/API_methods.log 2025-03-05 14:52:20,443 INFO Проблема с комментариями к видео ПВН. #7 Михаил Стогниенко х Александр Пташенчук х Денис Дорохов х Яна Кошкина
../logs/API_methods.log 2025-03-05 14:52:20,443 INFO Проблема с комментариями к видео [Анонс] ПВН. #7 Михаил Стогниенко х Александр Пташенчук х Денис Дорохов х Яна Кошкина
../logs/API_methods.log 2025-03-05 14:52:20,443 INFO Проблема с комментариями к видео Roast Battle – Леонид Слуцкий х Сергей Орлов | Roast Battle Labelcom #30
../logs/API_methods.log 2025-03-05 14:52:20,444 INFO Проблема с комментариями к видео [Анонс] Roast Battle – Леонид Слуцкий х Сергей Орлов | Roast Battle Labelcom #30
../logs/API_methods.log 2025-03-05 14:52:20,444 INFO Успешно получили комментарии для 5 видео
../logs/API_methods.log 2025-03-05 14:52:21,450 INFO ФУНКЦИЯ GET_VIDEO_COMMENT!!!
../logs/API_methods.log 2025-03-05 14:52:21,561 INFO Проблема с комментариями к видео ПВН. #6 Саша Малой х Филипп Воронин х Денис Дорохов х Яна Кошкина
../logs/API_methods.log 2025-03-05 14:52:21,561 INFO Проблема с комментариями к видео [Анонс] ПВН. #6 Саша Малой х Филипп Воронин х Денис Дорохов х Яна Кошкина
../logs/API_methods.log 2025-03-05 14:52:21,561 INFO Проблема с комментариями к видео Roast Battle – Виктория Складчикова х Сергей Орлов | Roast Battle Labelcom #29
../logs/API_methods.log 2025-03-05 14:52:21,562 INFO Проблема с комментариями к видео [Анонс] Roast Battle – Виктория Складчикова х Сергей Орлов | Roast Battle Labelcom #29
../logs/API_methods.log 2025-03-05 14:52:21,562 INFO Проблема с комментариями к видео Roast Battle – Игорь Джабраилов х Сергей Орлов | Roast Battle Labelcom #28
../logs/API_methods.log 2025-03-05 14:52:21,562 INFO Успешно получили комментарии для 5 видео
../logs/API_methods.log 2025-03-05 14:52:22,571 INFO ФУНКЦИЯ GET_VIDEO_COMMENT!!!
../logs/API_methods.log 2025-03-05 14:52:22,680 INFO Проблема с комментариями к видео [Анонс] Roast Battle – Игорь Джабраилов х Сергей Орлов | Roast Battle Labelcom #28
../logs/API_methods.log 2025-03-05 14:52:22,680 INFO Проблема с комментариями к видео ПВН. #5 Евгений Чебатков х Хетаг Хугаев х Денис Дорохов х Яна Кошкина
../logs/API_methods.log 2025-03-05 14:52:22,680 INFO Проблема с комментариями к видео [Анонс] ПВН. #5 Евгений Чебатков х Хетаг Хугаев х Денис Дорохов х Яна Кошкина
../logs/API_methods.log 2025-03-05 14:52:22,680 INFO Проблема с комментариями к видео Премьеры новых выпусков LABELCOM - теперь эксклюзивно в VK Видео!
../logs/API_methods.log 2025-03-05 14:52:22,680 INFO Проблема с комментариями к видео ПВН. #4 Илья Соболев х Стас Костюшкин х Денис Дорохов х Яна Кошкина
../logs/API_methods.log 2025-03-05 14:52:22,680 INFO Успешно получили комментарии для 5 видео
../logs/API_methods.log 2025-03-05 14:52:23,686 INFO ФУНКЦИЯ GET_VIDEO_COMMENT!!!
../logs/API_methods.log 2025-03-05 14:52:23,801 INFO Проблема с комментариями к видео [Анонс] ПВН. #4 Илья Соболев х Стас Костюшкин х Денис Дорохов х Яна Кошкина
../logs/API_methods.log 2025-03-05 14:52:23,802 INFO Проблема с комментариями к видео ПВН. #3 Зоя Яровицына х Дима Масленников х Денис Дорохов х Яна Кошкина
../logs/API_methods.log 2025-03-05 14:52:23,802 INFO Проблема с комментариями к видео [Анонс] ПВН. #3 Зоя Яровицына х Дима Масленников х Денис Дорохов х Яна Кошкина
../logs/API_methods.log 2025-03-05 14:52:23,802 INFO Проблема с комментариями к видео ПВН. #2 Артем Дзюба х Леонид Слуцкий х Денис Дорохов х Яна Кошкина
../logs/API_methods.log 2025-03-05 14:52:23,802 INFO Проблема с комментариями к видео ПВН. #1 Гарик Харламов x Анастасия Волочкова x Денис Дорохов х Яна Кошкина
../logs/API_methods.log 2025-03-05 14:52:23,802 INFO Успешно получили комментарии для 5 видео
../logs/API_methods.log 2025-03-05 14:52:24,811 INFO ФУНКЦИЯ GET_VIDEO_COMMENT!!!
../logs/API_methods.log 2025-03-05 14:52:24,948 INFO Проблема с комментариями к видео Рекомендованные - HammAli & Navai x Братья Пономаренко | ЧТО БЫЛО ДАЛЬШЕ?
../logs/API_methods.log 2025-03-05 14:52:24,948 INFO Проблема с комментариями к видео Что было дальше? - ЧТО БЫЛО ДАЛЬШЕ? || ТИЗЕР НОВОГОДНЕГО ВЫПУСКА ЧБД
../logs/API_methods.log 2025-03-05 14:52:24,948 INFO Проблема с комментариями к видео Что было дальше? - DAVA х Паша Техник | ЧТО БЫЛО ДАЛЬШЕ? ЧБД
../logs/API_methods.log 2025-03-05 14:52:24,948 INFO Проблема с комментариями к видео Что было дальше? - Павел Воля х Сергей Детков | ЧТО БЫЛО ДАЛЬШЕ? ЧБД
../logs/API_methods.log 2025-03-05 14:52:24,948 INFO Проблема с комментариями к видео Что было дальше? - Моргенштерн х Артемий Лебедев | ЧТО БЫЛО ДАЛЬШЕ? (Сабуров, Щербаков, Рептилоид, Тамби, Детков) ЧБД
../logs/API_methods.log 2025-03-05 14:52:24,948 INFO Успешно получили комментарии для 5 видео
../logs/API_methods.log 2025-03-05 14:52:25,954 INFO ФУНКЦИЯ GET_VIDEO_COMMENT!!!
../logs/API_methods.log 2025-03-05 14:52:26,071 INFO Проблема с комментариями к видео Что было дальше? - Витя АК х Митя Фомин | ЧТО БЫЛО ДАЛЬШЕ? ЧБД
../logs/API_methods.log 2025-03-05 14:52:26,072 INFO Проблема с комментариями к видео Что было дальше? - Вадим Галыгин х Джиган | ЧТО БЫЛО ДАЛЬШЕ? (Сабуров, Щербаков, Рептилоид, Тамби, Детков) ЧБД
../logs/API_methods.log 2025-03-05 14:52:26,072 INFO Проблема с комментариями к видео Что было дальше? - Юрий Дудь х Лолита | ЧТО БЫЛО ДАЛЬШЕ? ЧБД
../logs/API_methods.log 2025-03-05 14:52:26,072 INFO Проблема с комментариями к видео Что было дальше? - Никита Джигурда x Павел Дедищев | ЧТО БЫЛО ДАЛЬШЕ? ЧБД
../logs/API_methods.log 2025-03-05 14:52:26,072 INFO Проблема с комментариями к видео Что было дальше? - Павел Деревянко x Денис Дорохов | ЧТО БЫЛО ДАЛЬШЕ? ЧБД
../logs/API_methods.log 2025-03-05 14:52:26,072 INFO Успешно получили комментарии для 5 видео
../logs/API_methods.log 2025-03-05 14:52:27,077 INFO ФУНКЦИЯ GET_VIDEO_COMMENT!!!
../logs/API_methods.log 2025-03-05 14:52:27,182 INFO Проблема с комментариями к видео Что было дальше? - Дмитрий Губерниев х Настя Ивлеева х Олег Майами х Гарик Харламов х Джиган | ЧТО БЫЛО ДАЛЬШЕ? ЧБД
../logs/API_methods.log 2025-03-05 14:52:27,182 INFO Проблема с комментариями к видео Что было дальше? - Алексей Смирнов x Михаил Шуфутинский | ЧТО БЫЛО ДАЛЬШЕ? ЧБД
../logs/API_methods.log 2025-03-05 14:52:27,182 INFO Проблема с комментариями к видео Что было дальше? - Тимур Батрутдинов x Тимур Каргинов | ЧТО БЫЛО ДАЛЬШЕ? (Сабуров, Щербаков, Чапарян, Тамби, Рептилоид) ЧБД
../logs/API_methods.log 2025-03-05 14:52:27,183 INFO Проблема с комментариями к видео Что было дальше? - HammAli &amp; Navai x Братья Пономаренко | ЧТО БЫЛО ДАЛЬШЕ? ЧБД
../logs/API_methods.log 2025-03-05 14:52:27,183 INFO Проблема с комментариями к видео Что было дальше? - Шура х Азамат х Дмитрий Губерниев | ЧТО БЫЛО ДАЛЬШЕ? (Сабуров, Щербаков, Рептилоид, Тамби, Детков) ЧБД
../logs/API_methods.log 2025-03-05 14:52:27,183 INFO Успешно получили комментарии для 5 видео
../logs/API_methods.log 2025-03-05 14:52:28,189 INFO ФУНКЦИЯ GET_VIDEO_COMMENT!!!
../logs/API_methods.log 2025-03-05 14:52:28,311 INFO Проблема с комментариями к видео Что было дальше? - Слава Комиссаренко x Отар Кушанашвили | ЧТО БЫЛО ДАЛЬШЕ? ЧБД
../logs/API_methods.log 2025-03-05 14:52:28,311 INFO Проблема с комментариями к видео Что было дальше? - Николай Соболев x Тарзан | ЧТО БЫЛО ДАЛЬШЕ? (Сабуров, Щербаков, Чапарян, Тамби, Рептилоид) ЧБД
../logs/API_methods.log 2025-03-05 14:52:28,311 INFO Проблема с комментариями к видео Что было дальше? - Евгений Понасенков x Александр Емельяненко | ЧТО БЫЛО ДАЛЬШЕ? ЧБД
../logs/API_methods.log 2025-03-05 14:52:28,311 INFO Проблема с комментариями к видео Что было дальше? - Анастасия Волочкова х Владимир Винокур | ЧТО БЫЛО ДАЛЬШЕ? ЧБД
../logs/API_methods.log 2025-03-05 14:52:28,312 INFO Проблема с комментариями к видео Что было дальше? - Александр Ревва х Сергей Орлов | ЧТО БЫЛО ДАЛЬШЕ? ЧБД
../logs/API_methods.log 2025-03-05 14:52:28,312 INFO Успешно получили комментарии для 5 видео
../logs/API_methods.log 2025-03-05 14:52:29,319 INFO ФУНКЦИЯ GET_VIDEO_COMMENT!!!
../logs/API_methods.log 2025-03-05 14:52:29,426 INFO Проблема с комментариями к видео Что было дальше? - Иван Дорн х Заур Байцаев | ЧТО БЫЛО ДАЛЬШЕ? ЧБД
../logs/API_methods.log 2025-03-05 14:52:29,426 INFO Проблема с комментариями к видео Что было дальше? - Kyivstoner x Михаил Шац | ЧТО БЫЛО ДАЛЬШЕ? (Сабуров, Щербаков, Чапарян, Тамби, Рептилоид) ЧБД
../logs/API_methods.log 2025-03-05 14:52:29,427 INFO Проблема с комментариями к видео Что было дальше? - Антон Лапенко х Александр Гудков | ЧТО БЫЛО ДАЛЬШЕ? ЧБД
../logs/API_methods.log 2025-03-05 14:52:29,427 INFO Проблема с комментариями к видео Понты - ПОНТЫ – Вики Одинцова, Тамби Масаев, Илья Макаров
../logs/API_methods.log 2025-03-05 14:52:29,427 INFO Проблема с комментариями к видео Кто Здесь Комик - Кто здесь комик? Руслан Белый, Андрей Бебуришвили и Павел Дедищев
../logs/API_methods.log 2025-03-05 14:52:29,427 INFO Успешно получили комментарии для 5 видео
../logs/API_methods.log 2025-03-05 14:52:30,435 INFO ФУНКЦИЯ GET_VIDEO_COMMENT!!!
../logs/API_methods.log 2025-03-05 14:52:30,636 INFO Проблема с комментариями к видео Кто Здесь Комик - Кто здесь комик? Руслан Белый, Гурам Амарян и Игорь Тарлецкий
../logs/API_methods.log 2025-03-05 14:52:30,637 INFO Проблема с комментариями к видео Лена Кука - ЛЕНА КУКА #4 (Щербаков, Рептилоид, Тамби, Эмир, Макар)
../logs/API_methods.log 2025-03-05 14:52:30,637 INFO Проблема с комментариями к видео Что было дальше? - Баста x Прохор Шаляпин | ЧТО БЫЛО ДАЛЬШЕ? (Сабуров, Щербаков, Чапарян, Тамби, Рептилоид) ЧБД
../logs/API_methods.log 2025-03-05 14:52:30,637 INFO Проблема с комментариями к видео Лена Кука - ЛЕНА КУКА #3 (Рептилоид, Тамби, Эмир, Макар)
../logs/API_methods.log 2025-03-05 14:52:30,637 INFO Проблема с комментариями к видео Понты - ПОНТЫ – Софья Таюрская (Little Big), Илья Макаров, Женя Чебатков
../logs/API_methods.log 2025-03-05 14:52:30,637 INFO Успешно получили комментарии для 5 видео
../logs/API_methods.log 2025-03-05 14:52:31,638 INFO ФУНКЦИЯ GET_VIDEO_COMMENT!!!
../logs/API_methods.log 2025-03-05 14:52:31,746 INFO Проблема с комментариями к видео Кто Здесь Комик - Кто здесь комик? Сергей Детков, Алексей Шамутило и Артем Винокур
../logs/API_methods.log 2025-03-05 14:52:31,747 INFO Проблема с комментариями к видео Кто Здесь Комик - Кто здесь комик? Алексей Щербаков, Сергей Детков и Филипп Воронин
../logs/API_methods.log 2025-03-05 14:52:31,747 INFO Проблема с комментариями к видео Кто Здесь Комик - Кто здесь комик? Илья Соболев, Алексей Щербаков и Нурлан Сабуров
../logs/API_methods.log 2025-03-05 14:52:31,747 INFO Проблема с комментариями к видео Что было дальше? - ЧТО БЫЛО ДАЛЬШЕ? || ТИЗЕР НОВОГОДНИХ ВЫПУСКОВ ЧБД
../logs/API_methods.log 2025-03-05 14:52:31,747 INFO Проблема с комментариями к видео Блиц-крик - Блиц-крик: Евгений Чебатков, Денис Косяков, Марк Сергиенко и Рустам Рептилоид
../logs/API_methods.log 2025-03-05 14:52:31,747 INFO Успешно получили комментарии для 5 видео
../logs/API_methods.log 2025-03-05 14:52:32,752 INFO ФУНКЦИЯ GET_VIDEO_COMMENT!!!
../logs/API_methods.log 2025-03-05 14:52:32,860 INFO Проблема с комментариями к видео Блиц-крик - Блиц-крик: Сергей Детков, Расул Чабдаров, Артем Винокур и Рустам Рептилоид
../logs/API_methods.log 2025-03-05 14:52:32,861 INFO Проблема с комментариями к видео Что было дальше? - ЧТО БЫЛО ДАЛЬШЕ? || ТИЗЕР НОВОГО СЕЗОНА ЧБД
../logs/API_methods.log 2025-03-05 14:52:32,861 INFO Проблема с комментариями к видео Что было дальше? - ЧТО БЫЛО ДАЛЬШЕ? || ТИЗЕР ЛЕТНИХ ВЫПУСКОВ ЧБД
../logs/API_methods.log 2025-03-05 14:52:32,861 INFO Проблема с комментариями к видео МИЛЛИОНЫ - МИЛЛИОНЫ - Амарян, Чабдаров, Бентли, шубы, дворец, Сосо Павлиашвили
../logs/API_methods.log 2025-03-05 14:52:32,861 INFO Проблема с комментариями к видео Понты - ПОНТЫ – Анна Седокова, Рептилоид, Бебуришвили
../logs/API_methods.log 2025-03-05 14:52:32,861 INFO Успешно получили комментарии для 5 видео
../logs/API_methods.log 2025-03-05 14:52:33,866 INFO ФУНКЦИЯ GET_VIDEO_COMMENT!!!
../logs/API_methods.log 2025-03-05 14:52:33,983 INFO Проблема с комментариями к видео МИЛЛИОНЫ - МИЛЛИОНЫ - Амарян, Чабдаров, спорткар, мак, модный шоурум, стрипуха
../logs/API_methods.log 2025-03-05 14:52:33,983 INFO Проблема с комментариями к видео Понты - ПОНТЫ – Юлианна Караулова, Гурам Амарян, Александр Забродин
../logs/API_methods.log 2025-03-05 14:52:33,984 INFO Проблема с комментариями к видео Понты - ПОНТЫ – Анна Романовская (CREAM SODA), Сергей Детков, Павел Дедищев
../logs/API_methods.log 2025-03-05 14:52:33,984 INFO Проблема с комментариями к видео Что было дальше? - Гарик Харламов x Мигель | ЧТО БЫЛО ДАЛЬШЕ? (Сабуров, Щербаков, Чапарян, Тамби, Рептилоид) ЧБД
../logs/API_methods.log 2025-03-05 14:52:33,984 INFO Проблема с комментариями к видео Что было дальше? - Jah Khalib x Иосиф Пригожин | ЧТО БЫЛО ДАЛЬШЕ? (Сабуров, Щербаков, Чапарян, Тамби, Рептилоид) ЧБД
../logs/API_methods.log 2025-03-05 14:52:33,984 INFO Успешно получили комментарии для 5 видео
../logs/API_methods.log 2025-03-05 14:52:34,985 INFO ФУНКЦИЯ GET_VIDEO_COMMENT!!!
../logs/API_methods.log 2025-03-05 14:52:35,095 INFO Проблема с комментариями к видео Что было дальше? - Крид х Азамат x Белый х Сергеич | ЧТО БЫЛО ДАЛЬШЕ? (Сабуров, Щербаков, Чапарян, Тамби, Рептилоид) ЧБД
../logs/API_methods.log 2025-03-05 14:52:35,095 INFO Проблема с комментариями к видео Что было дальше? - Стас Костюшкин x Семён Слепаков | ЧТО БЫЛО ДАЛЬШЕ? (Сабуров, Щербаков, Рептилоид, Тамби, Детков) ЧБД
../logs/API_methods.log 2025-03-05 14:52:35,096 INFO Проблема с комментариями к видео Что было дальше? - Гарик Мартиросян х Олег Майами | ЧТО БЫЛО ДАЛЬШЕ? (Сабуров, Щербаков, Рептилоид, Тамби, Детков) ЧБД
../logs/API_methods.log 2025-03-05 14:52:35,096 INFO Проблема с комментариями к видео Что было дальше? - Илья Соболев х Давидыч  | ЧТО БЫЛО ДАЛЬШЕ? (Сабуров, Щербаков, Рептилоид, Тамби, Детков) ЧБД
../logs/API_methods.log 2025-03-05 14:52:35,096 INFO Проблема с комментариями к видео Что было дальше? - Александр Шпак х Сергей Минаев | ЧТО БЫЛО ДАЛЬШЕ? (Сабуров, Щербаков, Рептилоид, Тамби, Детков) ЧБД
../logs/API_methods.log 2025-03-05 14:52:35,096 INFO Успешно получили комментарии для 5 видео
../logs/API_methods.log 2025-03-05 14:52:36,102 INFO ФУНКЦИЯ GET_VIDEO_COMMENT!!!
../logs/API_methods.log 2025-03-05 14:52:36,223 INFO Проблема с комментариями к видео Что было дальше? - Анатолий Цой х КраСава | ЧТО БЫЛО ДАЛЬШЕ? (Сабуров, Щербаков, Рептилоид, Тамби, Детков) ЧБД
../logs/API_methods.log 2025-03-05 14:52:36,223 INFO Проблема с комментариями к видео Что было дальше? - Мигель х Сарик Андреасян х Артур Чапарян | ЧТО БЫЛО ДАЛЬШЕ? ЧБД
../logs/API_methods.log 2025-03-05 14:52:36,223 INFO Проблема с комментариями к видео Что было дальше? - Незлобин х Вассерман | ЧТО БЫЛО ДАЛЬШЕ? ЧБД
../logs/API_methods.log 2025-03-05 14:52:36,223 INFO Проблема с комментариями к видео Что было дальше? - Настя Ивлеева x Тимати | ЧТО БЫЛО ДАЛЬШЕ? ЧБД
../logs/API_methods.log 2025-03-05 14:52:36,223 INFO Проблема с комментариями к видео Что было дальше? - Джиган x Ваня Усович | ЧТО БЫЛО ДАЛЬШЕ? ЧБД
../logs/API_methods.log 2025-03-05 14:52:36,223 INFO Успешно получили комментарии для 5 видео
../logs/API_methods.log 2025-03-05 14:52:37,230 INFO ФУНКЦИЯ GET_VIDEO_COMMENT!!!
../logs/API_methods.log 2025-03-05 14:52:37,344 INFO Проблема с комментариями к видео Что было дальше? - Антон Шастун x NILETTO | ЧТО БЫЛО ДАЛЬШЕ? ЧБД
../logs/API_methods.log 2025-03-05 14:52:37,344 INFO Проблема с комментариями к видео Что было дальше? - Доминик Джокер x Виталий Милонов | ЧТО БЫЛО ДАЛЬШЕ? ЧБД
../logs/API_methods.log 2025-03-05 14:52:37,344 INFO Проблема с комментариями к видео Что было дальше? - Богдан Титомир x Василий Уткин | ЧТО БЫЛО ДАЛЬШЕ? ЧБД
../logs/API_methods.log 2025-03-05 14:52:37,345 INFO Проблема с комментариями к видео Что было дальше? - Даня Милохин х Иван Абрамов | ЧТО БЫЛО ДАЛЬШЕ? ЧБД
../logs/API_methods.log 2025-03-05 14:52:37,345 INFO Проблема с комментариями к видео Что было дальше? - Амиран Сардаров х Расул Чабдаров | ЧТО БЫЛО ДАЛЬШЕ? ЧБД
../logs/API_methods.log 2025-03-05 14:52:37,345 INFO Успешно получили комментарии для 5 видео
../logs/API_methods.log 2025-03-05 14:52:38,352 INFO ФУНКЦИЯ GET_VIDEO_COMMENT!!!
../logs/API_methods.log 2025-03-05 14:52:38,464 INFO Проблема с комментариями к видео Что было дальше? - Михаил Галустян х Григорий Лепс | ЧТО БЫЛО ДАЛЬШЕ? ЧБД
../logs/API_methods.log 2025-03-05 14:52:38,465 INFO Проблема с комментариями к видео Что было дальше? - Юрий Лоза х Андрей Бебуришвили | ЧТО БЫЛО ДАЛЬШЕ? ЧБД
../logs/API_methods.log 2025-03-05 14:52:38,465 INFO Проблема с комментариями к видео Что было дальше? - Евгений Чебатков х Big Russian Boss | ЧТО БЫЛО ДАЛЬШЕ? ЧБД
../logs/API_methods.log 2025-03-05 14:52:38,465 INFO Проблема с комментариями к видео Что было дальше? - Рустам Рептилоид х Богдан Титомир х Азамат Мусагалиев х Денис Дорохов х Джиган | ЧБД
../logs/API_methods.log 2025-03-05 14:52:38,465 INFO Проблема с комментариями к видео Лена Кука - ЛЕНА КУКА #1 (Рептилоид, Тамби, Эмир, Макар)
../logs/API_methods.log 2025-03-05 14:52:38,465 INFO Успешно получили комментарии для 5 видео
../logs/API_methods.log 2025-03-05 14:52:39,471 INFO ФУНКЦИЯ GET_VIDEO_COMMENT!!!
../logs/API_methods.log 2025-03-05 14:52:39,614 INFO Проблема с комментариями к видео Лена Кука - ЛЕНА КУКА #2 (Сабуров, Рептилоид, Тамби, Эмир, Макар)
../logs/API_methods.log 2025-03-05 14:52:39,614 INFO Проблема с комментариями к видео Кто Здесь Комик - Кто здесь комик? Алексей Стахович, Роман Косицын и Алексей Щербаков
../logs/API_methods.log 2025-03-05 14:52:39,614 INFO Проблема с комментариями к видео Roast Battle - Wylsacom x Алексей Щербаков | Roast Battle LC #20
../logs/API_methods.log 2025-03-05 14:52:39,615 INFO Проблема с комментариями к видео Roast Battle - Джавид x Алексей Щербаков | Roast Battle LC #23
../logs/API_methods.log 2025-03-05 14:52:39,615 INFO Проблема с комментариями к видео Roast Battle - Щербаков х Бебуришвили х Яровицына. Roast Battle Frendlyfire. Специальный выпуск.
../logs/API_methods.log 2025-03-05 14:52:39,615 INFO Успешно получили комментарии для 5 видео
../logs/API_methods.log 2025-03-05 14:52:40,617 INFO ФУНКЦИЯ GET_VIDEO_COMMENT!!!
../logs/API_methods.log 2025-03-05 14:52:40,743 INFO Проблема с комментариями к видео Roast Battle - Михаил Стогниенко x Алексей Щербаков | Roast Battle LC #24
../logs/API_methods.log 2025-03-05 14:52:40,744 INFO Проблема с комментариями к видео Roast Battle - Щербаков х Макаров x Дедищев. Roast Battle Friendlyfire. Специальный выпуск
../logs/API_methods.log 2025-03-05 14:52:40,744 INFO Проблема с комментариями к видео Roast Battle - Заур Байцаев x Алексей Щербаков | Roast Battle LC #21
../logs/API_methods.log 2025-03-05 14:52:40,744 INFO Проблема с комментариями к видео Roast Battle - Тимур Батрутдинов x Алексей Щербаков | Roast Battle LC #10
../logs/API_methods.log 2025-03-05 14:52:40,744 INFO Проблема с комментариями к видео Roast Battle - Дима Масленников x Алексей Щербаков | Roast Battle LC #9
../logs/API_methods.log 2025-03-05 14:52:40,744 INFO Успешно получили комментарии для 5 видео
../logs/API_methods.log 2025-03-05 14:52:41,748 INFO ФУНКЦИЯ GET_VIDEO_COMMENT!!!
../logs/API_methods.log 2025-03-05 14:52:41,879 INFO Проблема с комментариями к видео Roast Battle - Азамат Мусагалиев x Алексей Щербаков | Roast Battle LC #7
../logs/API_methods.log 2025-03-05 14:52:41,879 INFO Проблема с комментариями к видео Roast Battle - Иван Абрамов x Алексей Щербаков | Roast Battle LC #22
../logs/API_methods.log 2025-03-05 14:52:41,879 INFO Проблема с комментариями к видео Roast Battle - Алексей Смирнов x Алексей Щербаков | Roast Battle LC #11
../logs/API_methods.log 2025-03-05 14:52:41,880 INFO Проблема с комментариями к видео Roast Battle - Николай Соболев x Алексей Щербаков | Roast Battle LC #17
../logs/API_methods.log 2025-03-05 14:52:41,880 INFO Проблема с комментариями к видео Roast Battle - Илья Макаров x Алексей Щербаков | Roast Battle LC #19
../logs/API_methods.log 2025-03-05 14:52:41,880 INFO Успешно получили комментарии для 5 видео
../logs/API_methods.log 2025-03-05 14:52:42,885 INFO ФУНКЦИЯ GET_VIDEO_COMMENT!!!
../logs/API_methods.log 2025-03-05 14:52:42,996 INFO Проблема с комментариями к видео Roast Battle - Антон Шастун x Алексей Щербаков | Roast Battle LC #14
../logs/API_methods.log 2025-03-05 14:52:42,996 INFO Проблема с комментариями к видео Roast Battle - Эльдар Джарахов x Алексей Щербаков | Roast Battle LC #6
../logs/API_methods.log 2025-03-05 14:52:42,996 INFO Проблема с комментариями к видео Roast Battle - Паша Техник x Алексей Щербаков | Roast Battle LC #4
../logs/API_methods.log 2025-03-05 14:52:42,996 INFO Проблема с комментариями к видео Roast Battle - Джиган x Алексей Щербаков | Roast Battle LC #18
../logs/API_methods.log 2025-03-05 14:52:42,996 INFO Проблема с комментариями к видео Roast Battle - Kyivstoner x Алексей Щербаков | Roast Battle LC #2
../logs/API_methods.log 2025-03-05 14:52:42,996 INFO Успешно получили комментарии для 5 видео
../logs/API_methods.log 2025-03-05 14:52:44,001 INFO ФУНКЦИЯ GET_VIDEO_COMMENT!!!
../logs/API_methods.log 2025-03-05 14:52:44,123 INFO Проблема с комментариями к видео Roast Battle - Денис Дорохов x Алексей Щербаков | Roast Battle LC #16
../logs/API_methods.log 2025-03-05 14:52:44,123 INFO Проблема с комментариями к видео Roast Battle - Даня Милохин x Алексей Щербаков | Roast Battle LC #15
../logs/API_methods.log 2025-03-05 14:52:44,124 INFO Проблема с комментариями к видео Roast Battle - Демис Карибидис x Алексей Щербаков | Roast Battle LC #8
../logs/API_methods.log 2025-03-05 14:52:44,124 INFO Проблема с комментариями к видео Roast Battle - Илья Соболев x Алексей Щербаков | Roast Battle LC #3
../logs/API_methods.log 2025-03-05 14:52:44,124 INFO Проблема с комментариями к видео Roast Battle - Нурлан Сабуров x Алексей Щербаков | Roast Battle LC #1
../logs/API_methods.log 2025-03-05 14:52:44,124 INFO Успешно получили комментарии для 5 видео
../logs/API_methods.log 2025-03-05 14:52:45,125 INFO ФУНКЦИЯ GET_VIDEO_COMMENT!!!
../logs/API_methods.log 2025-03-05 14:52:45,241 INFO Проблема с комментариями к видео Roast Battle - Виталий Милонов x Алексей Щербаков | Roast Battle LC #5
../logs/API_methods.log 2025-03-05 14:52:45,241 INFO Проблема с комментариями к видео Roast Battle - Алексей Пивоваров x Алексей Щербаков | Roast Battle LC #12
../logs/API_methods.log 2025-03-05 14:52:45,241 INFO Проблема с комментариями к видео Roast Battle - TSOY x Алексей Щербаков | Roast Battle LC #13
../logs/API_methods.log 2025-03-05 14:52:45,242 INFO Проблема с комментариями к видео Roast Battle - Артур Бабич x Алексей Щербаков | Roast Battle LC #25
../logs/API_methods.log 2025-03-05 14:52:45,242 INFO Проблема с комментариями к видео Блиц-крик - Блиц-крик: Тамби Масаев, Павел Дедищев,  Илья Макаров и Рустам Рептилоид
../logs/API_methods.log 2025-03-05 14:52:45,242 INFO Успешно получили комментарии для 5 видео
../logs/API_methods.log 2025-03-05 14:52:46,248 INFO ФУНКЦИЯ GET_VIDEO_COMMENT!!!
../logs/API_methods.log 2025-03-05 14:52:46,365 INFO Проблема с комментариями к видео Блиц-крик - Блиц-крик #4: Азамат Мусагалиев, Денис Дорохов, Андрей Бебуришвили
../logs/API_methods.log 2025-03-05 14:52:46,365 INFO Проблема с комментариями к видео Блиц-крик - Блиц-крик #5: Михаил Шац, Гурам Амарян, Лука Хиникадзе
../logs/API_methods.log 2025-03-05 14:52:46,365 INFO Проблема с комментариями к видео Блиц-крик - Блиц-крик #6: Смирняга (Алексей Смирнов), Бандерас (Антон Иванов), Тамби Масаев
../logs/API_methods.log 2025-03-05 14:52:46,365 INFO Проблема с комментариями к видео Блиц-крик - Блиц-крик #7: Smetana TV (Евгений Калинкин, Василий Шакулин), Ольга Парфенюк
../logs/API_methods.log 2025-03-05 14:52:46,365 INFO Проблема с комментариями к видео Блиц-крик - Блиц-крик #8: Щербаков, Соболев, Каргинов (ft. Фираз Шатохин)
../logs/API_methods.log 2025-03-05 14:52:46,365 INFO Успешно получили комментарии для 5 видео
../logs/API_methods.log 2025-03-05 14:52:47,375 INFO ФУНКЦИЯ GET_VIDEO_COMMENT!!!
../logs/API_methods.log 2025-03-05 14:52:47,495 INFO Проблема с комментариями к видео Блиц-крик - Блиц-крик #9: Ваш, Стахович, Лисевский (ft. Фираз Шатохин)
../logs/API_methods.log 2025-03-05 14:52:47,495 INFO Проблема с комментариями к видео Блиц-крик - Блиц-крик #10: Стогниенко, Мягкова, Комаров
../logs/API_methods.log 2025-03-05 14:52:47,495 INFO Проблема с комментариями к видео MEDIUM QUALITY РЕКОМЕНДУЕТ - Алексей Щербаков, Игорь Джабраилов. СОЗВОН
../logs/API_methods.log 2025-03-05 14:52:47,495 INFO Проблема с комментариями к видео По хатам - По хатам | Артём Калайджян х Гурам Амарян
../logs/API_methods.log 2025-03-05 14:52:47,496 INFO Проблема с комментариями к видео По хатам - По хатам | The Limba х Гурам Амарян
../logs/API_methods.log 2025-03-05 14:52:47,496 INFO Успешно получили комментарии для 5 видео
../logs/API_methods.log 2025-03-05 14:52:48,503 INFO ФУНКЦИЯ GET_VIDEO_COMMENT!!!
../logs/API_methods.log 2025-03-05 14:52:48,620 INFO Проблема с комментариями к видео По хатам - ПО ХАТАМ | Зоя Яровицына х Игорь Джабраилов х Гурам Амарян
../logs/API_methods.log 2025-03-05 14:52:48,621 INFO Проблема с комментариями к видео По хатам - ПО ХАТАМ | Карен Адамян | Расул Чабдаров | Гурам Амарян
../logs/API_methods.log 2025-03-05 14:52:48,621 INFO Проблема с комментариями к видео По хатам - ПО ХАТАМ | Денис Дорохов х Азамат Мусагалиев х Гурам Амарян
../logs/API_methods.log 2025-03-05 14:52:48,621 INFO Проблема с комментариями к видео По хатам - ПО ХАТАМ | Raava Music: Andro х Elman х Mona х Toni | Гурам Амарян
../logs/API_methods.log 2025-03-05 14:52:48,621 INFO Проблема с комментариями к видео По хатам - ПО ХАТАМ | Даня Милохин х Некоглай х Гурам Амарян
../logs/API_methods.log 2025-03-05 14:52:48,621 INFO Успешно получили комментарии для 5 видео
../logs/API_methods.log 2025-03-05 14:52:49,628 INFO ФУНКЦИЯ GET_VIDEO_COMMENT!!!
../logs/API_methods.log 2025-03-05 14:52:49,744 INFO Проблема с комментариями к видео По хатам - СЮРПРИЗ В КОМНАТЕ У TONI #похатам #raavamusic
../logs/API_methods.log 2025-03-05 14:52:49,744 INFO Проблема с комментариями к видео По хатам - ХАТА ДОРОХА ПОДВЕРГЛАСЬ НАПАДЕНИЮ ГУРАМА #похатам
../logs/API_methods.log 2025-03-05 14:52:49,745 INFO Проблема с комментариями к видео По хатам - ЧТО В ШКАФУ У ДАНИ МИЛОХИНА? #похатам
../logs/API_methods.log 2025-03-05 14:52:49,745 INFO Проблема с комментариями к видео По хатам - ГУРАМ ПЛЮНУЛ НА ФУТБОЛКУ🤯 #похатам
../logs/API_methods.log 2025-03-05 14:52:49,745 INFO Проблема с комментариями к видео По хатам - ИСПОЛНИЛИ МЕЧТУ МИЛОХИНА #похатам
../logs/API_methods.log 2025-03-05 14:52:49,745 INFO Успешно получили комментарии для 5 видео
../logs/API_methods.log 2025-03-05 14:52:50,750 INFO ФУНКЦИЯ GET_VIDEO_COMMENT!!!
../logs/API_methods.log 2025-03-05 14:52:50,874 INFO Проблема с комментариями к видео По хатам - ДОРОХУ НЕ СМЕШНО #похатам
../logs/API_methods.log 2025-03-05 14:52:50,875 INFO Проблема с комментариями к видео По хатам - ГУРАМ ВАРИТ КОФЕ #похатам
../logs/API_methods.log 2025-03-05 14:52:50,875 INFO Проблема с комментариями к видео По хатам - ХОДИТ В ОБУВИ ПО ДИВАНУ ДОРОХА 🤡 #похатам
../logs/API_methods.log 2025-03-05 14:52:50,875 INFO Проблема с комментариями к видео По хатам - ЧТО В КОМНАТЕ У МИЛОХИНА? #похатам
../logs/API_methods.log 2025-03-05 14:52:50,875 INFO Проблема с комментариями к видео #СОЗВОН - #СОЗВОН 1 - Андрей Бебуришвили, Артем Винокур и Илья Макаров
../logs/API_methods.log 2025-03-05 14:52:50,875 INFO Успешно получили комментарии для 5 видео
../logs/API_methods.log 2025-03-05 14:52:51,878 INFO ФУНКЦИЯ GET_VIDEO_COMMENT!!!
../logs/API_methods.log 2025-03-05 14:52:51,989 INFO Проблема с комментариями к видео #СОЗВОН - #СОЗВОН 2 - Евгений Чебатков, Расул Чабдаров и Тамби Масаев
../logs/API_methods.log 2025-03-05 14:52:51,989 INFO Проблема с комментариями к видео #СОЗВОН - #СОЗВОН 3 - Гурам Амарян, Павел Дедищев и Рустам Рептилоид
../logs/API_methods.log 2025-03-05 14:52:51,989 INFO Проблема с комментариями к видео #СОЗВОН - #СОЗВОН 4 - Евгений Чебатков, Сергей Детков и Андрей Бебуришвили
../logs/API_methods.log 2025-03-05 14:52:51,989 INFO Проблема с комментариями к видео #СОЗВОН - #СОЗВОН 5 - Артем Винокур, Тамби Масаев и Алексей Щербаков
../logs/API_methods.log 2025-03-05 14:52:51,989 INFO Проблема с комментариями к видео #СОЗВОН - #СОЗВОН 6 - Звоним Укупнику, в школу DJ Грува и гольф-центр
../logs/API_methods.log 2025-03-05 14:52:51,989 INFO Успешно получили комментарии для 5 видео
../logs/API_methods.log 2025-03-05 14:52:52,995 INFO ФУНКЦИЯ GET_VIDEO_COMMENT!!!
../logs/API_methods.log 2025-03-05 14:52:53,131 INFO Проблема с комментариями к видео #СОЗВОН - #СОЗВОН 7 - Бузова и Батрутдинов, записываем рэп-альбом, пытаемся скрыть измену
../logs/API_methods.log 2025-03-05 14:52:53,131 INFO Проблема с комментариями к видео #СОЗВОН - #СОЗВОН 8 - звонок Илье Соболеву, порнобаннер, делаем выставку
../logs/API_methods.log 2025-03-05 14:52:53,131 INFO Проблема с комментариями к видео #СОЗВОН - #СОЗВОН 9 - Ирина Чеснокова, Ирина Мягкова, Виктория Складчикова | Спецвыпуск к 8 марта
../logs/API_methods.log 2025-03-05 14:52:53,131 INFO Проблема с комментариями к видео #СОЗВОН - #СОЗВОН 10 - Хабиб Нурмагомедов, БДСМ-костюм, нашли нефть
../logs/API_methods.log 2025-03-05 14:52:53,132 INFO Проблема с комментариями к видео #СОЗВОН - #СОЗВОН 11 - Алексей Щербаков vs Гарик Харламов
../logs/API_methods.log 2025-03-05 14:52:53,132 INFO Успешно получили комментарии для 5 видео
../logs/API_methods.log 2025-03-05 14:52:54,134 INFO ФУНКЦИЯ GET_VIDEO_COMMENT!!!
../logs/API_methods.log 2025-03-05 14:52:54,250 INFO Проблема с комментариями к видео #СОЗВОН - #СОЗВОН 12 - Илья Макаров vs Антон Шастун
../logs/API_methods.log 2025-03-05 14:52:54,251 INFO Проблема с комментариями к видео #СОЗВОН - #СОЗВОН 13 - Рустам Рептилоид vs Владимир Маркони
../logs/API_methods.log 2025-03-05 14:52:54,251 INFO Проблема с комментариями к видео #СОЗВОН - #СОЗВОН 14 - Александр Забродин vs Азамат Мусагалиев
../logs/API_methods.log 2025-03-05 14:52:54,251 INFO Проблема с комментариями к видео #СОЗВОН - #СОЗВОН 15 - Расул Чабдаров vs ST
../logs/API_methods.log 2025-03-05 14:52:54,251 INFO Проблема с комментариями к видео #СОЗВОН - #СОЗВОН 16 - Сергей Детков vs Данила Поперечный
../logs/API_methods.log 2025-03-05 14:52:54,251 INFO Успешно получили комментарии для 5 видео
../logs/API_methods.log 2025-03-05 14:52:55,257 INFO ФУНКЦИЯ GET_VIDEO_COMMENT!!!
../logs/API_methods.log 2025-03-05 14:52:55,367 INFO Проблема с комментариями к видео #СОЗВОН - #СОЗВОН 17 - Тамби Масаев vs Тимур Батрутдинов
../logs/API_methods.log 2025-03-05 14:52:55,367 INFO Проблема с комментариями к видео #СОЗВОН - #СОЗВОН 18 - Гурам Амарян vs Тимур Родригез
../logs/API_methods.log 2025-03-05 14:52:55,367 INFO Проблема с комментариями к видео #СОЗВОН - #СОЗВОН 19 - Артём Винокур vs Демис Карибидис
../logs/API_methods.log 2025-03-05 14:52:55,367 INFO Проблема с комментариями к видео #СОЗВОН - #СОЗВОН 20 - Павел Дедищев, Паша Техник, Алексей Щербаков
../logs/API_methods.log 2025-03-05 14:52:55,367 INFO Проблема с комментариями к видео #СОЗВОН - #СОЗВОН - Сергей Детков, Александр Забродин
../logs/API_methods.log 2025-03-05 14:52:55,367 INFO Успешно получили комментарии для 5 видео
../logs/API_methods.log 2025-03-05 14:52:56,372 INFO ФУНКЦИЯ GET_VIDEO_COMMENT!!!
../logs/API_methods.log 2025-03-05 14:52:56,491 INFO Проблема с комментариями к видео #СОЗВОН - #СОЗВОН - Гурам Амарян, Алексей Щербаков
../logs/API_methods.log 2025-03-05 14:52:56,491 INFO Проблема с комментариями к видео #СОЗВОН - #СОЗВОН - Евгений Чебатков, Рустам Рептилоид
../logs/API_methods.log 2025-03-05 14:52:56,491 INFO Проблема с комментариями к видео #СОЗВОН - #СОЗВОН - Илья Макаров, Эльдар Джарахов
../logs/API_methods.log 2025-03-05 14:52:56,491 INFO Проблема с комментариями к видео #СОЗВОН - Алексей Щербаков, Азамат Мусагалиев | #СОЗВОН
../logs/API_methods.log 2025-03-05 14:52:56,492 INFO Проблема с комментариями к видео #СОЗВОН - Илья Макаров, Антон Шастун | #СОЗВОН
../logs/API_methods.log 2025-03-05 14:52:56,492 INFO Успешно получили комментарии для 5 видео
../logs/API_methods.log 2025-03-05 14:52:57,493 INFO ФУНКЦИЯ GET_VIDEO_COMMENT!!!
../logs/API_methods.log 2025-03-05 14:52:57,607 INFO Проблема с комментариями к видео #СОЗВОН - Павел Дедищев, Алексей Щербаков | #СОЗВОН
../logs/API_methods.log 2025-03-05 14:52:57,607 INFO Проблема с комментариями к видео #СОЗВОН - Азамат Мусагалиев, Антон Шастун, Евгений Чебатков | #СОЗВОН
../logs/API_methods.log 2025-03-05 14:52:57,607 INFO Проблема с комментариями к видео #СОЗВОН - СОЗВОН – Алексей Щербаков, Илья Соболев
../logs/API_methods.log 2025-03-05 14:52:57,607 INFO Проблема с комментариями к видео #СОЗВОН - СОЗВОН – Илья Макаров, Расул Чабдаров
../logs/API_methods.log 2025-03-05 14:52:57,608 INFO Проблема с комментариями к видео #СОЗВОН - ЦИФРОДИСК #созвон
../logs/API_methods.log 2025-03-05 14:52:57,608 INFO Успешно получили комментарии для 5 видео
../logs/API_methods.log 2025-03-05 14:52:58,616 INFO ФУНКЦИЯ GET_VIDEO_COMMENT!!!
../logs/API_methods.log 2025-03-05 14:52:58,724 INFO Проблема с комментариями к видео LABELCOM - БАУНТИ РАЙСКОЕ НАСЛАЖДЕНИЕ
../logs/API_methods.log 2025-03-05 14:52:58,724 INFO Проблема с комментариями к видео LABELCOM - РЕШАЛЫ | СЪЕМКИ НОВОГО ШОУ НА LABELCOM
../logs/API_methods.log 2025-03-05 14:52:58,724 INFO Проблема с комментариями к видео LABELCOM - ЗАПРЕЩЕНОЧКА 🔞 #2,5микрофона
../logs/API_methods.log 2025-03-05 14:52:58,724 INFO Проблема с комментариями к видео LABELCOM - Чат-рулетка. Споры №1 - Алексей Щербаков, Павел Дедищев
../logs/API_methods.log 2025-03-05 14:52:58,724 INFO Проблема с комментариями к видео LABELCOM - УСТАЛ ХОДИТЬ НА СВИДАНИЯ #2,5микрофона
../logs/API_methods.log 2025-03-05 14:52:58,724 INFO Успешно получили комментарии для 5 видео
../logs/API_methods.log 2025-03-05 14:52:59,730 INFO ФУНКЦИЯ GET_VIDEO_COMMENT!!!
../logs/API_methods.log 2025-03-05 14:52:59,846 INFO Проблема с комментариями к видео LABELCOM - НОВОЕ ШОУ НА LABELCOM
../logs/API_methods.log 2025-03-05 14:52:59,847 INFO Проблема с комментариями к видео LABELCOM - Моргенштерн x Егор Крид | ЧТО БЫЛО ДАЛЬШЕ?
../logs/API_methods.log 2025-03-05 14:52:59,847 INFO Проблема с комментариями к видео LABELCOM - Алкосборка. Павел Дедищев и Сергей Детков против ИКЕИ
../logs/API_methods.log 2025-03-05 14:52:59,847 INFO Проблема с комментариями к видео LABELCOM - Тамби Масаев, Рустам Рептилоид, Эмир Кашоков, Илья Макаров, Саша Ваш. Gang Bang News
../logs/API_methods.log 2025-03-05 14:52:59,847 INFO Проблема с комментариями к видео LABELCOM - ТАПКИ ИЗ ПУПКА #похатам
../logs/API_methods.log 2025-03-05 14:52:59,847 INFO Успешно получили комментарии для 5 видео
../logs/API_methods.log 2025-03-05 14:53:00,850 INFO ФУНКЦИЯ GET_VIDEO_COMMENT!!!
../logs/API_methods.log 2025-03-05 14:53:01,007 INFO Проблема с комментариями к видео LABELCOM - Нурлан Сабуров | Тур 2020
../logs/API_methods.log 2025-03-05 14:53:01,007 INFO Проблема с комментариями к видео LABELCOM - Самвел прожарил Щербакова #roastbattle
../logs/API_methods.log 2025-03-05 14:53:01,008 INFO Проблема с комментариями к видео LABELCOM - ЧТО БЫЛО ДАЛЬШЕ? || НОВЫЙ СЕЗОН
../logs/API_methods.log 2025-03-05 14:53:01,008 INFO Проблема с комментариями к видео LABELCOM - ТУПОЙ БИЗНЕС ПЛАН, КОТОРЫЙ СТРЕЛЬНУЛ 👆🏻
../logs/API_methods.log 2025-03-05 14:53:01,008 INFO Проблема с комментариями к видео LABELCOM - СОЗВОН - Александр Забродин, Расул Чабдаров, Гурам Амарян
../logs/API_methods.log 2025-03-05 14:53:01,008 INFO Успешно получили комментарии для 5 видео
../logs/API_methods.log 2025-03-05 14:53:02,015 INFO ФУНКЦИЯ GET_VIDEO_COMMENT!!!
../logs/API_methods.log 2025-03-05 14:53:02,129 INFO Проблема с комментариями к видео LABELCOM - ГУРАМ ИЗДЕВАЕТСЯ НАД ХАТОЙ ДОРОХА #похатам
../logs/API_methods.log 2025-03-05 14:53:02,129 INFO Проблема с комментариями к видео LABELCOM - ВОТ ТАКОЙ РАЗГОН #2,5микрофона
../logs/API_methods.log 2025-03-05 14:53:02,129 INFO Проблема с комментариями к видео LABELCOM - Чат-рулетка. Споры №2 ВСЕ ПОШЛО НЕ ПО ПЛАНУ - Тамби Масаев, Рустам Рептилоид
../logs/API_methods.log 2025-03-05 14:53:02,129 INFO Проблема с комментариями к видео LABELCOM - СМЫСЛЕ КЛУБЕ НЕ ПУСКАЕТЕ? #похатам #каренадамян
../logs/API_methods.log 2025-03-05 14:53:02,129 INFO Проблема с комментариями к видео LABELCOM - ГУРАМ ДОМА У МИЛОХИНА #похатам
../logs/API_methods.log 2025-03-05 14:53:02,129 INFO Успешно получили комментарии для 5 видео
../logs/API_methods.log 2025-03-05 14:53:03,135 INFO ФУНКЦИЯ GET_VIDEO_COMMENT!!!
../logs/API_methods.log 2025-03-05 14:53:03,275 INFO Проблема с комментариями к видео LABELCOM - HIT2SHIT. КАНАЛ КОМИКОВ. АНОНС
../logs/API_methods.log 2025-03-05 14:53:03,275 INFO Проблема с комментариями к видео В ритме колбасы - В ритме колбасы. Серия 5. Блудный сын. Финал.
../logs/API_methods.log 2025-03-05 14:53:03,275 INFO Проблема с комментариями к видео LABELCOM - Чат-рулетка: Сергей Детков и Алексей Щербаков
../logs/API_methods.log 2025-03-05 14:53:03,275 INFO Проблема с комментариями к видео В ритме колбасы - В ритме колбасы. Серия 4. Гибель Голиафа.
../logs/API_methods.log 2025-03-05 14:53:03,275 INFO Проблема с комментариями к видео В ритме колбасы - В ритме колбасы. Серия 3. Поцелуй Иуды.
../logs/API_methods.log 2025-03-05 14:53:03,276 INFO Успешно получили комментарии для 5 видео
../logs/API_methods.log 2025-03-05 14:53:04,279 INFO ФУНКЦИЯ GET_VIDEO_COMMENT!!!
../logs/API_methods.log 2025-03-05 14:53:04,400 INFO Проблема с комментариями к видео В ритме колбасы - В ритме колбасы. Серия 2. Блуждание по пустыне
../logs/API_methods.log 2025-03-05 14:53:04,400 INFO Проблема с комментариями к видео В ритме колбасы - В ритме колбасы. Серия 1. Небо и земля.
../logs/API_methods.log 2025-03-05 14:53:04,400 INFO Проблема с комментариями к видео Два с половиной микрофона - Макаров x Детков x Дедищев x Амарян x Винокур x Сиэтлов x Бороздин | ДВА С ПОЛОВИНОЙ МИКРОФОНА #1
../logs/API_methods.log 2025-03-05 14:53:04,401 INFO Проблема с комментариями к видео Два с половиной микрофона - Орлов x Дедищев x Детков x Винокур x Сиэтлов x Широков x Гиновян | ДВА С ПОЛОВИНОЙ МИКРОФОНА #2
../logs/API_methods.log 2025-03-05 14:53:04,401 INFO Проблема с комментариями к видео Два с половиной микрофона - Дедищев x Орлов x Ловкачёв x Винокур x Сиэтлов x Кукса x Бороздин | ДВА С ПОЛОВИНОЙ МИКРОФОНА #3
../logs/API_methods.log 2025-03-05 14:53:04,401 INFO Успешно получили комментарии для 5 видео
../logs/API_methods.log 2025-03-05 14:53:05,406 INFO ФУНКЦИЯ GET_VIDEO_COMMENT!!!
../logs/API_methods.log 2025-03-05 14:53:05,526 INFO Проблема с комментариями к видео Два микрофона - Хугаев х Макар x Амарян x Гиновян х Винокур х Медведев  x Ловкачев | ДВА МИКРОФОНА #2
../logs/API_methods.log 2025-03-05 14:53:05,526 INFO Проблема с комментариями к видео Два с половиной микрофона - Хиникадзе х Дедищев x Забродин x Сидоров x Джанкезов x Винокур x Сиэтлов | ДСПМ #4
../logs/API_methods.log 2025-03-05 14:53:05,527 INFO Проблема с комментариями к видео Два с половиной микрофона - Макаров x Бороздин x Дедищев x Чабдаров x Амарян x Винокур | ДСПМ #6
../logs/API_methods.log 2025-03-05 14:53:05,527 INFO Проблема с комментариями к видео Два с половиной микрофона - Дедищев x Якушев x Макаров x Чабдаров x Гиновян x Винокур | ДСПМ #5
../logs/API_methods.log 2025-03-05 14:53:05,527 INFO Проблема с комментариями к видео Два с половиной микрофона - ДЖИГАН - БОМЖ #2,5микрофона
../logs/API_methods.log 2025-03-05 14:53:05,527 INFO Успешно получили комментарии для 5 видео
../logs/API_methods.log 2025-03-05 14:53:06,533 INFO ФУНКЦИЯ GET_VIDEO_COMMENT!!!
../logs/API_methods.log 2025-03-05 14:53:06,632 INFO Проблема с комментариями к видео Два микрофона - Дедищев x Амарян x Зорик х Винокур x Абу Газале x Мазур x Ловкачев | ДВА МИКРОФОНА #1
../logs/API_methods.log 2025-03-05 14:53:06,633 INFO Проблема с комментариями к видео То шо скетчи - «То шо скетчи»/ выпуск №3
../logs/API_methods.log 2025-03-05 14:53:06,633 INFO Проблема с комментариями к видео То шо скетчи - «То шо скетчи»/ выпуск №2
../logs/API_methods.log 2025-03-05 14:53:06,633 INFO Проблема с комментариями к видео То шо скетчи - «То шо скетчи»/ выпуск №1
../logs/API_methods.log 2025-03-05 14:53:06,633 INFO Проблема с комментариями к видео Круг | Эпизод 8
../logs/API_methods.log 2025-03-05 14:53:06,633 INFO Успешно получили комментарии для 5 видео
../logs/API_methods.log 2025-03-05 14:53:07,640 INFO ФУНКЦИЯ GET_VIDEO_COMMENT!!!
../logs/API_methods.log 2025-03-05 14:53:07,776 INFO Проблема с комментариями к видео Круг | Эпизод 8. Тизер
../logs/API_methods.log 2025-03-05 14:53:07,777 INFO Проблема с комментариями к видео Громкий вопрос с Полиной Гагариной
../logs/API_methods.log 2025-03-05 14:53:07,777 INFO Проблема с комментариями к видео Громкий вопрос с Полиной Гагариной. Анонс
../logs/API_methods.log 2025-03-05 14:53:07,777 INFO Проблема с комментариями к видео Круг | Эпизод 7
../logs/API_methods.log 2025-03-05 14:53:07,777 INFO Проблема с комментариями к видео Круг | Эпизод 7. Тизер
../logs/API_methods.log 2025-03-05 14:53:07,777 INFO Успешно получили комментарии для 5 видео
../logs/API_methods.log 2025-03-05 14:53:08,785 INFO ФУНКЦИЯ GET_VIDEO_COMMENT!!!
../logs/API_methods.log 2025-03-05 14:53:08,904 INFO Проблема с комментариями к видео Шоу Истории | Секреты телевидения
../logs/API_methods.log 2025-03-05 14:53:08,904 INFO Проблема с комментариями к видео Шоу Истории | Секреты телевидения. Анонс
../logs/API_methods.log 2025-03-05 14:53:08,904 INFO Проблема с комментариями к видео Круг | Эпизод 6
../logs/API_methods.log 2025-03-05 14:53:08,904 INFO Проблема с комментариями к видео Круг | Эпизод 6. Тизер
../logs/API_methods.log 2025-03-05 14:53:08,904 INFO Проблема с комментариями к видео Громкий вопрос с Алёной Повышевой
../logs/API_methods.log 2025-03-05 14:53:08,904 INFO Успешно получили комментарии для 5 видео
../logs/API_methods.log 2025-03-05 14:53:09,906 INFO ФУНКЦИЯ GET_VIDEO_COMMENT!!!
../logs/API_methods.log 2025-03-05 14:53:10,021 INFO Проблема с комментариями к видео Громкий вопрос с Алёной Повышевой. Анонс
../logs/API_methods.log 2025-03-05 14:53:10,021 INFO Проблема с комментариями к видео Круг | Эпизод 5
../logs/API_methods.log 2025-03-05 14:53:10,021 INFO Проблема с комментариями к видео Круг | Эпизод 5. Тизер
../logs/API_methods.log 2025-03-05 14:53:10,021 INFO Проблема с комментариями к видео Шоу Истории | Я пою по ночам
../logs/API_methods.log 2025-03-05 14:53:10,022 INFO Проблема с комментариями к видео Шоу Истории | Я пою по ночам. Анонс
../logs/API_methods.log 2025-03-05 14:53:10,022 INFO Успешно получили комментарии для 5 видео
../logs/API_methods.log 2025-03-05 14:53:11,027 INFO ФУНКЦИЯ GET_VIDEO_COMMENT!!!
../logs/API_methods.log 2025-03-05 14:53:11,143 INFO Проблема с комментариями к видео Круг | Эпизод 4
../logs/API_methods.log 2025-03-05 14:53:11,144 INFO Проблема с комментариями к видео Круг | Эпизод 4. Тизер
../logs/API_methods.log 2025-03-05 14:53:11,144 INFO Проблема с комментариями к видео Громкий вопрос с Юлией Ахмедовой
../logs/API_methods.log 2025-03-05 14:53:11,144 INFO Проблема с комментариями к видео Громкий вопрос с Юлией Ахмедовой. Анонс
../logs/API_methods.log 2025-03-05 14:53:11,144 INFO Проблема с комментариями к видео Круг | Эпизод 3
../logs/API_methods.log 2025-03-05 14:53:11,144 INFO Успешно получили комментарии для 5 видео
../logs/API_methods.log 2025-03-05 14:53:12,154 INFO ФУНКЦИЯ GET_VIDEO_COMMENT!!!
../logs/API_methods.log 2025-03-05 14:53:12,285 INFO Проблема с комментариями к видео Круг | Эпизод 3. Тизер
../logs/API_methods.log 2025-03-05 14:53:12,285 INFO Проблема с комментариями к видео Шоу Истории | Учитель Лю
../logs/API_methods.log 2025-03-05 14:53:12,285 INFO Проблема с комментариями к видео Шоу Истории | Учитель Лю. Анонс
../logs/API_methods.log 2025-03-05 14:53:12,285 INFO Проблема с комментариями к видео Круг | Эпизод 2
../logs/API_methods.log 2025-03-05 14:53:12,285 INFO Проблема с комментариями к видео Круг | Эпизод 2. Тизер
../logs/API_methods.log 2025-03-05 14:53:12,285 INFO Успешно получили комментарии для 5 видео
../logs/API_methods.log 2025-03-05 14:53:13,294 INFO ФУНКЦИЯ GET_VIDEO_COMMENT!!!
../logs/API_methods.log 2025-03-05 14:53:13,410 INFO Проблема с комментариями к видео Тейбл Тайм. Бэкстейдж
../logs/API_methods.log 2025-03-05 14:53:13,410 INFO Проблема с комментариями к видео Круг | Эпизод 1
../logs/API_methods.log 2025-03-05 14:53:13,410 INFO Проблема с комментариями к видео Круг. Тизер
../logs/API_methods.log 2025-03-05 14:53:13,410 INFO Проблема с комментариями к видео Круг. Тизер
../logs/API_methods.log 2025-03-05 14:53:13,410 INFO Проблема с комментариями к видео Громкий вопрос. Наша команда
../logs/API_methods.log 2025-03-05 14:53:13,410 INFO Успешно получили комментарии для 5 видео
../logs/API_methods.log 2025-03-05 14:53:14,419 INFO ФУНКЦИЯ GET_VIDEO_COMMENT!!!
../logs/API_methods.log 2025-03-05 14:53:14,529 INFO Проблема с комментариями к видео Громкий вопрос. Наша команда. Анонс
../logs/API_methods.log 2025-03-05 14:53:14,529 INFO Проблема с комментариями к видео Импровлог. Международный тур
../logs/API_methods.log 2025-03-05 14:53:14,529 INFO Проблема с комментариями к видео Импровлог. Международный тур. Анонс
../logs/API_methods.log 2025-03-05 14:53:14,529 INFO Проблема с комментариями к видео Тейбл Тайм | 4 сезон | 8 серия
../logs/API_methods.log 2025-03-05 14:53:14,529 INFO Проблема с комментариями к видео Тейбл Тайм | 4 сезон | 8 серия. Анонс
../logs/API_methods.log 2025-03-05 14:53:14,530 INFO Успешно получили комментарии для 5 видео
../logs/API_methods.log 2025-03-05 14:53:15,535 INFO ФУНКЦИЯ GET_VIDEO_COMMENT!!!
../logs/API_methods.log 2025-03-05 14:53:15,661 INFO Проблема с комментариями к видео Шоу Истории | Зуб
../logs/API_methods.log 2025-03-05 14:53:15,661 INFO Проблема с комментариями к видео Шоу Истории | Зуб. Анонс
../logs/API_methods.log 2025-03-05 14:53:15,661 INFO Проблема с комментариями к видео Чё делаем? Куда идём? х МТС Premium | Нижний Новгород
../logs/API_methods.log 2025-03-05 14:53:15,661 INFO Проблема с комментариями к видео Чё делаем? Куда идём? х МТС Premium | Нижний Новгород. Анонс
../logs/API_methods.log 2025-03-05 14:53:15,661 INFO Проблема с комментариями к видео Магазин Импровизаторов | Коллекционный сборник игр «Тейбл Тайм 2»
../logs/API_methods.log 2025-03-05 14:53:15,662 INFO Успешно получили комментарии для 5 видео
../logs/API_methods.log 2025-03-05 14:53:16,664 INFO ФУНКЦИЯ GET_VIDEO_COMMENT!!!
../logs/API_methods.log 2025-03-05 14:53:16,776 INFO Проблема с комментариями к видео Тейбл Тайм | 4 сезон | 7 серия
../logs/API_methods.log 2025-03-05 14:53:16,776 INFO Проблема с комментариями к видео Тейбл Тайм | 4 сезон | 7 серия
../logs/API_methods.log 2025-03-05 14:53:16,776 INFO Проблема с комментариями к видео Громкий вопрос с Расулом Чабдаровым
../logs/API_methods.log 2025-03-05 14:53:16,776 INFO Проблема с комментариями к видео Громкий вопрос с Расулом Чабдаровым. Анонс
../logs/API_methods.log 2025-03-05 14:53:16,776 INFO Проблема с комментариями к видео Тейбл Тайм | 4 сезон | 6 серия
../logs/API_methods.log 2025-03-05 14:53:16,776 INFO Успешно получили комментарии для 5 видео
../logs/API_methods.log 2025-03-05 14:53:17,784 INFO ФУНКЦИЯ GET_VIDEO_COMMENT!!!
../logs/API_methods.log 2025-03-05 14:53:17,894 INFO Проблема с комментариями к видео Тейбл Тайм | 4 сезон | 6 серия. Анонс
../logs/API_methods.log 2025-03-05 14:53:17,895 INFO Проблема с комментариями к видео Шоу Истории | Писательница
../logs/API_methods.log 2025-03-05 14:53:17,895 INFO Проблема с комментариями к видео Шоу Истории | Писательница. Анонс
../logs/API_methods.log 2025-03-05 14:53:17,895 INFO Проблема с комментариями к видео Тейбл Тайм | 4 сезон | 5 серия
../logs/API_methods.log 2025-03-05 14:53:17,895 INFO Проблема с комментариями к видео Тейбл Тайм | 4 сезон | 5 серия. Анонс
../logs/API_methods.log 2025-03-05 14:53:17,895 INFO Успешно получили комментарии для 5 видео
../logs/API_methods.log 2025-03-05 14:53:18,904 INFO ФУНКЦИЯ GET_VIDEO_COMMENT!!!
../logs/API_methods.log 2025-03-05 14:53:19,012 INFO Проблема с комментариями к видео Громкий вопрос с Надей Джабраиловой. Анонс
../logs/API_methods.log 2025-03-05 14:53:19,012 INFO Проблема с комментариями к видео Громкий вопрос с Надей Джабраиловой
../logs/API_methods.log 2025-03-05 14:53:19,012 INFO Проблема с комментариями к видео Тейбл Тайм | 4 сезон | 4 серия
../logs/API_methods.log 2025-03-05 14:53:19,012 INFO Проблема с комментариями к видео Тейбл Тайм | 4 сезон | 4 серия. Анонс
../logs/API_methods.log 2025-03-05 14:53:19,012 INFO Проблема с комментариями к видео Шоу Истории | Невезучий человек
../logs/API_methods.log 2025-03-05 14:53:19,012 INFO Успешно получили комментарии для 5 видео
../logs/API_methods.log 2025-03-05 14:53:20,021 INFO ФУНКЦИЯ GET_VIDEO_COMMENT!!!
../logs/API_methods.log 2025-03-05 14:53:20,165 INFO Проблема с комментариями к видео Шоу Истории | Невезучий человек. Анонс
../logs/API_methods.log 2025-03-05 14:53:20,165 INFO Проблема с комментариями к видео Тейбл Тайм | 4 сезон | 3 серия
../logs/API_methods.log 2025-03-05 14:53:20,166 INFO Проблема с комментариями к видео Тейбл Тайм | 4 сезон | 3 серия. Анонс
../logs/API_methods.log 2025-03-05 14:53:20,166 INFO Проблема с комментариями к видео Громкий вопрос с Александром Якушевым
../logs/API_methods.log 2025-03-05 14:53:20,166 INFO Проблема с комментариями к видео Громкий вопрос с Александром Якушевым. Анонс
../logs/API_methods.log 2025-03-05 14:53:20,166 INFO Успешно получили комментарии для 5 видео
../logs/API_methods.log 2025-03-05 14:53:21,175 INFO ФУНКЦИЯ GET_VIDEO_COMMENT!!!
../logs/API_methods.log 2025-03-05 14:53:21,286 INFO Проблема с комментариями к видео Тейбл Тайм | 4 сезон | 2 серия
../logs/API_methods.log 2025-03-05 14:53:21,286 INFO Проблема с комментариями к видео Тейбл Тайм | 4 сезон | 2 серия. Анонс
../logs/API_methods.log 2025-03-05 14:53:21,286 INFO Проблема с комментариями к видео Шоу Истории | Скрытная
../logs/API_methods.log 2025-03-05 14:53:21,286 INFO Проблема с комментариями к видео Шоу Истории | Скрытная
../logs/API_methods.log 2025-03-05 14:53:21,287 INFO Проблема с комментариями к видео Тейбл Тайм | 4 сезон | 1 серия
../logs/API_methods.log 2025-03-05 14:53:21,287 INFO Успешно получили комментарии для 5 видео
../logs/API_methods.log 2025-03-05 14:53:22,293 INFO ФУНКЦИЯ GET_VIDEO_COMMENT!!!
../logs/API_methods.log 2025-03-05 14:53:22,405 INFO Проблема с комментариями к видео Тейбл Тайм | 4 сезон | 1 серия. Анонс
../logs/API_methods.log 2025-03-05 14:53:22,405 INFO Проблема с комментариями к видео Громкий вопрос с Василием Бейнаровичем. Анонс
../logs/API_methods.log 2025-03-05 14:53:22,406 INFO Проблема с комментариями к видео Громкий вопрос с Василием Бейнаровичем
../logs/API_methods.log 2025-03-05 14:53:22,406 INFO Проблема с комментариями к видео Шоу Истории | Всё началось с кольца. Анонс
../logs/API_methods.log 2025-03-05 14:53:22,406 INFO Проблема с комментариями к видео Шоу Истории | Всё началось с кольца
../logs/API_methods.log 2025-03-05 14:53:22,406 INFO Успешно получили комментарии для 5 видео
../logs/API_methods.log 2025-03-05 14:53:23,407 INFO ФУНКЦИЯ GET_VIDEO_COMMENT!!!
../logs/API_methods.log 2025-03-05 14:53:23,518 INFO Проблема с комментариями к видео Громкий вопрос с Олегом Майами. Анонс
../logs/API_methods.log 2025-03-05 14:53:23,519 INFO Проблема с комментариями к видео Громкий вопрос с Олегом Майами
../logs/API_methods.log 2025-03-05 14:53:23,519 INFO Проблема с комментариями к видео Шоу Истории | Весь мир — театр
../logs/API_methods.log 2025-03-05 14:53:23,519 INFO Проблема с комментариями к видео Шоу Истории | Весь мир — театр. Анонс
../logs/API_methods.log 2025-03-05 14:53:23,519 INFO Проблема с комментариями к видео Громкий вопрос с XOLIDAYBOY. Анонс
../logs/API_methods.log 2025-03-05 14:53:23,519 INFO Успешно получили комментарии для 5 видео
../logs/API_methods.log 2025-03-05 14:53:24,525 INFO ФУНКЦИЯ GET_VIDEO_COMMENT!!!
../logs/API_methods.log 2025-03-05 14:53:24,638 INFO Проблема с комментариями к видео Громкий вопрос с XOLIDAYBOY
../logs/API_methods.log 2025-03-05 14:53:24,638 INFO Проблема с комментариями к видео Шоу Истории | Жизнь прекрасна. Анонс
../logs/API_methods.log 2025-03-05 14:53:24,639 INFO Проблема с комментариями к видео Шоу Истории | Жизнь прекрасна
../logs/API_methods.log 2025-03-05 14:53:24,639 INFO Проблема с комментариями к видео Громкий вопрос с Марией Марковой. Анонс
../logs/API_methods.log 2025-03-05 14:53:24,639 INFO Проблема с комментариями к видео Громкий вопрос с Марией Марковой
../logs/API_methods.log 2025-03-05 14:53:24,639 INFO Успешно получили комментарии для 5 видео
../logs/API_methods.log 2025-03-05 14:53:25,647 INFO ФУНКЦИЯ GET_VIDEO_COMMENT!!!
../logs/API_methods.log 2025-03-05 14:53:25,761 INFO Проблема с комментариями к видео Шоу Истории | Невероятная история. Анонс
../logs/API_methods.log 2025-03-05 14:53:25,762 INFO Проблема с комментариями к видео Шоу Истории | Невероятная история
../logs/API_methods.log 2025-03-05 14:53:25,762 INFO Проблема с комментариями к видео Громкий вопрос с Олей Малащенко. Анонс
../logs/API_methods.log 2025-03-05 14:53:25,762 INFO Проблема с комментариями к видео Громкий вопрос с Олей Малащенко
../logs/API_methods.log 2025-03-05 14:53:25,762 INFO Проблема с комментариями к видео Шоу Истории | Ватикан. Анонс
../logs/API_methods.log 2025-03-05 14:53:25,762 INFO Успешно получили комментарии для 5 видео
../logs/API_methods.log 2025-03-05 14:53:26,770 INFO ФУНКЦИЯ GET_VIDEO_COMMENT!!!
../logs/API_methods.log 2025-03-05 14:53:26,881 INFO Проблема с комментариями к видео Шоу Истории | Ватикан
../logs/API_methods.log 2025-03-05 14:53:26,882 INFO Проблема с комментариями к видео МАГАЗИН ИМПРОВИЗАТОРОВ | Коллекционный сборник игр «Тейбл Тайм». Дополнительный тираж.
../logs/API_methods.log 2025-03-05 14:53:26,882 INFO Проблема с комментариями к видео Громкий Вопрос с Бастой. Анонс
../logs/API_methods.log 2025-03-05 14:53:26,883 INFO Проблема с комментариями к видео Громкий Вопрос с Бастой
../logs/API_methods.log 2025-03-05 14:53:26,883 INFO Проблема с комментариями к видео Шоу Истории | История про кота. Анонс
../logs/API_methods.log 2025-03-05 14:53:26,883 INFO Успешно получили комментарии для 5 видео
../logs/API_methods.log 2025-03-05 14:53:27,890 INFO ФУНКЦИЯ GET_VIDEO_COMMENT!!!
../logs/API_methods.log 2025-03-05 14:53:28,011 INFO Проблема с комментариями к видео Шоу Истории | История про кота
../logs/API_methods.log 2025-03-05 14:53:28,012 INFO Проблема с комментариями к видео Магазин Импровизаторов | Постер «Непростые парнишки»
../logs/API_methods.log 2025-03-05 14:53:28,012 INFO Проблема с комментариями к видео Громкий вопрос с Максимом Зайцем. Анонс
../logs/API_methods.log 2025-03-05 14:53:28,012 INFO Проблема с комментариями к видео Громкий вопрос с Максимом Зайцем
../logs/API_methods.log 2025-03-05 14:53:28,012 INFO Проблема с комментариями к видео Шоу Истории | Серебряные монетки
../logs/API_methods.log 2025-03-05 14:53:28,012 INFO Успешно получили комментарии для 5 видео
../logs/API_methods.log 2025-03-05 14:53:29,020 INFO ФУНКЦИЯ GET_VIDEO_COMMENT!!!
../logs/API_methods.log 2025-03-05 14:53:29,129 INFO Проблема с комментариями к видео Истории | Серебряные монетки. Анонс
../logs/API_methods.log 2025-03-05 14:53:29,129 INFO Проблема с комментариями к видео Громкий вопрос с Егориком
../logs/API_methods.log 2025-03-05 14:53:29,129 INFO Проблема с комментариями к видео Громкий вопрос с Егориком. Анонс
../logs/API_methods.log 2025-03-05 14:53:29,129 INFO Проблема с комментариями к видео Шоу Истории | Безопасность превыше всего. Анонс
../logs/API_methods.log 2025-03-05 14:53:29,129 INFO Проблема с комментариями к видео Шоу Истории | Безопасность превыше всего
../logs/API_methods.log 2025-03-05 14:53:29,129 INFO Успешно получили комментарии для 5 видео
../logs/API_methods.log 2025-03-05 14:53:30,135 INFO ФУНКЦИЯ GET_VIDEO_COMMENT!!!
../logs/API_methods.log 2025-03-05 14:53:30,246 INFO Проблема с комментариями к видео Громкий вопрос с Бустером. Анонс
../logs/API_methods.log 2025-03-05 14:53:30,246 INFO Проблема с комментариями к видео Громкий вопрос с Бустером
../logs/API_methods.log 2025-03-05 14:53:30,246 INFO Проблема с комментариями к видео Шоу Истории | ВУЗ. Анонс
../logs/API_methods.log 2025-03-05 14:53:30,246 INFO Проблема с комментариями к видео Шоу Истории | ВУЗ
../logs/API_methods.log 2025-03-05 14:53:30,246 INFO Проблема с комментариями к видео Громкий вопрос с Ириной Горбачевой
../logs/API_methods.log 2025-03-05 14:53:30,246 INFO Успешно получили комментарии для 5 видео
../logs/API_methods.log 2025-03-05 14:53:31,251 INFO ФУНКЦИЯ GET_VIDEO_COMMENT!!!
../logs/API_methods.log 2025-03-05 14:53:31,381 INFO Проблема с комментариями к видео Громкий вопрос с Ириной Горбачёвой
../logs/API_methods.log 2025-03-05 14:53:31,381 INFO Проблема с комментариями к видео Шоу Истории | Настоящая дружба. Анонс
../logs/API_methods.log 2025-03-05 14:53:31,381 INFO Проблема с комментариями к видео Шоу Истории | Настоящая дружба
../logs/API_methods.log 2025-03-05 14:53:31,381 INFO Проблема с комментариями к видео Тейбл Тайм. Бэкстейдж
../logs/API_methods.log 2025-03-05 14:53:31,381 INFO Проблема с комментариями к видео Тейбл Тайм | 3 сезон | 8 серия. Анонс
../logs/API_methods.log 2025-03-05 14:53:31,381 INFO Успешно получили комментарии для 5 видео
../logs/API_methods.log 2025-03-05 14:53:32,387 INFO ФУНКЦИЯ GET_VIDEO_COMMENT!!!
../logs/API_methods.log 2025-03-05 14:53:32,492 INFO Проблема с комментариями к видео Тейбл Тайм | 3 сезон | 8 серия
../logs/API_methods.log 2025-03-05 14:53:32,492 INFO Проблема с комментариями к видео Громкий вопрос с Валерией Астаповой. Анонс
../logs/API_methods.log 2025-03-05 14:53:32,492 INFO Проблема с комментариями к видео Громкий вопрос с Валерией Астаповой
../logs/API_methods.log 2025-03-05 14:53:32,492 INFO Проблема с комментариями к видео Тейбл Тайм | 3 сезон | 7 серия. Анонс
../logs/API_methods.log 2025-03-05 14:53:32,492 INFO Проблема с комментариями к видео Тейбл Тайм | 3 сезон | 7 серия
../logs/API_methods.log 2025-03-05 14:53:32,492 INFO Успешно получили комментарии для 5 видео
../logs/API_methods.log 2025-03-05 14:53:33,501 INFO ФУНКЦИЯ GET_VIDEO_COMMENT!!!
../logs/API_methods.log 2025-03-05 14:53:33,624 INFO Проблема с комментариями к видео Шоу Истории | Точечки-полосочки
../logs/API_methods.log 2025-03-05 14:53:33,625 INFO Проблема с комментариями к видео Шоу Истории | Точечки-полосочки. Анонс
../logs/API_methods.log 2025-03-05 14:53:33,625 INFO Проблема с комментариями к видео Егор Крид и Импровизаторы | Своя игра
../logs/API_methods.log 2025-03-05 14:53:33,625 INFO Проблема с комментариями к видео Громкий вопрос с Сергеем Горохом
../logs/API_methods.log 2025-03-05 14:53:33,625 INFO Проблема с комментариями к видео Громкий вопрос с Сергеем Горохом. Анонс
../logs/API_methods.log 2025-03-05 14:53:33,625 INFO Успешно получили комментарии для 5 видео
../logs/API_methods.log 2025-03-05 14:53:34,635 INFO ФУНКЦИЯ GET_VIDEO_COMMENT!!!
../logs/API_methods.log 2025-03-05 14:53:34,762 INFO Проблема с комментариями к видео Тейбл Тайм | 3 сезон | 6 серия. Анонс
../logs/API_methods.log 2025-03-05 14:53:34,762 INFO Проблема с комментариями к видео Тейбл Тайм | 3 сезон | 6 серия
../logs/API_methods.log 2025-03-05 14:53:34,762 INFO Проблема с комментариями к видео Тейбл Тайм | 3 сезон | 5 серия. Анонс
../logs/API_methods.log 2025-03-05 14:53:34,762 INFO Проблема с комментариями к видео Тейбл Тайм | 3 сезон | 5 серия
../logs/API_methods.log 2025-03-05 14:53:34,763 INFO Проблема с комментариями к видео Тейбл Тайм | 3 сезон | 4 серия
../logs/API_methods.log 2025-03-05 14:53:34,763 INFO Успешно получили комментарии для 5 видео
../logs/API_methods.log 2025-03-05 14:53:35,767 INFO ФУНКЦИЯ GET_VIDEO_COMMENT!!!
../logs/API_methods.log 2025-03-05 14:53:35,904 INFO Проблема с комментариями к видео Тейбл Тайм | 3 сезон | 4 серия. Анонс
../logs/API_methods.log 2025-03-05 14:53:35,904 INFO Проблема с комментариями к видео Магазин Импровизаторов | Коллекционный сборник игр «Тейбл Тайм»
../logs/API_methods.log 2025-03-05 14:53:35,905 INFO Проблема с комментариями к видео Громкий вопрос с Юлей Гаврилиной
../logs/API_methods.log 2025-03-05 14:53:35,905 INFO Проблема с комментариями к видео Громкий вопрос с Юлей Гаврилиной. Анонс
../logs/API_methods.log 2025-03-05 14:53:35,905 INFO Проблема с комментариями к видео Тейбл Тайм | 3 сезон | 3 серия. Анонс
../logs/API_methods.log 2025-03-05 14:53:35,905 INFO Успешно получили комментарии для 5 видео
../logs/API_methods.log 2025-03-05 14:53:36,910 INFO ФУНКЦИЯ GET_VIDEO_COMMENT!!!
../logs/API_methods.log 2025-03-05 14:53:37,028 INFO Проблема с комментариями к видео Тейбл Тайм | 3 сезон | 3 серия
../logs/API_methods.log 2025-03-05 14:53:37,029 INFO Проблема с комментариями к видео Шоу Истории | Злая шутка
../logs/API_methods.log 2025-03-05 14:53:37,029 INFO Проблема с комментариями к видео Шоу Истории | Злая шутка. Анонс
../logs/API_methods.log 2025-03-05 14:53:37,029 INFO Проблема с комментариями к видео Тейбл Тайм | 3 сезон | 2 серия
../logs/API_methods.log 2025-03-05 14:53:37,029 INFO Проблема с комментариями к видео Тейбл Тайм | 3 сезон | 2 серия. Анонс
../logs/API_methods.log 2025-03-05 14:53:37,029 INFO Успешно получили комментарии для 5 видео
../logs/API_methods.log 2025-03-05 14:53:38,034 INFO ФУНКЦИЯ GET_VIDEO_COMMENT!!!
../logs/API_methods.log 2025-03-05 14:53:38,140 INFO Проблема с комментариями к видео Громкий вопрос с Олесей Иванченко
../logs/API_methods.log 2025-03-05 14:53:38,140 INFO Проблема с комментариями к видео Громкий вопрос с Олесей Иванченко. Анонс
../logs/API_methods.log 2025-03-05 14:53:38,140 INFO Проблема с комментариями к видео Импровизаторы | Нам 8 лет. Бэкстейдж
../logs/API_methods.log 2025-03-05 14:53:38,140 INFO Проблема с комментариями к видео Тейбл Тайм | 3 сезон | 1 серия. Анонс
../logs/API_methods.log 2025-03-05 14:53:38,140 INFO Проблема с комментариями к видео Шоу Истории | Шаг за шагом
../logs/API_methods.log 2025-03-05 14:53:38,140 INFO Успешно получили комментарии для 5 видео
../logs/API_methods.log 2025-03-05 14:53:39,147 INFO ФУНКЦИЯ GET_VIDEO_COMMENT!!!
../logs/API_methods.log 2025-03-05 14:53:39,257 INFO Проблема с комментариями к видео Импровизаторы | Нам 8 лет
../logs/API_methods.log 2025-03-05 14:53:39,257 INFO Проблема с комментариями к видео Шоу Истории | Шаг за шагом. Анонс
../logs/API_methods.log 2025-03-05 14:53:39,257 INFO Проблема с комментариями к видео Импровизаторы | Нам 8 лет. Анонс
../logs/API_methods.log 2025-03-05 14:53:39,257 INFO Проблема с комментариями к видео Тейбл Тайм | 3 сезон | 1 серия
../logs/API_methods.log 2025-03-05 14:53:39,257 INFO Проблема с комментариями к видео Громкий вопрос с Анной Седоковой
../logs/API_methods.log 2025-03-05 14:53:39,257 INFO Успешно получили комментарии для 5 видео
../logs/API_methods.log 2025-03-05 14:53:40,267 INFO ФУНКЦИЯ GET_VIDEO_COMMENT!!!
../logs/API_methods.log 2025-03-05 14:53:40,399 INFO Проблема с комментариями к видео Громкий вопрос с Анной Седоковой. Анонс
../logs/API_methods.log 2025-03-05 14:53:40,399 INFO Проблема с комментариями к видео Шоу Истории | Спор. Анонс
../logs/API_methods.log 2025-03-05 14:53:40,400 INFO Проблема с комментариями к видео Шоу Истории | Спор
../logs/API_methods.log 2025-03-05 14:53:40,400 INFO Проблема с комментариями к видео Громкий вопрос с Ваней Дмитриенко
../logs/API_methods.log 2025-03-05 14:53:40,400 INFO Проблема с комментариями к видео Громкий вопрос с Ваней Дмитриенко. Анонс
../logs/API_methods.log 2025-03-05 14:53:40,400 INFO Успешно получили комментарии для 5 видео
../logs/API_methods.log 2025-03-05 14:53:41,407 INFO ФУНКЦИЯ GET_VIDEO_COMMENT!!!
../logs/API_methods.log 2025-03-05 14:53:41,518 INFO Проблема с комментариями к видео Шоу Истории | Бельгийский бар
../logs/API_methods.log 2025-03-05 14:53:41,518 INFO Проблема с комментариями к видео Шоу Истории | Бельгийский бар. Анонс
../logs/API_methods.log 2025-03-05 14:53:41,518 INFO Проблема с комментариями к видео Громкий вопрос с Алексеем Стаховичем. Анонс
../logs/API_methods.log 2025-03-05 14:53:41,518 INFO Проблема с комментариями к видео Громкий вопрос с Алексеем Стаховичем
../logs/API_methods.log 2025-03-05 14:53:41,518 INFO Проблема с комментариями к видео Шоу Истории | Искусство требует. Анонс
../logs/API_methods.log 2025-03-05 14:53:41,518 INFO Успешно получили комментарии для 5 видео
../logs/API_methods.log 2025-03-05 14:53:42,528 INFO ФУНКЦИЯ GET_VIDEO_COMMENT!!!
../logs/API_methods.log 2025-03-05 14:53:42,638 INFO Проблема с комментариями к видео Шоу Истории | Искусство требует
../logs/API_methods.log 2025-03-05 14:53:42,638 INFO Проблема с комментариями к видео Дыммашина 2023. ШОУРИЛ
../logs/API_methods.log 2025-03-05 14:53:42,638 INFO Проблема с комментариями к видео Громкий вопрос с Мари Краймбрери
../logs/API_methods.log 2025-03-05 14:53:42,638 INFO Проблема с комментариями к видео Громкий вопрос с Мари Краймбрери. Анонс
../logs/API_methods.log 2025-03-05 14:53:42,639 INFO Проблема с комментариями к видео Шоу Истории | Кэтколлинг. Анонс
../logs/API_methods.log 2025-03-05 14:53:42,639 INFO Успешно получили комментарии для 5 видео
../logs/API_methods.log 2025-03-05 14:53:43,641 INFO ФУНКЦИЯ GET_VIDEO_COMMENT!!!
../logs/API_methods.log 2025-03-05 14:53:43,777 INFO Проблема с комментариями к видео Шоу Истории | Кэтколлинг
../logs/API_methods.log 2025-03-05 14:53:43,778 INFO Проблема с комментариями к видео Громкий вопрос с Гавриилом Гордеевым. Анонс
../logs/API_methods.log 2025-03-05 14:53:43,778 INFO Проблема с комментариями к видео Громкий вопрос с Гавриилом Гордеевым
../logs/API_methods.log 2025-03-05 14:53:43,778 INFO Проблема с комментариями к видео Шоу Истории | Закрытый город
../logs/API_methods.log 2025-03-05 14:53:43,778 INFO Проблема с комментариями к видео Шоу Истории | Закрытый город. Анонс
../logs/API_methods.log 2025-03-05 14:53:43,778 INFO Успешно получили комментарии для 5 видео
../logs/API_methods.log 2025-03-05 14:53:44,783 INFO ФУНКЦИЯ GET_VIDEO_COMMENT!!!
../logs/API_methods.log 2025-03-05 14:53:44,890 INFO Проблема с комментариями к видео Громкий вопрос | Семейный выпуск. Анонс
../logs/API_methods.log 2025-03-05 14:53:44,890 INFO Проблема с комментариями к видео Громкий вопрос | Семейный выпуск
../logs/API_methods.log 2025-03-05 14:53:44,890 INFO Проблема с комментариями к видео Шоу Истории | Новогоднее чудо
../logs/API_methods.log 2025-03-05 14:53:44,890 INFO Проблема с комментариями к видео Шоу Истории | Новогоднее чудо. Анонс
../logs/API_methods.log 2025-03-05 14:53:44,890 INFO Проблема с комментариями к видео Тейбл Тайм. Бэкстейдж
../logs/API_methods.log 2025-03-05 14:53:44,890 INFO Успешно получили комментарии для 5 видео
../logs/API_methods.log 2025-03-05 14:53:45,900 INFO ФУНКЦИЯ GET_VIDEO_COMMENT!!!
../logs/API_methods.log 2025-03-05 14:53:46,028 INFO Проблема с комментариями к видео Тейбл Тайм | 2 сезон | 8 серия. Анонс
../logs/API_methods.log 2025-03-05 14:53:46,028 INFO Проблема с комментариями к видео Тейбл Тайм | 2 сезон | 8 серия
../logs/API_methods.log 2025-03-05 14:53:46,028 INFO Проблема с комментариями к видео Громкий вопрос с Глюк'OZA
../logs/API_methods.log 2025-03-05 14:53:46,028 INFO Проблема с комментариями к видео Громкий вопрос. Глюк'OZA. Анонс
../logs/API_methods.log 2025-03-05 14:53:46,029 INFO Проблема с комментариями к видео Тейбл Тайм | 2 сезон | 7 серия. Анонс
../logs/API_methods.log 2025-03-05 14:53:46,029 INFO Успешно получили комментарии для 5 видео
../logs/API_methods.log 2025-03-05 14:53:47,030 INFO ФУНКЦИЯ GET_VIDEO_COMMENT!!!
../logs/API_methods.log 2025-03-05 14:53:47,139 INFO Проблема с комментариями к видео Тейбл Тайм | 2 сезон | 7 серия
../logs/API_methods.log 2025-03-05 14:53:47,140 INFO Проблема с комментариями к видео Шоу Истории | Найти за 60 минут. Анонс
../logs/API_methods.log 2025-03-05 14:53:47,140 INFO Проблема с комментариями к видео Шоу Истории | Найти за 60 минут
../logs/API_methods.log 2025-03-05 14:53:47,140 INFO Проблема с комментариями к видео Мотиваторы
../logs/API_methods.log 2025-03-05 14:53:47,140 INFO Проблема с комментариями к видео Тейбл Тайм | 2 сезон | 6 серия. Анонс
../logs/API_methods.log 2025-03-05 14:53:47,140 INFO Успешно получили комментарии для 5 видео
../logs/API_methods.log 2025-03-05 14:53:48,143 INFO ФУНКЦИЯ GET_VIDEO_COMMENT!!!
../logs/API_methods.log 2025-03-05 14:53:48,263 INFO Проблема с комментариями к видео Тейбл Тайм | 2 сезон | 6 серия
../logs/API_methods.log 2025-03-05 14:53:48,263 INFO Проблема с комментариями к видео Громкий вопрос с Аней Покров. Анонс
../logs/API_methods.log 2025-03-05 14:53:48,264 INFO Проблема с комментариями к видео Громкий вопрос с Аней Покров
../logs/API_methods.log 2025-03-05 14:53:48,264 INFO Проблема с комментариями к видео Тейбл Тайм | 2 сезон | 5 серия. Анонс
../logs/API_methods.log 2025-03-05 14:53:48,264 INFO Проблема с комментариями к видео Тейбл Тайм | 2 сезон | 5 серия
../logs/API_methods.log 2025-03-05 14:53:48,264 INFO Успешно получили комментарии для 5 видео
../logs/API_methods.log 2025-03-05 14:53:49,269 INFO ФУНКЦИЯ GET_VIDEO_COMMENT!!!
../logs/API_methods.log 2025-03-05 14:53:49,386 INFO Проблема с комментариями к видео Шоу Истории | Странная семейка. Анонс
../logs/API_methods.log 2025-03-05 14:53:49,386 INFO Проблема с комментариями к видео Шоу Истории | Странная семейка
../logs/API_methods.log 2025-03-05 14:53:49,386 INFO Проблема с комментариями к видео Тейбл Тайм | 2 сезон | 4 серия. Анонс
../logs/API_methods.log 2025-03-05 14:53:49,386 INFO Проблема с комментариями к видео Чё делаем? Куда идём? | Тамбов
../logs/API_methods.log 2025-03-05 14:53:49,386 INFO Проблема с комментариями к видео Тейбл Тайм | 2 сезон | 4 серия
../logs/API_methods.log 2025-03-05 14:53:49,386 INFO Успешно получили комментарии для 5 видео
../logs/API_methods.log 2025-03-05 14:53:50,391 INFO ФУНКЦИЯ GET_VIDEO_COMMENT!!!
../logs/API_methods.log 2025-03-05 14:53:50,526 INFO Проблема с комментариями к видео Чё делаем? Куда идём? | Тамбов. Анонс
../logs/API_methods.log 2025-03-05 14:53:50,526 INFO Проблема с комментариями к видео Громкий вопрос с Люсей Чеботиной. Анонс
../logs/API_methods.log 2025-03-05 14:53:50,526 INFO Проблема с комментариями к видео Громкий вопрос с Люсей Чеботиной
../logs/API_methods.log 2025-03-05 14:53:50,526 INFO Проблема с комментариями к видео Тейбл Тайм | 2 сезон | 3 серия
../logs/API_methods.log 2025-03-05 14:53:50,526 INFO Проблема с комментариями к видео Тейбл Тайм | 2 сезон | 3 серия. Анонс
../logs/API_methods.log 2025-03-05 14:53:50,526 INFO Успешно получили комментарии для 5 видео
../logs/API_methods.log 2025-03-05 14:53:51,533 INFO ФУНКЦИЯ GET_VIDEO_COMMENT!!!
../logs/API_methods.log 2025-03-05 14:53:51,647 INFO Проблема с комментариями к видео Шоу Истории | Концерт
../logs/API_methods.log 2025-03-05 14:53:51,648 INFO Проблема с комментариями к видео Шоу Истории | Концерт. Анонс
../logs/API_methods.log 2025-03-05 14:53:51,648 INFO Проблема с комментариями к видео Шоу Истории | Паранормальное
../logs/API_methods.log 2025-03-05 14:53:51,648 INFO Проблема с комментариями к видео Тейбл Тайм | 2 сезон | 2 серия. Анонс
../logs/API_methods.log 2025-03-05 14:53:51,648 INFO Проблема с комментариями к видео Тейбл Тайм | 2 сезон | 2 серия
../logs/API_methods.log 2025-03-05 14:53:51,648 INFO Успешно получили комментарии для 5 видео
../logs/API_methods.log 2025-03-05 14:53:52,658 INFO ФУНКЦИЯ GET_VIDEO_COMMENT!!!
../logs/API_methods.log 2025-03-05 14:53:52,804 INFO Проблема с комментариями к видео Чё делаем? Куда идём? | Тверь, Завидово, Углич, Мышкин
../logs/API_methods.log 2025-03-05 14:53:52,804 INFO Проблема с комментариями к видео Чё делаем? Куда идём? | Тверь, Завидово, Углич, Мышкин. Анонс
../logs/API_methods.log 2025-03-05 14:53:52,804 INFO Проблема с комментариями к видео Громкий Вопрос с Денисом Кукоякой
../logs/API_methods.log 2025-03-05 14:53:52,804 INFO Проблема с комментариями к видео Громкий вопрос. Денис Кукояка. Анонс
../logs/API_methods.log 2025-03-05 14:53:52,804 INFO Проблема с комментариями к видео Тейбл Тайм | 2 сезон | 1 серия. Анонс
../logs/API_methods.log 2025-03-05 14:53:52,804 INFO Успешно получили комментарии для 5 видео
../logs/API_methods.log 2025-03-05 14:53:53,814 INFO ФУНКЦИЯ GET_VIDEO_COMMENT!!!
../logs/API_methods.log 2025-03-05 14:53:53,934 INFO Проблема с комментариями к видео Тейбл Тайм | 2 сезон | 1 серия
../logs/API_methods.log 2025-03-05 14:53:53,934 INFO Проблема с комментариями к видео Шоу Истории | Дичь. Анонс
../logs/API_methods.log 2025-03-05 14:53:53,934 INFO Проблема с комментариями к видео Шоу Истории | Дичь
../logs/API_methods.log 2025-03-05 14:53:53,934 INFO Проблема с комментариями к видео Чё делаем? Куда идём? | Уфа. Анонс
../logs/API_methods.log 2025-03-05 14:53:53,935 INFO Проблема с комментариями к видео Чё делаем? Куда идём? | Уфа
../logs/API_methods.log 2025-03-05 14:53:53,935 INFO Успешно получили комментарии для 5 видео
../logs/API_methods.log 2025-03-05 14:53:54,939 INFO ФУНКЦИЯ GET_VIDEO_COMMENT!!!
../logs/API_methods.log 2025-03-05 14:53:55,059 INFO Проблема с комментариями к видео Громкий вопрос с Сергеем Кутузовым. Анонс
../logs/API_methods.log 2025-03-05 14:53:55,059 INFO Проблема с комментариями к видео Громкий вопрос с Сергеем Кутузовым
../logs/API_methods.log 2025-03-05 14:53:55,059 INFO Проблема с комментариями к видео Шоу Истории | Поездочка
../logs/API_methods.log 2025-03-05 14:53:55,059 INFO Проблема с комментариями к видео Шоу Истории | Поездочка. Анонс
../logs/API_methods.log 2025-03-05 14:53:55,059 INFO Проблема с комментариями к видео Чё делаем? Куда идём? | Красноярск
../logs/API_methods.log 2025-03-05 14:53:55,059 INFO Успешно получили комментарии для 5 видео
../logs/API_methods.log 2025-03-05 14:53:56,066 INFO ФУНКЦИЯ GET_VIDEO_COMMENT!!!
../logs/API_methods.log 2025-03-05 14:53:56,187 INFO Проблема с комментариями к видео Чё делаем? Куда идём? | Красноярск. Анонс
../logs/API_methods.log 2025-03-05 14:53:56,187 INFO Проблема с комментариями к видео Громкий вопрос с Алексеем Сапрыкиным. Анонс
../logs/API_methods.log 2025-03-05 14:53:56,188 INFO Проблема с комментариями к видео Громкий вопрос с Алексеем Сапрыкиным
../logs/API_methods.log 2025-03-05 14:53:56,188 INFO Проблема с комментариями к видео Шоу Истории |  Вот так могу! Анонс
../logs/API_methods.log 2025-03-05 14:53:56,188 INFO Проблема с комментариями к видео Шоу Истории |  Вот так могу!
../logs/API_methods.log 2025-03-05 14:53:56,188 INFO Успешно получили комментарии для 5 видео
../logs/API_methods.log 2025-03-05 14:53:57,192 INFO ФУНКЦИЯ GET_VIDEO_COMMENT!!!
../logs/API_methods.log 2025-03-05 14:53:57,300 INFO Проблема с комментариями к видео Чё делаем? Куда идём? | Улан-Удэ. Анонс
../logs/API_methods.log 2025-03-05 14:53:57,300 INFO Проблема с комментариями к видео Чё делаем? Куда идём? | Улан-Удэ
../logs/API_methods.log 2025-03-05 14:53:57,300 INFO Проблема с комментариями к видео Громкий вопрос с Мариной Федункив
../logs/API_methods.log 2025-03-05 14:53:57,300 INFO Проблема с комментариями к видео Громкий вопрос с Мариной Федункив. Анонс
../logs/API_methods.log 2025-03-05 14:53:57,300 INFO Проблема с комментариями к видео Шоу Истории | Шальная. Анонс
../logs/API_methods.log 2025-03-05 14:53:57,301 INFO Успешно получили комментарии для 5 видео
../logs/API_methods.log 2025-03-05 14:53:58,306 INFO ФУНКЦИЯ GET_VIDEO_COMMENT!!!
../logs/API_methods.log 2025-03-05 14:53:58,418 INFO Проблема с комментариями к видео Шоу Истории | Шальная
../logs/API_methods.log 2025-03-05 14:53:58,419 INFO Проблема с комментариями к видео Чё делаем? Куда идём? | Казань
../logs/API_methods.log 2025-03-05 14:53:58,419 INFO Проблема с комментариями к видео Чё делаем? Куда идём? | Казань. Анонс
../logs/API_methods.log 2025-03-05 14:53:58,419 INFO Проблема с комментариями к видео Громкий вопрос с Юрием Гальцевым. Анонс
../logs/API_methods.log 2025-03-05 14:53:58,419 INFO Проблема с комментариями к видео Громкий вопрос с Юрием Гальцевым
../logs/API_methods.log 2025-03-05 14:53:58,419 INFO Успешно получили комментарии для 5 видео
../logs/API_methods.log 2025-03-05 14:53:59,425 INFO ФУНКЦИЯ GET_VIDEO_COMMENT!!!
../logs/API_methods.log 2025-03-05 14:53:59,560 INFO Проблема с комментариями к видео Импровлог. Как создавалось шоу «Импровизаторы»
../logs/API_methods.log 2025-03-05 14:53:59,560 INFO Проблема с комментариями к видео Импровлог. Как создавалось шоу «Импровизаторы». Анонс
../logs/API_methods.log 2025-03-05 14:53:59,560 INFO Проблема с комментариями к видео Шоу Истории | Связи
../logs/API_methods.log 2025-03-05 14:53:59,560 INFO Проблема с комментариями к видео Шоу Истории | Связи
../logs/API_methods.log 2025-03-05 14:53:59,560 INFO Проблема с комментариями к видео Чё делаем? Куда идём? | Дагестан. Анонс
../logs/API_methods.log 2025-03-05 14:53:59,560 INFO Успешно получили комментарии для 5 видео
../logs/API_methods.log 2025-03-05 14:54:00,567 INFO ФУНКЦИЯ GET_VIDEO_COMMENT!!!
../logs/API_methods.log 2025-03-05 14:54:00,681 INFO Проблема с комментариями к видео Чё делаем? Куда идём? | Дагестан
../logs/API_methods.log 2025-03-05 14:54:00,681 INFO Проблема с комментариями к видео Громкий вопрос с Романом Косицыным. Анонс
../logs/API_methods.log 2025-03-05 14:54:00,681 INFO Проблема с комментариями к видео Громкий вопрос с Романом Косицыным
../logs/API_methods.log 2025-03-05 14:54:00,682 INFO Проблема с комментариями к видео Шоу Истории | Работа, печенье и роботы. Анонс
../logs/API_methods.log 2025-03-05 14:54:00,682 INFO Проблема с комментариями к видео Шоу Истории | Работа, печенье и роботы
../logs/API_methods.log 2025-03-05 14:54:00,682 INFO Успешно получили комментарии для 5 видео
../logs/API_methods.log 2025-03-05 14:54:01,689 INFO ФУНКЦИЯ GET_VIDEO_COMMENT!!!
../logs/API_methods.log 2025-03-05 14:54:01,818 INFO Проблема с комментариями к видео Чё делаем? Куда идём? | Кавказские Минеральные Воды
../logs/API_methods.log 2025-03-05 14:54:01,818 INFO Проблема с комментариями к видео Чё делаем? Куда идём? | Кавказские Минеральные Воды. Анонс
../logs/API_methods.log 2025-03-05 14:54:01,819 INFO Проблема с комментариями к видео Громкий вопрос с Александром Роговым. Анонс
../logs/API_methods.log 2025-03-05 14:54:01,819 INFO Проблема с комментариями к видео Громкий вопрос с Александром Роговым
../logs/API_methods.log 2025-03-05 14:54:01,819 INFO Проблема с комментариями к видео Шоу Истории | Игра не по правилам
../logs/API_methods.log 2025-03-05 14:54:01,819 INFO Успешно получили комментарии для 5 видео
../logs/API_methods.log 2025-03-05 14:54:02,824 INFO ФУНКЦИЯ GET_VIDEO_COMMENT!!!
../logs/API_methods.log 2025-03-05 14:54:02,949 INFO Проблема с комментариями к видео Шоу Истории | Игра не по правилам. Анонс
../logs/API_methods.log 2025-03-05 14:54:02,949 INFO Проблема с комментариями к видео Чё делаем? Куда идём? | Карелия. Анонс
../logs/API_methods.log 2025-03-05 14:54:02,949 INFO Проблема с комментариями к видео Громкий вопрос с Ольгой Парфенюк
../logs/API_methods.log 2025-03-05 14:54:02,949 INFO Проблема с комментариями к видео Чё делаем? Куда идём? | Карелия
../logs/API_methods.log 2025-03-05 14:54:02,949 INFO Проблема с комментариями к видео Громкий вопрос с Олей Парфенюк. Анонс
../logs/API_methods.log 2025-03-05 14:54:02,950 INFO Успешно получили комментарии для 5 видео
../logs/API_methods.log 2025-03-05 14:54:03,952 INFO ФУНКЦИЯ GET_VIDEO_COMMENT!!!
../logs/API_methods.log 2025-03-05 14:54:04,073 INFO Проблема с комментариями к видео Шоу Истории | Бабушки такие бабушки. Анонс
../logs/API_methods.log 2025-03-05 14:54:04,073 INFO Проблема с комментариями к видео Шоу Истории | Бабушки такие бабушки
../logs/API_methods.log 2025-03-05 14:54:04,073 INFO Проблема с комментариями к видео Шоу Истории | Притворись моей. Анонс
../logs/API_methods.log 2025-03-05 14:54:04,073 INFO Проблема с комментариями к видео Шоу Истории | Притворись моей
../logs/API_methods.log 2025-03-05 14:54:04,073 INFO Проблема с комментариями к видео Чё делаем? Куда идём? | Тула. Анонс
../logs/API_methods.log 2025-03-05 14:54:04,073 INFO Успешно получили комментарии для 5 видео
../logs/API_methods.log 2025-03-05 14:54:05,078 INFO ФУНКЦИЯ GET_VIDEO_COMMENT!!!
../logs/API_methods.log 2025-03-05 14:54:05,189 INFO Проблема с комментариями к видео Чё делаем? Куда идём? | Тула
../logs/API_methods.log 2025-03-05 14:54:05,189 INFO Проблема с комментариями к видео Громкий вопрос с Дмитрием Журавлёвым. Анонс
../logs/API_methods.log 2025-03-05 14:54:05,189 INFO Проблема с комментариями к видео Громкий вопрос с Дмитрием Журавлёвым
../logs/API_methods.log 2025-03-05 14:54:05,189 INFO Проблема с комментариями к видео Чё делаем? Куда идём? Анонс
../logs/API_methods.log 2025-03-05 14:54:05,189 INFO Проблема с комментариями к видео Шоу Истории | Домашнее видео. Анонс
../logs/API_methods.log 2025-03-05 14:54:05,189 INFO Успешно получили комментарии для 5 видео
../logs/API_methods.log 2025-03-05 14:54:06,199 INFO ФУНКЦИЯ GET_VIDEO_COMMENT!!!
../logs/API_methods.log 2025-03-05 14:54:06,321 INFO Проблема с комментариями к видео Шоу Истории | Домашнее видео
../logs/API_methods.log 2025-03-05 14:54:06,321 INFO Проблема с комментариями к видео Громкий вопрос с Сергеем Орловым
../logs/API_methods.log 2025-03-05 14:54:06,321 INFO Проблема с комментариями к видео Тейбл Тайм | 8 серия | Финал. Анонс
../logs/API_methods.log 2025-03-05 14:54:06,321 INFO Проблема с комментариями к видео Тейбл Тайм | 8 серия | Финал
../logs/API_methods.log 2025-03-05 14:54:06,321 INFO Проблема с комментариями к видео Шоу Истории | История №28. Анонс
../logs/API_methods.log 2025-03-05 14:54:06,321 INFO Успешно получили комментарии для 5 видео
../logs/API_methods.log 2025-03-05 14:54:07,330 INFO ФУНКЦИЯ GET_VIDEO_COMMENT!!!
../logs/API_methods.log 2025-03-05 14:54:07,449 INFO Проблема с комментариями к видео Шоу Истории | История №28
../logs/API_methods.log 2025-03-05 14:54:07,449 INFO Проблема с комментариями к видео Громкий вопрос с Сашей Ваш. Анонс
../logs/API_methods.log 2025-03-05 14:54:07,449 INFO Проблема с комментариями к видео Громкий вопрос с Сашей Ваш
../logs/API_methods.log 2025-03-05 14:54:07,449 INFO Проблема с комментариями к видео Тейбл Тайм | 7 серия. Анонс
../logs/API_methods.log 2025-03-05 14:54:07,449 INFO Проблема с комментариями к видео Тейбл Тайм | 7 серия
../logs/API_methods.log 2025-03-05 14:54:07,449 INFO Успешно получили комментарии для 5 видео
../logs/API_methods.log 2025-03-05 14:54:08,453 INFO ФУНКЦИЯ GET_VIDEO_COMMENT!!!
../logs/API_methods.log 2025-03-05 14:54:08,564 INFO Проблема с комментариями к видео Мы делаем ИСТОРИИ
../logs/API_methods.log 2025-03-05 14:54:08,564 INFO Проблема с комментариями к видео Шоу  Истории | Ситуация. Анонс
../logs/API_methods.log 2025-03-05 14:54:08,564 INFO Проблема с комментариями к видео Шоу Истории | Ситуация
../logs/API_methods.log 2025-03-05 14:54:08,564 INFO Проблема с комментариями к видео Тейбл Тайм | 6 серия. Анонс
../logs/API_methods.log 2025-03-05 14:54:08,565 INFO Проблема с комментариями к видео Тейбл Тайм | 6 серия
../logs/API_methods.log 2025-03-05 14:54:08,565 INFO Успешно получили комментарии для 5 видео
../logs/API_methods.log 2025-03-05 14:54:09,567 INFO ФУНКЦИЯ GET_VIDEO_COMMENT!!!
../logs/API_methods.log 2025-03-05 14:54:09,686 INFO Проблема с комментариями к видео Шоу Истории | Ведьма. Анонс
../logs/API_methods.log 2025-03-05 14:54:09,686 INFO Проблема с комментариями к видео Шоу Истории | Ведьма
../logs/API_methods.log 2025-03-05 14:54:09,686 INFO Проблема с комментариями к видео Тейбл Тайм |  5 серия. Анонс
../logs/API_methods.log 2025-03-05 14:54:09,687 INFO Проблема с комментариями к видео Тейбл Тайм | 5 серия
../logs/API_methods.log 2025-03-05 14:54:09,687 INFO Проблема с комментариями к видео Шоу Истории. Из жизни сверчков. Анонс
../logs/API_methods.log 2025-03-05 14:54:09,687 INFO Успешно получили комментарии для 5 видео
../logs/API_methods.log 2025-03-05 14:54:10,691 INFO ФУНКЦИЯ GET_VIDEO_COMMENT!!!
../logs/API_methods.log 2025-03-05 14:54:10,832 INFO Проблема с комментариями к видео Шоу Истории | Из жизни сверчков
../logs/API_methods.log 2025-03-05 14:54:10,832 INFO Проблема с комментариями к видео Тейбл Тайм | 4 серия. Анонс
../logs/API_methods.log 2025-03-05 14:54:10,832 INFO Проблема с комментариями к видео Тейбл Тайм | 4 серия
../logs/API_methods.log 2025-03-05 14:54:10,832 INFO Проблема с комментариями к видео Шоу Истории | Привет, ромашки!. Анонс
../logs/API_methods.log 2025-03-05 14:54:10,832 INFO Проблема с комментариями к видео Громкий вопрос с Варварой Щербаковой. Анонс
../logs/API_methods.log 2025-03-05 14:54:10,832 INFO Успешно получили комментарии для 5 видео
../logs/API_methods.log 2025-03-05 14:54:11,836 INFO ФУНКЦИЯ GET_VIDEO_COMMENT!!!
../logs/API_methods.log 2025-03-05 14:54:11,949 INFO Проблема с комментариями к видео Громкий вопрос с Варварой Щербаковой
../logs/API_methods.log 2025-03-05 14:54:11,949 INFO Проблема с комментариями к видео Шоу Истории | Привет, ромашки!
../logs/API_methods.log 2025-03-05 14:54:11,949 INFO Проблема с комментариями к видео Тейбл Тайм | 3 серия. Анонс
../logs/API_methods.log 2025-03-05 14:54:11,949 INFO Проблема с комментариями к видео Тейбл Тайм | 3 серия
../logs/API_methods.log 2025-03-05 14:54:11,950 INFO Проблема с комментариями к видео Шоу Истории | Изгнание. Анонс
../logs/API_methods.log 2025-03-05 14:54:11,950 INFO Успешно получили комментарии для 5 видео
../logs/API_methods.log 2025-03-05 14:54:12,956 INFO ФУНКЦИЯ GET_VIDEO_COMMENT!!!
../logs/API_methods.log 2025-03-05 14:54:13,094 INFO Проблема с комментариями к видео Тейбл Тайм | 2 серия. Анонс
../logs/API_methods.log 2025-03-05 14:54:13,094 INFO Проблема с комментариями к видео Тейбл Тайм | 2 серия
../logs/API_methods.log 2025-03-05 14:54:13,095 INFO Проблема с комментариями к видео Шоу Истории | Изгнание
../logs/API_methods.log 2025-03-05 14:54:13,095 INFO Проблема с комментариями к видео Шоу Истории | Далеко и глубоко. Анонс
../logs/API_methods.log 2025-03-05 14:54:13,095 INFO Проблема с комментариями к видео Громкий вопрос с Гошей Карцевым.Анонс
../logs/API_methods.log 2025-03-05 14:54:13,095 INFO Успешно получили комментарии для 5 видео
../logs/API_methods.log 2025-03-05 14:54:14,097 INFO ФУНКЦИЯ GET_VIDEO_COMMENT!!!
../logs/API_methods.log 2025-03-05 14:54:14,218 INFO Проблема с комментариями к видео Громкий вопрос с Гошей Карцевым
../logs/API_methods.log 2025-03-05 14:54:14,218 INFO Проблема с комментариями к видео Шоу Истории | Далеко и глубоко
../logs/API_methods.log 2025-03-05 14:54:14,218 INFO Проблема с комментариями к видео Тейбл Тайм. Backstage
../logs/API_methods.log 2025-03-05 14:54:14,218 INFO Проблема с комментариями к видео Тейбл Тайм. Анонс
../logs/API_methods.log 2025-03-05 14:54:14,219 INFO Проблема с комментариями к видео Тейбл Тайм | 1 серия
../logs/API_methods.log 2025-03-05 14:54:14,219 INFO Успешно получили комментарии для 5 видео
../logs/API_methods.log 2025-03-05 14:54:15,224 INFO ФУНКЦИЯ GET_VIDEO_COMMENT!!!
../logs/API_methods.log 2025-03-05 14:54:15,333 INFO Проблема с комментариями к видео Шоу Истории | Суд идет! Анонс
../logs/API_methods.log 2025-03-05 14:54:15,334 INFO Проблема с комментариями к видео Шоу Истории | (не)Научная работа. Анонс
../logs/API_methods.log 2025-03-05 14:54:15,334 INFO Проблема с комментариями к видео Шоу Истории | (не)Научная работа
../logs/API_methods.log 2025-03-05 14:54:15,334 INFO Проблема с комментариями к видео Шоу Истории | Суд идет!
../logs/API_methods.log 2025-03-05 14:54:15,334 INFO Проблема с комментариями к видео Громкий вопрос с Егором Кридом. Анонс
../logs/API_methods.log 2025-03-05 14:54:15,334 INFO Успешно получили комментарии для 5 видео
../logs/API_methods.log 2025-03-05 14:54:16,340 INFO ФУНКЦИЯ GET_VIDEO_COMMENT!!!
../logs/API_methods.log 2025-03-05 14:54:16,447 INFO Проблема с комментариями к видео Громкий вопрос с Егором Кридом
../logs/API_methods.log 2025-03-05 14:54:16,447 INFO Проблема с комментариями к видео Шоу Истории | Как в кино. Анонс
../logs/API_methods.log 2025-03-05 14:54:16,447 INFO Проблема с комментариями к видео Шоу Истории | Как в кино. Анонс
../logs/API_methods.log 2025-03-05 14:54:16,447 INFO Проблема с комментариями к видео Шоу Истории | Иномарка. Анонс
../logs/API_methods.log 2025-03-05 14:54:16,448 INFO Проблема с комментариями к видео Шоу Истории | Как в кино
../logs/API_methods.log 2025-03-05 14:54:16,448 INFO Успешно получили комментарии для 5 видео
../logs/API_methods.log 2025-03-05 14:54:17,453 INFO ФУНКЦИЯ GET_VIDEO_COMMENT!!!
../logs/API_methods.log 2025-03-05 14:54:17,568 INFO Проблема с комментариями к видео Громкий вопрос с Ильей Куручем. Анонс
../logs/API_methods.log 2025-03-05 14:54:17,569 INFO Проблема с комментариями к видео Громкий вопрос с Ильей Куручем
../logs/API_methods.log 2025-03-05 14:54:17,569 INFO Проблема с комментариями к видео Шоу Истории | Опоздание
../logs/API_methods.log 2025-03-05 14:54:17,569 INFO Проблема с комментариями к видео Шоу Истории | Иномарка
../logs/API_methods.log 2025-03-05 14:54:17,569 INFO Проблема с комментариями к видео Шоу Истории | Опасная
../logs/API_methods.log 2025-03-05 14:54:17,569 INFO Успешно получили комментарии для 5 видео
../logs/API_methods.log 2025-03-05 14:54:18,576 INFO ФУНКЦИЯ GET_VIDEO_COMMENT!!!
../logs/API_methods.log 2025-03-05 14:54:18,701 INFO Проблема с комментариями к видео Шоу Истории | Белочка, смеситель, шампунь, сосна. Анонс
../logs/API_methods.log 2025-03-05 14:54:18,701 INFO Проблема с комментариями к видео Шоу Истории | Белочка, смеситель, шампунь, сосна
../logs/API_methods.log 2025-03-05 14:54:18,701 INFO Проблема с комментариями к видео Шоу Истории | Обещание. Анонс
../logs/API_methods.log 2025-03-05 14:54:18,701 INFO Проблема с комментариями к видео Шоу Истории | Обещание
../logs/API_methods.log 2025-03-05 14:54:18,701 INFO Проблема с комментариями к видео Громкий вопрос с Надей Сысоевой. Анонс
../logs/API_methods.log 2025-03-05 14:54:18,701 INFO Успешно получили комментарии для 5 видео
../logs/API_methods.log 2025-03-05 14:54:19,706 INFO ФУНКЦИЯ GET_VIDEO_COMMENT!!!
../logs/API_methods.log 2025-03-05 14:54:19,818 INFO Проблема с комментариями к видео Громкий вопрос с Надей Сысоевой
../logs/API_methods.log 2025-03-05 14:54:19,818 INFO Проблема с комментариями к видео Шоу Истории | Давай поженимся!. Анонс
../logs/API_methods.log 2025-03-05 14:54:19,819 INFO Проблема с комментариями к видео Шоу Истории | Давай поженимся!
../logs/API_methods.log 2025-03-05 14:54:19,819 INFO Проблема с комментариями к видео Шоу Истории. Паранормальное. Анонс
../logs/API_methods.log 2025-03-05 14:54:19,819 INFO Проблема с комментариями к видео Громкий вопрос с Вячеславом Чепурченко. Анонс
../logs/API_methods.log 2025-03-05 14:54:19,819 INFO Успешно получили комментарии для 5 видео
../logs/API_methods.log 2025-03-05 14:54:20,826 INFO ФУНКЦИЯ GET_VIDEO_COMMENT!!!
../logs/API_methods.log 2025-03-05 14:54:20,940 INFO Проблема с комментариями к видео Громкий вопрос с Вячеславом Чепурченко
../logs/API_methods.log 2025-03-05 14:54:20,940 INFO Проблема с комментариями к видео Шоу Истории | Мотоистория. Анонс
../logs/API_methods.log 2025-03-05 14:54:20,941 INFO Проблема с комментариями к видео Шоу Истории | Мотоистория
../logs/API_methods.log 2025-03-05 14:54:20,941 INFO Проблема с комментариями к видео Импровизаторы. Нам 7 лет. Анонс
../logs/API_methods.log 2025-03-05 14:54:20,941 INFO Проблема с комментариями к видео Истории #19. Опоздание
../logs/API_methods.log 2025-03-05 14:54:20,941 INFO Успешно получили комментарии для 5 видео
../logs/API_methods.log 2025-03-05 14:54:21,946 INFO ФУНКЦИЯ GET_VIDEO_COMMENT!!!
../logs/API_methods.log 2025-03-05 14:54:22,071 INFO Проблема с комментариями к видео Импровизаторы. Нам 7 лет
../logs/API_methods.log 2025-03-05 14:54:22,072 INFO Проблема с комментариями к видео Громкий вопрос с Леонидом Слуцким. Анонс
../logs/API_methods.log 2025-03-05 14:54:22,072 INFO Проблема с комментариями к видео Громкий вопрос с Леонидом Слуцким
../logs/API_methods.log 2025-03-05 14:54:22,072 INFO Проблема с комментариями к видео Шоу Истории | Хочу тебя увидеть. Анонс
../logs/API_methods.log 2025-03-05 14:54:22,072 INFO Проблема с комментариями к видео Шоу Истории | Хочу тебя увидеть
../logs/API_methods.log 2025-03-05 14:54:22,072 INFO Успешно получили комментарии для 5 видео
../logs/API_methods.log 2025-03-05 14:54:23,077 INFO ФУНКЦИЯ GET_VIDEO_COMMENT!!!
../logs/API_methods.log 2025-03-05 14:54:23,178 INFO Проблема с комментариями к видео Шоу Истории | Опасная
../logs/API_methods.log 2025-03-05 14:54:23,178 INFO Проблема с комментариями к видео Громкий вопрос с Константином Ивлевым. Анонс
../logs/API_methods.log 2025-03-05 14:54:23,178 INFO Проблема с комментариями к видео Громкий вопрос с Константином Ивлевым
../logs/API_methods.log 2025-03-05 14:54:23,178 INFO Проблема с комментариями к видео Шоу Истории | Потерянный паспорт. Анонс
../logs/API_methods.log 2025-03-05 14:54:23,178 INFO Проблема с комментариями к видео Шоу Истории | Потерянный паспорт
../logs/API_methods.log 2025-03-05 14:54:23,178 INFO Успешно получили комментарии для 5 видео
../logs/API_methods.log 2025-03-05 14:54:24,181 INFO ФУНКЦИЯ GET_VIDEO_COMMENT!!!
../logs/API_methods.log 2025-03-05 14:54:24,330 INFO Проблема с комментариями к видео Шоу Истории | Жираф на память. Анонс
../logs/API_methods.log 2025-03-05 14:54:24,330 INFO Проблема с комментариями к видео Шоу Истории | Жираф на память
../logs/API_methods.log 2025-03-05 14:54:24,330 INFO Проблема с комментариями к видео Громкий вопрос с Валерой Равдиным. Анонс
../logs/API_methods.log 2025-03-05 14:54:24,330 INFO Проблема с комментариями к видео Громкий вопрос с Валерой Равдиным
../logs/API_methods.log 2025-03-05 14:54:24,331 INFO Проблема с комментариями к видео Шоу Истории | Странный человек. Анонс
../logs/API_methods.log 2025-03-05 14:54:24,331 INFO Успешно получили комментарии для 5 видео
../logs/API_methods.log 2025-03-05 14:54:25,336 INFO ФУНКЦИЯ GET_VIDEO_COMMENT!!!
../logs/API_methods.log 2025-03-05 14:54:25,462 INFO Проблема с комментариями к видео Шоу Истории | Странный человек
../logs/API_methods.log 2025-03-05 14:54:25,462 INFO Проблема с комментариями к видео ИМПРОВИЗАТОРЫ СМОТРЯТ ПИЛОТ, ПОСЛЕ КОТОРОГО ВСЁ ПОЛУЧИЛОСЬ. Анонс
../logs/API_methods.log 2025-03-05 14:54:25,463 INFO Проблема с комментариями к видео Импровизаторы смотрят пилот, после которого всё получилось
../logs/API_methods.log 2025-03-05 14:54:25,463 INFO Проблема с комментариями к видео Громкий вопрос с Павлом Дедищевым. Анонс
../logs/API_methods.log 2025-03-05 14:54:25,463 INFO Проблема с комментариями к видео Громкий Вопрос с Павлом Дедищевым
../logs/API_methods.log 2025-03-05 14:54:25,463 INFO Успешно получили комментарии для 5 видео
../logs/API_methods.log 2025-03-05 14:54:26,473 INFO ФУНКЦИЯ GET_VIDEO_COMMENT!!!
../logs/API_methods.log 2025-03-05 14:54:26,586 INFO Проблема с комментариями к видео ГРОМКИЙ ВОПРОС с Азаматом Мусагалиевым
../logs/API_methods.log 2025-03-05 14:54:26,586 INFO Проблема с комментариями к видео ГРОМКИЙ ВОПРОС с Евгенией Медведевой
../logs/API_methods.log 2025-03-05 14:54:26,586 INFO Проблема с комментариями к видео ГРОМКИЙ ВОПРОС c Митей Фоминым
../logs/API_methods.log 2025-03-05 14:54:26,586 INFO Проблема с комментариями к видео ИМПРОВИЗАЦИЯ. ИСТОРИИ #2 | Квест
../logs/API_methods.log 2025-03-05 14:54:26,586 INFO Проблема с комментариями к видео ИМПРОВИЗАЦИЯ. ИСТОРИИ #6 | Рашн трип
../logs/API_methods.log 2025-03-05 14:54:26,586 INFO Успешно получили комментарии для 5 видео
../logs/API_methods.log 2025-03-05 14:54:27,595 INFO ФУНКЦИЯ GET_VIDEO_COMMENT!!!
../logs/API_methods.log 2025-03-05 14:54:27,727 INFO Проблема с комментариями к видео ИМПРОВИЗАЦИЯ. ИСТОРИИ #5 | #мнетридцать
../logs/API_methods.log 2025-03-05 14:54:27,727 INFO Проблема с комментариями к видео ИМПРОВИЗАЦИЯ. ИСТОРИИ #9 | Миллион
../logs/API_methods.log 2025-03-05 14:54:27,727 INFO Проблема с комментариями к видео ИМПРОВИЗАЦИЯ. ИСТОРИИ #7 | Измены
../logs/API_methods.log 2025-03-05 14:54:27,727 INFO Проблема с комментариями к видео ГРОМКИЙ ВОПРОС с Владимиром Маркони
../logs/API_methods.log 2025-03-05 14:54:27,728 INFO Проблема с комментариями к видео ИМПРОВИЗАЦИЯ. ИСТОРИИ #10 | Спасение
../logs/API_methods.log 2025-03-05 14:54:27,728 INFO Успешно получили комментарии для 5 видео
../logs/API_methods.log 2025-03-05 14:54:28,736 INFO ФУНКЦИЯ GET_VIDEO_COMMENT!!!
../logs/API_methods.log 2025-03-05 14:54:28,838 INFO Проблема с комментариями к видео ИМПРОВИЗАЦИЯ. ИСТОРИИ #12 | Однажды в парке
../logs/API_methods.log 2025-03-05 14:54:28,838 INFO Проблема с комментариями к видео ИМПРОВИЗАЦИЯ. ИСТОРИИ #1 | Турецкий конфликт
../logs/API_methods.log 2025-03-05 14:54:28,838 INFO Проблема с комментариями к видео ИМПРОВИЗАЦИЯ. ИСТОРИИ #8 | Увольнение
../logs/API_methods.log 2025-03-05 14:54:28,838 INFO Проблема с комментариями к видео ИМПРОВИЗАЦИЯ | Команды: Кто попадет в новый сезон? Выпуск 1
../logs/API_methods.log 2025-03-05 14:54:28,838 INFO Проблема с комментариями к видео ГРОМКИЙ ВОПРОС с Зоей Яровицыной
../logs/API_methods.log 2025-03-05 14:54:28,839 INFO Успешно получили комментарии для 5 видео
../logs/API_methods.log 2025-03-05 14:54:29,847 INFO ФУНКЦИЯ GET_VIDEO_COMMENT!!!
../logs/API_methods.log 2025-03-05 14:54:29,969 INFO Проблема с комментариями к видео ГРОМКИЙ ВОПРОС с Аллой Михеевой
../logs/API_methods.log 2025-03-05 14:54:29,969 INFO Проблема с комментариями к видео НА РЕПИТЕ #2
../logs/API_methods.log 2025-03-05 14:54:29,969 INFO Проблема с комментариями к видео ИМПРОВИЗАЦИЯ. КОНЦЕРТ #1
../logs/API_methods.log 2025-03-05 14:54:29,969 INFO Проблема с комментариями к видео ГРОМКИЙ ВОПРОС c Юрой Музыченко
../logs/API_methods.log 2025-03-05 14:54:29,969 INFO Проблема с комментариями к видео ИМПРОВИЗАЦИЯ ВЛОГ#3 / Шастуна легко обмануть? / Кому что подарили? /  Что было на концерте в Москве?
../logs/API_methods.log 2025-03-05 14:54:29,969 INFO Успешно получили комментарии для 5 видео
../logs/API_methods.log 2025-03-05 14:54:30,976 INFO ФУНКЦИЯ GET_VIDEO_COMMENT!!!
../logs/API_methods.log 2025-03-05 14:54:31,086 INFO Проблема с комментариями к видео ИМПРОВИЗАЦИЯ ВЛОГ#5 / Съёмки «Где логика?», «Пятница с Региной», Новогодняя Импровизация
../logs/API_methods.log 2025-03-05 14:54:31,086 INFO Проблема с комментариями к видео ИМПРОВИЗАЦИЯ. КОНЦЕРТ #3
../logs/API_methods.log 2025-03-05 14:54:31,086 INFO Проблема с комментариями к видео ИМПРОВИЗАЦИЯ. ИСТОРИИ #11 | Кража
../logs/API_methods.log 2025-03-05 14:54:31,086 INFO Проблема с комментариями к видео ГРОМКИЙ ВОПРОС с Артуром Бабичем
../logs/API_methods.log 2025-03-05 14:54:31,086 INFO Проблема с комментариями к видео ГРОМКИЙ ВОПРОС с Демисом Карибидисом
../logs/API_methods.log 2025-03-05 14:54:31,086 INFO Успешно получили комментарии для 5 видео
../logs/API_methods.log 2025-03-05 14:54:32,089 INFO ФУНКЦИЯ GET_VIDEO_COMMENT!!!
../logs/API_methods.log 2025-03-05 14:54:32,194 INFO Проблема с комментариями к видео ГРОМКИЙ ВОПРОС с Машей Миногаровой
../logs/API_methods.log 2025-03-05 14:54:32,194 INFO Проблема с комментариями к видео ГРОМКИЙ ВОПРОС c Игорем Джабраиловым
../logs/API_methods.log 2025-03-05 14:54:32,195 INFO Проблема с комментариями к видео ИМПРОВИЗАЦИЯ. ИСТОРИИ #4 | Новый бизнес
../logs/API_methods.log 2025-03-05 14:54:32,195 INFO Проблема с комментариями к видео ГРОМКИЙ ВОПРОС с Алексеем Смирновым
../logs/API_methods.log 2025-03-05 14:54:32,195 INFO Проблема с комментариями к видео ГРОМКИЙ ВОПРОС с Региной Тодоренко
../logs/API_methods.log 2025-03-05 14:54:32,195 INFO Успешно получили комментарии для 5 видео
../logs/API_methods.log 2025-03-05 14:54:33,198 INFO ФУНКЦИЯ GET_VIDEO_COMMENT!!!
../logs/API_methods.log 2025-03-05 14:54:33,314 INFO Проблема с комментариями к видео ИМПРОВИЗАЦИЯ ВЛОГ #8 | НОВЫЙ СЕЗОН
../logs/API_methods.log 2025-03-05 14:54:33,314 INFO Проблема с комментариями к видео ГРОМКИЙ ВОПРОС с Мигелем
../logs/API_methods.log 2025-03-05 14:54:33,314 INFO Проблема с комментариями к видео ИМПРОВИЗАЦИЯ. КОМАНДЫ | Второй сезон изнутри
../logs/API_methods.log 2025-03-05 14:54:33,314 INFO Проблема с комментариями к видео ИМПРОВИЗАЦИЯ КОМАНДЫ | Что осталось за кадром?
../logs/API_methods.log 2025-03-05 14:54:33,314 INFO Проблема с комментариями к видео ИМПРОВИЗАЦИЯ ВЛОГ #13 | 5 лет в эфире! | Юбилейный выпуск
../logs/API_methods.log 2025-03-05 14:54:33,314 INFO Успешно получили комментарии для 5 видео
../logs/API_methods.log 2025-03-05 14:54:34,321 INFO ФУНКЦИЯ GET_VIDEO_COMMENT!!!
../logs/API_methods.log 2025-03-05 14:54:34,429 INFO Проблема с комментариями к видео ИМПРОВИЗАЦИЯ ВЛОГ #9 | Студия Союз
../logs/API_methods.log 2025-03-05 14:54:34,429 INFO Проблема с комментариями к видео ИМПРОВИЗАЦИЯ. КОМАНДЫ / Жеребьевка. Сцена «Хард»,  Сезон «Осень - 2019»
../logs/API_methods.log 2025-03-05 14:54:34,429 INFO Проблема с комментариями к видео ИМПРОВИЗАЦИЯ ВЛОГ #7 / Съёмки пилотного выпуска «Импровизация. Команды»
../logs/API_methods.log 2025-03-05 14:54:34,429 INFO Проблема с комментариями к видео ИМПРОВИЗАЦИЯ | Команды: Отбор лучших команд во второй телесезон.
../logs/API_methods.log 2025-03-05 14:54:34,429 INFO Проблема с комментариями к видео ИМПРОВИЗАЦИЯ ВЛОГ#6 / Гастроли по Сибири
../logs/API_methods.log 2025-03-05 14:54:34,429 INFO Успешно получили комментарии для 5 видео
../logs/API_methods.log 2025-03-05 14:54:35,436 INFO ФУНКЦИЯ GET_VIDEO_COMMENT!!!
../logs/API_methods.log 2025-03-05 14:54:35,572 INFO Проблема с комментариями к видео ИМПРОВИЗАЦИЯ  ВЛОГ#0 / 15 секунд за 8 часов
../logs/API_methods.log 2025-03-05 14:54:35,573 INFO Проблема с комментариями к видео ИМПРОВИЗАЦИЯ ВЛОГ #12 | С Новым годом! | Воронеж
../logs/API_methods.log 2025-03-05 14:54:35,573 INFO Проблема с комментариями к видео ЧТО ТАКОЕ ИМПРОКОМ?
../logs/API_methods.log 2025-03-05 14:54:35,573 INFO Проблема с комментариями к видео ИМПРОВИЗАЦИЯ. ИСТОРИИ #13 | Купи коня
../logs/API_methods.log 2025-03-05 14:54:35,573 INFO Проблема с комментариями к видео ИМПРОВИЗАЦИЯ. ИСТОРИИ #14 | Свидание
../logs/API_methods.log 2025-03-05 14:54:35,573 INFO Успешно получили комментарии для 5 видео
../logs/API_methods.log 2025-03-05 14:54:36,580 INFO ФУНКЦИЯ GET_VIDEO_COMMENT!!!
../logs/API_methods.log 2025-03-05 14:54:36,687 INFO Проблема с комментариями к видео ИМПРОВИЗАЦИЯ. ИСТОРИИ #15 | Я звезда!
../logs/API_methods.log 2025-03-05 14:54:36,687 INFO Проблема с комментариями к видео ИМПРОВИЗАЦИЯ. КОМАНДЫ / ФИНАЛ / Минск VS Курск / Сцена «Хард», Сезон «Осень - 2019»
../logs/API_methods.log 2025-03-05 14:54:36,687 INFO Проблема с комментариями к видео Шастун, Попов, Позов и Матвиенко смеются до слез во время выступления
../logs/API_methods.log 2025-03-05 14:54:36,688 INFO Проблема с комментариями к видео ИМПРОВИЗАЦИЯ ВЛОГ#4 / Беларусь
../logs/API_methods.log 2025-03-05 14:54:36,688 INFO Проблема с комментариями к видео НА РЕПИТЕ #1 | Премьера
../logs/API_methods.log 2025-03-05 14:54:36,688 INFO Успешно получили комментарии для 5 видео
../logs/API_methods.log 2025-03-05 14:54:37,693 INFO ФУНКЦИЯ GET_VIDEO_COMMENT!!!
../logs/API_methods.log 2025-03-05 14:54:37,819 INFO Проблема с комментариями к видео ИМПРОВИЗАЦИЯ ВЛОГ#2 / Что произошло в Подмосковье? / Как живёт Шастун? /  Какой Позов дома?
../logs/API_methods.log 2025-03-05 14:54:37,819 INFO Проблема с комментариями к видео НА РЕПИТЕ #3
../logs/API_methods.log 2025-03-05 14:54:37,819 INFO Проблема с комментариями к видео НА РЕПИТЕ #4
../logs/API_methods.log 2025-03-05 14:54:37,819 INFO Проблема с комментариями к видео ГРОМКИЙ ВОПРОС с Гурамом Амаряном
../logs/API_methods.log 2025-03-05 14:54:37,819 INFO Проблема с комментариями к видео ГРОМКИЙ ВОПРОС с Иваном Абрамовым
../logs/API_methods.log 2025-03-05 14:54:37,820 INFO Успешно получили комментарии для 5 видео
../logs/API_methods.log 2025-03-05 14:54:38,824 INFO ФУНКЦИЯ GET_VIDEO_COMMENT!!!
../logs/API_methods.log 2025-03-05 14:54:38,955 INFO Проблема с комментариями к видео ГРОМКИЙ ВОПРОС со Славой Комиссаренко
../logs/API_methods.log 2025-03-05 14:54:38,956 INFO Проблема с комментариями к видео ГРОМКИЙ ВОПРОС с Андреем Бебуришвили
../logs/API_methods.log 2025-03-05 14:54:38,956 INFO Проблема с комментариями к видео ГРОМКИЙ ВОПРОС с Денисом Дороховым
../logs/API_methods.log 2025-03-05 14:54:38,956 INFO Проблема с комментариями к видео ГРОМКИЙ ВОПРОС с Ильёй Макаровым
../logs/API_methods.log 2025-03-05 14:54:38,956 INFO Проблема с комментариями к видео ГРОМКИЙ ВОПРОС с Тимуром Родригезом
../logs/API_methods.log 2025-03-05 14:54:38,956 INFO Успешно получили комментарии для 5 видео
../logs/API_methods.log 2025-03-05 14:54:39,964 INFO ФУНКЦИЯ GET_VIDEO_COMMENT!!!
../logs/API_methods.log 2025-03-05 14:54:40,071 INFO Проблема с комментариями к видео ГРОМКИЙ ВОПРОС с Идой Галич
../logs/API_methods.log 2025-03-05 14:54:40,071 INFO Проблема с комментариями к видео ГРОМКИЙ ВОПРОС с Анатолием Цоем
../logs/API_methods.log 2025-03-05 14:54:40,071 INFO Проблема с комментариями к видео ГРОМКИЙ ВОПРОС с Еленой Темниковой
../logs/API_methods.log 2025-03-05 14:54:40,071 INFO Проблема с комментариями к видео ГРОМКИЙ ВОПРОС с Ириной Мягковой
../logs/API_methods.log 2025-03-05 14:54:40,072 INFO Проблема с комментариями к видео ГРОМКИЙ ВОПРОС с Даней Милохиным
../logs/API_methods.log 2025-03-05 14:54:40,072 INFO Успешно получили комментарии для 5 видео
../logs/API_methods.log 2025-03-05 14:54:41,079 INFO ФУНКЦИЯ GET_VIDEO_COMMENT!!!
../logs/API_methods.log 2025-03-05 14:54:41,287 INFO Проблема с комментариями к видео ГРОМКИЙ ВОПРОС с Павлом Волей | С Новым Годом!
../logs/API_methods.log 2025-03-05 14:54:41,288 INFO Проблема с комментариями к видео ГРОМКИЙ ВОПРОС с Романом Каграмановым
../logs/API_methods.log 2025-03-05 14:54:41,288 INFO Проблема с комментариями к видео ГРОМКИЙ ВОПРОС с Эльдаром Джараховым
../logs/API_methods.log 2025-03-05 14:54:41,288 INFO Проблема с комментариями к видео ГРОМКИЙ ВОПРОС с Сергеем Орловым
../logs/API_methods.log 2025-03-05 14:54:41,288 INFO Проблема с комментариями к видео «Импровизация» в Crocus City Hall / Большой Концерт
../logs/API_methods.log 2025-03-05 14:54:41,288 INFO Успешно получили комментарии для 5 видео
../logs/API_methods.log 2025-03-05 14:54:42,293 INFO ФУНКЦИЯ GET_VIDEO_COMMENT!!!
../logs/API_methods.log 2025-03-05 14:54:42,410 INFO Проблема с комментариями к видео ГРОМКИЙ ВОПРОС с Валей Карнавал
../logs/API_methods.log 2025-03-05 14:54:42,410 INFO Проблема с комментариями к видео ГРОМКИЙ ВОПРОС с Эмиром Кашоковым
../logs/API_methods.log 2025-03-05 14:54:42,410 INFO Проблема с комментариями к видео Импровизация. Шоу вне шоу / Гастроли. Жизнь. Правда. 18+ /
../logs/API_methods.log 2025-03-05 14:54:42,410 INFO Проблема с комментариями к видео ГРОМКИЙ ВОПРОС с Викторией Складчиковой
../logs/API_methods.log 2025-03-05 14:54:42,411 INFO Проблема с комментариями к видео ИМПРОВИЗАЦИЯ ВЛОГ#1 / Крыса в коллективе? / Шастун играет блюз? / Что такое техничка?
../logs/API_methods.log 2025-03-05 14:54:42,411 INFO Успешно получили комментарии для 5 видео
../logs/API_methods.log 2025-03-05 14:54:43,415 INFO ФУНКЦИЯ GET_VIDEO_COMMENT!!!
../logs/API_methods.log 2025-03-05 14:54:43,529 INFO Проблема с комментариями к видео ГРОМКИЙ ВОПРОС со Стасом Шеминовым
../logs/API_methods.log 2025-03-05 14:54:43,530 INFO Проблема с комментариями к видео ГРОМКИЙ ВОПРОС с подписчиками | Новогодний Выпуск
../logs/API_methods.log 2025-03-05 14:54:43,530 INFO Проблема с комментариями к видео ГРОМКИЙ ВОПРОС c Мариной Кравец
../logs/API_methods.log 2025-03-05 14:54:43,530 INFO Проблема с комментариями к видео Всё, что вы хотели узнать о шоу «Импровизация»
../logs/API_methods.log 2025-03-05 14:54:43,530 INFO Проблема с комментариями к видео ГРОМКИЙ ВОПРОС c Айдаром Гараевым
../logs/API_methods.log 2025-03-05 14:54:43,530 INFO Успешно получили комментарии для 5 видео
../logs/API_methods.log 2025-03-05 14:54:44,533 INFO ФУНКЦИЯ GET_VIDEO_COMMENT!!!
../logs/API_methods.log 2025-03-05 14:54:44,655 INFO Проблема с комментариями к видео ИМПРОВИЗАЦИЯ ВЛОГ #10 | TikTok дом
../logs/API_methods.log 2025-03-05 14:54:44,655 INFO Проблема с комментариями к видео ИМПРОВИЗАЦИЯ ВЛОГ #11 | Первый концерт после карантина | Питер
../logs/API_methods.log 2025-03-05 14:54:44,655 INFO Проблема с комментариями к видео АКТЕРЫ ШОУ «ИМПРОВИЗАЦИЯ» СМОТРЯТ ВЫПУСК, КОТОРЫЙ ПРОДЮСЕРЫ РЕШИЛИ НЕ ПОКАЗЫВАТЬ
../logs/API_methods.log 2025-03-05 14:54:44,656 INFO Проблема с комментариями к видео ИМПРОВИЗАЦИЯ ВЛОГ #14 | Дальний Восток
../logs/API_methods.log 2025-03-05 14:54:44,656 INFO Проблема с комментариями к видео ИМПРОВИЗАЦИЯ. КОМАНДЫ / Жеребьевка. Сцены «Москва 1» и «Москва 2» сезон Весна - 2019 /
../logs/API_methods.log 2025-03-05 14:54:44,656 INFO Успешно получили комментарии для 5 видео
../logs/API_methods.log 2025-03-05 14:54:45,662 INFO ФУНКЦИЯ GET_VIDEO_COMMENT!!!
../logs/API_methods.log 2025-03-05 14:54:45,781 INFO Проблема с комментариями к видео ИМПРОВИЗАЦИЯ. КОМАНДЫ / Жеребьевка Весна 2020»
../logs/API_methods.log 2025-03-05 14:54:45,782 INFO Проблема с комментариями к видео ИМПРОВИЗАЦИЯ. КОМАНДЫ | «Хард» Финал | Осень 2020
../logs/API_methods.log 2025-03-05 14:54:45,782 INFO Проблема с комментариями к видео ИМПРОВИЗАЦИЯ. КОНЦЕРТ #2
../logs/API_methods.log 2025-03-05 14:54:45,782 INFO Проблема с комментариями к видео ИМПРОВИЗАЦИЯ. КОНЦЕРТ #4
../logs/API_methods.log 2025-03-05 14:54:45,782 INFO Проблема с комментариями к видео ГРОМКИЙ ВОПРОС с Евгением Чебатковым
../logs/API_methods.log 2025-03-05 14:54:45,782 INFO Успешно получили комментарии для 5 видео
../logs/API_methods.log 2025-03-05 14:54:46,788 INFO ФУНКЦИЯ GET_VIDEO_COMMENT!!!
../logs/API_methods.log 2025-03-05 14:54:46,900 INFO Проблема с комментариями к видео Школа кастинг в новый ТВ-проект Comedy Club Production «Импровизация. Команды»
../logs/API_methods.log 2025-03-05 14:54:46,900 INFO Проблема с комментариями к видео ИМПРОВИЗАЦИЯ. КОМАНДЫ / ФИНАЛ / Тамбов VS Курск / Сцена «Москва 1», Сезон «Весна - 2019» /
../logs/API_methods.log 2025-03-05 14:54:46,901 INFO Проблема с комментариями к видео Истории #29. Притворись моей
../logs/API_methods.log 2025-03-05 14:54:46,901 INFO Проблема с комментариями к видео С Новым Годом!
../logs/API_methods.log 2025-03-05 14:54:46,901 INFO Проблема с комментариями к видео Истории #17. Чайная история
../logs/API_methods.log 2025-03-05 14:54:46,901 INFO Успешно получили комментарии для 5 видео
../logs/API_methods.log 2025-03-05 14:54:47,906 INFO ФУНКЦИЯ GET_VIDEO_COMMENT!!!
../logs/API_methods.log 2025-03-05 14:54:48,019 INFO Проблема с комментариями к видео Громкий вопрос с подписчиками
../logs/API_methods.log 2025-03-05 14:54:48,019 INFO Проблема с комментариями к видео Громкий вопрос с Митей Фоминым
../logs/API_methods.log 2025-03-05 14:54:48,019 INFO Проблема с комментариями к видео «История №28»
../logs/API_methods.log 2025-03-05 14:54:48,020 INFO Проблема с комментариями к видео Истории #16. Нарисовать за 60 секунд.
../logs/API_methods.log 2025-03-05 14:54:48,020 INFO Проблема с комментариями к видео Громкий вопрос с Айдаром Гараевым
../logs/API_methods.log 2025-03-05 14:54:48,020 INFO Успешно получили комментарии для 5 видео
../logs/API_methods.log 2025-03-05 14:54:49,027 INFO ФУНКЦИЯ GET_VIDEO_COMMENT!!!
../logs/API_methods.log 2025-03-05 14:54:49,165 INFO Проблема с комментариями к видео Истории #27. Ведьма
../logs/API_methods.log 2025-03-05 14:54:49,166 INFO Проблема с комментариями к видео Истории #15. Я - звезда!
../logs/API_methods.log 2025-03-05 14:54:49,166 INFO Проблема с комментариями к видео Громкий вопрос с Мариной Кравец
../logs/API_methods.log 2025-03-05 14:54:49,166 INFO Проблема с комментариями к видео Истории #26. Привет, ромашки!
../logs/API_methods.log 2025-03-05 14:54:49,166 INFO Проблема с комментариями к видео Истории #14. Свидание
../logs/API_methods.log 2025-03-05 14:54:49,166 INFO Успешно получили комментарии для 5 видео
../logs/API_methods.log 2025-03-05 14:54:50,173 INFO ФУНКЦИЯ GET_VIDEO_COMMENT!!!
../logs/API_methods.log 2025-03-05 14:54:50,286 INFO Проблема с комментариями к видео Громкий вопрос с Игорем Джабраиловым
../logs/API_methods.log 2025-03-05 14:54:50,286 INFO Проблема с комментариями к видео Громкий вопрос с Игорем Джабраиловым
../logs/API_methods.log 2025-03-05 14:54:50,287 INFO Проблема с комментариями к видео Истории #25. Далеко и глубоко
../logs/API_methods.log 2025-03-05 14:54:50,287 INFO Проблема с комментариями к видео Громкий Вопрос с Юрой Музыченко
../logs/API_methods.log 2025-03-05 14:54:50,287 INFO Проблема с комментариями к видео Истории #24. (не)НАУЧНАЯ РАБОТА
../logs/API_methods.log 2025-03-05 14:54:50,287 INFO Успешно получили комментарии для 5 видео
../logs/API_methods.log 2025-03-05 14:54:51,291 INFO ФУНКЦИЯ GET_VIDEO_COMMENT!!!
../logs/API_methods.log 2025-03-05 14:54:51,396 INFO Проблема с комментариями к видео Громкий вопрос с Евгенией Медведевой
../logs/API_methods.log 2025-03-05 14:54:51,396 INFO Проблема с комментариями к видео Истории #23. Жираф на память
../logs/API_methods.log 2025-03-05 14:54:51,396 INFO Проблема с комментариями к видео Громкий вопрос со Стасом Шеминовым
../logs/API_methods.log 2025-03-05 14:54:51,396 INFO Проблема с комментариями к видео Громкий вопрос со Стасом Шеминовым
../logs/API_methods.log 2025-03-05 14:54:51,397 INFO Проблема с комментариями к видео Истории #13. Купи коня
../logs/API_methods.log 2025-03-05 14:54:51,397 INFO Успешно получили комментарии для 5 видео
../logs/API_methods.log 2025-03-05 14:54:52,400 INFO ФУНКЦИЯ GET_VIDEO_COMMENT!!!
../logs/API_methods.log 2025-03-05 14:54:52,509 INFO Проблема с комментариями к видео Истории #22. Иномарка
../logs/API_methods.log 2025-03-05 14:54:52,509 INFO Проблема с комментариями к видео Громкий вопрос с Алексеем Смирновым
../logs/API_methods.log 2025-03-05 14:54:52,509 INFO Проблема с комментариями к видео Громкий вопрос с Алексеем Смирновым
../logs/API_methods.log 2025-03-05 14:54:52,509 INFO Проблема с комментариями к видео Истории #21. Обещание
../logs/API_methods.log 2025-03-05 14:54:52,509 INFO Проблема с комментариями к видео Импровизация. Истории #12. Однажды в парке
../logs/API_methods.log 2025-03-05 14:54:52,509 INFO Успешно получили комментарии для 5 видео
../logs/API_methods.log 2025-03-05 14:54:53,512 INFO ФУНКЦИЯ GET_VIDEO_COMMENT!!!
../logs/API_methods.log 2025-03-05 14:54:53,648 INFO Проблема с комментариями к видео Истории #21. Обещание
../logs/API_methods.log 2025-03-05 14:54:53,648 INFO Проблема с комментариями к видео Громкий вопрос с Гурамом Амаряном
../logs/API_methods.log 2025-03-05 14:54:53,649 INFO Проблема с комментариями к видео Громкий вопрос с Гурамом Амаряном
../logs/API_methods.log 2025-03-05 14:54:53,649 INFO Проблема с комментариями к видео Импровизация. Истории #11. Кража
../logs/API_methods.log 2025-03-05 14:54:53,649 INFO Проблема с комментариями к видео Истории #20. Паранормальное
../logs/API_methods.log 2025-03-05 14:54:53,649 INFO Успешно получили комментарии для 5 видео
../logs/API_methods.log 2025-03-05 14:54:54,658 INFO ФУНКЦИЯ GET_VIDEO_COMMENT!!!
../logs/API_methods.log 2025-03-05 14:54:54,795 INFO Проблема с комментариями к видео Громкий вопрос с Викторией Складчиковой
../logs/API_methods.log 2025-03-05 14:54:54,795 INFO Проблема с комментариями к видео Громкий вопрос с Викторией Складчиковой
../logs/API_methods.log 2025-03-05 14:54:54,795 INFO Проблема с комментариями к видео Истории #19. Опоздание
../logs/API_methods.log 2025-03-05 14:54:54,795 INFO Проблема с комментариями к видео Истории #19. Опоздание
../logs/API_methods.log 2025-03-05 14:54:54,796 INFO Проблема с комментариями к видео Громкий вопрос с Эмиром Кашоковым
../logs/API_methods.log 2025-03-05 14:54:54,796 INFO Успешно получили комментарии для 5 видео
../logs/API_methods.log 2025-03-05 14:54:55,800 INFO ФУНКЦИЯ GET_VIDEO_COMMENT!!!
../logs/API_methods.log 2025-03-05 14:54:55,911 INFO Проблема с комментариями к видео Громкий вопрос с Эмиром Кашоковым
../logs/API_methods.log 2025-03-05 14:54:55,911 INFO Проблема с комментариями к видео Истории #18. Опасная
../logs/API_methods.log 2025-03-05 14:54:55,911 INFO Проблема с комментариями к видео Истории #18. Опасная
../logs/API_methods.log 2025-03-05 14:54:55,911 INFO Проблема с комментариями к видео Истории #17. Чайная история
../logs/API_methods.log 2025-03-05 14:54:55,911 INFO Проблема с комментариями к видео Истории #17. Чайная история
../logs/API_methods.log 2025-03-05 14:54:55,911 INFO Успешно получили комментарии для 5 видео
../logs/API_methods.log 2025-03-05 14:54:56,919 INFO ФУНКЦИЯ GET_VIDEO_COMMENT!!!
../logs/API_methods.log 2025-03-05 14:54:57,053 INFO Проблема с комментариями к видео Громкий вопрос с Валей Карнавал
../logs/API_methods.log 2025-03-05 14:54:57,053 INFO Проблема с комментариями к видео Громкий вопрос с Валей Карнавал
../logs/API_methods.log 2025-03-05 14:54:57,053 INFO Проблема с комментариями к видео Истории #16. Нарисовать за 60 секунд.
../logs/API_methods.log 2025-03-05 14:54:57,053 INFO Проблема с комментариями к видео Истории #16. Нарисовать за 60 секунд.
../logs/API_methods.log 2025-03-05 14:54:57,053 INFO Проблема с комментариями к видео Громкий вопрос с Зоей Яровицыной
../logs/API_methods.log 2025-03-05 14:54:57,054 INFO Успешно получили комментарии для 5 видео
../logs/API_methods.log 2025-03-05 14:54:58,062 INFO ФУНКЦИЯ GET_VIDEO_COMMENT!!!
../logs/API_methods.log 2025-03-05 14:54:58,170 INFO Проблема с комментариями к видео Громкий вопрос с Зоей Яровицыной
../logs/API_methods.log 2025-03-05 14:54:58,170 INFO Проблема с комментариями к видео Истории #15
../logs/API_methods.log 2025-03-05 14:54:58,171 INFO Проблема с комментариями к видео Истории #15. Я - звезда!
../logs/API_methods.log 2025-03-05 14:54:58,171 INFO Проблема с комментариями к видео Истории в кино
../logs/API_methods.log 2025-03-05 14:54:58,171 INFO Проблема с комментариями к видео Громкий вопрос с Аллой Михеевой
../logs/API_methods.log 2025-03-05 14:54:58,171 INFO Успешно получили комментарии для 5 видео
../logs/API_methods.log 2025-03-05 14:54:59,178 INFO ФУНКЦИЯ GET_VIDEO_COMMENT!!!
../logs/API_methods.log 2025-03-05 14:54:59,293 INFO Проблема с комментариями к видео Громкий вопрос с Аллой Михеевой
../logs/API_methods.log 2025-03-05 14:54:59,294 INFO Проблема с комментариями к видео Истории #14
../logs/API_methods.log 2025-03-05 14:54:59,294 INFO Проблема с комментариями к видео Истории #14. Свидание
../logs/API_methods.log 2025-03-05 14:54:59,294 INFO Проблема с комментариями к видео Истории в кино
../logs/API_methods.log 2025-03-05 14:54:59,294 INFO Проблема с комментариями к видео Громкий вопрос с Владимиром Маркони
../logs/API_methods.log 2025-03-05 14:54:59,294 INFO Успешно получили комментарии для 5 видео
../logs/API_methods.log 2025-03-05 14:55:00,299 INFO ФУНКЦИЯ GET_VIDEO_COMMENT!!!
../logs/API_methods.log 2025-03-05 14:55:00,413 INFO Проблема с комментариями к видео Громкий вопрос с Владимиром Маркони
../logs/API_methods.log 2025-03-05 14:55:00,414 INFO Проблема с комментариями к видео Истории #13 Ого-ого
../logs/API_methods.log 2025-03-05 14:55:00,414 INFO Проблема с комментариями к видео Истории в кино
../logs/API_methods.log 2025-03-05 14:55:00,414 INFO Проблема с комментариями к видео Истории #13. Купи коня
../logs/API_methods.log 2025-03-05 14:55:00,414 INFO Проблема с комментариями к видео Громкий вопрос с Мигелем
../logs/API_methods.log 2025-03-05 14:55:00,414 INFO Успешно получили комментарии для 5 видео
../logs/API_methods.log 2025-03-05 14:55:01,424 INFO ФУНКЦИЯ GET_VIDEO_COMMENT!!!
../logs/API_methods.log 2025-03-05 14:55:01,535 INFO Проблема с комментариями к видео Громкий вопрос с Мигелем
../logs/API_methods.log 2025-03-05 14:55:01,536 INFO Проблема с комментариями к видео Импровизация. Истории #12
../logs/API_methods.log 2025-03-05 14:55:01,536 INFO Проблема с комментариями к видео Импровизация. Истории #12
../logs/API_methods.log 2025-03-05 14:55:01,536 INFO Проблема с комментариями к видео Истории в кино
../logs/API_methods.log 2025-03-05 14:55:01,536 INFO Проблема с комментариями к видео Громкий вопрос с Демисом Карибидисом
../logs/API_methods.log 2025-03-05 14:55:01,536 INFO Успешно получили комментарии для 5 видео
../logs/API_methods.log 2025-03-05 14:55:02,541 INFO ФУНКЦИЯ GET_VIDEO_COMMENT!!!
../logs/API_methods.log 2025-03-05 14:55:02,691 INFO Проблема с комментариями к видео Импровизация Истории #11
../logs/API_methods.log 2025-03-05 14:55:02,691 INFO Проблема с комментариями к видео Импровизация Истории #11
../logs/API_methods.log 2025-03-05 14:55:02,691 INFO Проблема с комментариями к видео Громкий вопрос с Сергеем Орловым
../logs/API_methods.log 2025-03-05 14:55:02,691 INFO Проблема с комментариями к видео Громкий вопрос с Сергеем Орловым
../logs/API_methods.log 2025-03-05 14:55:02,691 INFO Проблема с комментариями к видео Импровизация. Истории #10
../logs/API_methods.log 2025-03-05 14:55:02,691 INFO Успешно получили комментарии для 5 видео
../logs/API_methods.log 2025-03-05 14:55:03,701 INFO ФУНКЦИЯ GET_VIDEO_COMMENT!!!
../logs/API_methods.log 2025-03-05 14:55:03,819 INFO Проблема с комментариями к видео Импровизация Истории #10
../logs/API_methods.log 2025-03-05 14:55:03,819 INFO Проблема с комментариями к видео Громкий вопрос с Романом Каграмановым
../logs/API_methods.log 2025-03-05 14:55:03,819 INFO Проблема с комментариями к видео Громкий Вопрос с Романом Каграмановым
../logs/API_methods.log 2025-03-05 14:55:03,819 INFO Проблема с комментариями к видео Импровизация. Истории #9
../logs/API_methods.log 2025-03-05 14:55:03,819 INFO Проблема с комментариями к видео Импровизация. Истории #9
../logs/API_methods.log 2025-03-05 14:55:03,819 INFO Успешно получили комментарии для 5 видео
../logs/API_methods.log 2025-03-05 14:55:04,822 INFO ФУНКЦИЯ GET_VIDEO_COMMENT!!!
../logs/API_methods.log 2025-03-05 14:55:04,947 INFO Проблема с комментариями к видео Громкий Вопрос с Эльдаром Джараховым
../logs/API_methods.log 2025-03-05 14:55:04,947 INFO Проблема с комментариями к видео Громкий вопрос с Эльдаром Джараховым
../logs/API_methods.log 2025-03-05 14:55:04,947 INFO Проблема с комментариями к видео Импровизация. Истории #8
../logs/API_methods.log 2025-03-05 14:55:04,948 INFO Проблема с комментариями к видео Импровизация. Истории #8
../logs/API_methods.log 2025-03-05 14:55:04,948 INFO Проблема с комментариями к видео Громкий вопрос с Даней Милохиным
../logs/API_methods.log 2025-03-05 14:55:04,948 INFO Успешно получили комментарии для 5 видео
../logs/API_methods.log 2025-03-05 14:55:05,957 INFO ФУНКЦИЯ GET_VIDEO_COMMENT!!!
../logs/API_methods.log 2025-03-05 14:55:06,071 INFO Проблема с комментариями к видео Импровизация. Истории #7
../logs/API_methods.log 2025-03-05 14:55:06,071 INFO Проблема с комментариями к видео Громкий вопрос с Машей Миногаровой
../logs/API_methods.log 2025-03-05 14:55:06,072 INFO Проблема с комментариями к видео Громкий вопрос с Марией Миногаровой
../logs/API_methods.log 2025-03-05 14:55:06,072 INFO Проблема с комментариями к видео Импровизация. Истории #6
../logs/API_methods.log 2025-03-05 14:55:06,072 INFO Проблема с комментариями к видео Импроком_Постпродакшен
../logs/API_methods.log 2025-03-05 14:55:06,072 INFO Успешно получили комментарии для 5 видео
../logs/API_methods.log 2025-03-05 14:55:07,080 INFO ФУНКЦИЯ GET_VIDEO_COMMENT!!!
../logs/API_methods.log 2025-03-05 14:55:07,190 INFO Проблема с комментариями к видео Громкий вопрос с Павлом Волей
../logs/API_methods.log 2025-03-05 14:55:07,191 INFO Проблема с комментариями к видео С Новым Годом!
../logs/API_methods.log 2025-03-05 14:55:07,191 INFO Проблема с комментариями к видео Импровизация. Истории #6
../logs/API_methods.log 2025-03-05 14:55:07,191 INFO Проблема с комментариями к видео Громкий вопрос с Александром Гудковым
../logs/API_methods.log 2025-03-05 14:55:07,191 INFO Проблема с комментариями к видео Громкий вопрос с Александром Гудковым
../logs/API_methods.log 2025-03-05 14:55:07,191 INFO Успешно получили комментарии для 5 видео
../logs/API_methods.log 2025-03-05 14:55:08,198 INFO ФУНКЦИЯ GET_VIDEO_COMMENT!!!
../logs/API_methods.log 2025-03-05 14:55:08,316 INFO Проблема с комментариями к видео Импровизация. Истории #5
../logs/API_methods.log 2025-03-05 14:55:08,316 INFO Проблема с комментариями к видео Громкий вопрос с Еленой Темниковой
../logs/API_methods.log 2025-03-05 14:55:08,317 INFO Проблема с комментариями к видео Громкий вопрос с Еленой Темниковой
../logs/API_methods.log 2025-03-05 14:55:08,317 INFO Проблема с комментариями к видео Импровизация. Истории #4
../logs/API_methods.log 2025-03-05 14:55:08,317 INFO Проблема с комментариями к видео Громкий вопрос с Артуром Бабичем
../logs/API_methods.log 2025-03-05 14:55:08,317 INFO Успешно получили комментарии для 5 видео
../logs/API_methods.log 2025-03-05 14:55:09,323 INFO ФУНКЦИЯ GET_VIDEO_COMMENT!!!
../logs/API_methods.log 2025-03-05 14:55:09,430 INFO Проблема с комментариями к видео Громкий вопрос с Артуром Бабичем
../logs/API_methods.log 2025-03-05 14:55:09,430 INFO Проблема с комментариями к видео Громкий вопрос с Анатолием Цоем
../logs/API_methods.log 2025-03-05 14:55:09,430 INFO Проблема с комментариями к видео Громкий вопрос с Анатолием Цоем
../logs/API_methods.log 2025-03-05 14:55:09,430 INFO Проблема с комментариями к видео Импровизация. Истории #2 | Квест
../logs/API_methods.log 2025-03-05 14:55:09,430 INFO Проблема с комментариями к видео Громкий вопрос. Клава Кока
../logs/API_methods.log 2025-03-05 14:55:09,430 INFO Успешно получили комментарии для 5 видео
../logs/API_methods.log 2025-03-05 14:55:10,437 INFO ФУНКЦИЯ GET_VIDEO_COMMENT!!!
../logs/API_methods.log 2025-03-05 14:55:10,549 INFO Проблема с комментариями к видео Громкий вопрос с Клавой Кокой
../logs/API_methods.log 2025-03-05 14:55:10,549 INFO Проблема с комментариями к видео Импровизация. Истории #1
../logs/API_methods.log 2025-03-05 14:55:10,550 INFO Проблема с комментариями к видео Громкий вопрос с Идой Галич
../logs/API_methods.log 2025-03-05 14:55:10,550 INFO Проблема с комментариями к видео Подарок для Иды Галич
../logs/API_methods.log 2025-03-05 14:55:10,550 INFO Проблема с комментариями к видео Громкий вопрос с Идой Галич
../logs/API_methods.log 2025-03-05 14:55:10,550 INFO Успешно получили комментарии для 5 видео
../logs/API_methods.log 2025-03-05 14:55:11,556 INFO ФУНКЦИЯ GET_VIDEO_COMMENT!!!
../logs/API_methods.log 2025-03-05 14:55:11,681 INFO Проблема с комментариями к видео Новый сайт IMPROCOM.RU
../logs/API_methods.log 2025-03-05 14:55:11,682 INFO Проблема с комментариями к видео Громкий вопрос с Евгением Чебатковым
../logs/API_methods.log 2025-03-05 14:55:11,682 INFO Проблема с комментариями к видео Громкий вопрос с Евгением Чебатковым
../logs/API_methods.log 2025-03-05 14:55:11,682 INFO Проблема с комментариями к видео Громкий вопрос с Димой Масленниковым
../logs/API_methods.log 2025-03-05 14:55:11,682 INFO Проблема с комментариями к видео Громкий вопрос с Димой Масленниковым
../logs/API_methods.log 2025-03-05 14:55:11,682 INFO Успешно получили комментарии для 5 видео
../logs/API_methods.log 2025-03-05 14:55:12,689 INFO ФУНКЦИЯ GET_VIDEO_COMMENT!!!
../logs/API_methods.log 2025-03-05 14:55:12,810 INFO Проблема с комментариями к видео Импровизация. Концерт #4
../logs/API_methods.log 2025-03-05 14:55:12,810 INFO Проблема с комментариями к видео Концерт #4. Особенный выпуск
../logs/API_methods.log 2025-03-05 14:55:12,811 INFO Проблема с комментариями к видео Громкий вопрос со Славой Комиссаренко
../logs/API_methods.log 2025-03-05 14:55:12,811 INFO Проблема с комментариями к видео Громкий вопрос со Славой Комиссаренко
../logs/API_methods.log 2025-03-05 14:55:12,811 INFO Проблема с комментариями к видео Громкий вопрос с Ильёй Макаровым
../logs/API_methods.log 2025-03-05 14:55:12,811 INFO Успешно получили комментарии для 5 видео
../logs/API_methods.log 2025-03-05 14:55:13,816 INFO ФУНКЦИЯ GET_VIDEO_COMMENT!!!
../logs/API_methods.log 2025-03-05 14:55:13,935 INFO Проблема с комментариями к видео Громкий вопрос с Ильёй Макаровым
../logs/API_methods.log 2025-03-05 14:55:13,935 INFO Проблема с комментариями к видео Громкий вопрос с Ильёй Макаровым
../logs/API_methods.log 2025-03-05 14:55:13,935 INFO Проблема с комментариями к видео Громкий вопрос с L`one
../logs/API_methods.log 2025-03-05 14:55:13,935 INFO Проблема с комментариями к видео Громкий вопрос с Тимуром Родригезом
../logs/API_methods.log 2025-03-05 14:55:13,935 INFO Проблема с комментариями к видео Громкий вопрос с Денисом Дороховым
../logs/API_methods.log 2025-03-05 14:55:13,936 INFO Успешно получили комментарии для 5 видео
../logs/API_methods.log 2025-03-05 14:55:14,941 INFO ФУНКЦИЯ GET_VIDEO_COMMENT!!!
../logs/API_methods.log 2025-03-05 14:55:15,054 INFO Проблема с комментариями к видео Громкий вопрос с Денисом Дороховым
../logs/API_methods.log 2025-03-05 14:55:15,054 INFO Проблема с комментариями к видео Громкий вопрос с Денисом Дороховым
../logs/API_methods.log 2025-03-05 14:55:15,054 INFO Проблема с комментариями к видео Импровизация. Концерт #2
../logs/API_methods.log 2025-03-05 14:55:15,054 INFO Проблема с комментариями к видео НА РЕПИТЕ #3
../logs/API_methods.log 2025-03-05 14:55:15,055 INFO Проблема с комментариями к видео Громкий вопрос с Андреем Бебуришвили
../logs/API_methods.log 2025-03-05 14:55:15,055 INFO Успешно получили комментарии для 5 видео
../logs/API_methods.log 2025-03-05 14:55:16,061 INFO ФУНКЦИЯ GET_VIDEO_COMMENT!!!
../logs/API_methods.log 2025-03-05 14:55:16,188 INFO Проблема с комментариями к видео На репите #4. Соревнование Макса и кота
../logs/API_methods.log 2025-03-05 14:55:16,188 INFO Проблема с комментариями к видео Импровизация. Концерт #2
../logs/API_methods.log 2025-03-05 14:55:16,188 INFO Проблема с комментариями к видео На репите #4. Анонс
../logs/API_methods.log 2025-03-05 14:55:16,188 INFO Проблема с комментариями к видео Громкий вопрос с Азаматом
../logs/API_methods.log 2025-03-05 14:55:16,188 INFO Проблема с комментариями к видео Громкий вопрос с Иваном Абрамовым
../logs/API_methods.log 2025-03-05 14:55:16,189 INFO Успешно получили комментарии для 5 видео
../logs/API_methods.log 2025-03-05 14:55:17,192 INFO ФУНКЦИЯ GET_VIDEO_COMMENT!!!
../logs/API_methods.log 2025-03-05 14:55:17,304 INFO Проблема с комментариями к видео НА РЕПИТЕ. Вы наблюдали предательство.
../logs/API_methods.log 2025-03-05 14:55:17,304 INFO Проблема с комментариями к видео На репите
../logs/API_methods.log 2025-03-05 14:55:17,304 INFO Проблема с комментариями к видео Громкий Вопрос с Иваном Абрамовым
../logs/API_methods.log 2025-03-05 14:55:17,304 INFO Проблема с комментариями к видео Громкий вопрос с Региной Тодоренко
../logs/API_methods.log 2025-03-05 14:55:17,304 INFO Проблема с комментариями к видео Громкий вопрос с Региной Тодоренко
../logs/API_methods.log 2025-03-05 14:55:17,305 INFO Успешно получили комментарии для 5 видео
../logs/API_methods.log 2025-03-05 14:55:18,312 INFO ФУНКЦИЯ GET_VIDEO_COMMENT!!!
../logs/API_methods.log 2025-03-05 14:55:18,424 INFO Проблема с комментариями к видео Анонс. На репите
../logs/API_methods.log 2025-03-05 14:55:18,424 INFO Проблема с комментариями к видео Импровизация. Концерт #1
../logs/API_methods.log 2025-03-05 14:55:18,424 INFO Проблема с комментариями к видео Анонс. Импровизация.Концерт #1
../logs/API_methods.log 2025-03-05 14:55:18,424 INFO Проблема с комментариями к видео Громкий вопрос #1
../logs/API_methods.log 2025-03-05 14:55:18,424 INFO Проблема с комментариями к видео Громкий вопрос #1
../logs/API_methods.log 2025-03-05 14:55:18,424 INFO Успешно получили комментарии для 5 видео
../logs/API_methods.log 2025-03-05 14:55:19,431 INFO ФУНКЦИЯ GET_VIDEO_COMMENT!!!
../logs/API_methods.log 2025-03-05 14:55:19,566 INFO Проблема с комментариями к видео Громкий Вопрос - уже завтра!
../logs/API_methods.log 2025-03-05 14:55:19,566 INFO Проблема с комментариями к видео Яровицына/Чепурченко/Бебуришвили/Бутусов/Бейнарович/Харламов/Джабраилов - Зимняя серия игр ЧГГ. Ошуительное Хоу.
../logs/API_methods.log 2025-03-05 14:55:19,566 INFO Проблема с комментариями к видео Иванченко/Шальнов/Чебатков/Ревва/Харламов/Джабраилов - Зимняя серия игр ЧГГ. Ошуительное Хоу.
../logs/API_methods.log 2025-03-05 14:55:19,566 INFO Проблема с комментариями к видео Дедищев/Пылаева/Джарахов/MONA/Харламов/Джабраилов - Зимняя серия игр ЧГГ.
../logs/API_methods.log 2025-03-05 14:55:19,566 INFO Проблема с комментариями к видео Импровизаторы - Зимняя серия игр ЧГГ. Ошуительное Хоу Гарика Харламова и Игоря Джабраилова
../logs/API_methods.log 2025-03-05 14:55:19,566 INFO Успешно получили комментарии для 5 видео
../logs/API_methods.log 2025-03-05 14:55:20,572 INFO ФУНКЦИЯ GET_VIDEO_COMMENT!!!
../logs/API_methods.log 2025-03-05 14:55:20,697 INFO Проблема с комментариями к видео Дискотека Авария/Кирилл Мазур ч.2. ЧГГ. Ошуительное Хоу Гарика Харламова и Игоря Джабраилова
../logs/API_methods.log 2025-03-05 14:55:20,697 INFO Проблема с комментариями к видео Дискотека Авария/Кирилл Мазур ч.1. Ошуительное Хоу Гарика Харламова и Игоря Джабраилова
../logs/API_methods.log 2025-03-05 14:55:20,697 INFO Проблема с комментариями к видео Сосо Павлиашвили/Андрей Бебуришвили/Иван Абрамов ч.2. ЧГГ. Ошуительное Хоу Гарика Харламова и Игоря Джабраилова
../logs/API_methods.log 2025-03-05 14:55:20,697 INFO Проблема с комментариями к видео Сосо Павлиашвили/Андрей Бебуришвили/Иван Абрамов ч.1. Ошуительное Хоу Гарика Харламова и Игоря Джабраилова
../logs/API_methods.log 2025-03-05 14:55:20,697 INFO Проблема с комментариями к видео Павел Деревянко/Максим Лагашкин/Гоша Карцев/Сатир ч.2. «ЧГГ». Ошуительное Хоу Гарика Харламова и Игоря Джабраилова
../logs/API_methods.log 2025-03-05 14:55:20,697 INFO Успешно получили комментарии для 5 видео
../logs/API_methods.log 2025-03-05 14:55:21,708 INFO ФУНКЦИЯ GET_VIDEO_COMMENT!!!
../logs/API_methods.log 2025-03-05 14:55:21,826 INFO Проблема с комментариями к видео Павел Деревянко/Максим Лагашкин/Гоша Карцев/Сатир ч.1. Ошуительное Хоу Гарика Харламова и Игоря Джабраилова
../logs/API_methods.log 2025-03-05 14:55:21,826 INFO Проблема с комментариями к видео Михаил Сергачев/Артемий Панарин. Ошуительное Хоу Гарика Харламова и Игоря Джабраилова
../logs/API_methods.log 2025-03-05 14:55:21,827 INFO Проблема с комментариями к видео Антон Шастун/Каспийский Груз/Костя Пушкин/ ч.2. «ЧГГ». Ошуительное Хоу Гарика Харламова и Игоря Джабраилова
../logs/API_methods.log 2025-03-05 14:55:21,827 INFO Проблема с комментариями к видео Антон Шастун/Каспийский Груз/Костя Пушкин/и чуть-чуть Костя Бутусов ч.1. Ошуительное Хоу Гарика Харламова и Игоря Джабраилова
../logs/API_methods.log 2025-03-05 14:55:21,827 INFO Проблема с комментариями к видео Баста/Петров/Бутусов ч.2. «ЧГГ». Ошуительное Хоу Гарика Харламова и Игоря Джабраилова
../logs/API_methods.log 2025-03-05 14:55:21,827 INFO Успешно получили комментарии для 5 видео
../logs/API_methods.log 2025-03-05 14:55:22,828 INFO ФУНКЦИЯ GET_VIDEO_COMMENT!!!
../logs/API_methods.log 2025-03-05 14:55:22,946 INFO Проблема с комментариями к видео Баста/Петров/Бутусов ч.1.  Ошуительное Хоу Гарика Харламова и Игоря Джабраилова
../logs/API_methods.log 2025-03-05 14:55:22,946 INFO Проблема с комментариями к видео Ира Мягкова, Белла Малу, Саша Малой. Ошуительное Хоу Гарика Харламова и Игоря Джабраилова
../logs/API_methods.log 2025-03-05 14:55:22,946 INFO Проблема с комментариями к видео Зона Комфорта. 3 сезон. 7 серия. Финал.
../logs/API_methods.log 2025-03-05 14:55:22,946 INFO Проблема с комментариями к видео Зона Комфорта. 3 сезон. 6 серия.
../logs/API_methods.log 2025-03-05 14:55:22,946 INFO Проблема с комментариями к видео Зона Комфорта. 3 сезон. 5 серия.
../logs/API_methods.log 2025-03-05 14:55:22,946 INFO Успешно получили комментарии для 5 видео
../logs/API_methods.log 2025-03-05 14:55:23,952 INFO ФУНКЦИЯ GET_VIDEO_COMMENT!!!
../logs/API_methods.log 2025-03-05 14:55:24,069 INFO Проблема с комментариями к видео Зона Комфорта. 3 сезон. 4 серия.
../logs/API_methods.log 2025-03-05 14:55:24,069 INFO Проблема с комментариями к видео Зона Комфорта. 3 сезон. 3 серия.
../logs/API_methods.log 2025-03-05 14:55:24,069 INFO Проблема с комментариями к видео Зона Комфорта. 3 сезон. 2 серия.
../logs/API_methods.log 2025-03-05 14:55:24,069 INFO Проблема с комментариями к видео Зона Комфорта. 3 сезон. 1 серия.
../logs/API_methods.log 2025-03-05 14:55:24,069 INFO Проблема с комментариями к видео Зона Комфорта. 3 сезон. Тизер.
../logs/API_methods.log 2025-03-05 14:55:24,069 INFO Успешно получили комментарии для 5 видео
../logs/API_methods.log 2025-03-05 14:55:25,076 INFO ФУНКЦИЯ GET_VIDEO_COMMENT!!!
../logs/API_methods.log 2025-03-05 14:55:25,189 INFO Проблема с комментариями к видео Иванченко, Журавлев - «Натальная карта», Музыченко ч.2 + ЧГГ. Ошуительное Хоу Гарика Харламова и Игоря Джабраилова
../logs/API_methods.log 2025-03-05 14:55:25,190 INFO Проблема с комментариями к видео Иванченко, Журавлев - «Натальная карта», Музыченко ч.1. Ошуительное Хоу Гарика Харламова и Игоря Джабраилова
../logs/API_methods.log 2025-03-05 14:55:25,190 INFO Проблема с комментариями к видео Ивлеева, Воробей, Кравец. Часть 2 + ЧГГ. «ОХ» Гарика Харламова и Тимура Батрутдинова
../logs/API_methods.log 2025-03-05 14:55:25,190 INFO Проблема с комментариями к видео Ивлеева, Воробей, Кравец. Часть 1. «ОХ» Гарика Харламова и Тимура Батрутдинова
../logs/API_methods.log 2025-03-05 14:55:25,190 INFO Проблема с комментариями к видео Куценко, Федункив, Дорох. Часть 2 + ЧГГ. «ОХ» Гарика Харламова и Тимура Батрутдинова
../logs/API_methods.log 2025-03-05 14:55:25,190 INFO Успешно получили комментарии для 5 видео
../logs/API_methods.log 2025-03-05 14:55:26,196 INFO ФУНКЦИЯ GET_VIDEO_COMMENT!!!
../logs/API_methods.log 2025-03-05 14:55:26,312 INFO Проблема с комментариями к видео Куценко, Федункив, Дорох ч.1. «ОХ» Гарика Харламова и Тимура Батрутдинова
../logs/API_methods.log 2025-03-05 14:55:26,312 INFO Проблема с комментариями к видео Премьеры новых выпусков Ошуительного Хоу - теперь эксклюзивно в VK Видео!
../logs/API_methods.log 2025-03-05 14:55:26,312 INFO Проблема с комментариями к видео Слуцкий, Дзюба, Соболь ч.2 + ЧГГ и караоке. «ОХ» Гарика Харламова и Тимура Батрутдинова
../logs/API_methods.log 2025-03-05 14:55:26,312 INFO Проблема с комментариями к видео Слуцкий, Дзюба, Соболь ч.1. «ОХ» Гарика Харламова и Тимура Батрутдинова
../logs/API_methods.log 2025-03-05 14:55:26,312 INFO Проблема с комментариями к видео Мигель, Морозов, Гурам. Часть 2 + ЧГГ и караоке. «ОХ» Гарика Харламова и Тимура Батрутдинова
../logs/API_methods.log 2025-03-05 14:55:26,313 INFO Успешно получили комментарии для 5 видео
../logs/API_methods.log 2025-03-05 14:55:27,318 INFO ФУНКЦИЯ GET_VIDEO_COMMENT!!!
../logs/API_methods.log 2025-03-05 14:55:27,454 INFO Проблема с комментариями к видео Мигель, Морозов, Гурам. Часть 1. «ОХ» Гарика Харламова и Тимура Батрутдинова
../logs/API_methods.log 2025-03-05 14:55:27,454 INFO Проблема с комментариями к видео Niletto, Павел Дедищев и Игорь Джабраилов. Часть 2. ЧГГ «ОХ» Гарика Харламова и Тимура Батрутдинова
../logs/API_methods.log 2025-03-05 14:55:27,454 INFO Проблема с комментариями к видео Niletto, Павел Дедищев и Игорь Джабраилов. Часть 1. «ОХ» Гарика Харламова и Тимура Батрутдинова
../logs/API_methods.log 2025-03-05 14:55:27,454 INFO Проблема с комментариями к видео Мусагалиев х Харламов. Купание обезьяны в теплой воде - «ИДИ СЮДА»
../logs/API_methods.log 2025-03-05 14:55:27,454 INFO Проблема с комментариями к видео ОХ - МУСАГАЛИЕВ х ХАРЛАМОВ. КУПАНИЕ ОБЕЗЬЯНЫ В ТЁПЛОЙ ВОДЕ
../logs/API_methods.log 2025-03-05 14:55:27,454 INFO Успешно получили комментарии для 5 видео
../logs/API_methods.log 2025-03-05 14:55:28,460 INFO ФУНКЦИЯ GET_VIDEO_COMMENT!!!
../logs/API_methods.log 2025-03-05 14:55:28,581 INFO Проблема с комментариями к видео Евгений Чебатков х Хетаг Хугаев. "ОХ" Гарика Харламова и Тимура Батрутдинова
../logs/API_methods.log 2025-03-05 14:55:28,581 INFO Проблема с комментариями к видео Ошуительное Хоу - Азамат Мусагалиев х Иван Абрамов х Дмитрий Маликов. "ОХ" Гарика Харламова и Тимура Батрутдинова
../logs/API_methods.log 2025-03-05 14:55:28,581 INFO Проблема с комментариями к видео Ошуительное Хоу - Зоя Яровицына х Андрей Бебуришвили. "ОХ" Гарика Харламова и Тимура Батрутдинова
../logs/API_methods.log 2025-03-05 14:55:28,581 INFO Проблема с комментариями к видео Ошуительное Хоу - Антон Шастун х Эмир Кашоков х Расул Чабдаров. "ОХ" Гарика Харламова и Тимура Батрутдинова
../logs/API_methods.log 2025-03-05 14:55:28,581 INFO Проблема с комментариями к видео Ошуительное Хоу - Александр Гудков х Юрий Гальцев. "ОХ" Гарика Харламова и Тимура Батрутдинова
../logs/API_methods.log 2025-03-05 14:55:28,581 INFO Успешно получили комментарии для 5 видео
../logs/API_methods.log 2025-03-05 14:55:29,588 INFO ФУНКЦИЯ GET_VIDEO_COMMENT!!!
../logs/API_methods.log 2025-03-05 14:55:29,725 INFO Проблема с комментариями к видео Ошуительное Хоу - Иван Абрамов х Юрий Стоянов. "ОХ" Гарика Харламова и Тимура Батрутдинова
../logs/API_methods.log 2025-03-05 14:55:29,725 INFO Проблема с комментариями к видео Ошуительное Хоу - ❄️Александр Ревва х Максим Лагашкин х Азамат х Ильич в Новогоднем ОХ Харламова и Батрутдинова❄️
../logs/API_methods.log 2025-03-05 14:55:29,726 INFO Проблема с комментариями к видео Ошуительное Хоу - ОХ - ЭКСКЛЮЗИВ. НЕИЗДАННОЕ.
../logs/API_methods.log 2025-03-05 14:55:29,726 INFO Проблема с комментариями к видео Ошуительное Хоу - Алексей Щербаков х Алексей Смирнов. "ОХ" Гарика Харламова и Тимура Батрутдинова
../logs/API_methods.log 2025-03-05 14:55:29,726 INFO Проблема с комментариями к видео ОХ - ЧГГ в ОХ. Азамат Мусагалиев х Заур Байцаев х Тимур Батрутдинов х Гарик Харламов
../logs/API_methods.log 2025-03-05 14:55:29,726 INFO Успешно получили комментарии для 5 видео
../logs/API_methods.log 2025-03-05 14:55:30,728 INFO ФУНКЦИЯ GET_VIDEO_COMMENT!!!
../logs/API_methods.log 2025-03-05 14:55:30,847 INFO Проблема с комментариями к видео Ошуительное Хоу - Азамат Мусагалиев x Заур Байцаев. "ОХ" Гарика Харламова и Тимура Батрутдинова
../logs/API_methods.log 2025-03-05 14:55:30,847 INFO Проблема с комментариями к видео Ошуительное Хоу - ЧГГ в ОХ. Джиган х Илья Макаров х Тимур Батрутдинов х Гарик Харламов
../logs/API_methods.log 2025-03-05 14:55:30,847 INFO Проблема с комментариями к видео Ошуительное Хоу - Джиган х Илья Макаров. «ОХ» Гарика Харламова и Тимура Батрутдинова
../logs/API_methods.log 2025-03-05 14:55:30,847 INFO Проблема с комментариями к видео Ошуительное Хоу - Максим Галкин х Сергей Бурунов. «ОХ» Гарика Харламова и Тимура Батрутдинова
../logs/API_methods.log 2025-03-05 14:55:30,847 INFO Проблема с комментариями к видео Ошуительное Хоу - Михаил Шац, Демис Карибидис, Гарик Харламов и Тимур Батрутдинов. Ошуительное Хоу
../logs/API_methods.log 2025-03-05 14:55:30,847 INFO Успешно получили комментарии для 5 видео
../logs/API_methods.log 2025-03-05 14:55:31,853 INFO ФУНКЦИЯ GET_VIDEO_COMMENT!!!
../logs/API_methods.log 2025-03-05 14:55:31,963 INFO Проблема с комментариями к видео ОХ - СЕЗОН КРУТЫХ ГОСТЕЙ. ОШУИТЕЛЬНОЕ ХОУ ГАРИКА ХАРЛАМОВА И ТИМУРА БАТРУТДИНОВА
../logs/API_methods.log 2025-03-05 14:55:31,963 INFO Проблема с комментариями к видео Ошуительное Хоу - Илья Прусикин, Софья Таюрская, Гарик Харламов и Тимур Батрутдинов. Ошуительное Хоу
../logs/API_methods.log 2025-03-05 14:55:31,963 INFO Проблема с комментариями к видео Ошуительное Хоу - Азамат Мусагалиев, Денис Дорохов, Гарик Харламов и Тимур Батрутдинов. Ошуительное Хоу
../logs/API_methods.log 2025-03-05 14:55:31,963 INFO Проблема с комментариями к видео Ошуительное Хоу - Алексей Щербаков, Тамби Масаев, Гарик Харламов и Тимур Батрутдинов. Ошуительное Хоу
../logs/API_methods.log 2025-03-05 14:55:31,963 INFO Проблема с комментариями к видео Ошуительное Хоу - БЕЗ ЦЕНЗУРЫ! Милонов | Харламов | Батрутдинов. Ошуительное Хоу
../logs/API_methods.log 2025-03-05 14:55:31,964 INFO Успешно получили комментарии для 5 видео
../logs/API_methods.log 2025-03-05 14:55:32,967 INFO ФУНКЦИЯ GET_VIDEO_COMMENT!!!
../logs/API_methods.log 2025-03-05 14:55:33,082 INFO Проблема с комментариями к видео Ошуительное Хоу - Егор Крид, Гарик Харламов и Тимур Батрутдинов. Ошуительное Хоу
../logs/API_methods.log 2025-03-05 14:55:33,082 INFO Проблема с комментариями к видео Ошуительное Хоу - Что? Где? Когда? Гарик Харламов и Тимур Батрутдинов | Ошуительное Хоу
../logs/API_methods.log 2025-03-05 14:55:33,082 INFO Проблема с комментариями к видео Ошуительное Хоу - Эрик Давидыч, Kyivstoner, Гарик Харламов и Тимур Батрутдинов. Ошуительное Хоу
../logs/API_methods.log 2025-03-05 14:55:33,083 INFO Проблема с комментариями к видео ОХ - Нурлан Сабуров, Руслан Белый, Гарик Харламов и Тимур Батрутдинов. Ошуительное Хоу
../logs/API_methods.log 2025-03-05 14:55:33,083 INFO Проблема с комментариями к видео Ошуительное Хоу - Александр Ревва, Гарик Харламов и Тимур Батрутдинов. Ошуительное Хоу
../logs/API_methods.log 2025-03-05 14:55:33,083 INFO Успешно получили комментарии для 5 видео
../logs/API_methods.log 2025-03-05 14:55:34,088 INFO ФУНКЦИЯ GET_VIDEO_COMMENT!!!
../logs/API_methods.log 2025-03-05 14:55:34,200 INFO Проблема с комментариями к видео Ошуительное Хоу - Тимур Батрутдинов, Алексей Щербаков, Азамат Мусагалиев, Гоша Куценко и Харламов. Ошуительное Хоу
../logs/API_methods.log 2025-03-05 14:55:34,200 INFO Проблема с комментариями к видео Ошуительное Хоу - Маяковский у психиатра и другие. Харламов и Батрутдинов. Ошуительная история
../logs/API_methods.log 2025-03-05 14:55:34,200 INFO Проблема с комментариями к видео ОХ - Секс Динозавров. Харламов и Батрутдинов. Ошуительная история
../logs/API_methods.log 2025-03-05 14:55:34,200 INFO Проблема с комментариями к видео Ошуительное Хоу - Александр Гудков vs Тимур Батрутдинов. Плохие шутки
../logs/API_methods.log 2025-03-05 14:55:34,200 INFO Проблема с комментариями к видео Ошуительное Хоу - Эльдар Джарахов, Тимур Батрутдинов, Гарик Харламов. САМЫЕ СМЕШНЫЕ МЕМЫ. Ошуительное Хоу
../logs/API_methods.log 2025-03-05 14:55:34,200 INFO Успешно получили комментарии для 5 видео
../logs/API_methods.log 2025-03-05 14:55:35,206 INFO ФУНКЦИЯ GET_VIDEO_COMMENT!!!
../logs/API_methods.log 2025-03-05 14:55:35,332 INFO Проблема с комментариями к видео ОХ - Изгнание дьявола. Ида Галич, Гарик Харламов, Тимур Батрутдинов. Ошуительное хоу
../logs/API_methods.log 2025-03-05 14:55:35,332 INFO Проблема с комментариями к видео Ошуительное Хоу - THE BATMAN. Данила Поперечный | Гарик Харламов | Тимур Батрутдинов. Ошуительное Хоу
../logs/API_methods.log 2025-03-05 14:55:35,332 INFO Проблема с комментариями к видео ОХ - Александр Гудков, Гарик Харламов и Тимур Батрутдинов. Ошуительное Хоу.
../logs/API_methods.log 2025-03-05 14:55:35,332 INFO Проблема с комментариями к видео Ошуительное Хоу - Эльдар Джарахов vs Гарик Харламов. Плохие шутки
../logs/API_methods.log 2025-03-05 14:55:35,332 INFO Проблема с комментариями к видео Ошуительное Хоу - Харламов и Батрутдинов назвали СВОЮ цену! Ошуительное Хоу.
../logs/API_methods.log 2025-03-05 14:55:35,332 INFO Успешно получили комментарии для 5 видео
../logs/API_methods.log 2025-03-05 14:55:36,335 INFO ФУНКЦИЯ GET_VIDEO_COMMENT!!!
../logs/API_methods.log 2025-03-05 14:55:36,475 INFO Проблема с комментариями к видео Ошуительное Хоу - Правда или Фейк. Гарик Харламов и Тимур Батрутдинов. Ошуительное Хоу
../logs/API_methods.log 2025-03-05 14:55:36,476 INFO Проблема с комментариями к видео Ошуительное Хоу - ПЛОХИЕ КОММЕНТАРИИ. Эльдар Джарахов | Гарик Харламов | Тимур Батрутдинов. Ошуительное Хоу
../logs/API_methods.log 2025-03-05 14:55:36,476 INFO Проблема с комментариями к видео Ошуительное Хоу - ОШУИТЕЛЬНОЕ ХОУ. СОЗВОН. Харламов против Батрутдинова.
../logs/API_methods.log 2025-03-05 14:55:36,476 INFO Проблема с комментариями к видео Ошуительное Хоу - Харламов и Батрутдинов против YOUTUBE
../logs/API_methods.log 2025-03-05 14:55:36,476 INFO Проблема с комментариями к видео ОХ - Харламов увольняет сотрудника / Батрутдинов расстается с девушкой  | Ошуительное Хоу
../logs/API_methods.log 2025-03-05 14:55:36,476 INFO Успешно получили комментарии для 5 видео
../logs/API_methods.log 2025-03-05 14:55:37,485 INFO ФУНКЦИЯ GET_VIDEO_COMMENT!!!
../logs/API_methods.log 2025-03-05 14:55:37,592 INFO Проблема с комментариями к видео Ошуительное Хоу - КИРКОРОВ/МИХАЙЛОВ/ХАРЛАМОВ/БАТРУТДИНОВ. ОШУИТЕЛЬНОЕ ХОУ. СПЕЦВЫПУСК.
../logs/API_methods.log 2025-03-05 14:55:37,592 INFO Проблема с комментариями к видео Ошуительное Хоу - Батрутдинов ХОЧЕТ Катю Кищук! Ошуительное Хоу
../logs/API_methods.log 2025-03-05 14:55:37,592 INFO Проблема с комментариями к видео ОХ - ПЛОХИЕ КОММЕНТАРИИ. INSTAGRAM. Ошуительное Хоу. Харламов и Батрутдинов.
../logs/API_methods.log 2025-03-05 14:55:37,592 INFO Проблема с комментариями к видео ОХ - Нам УГРОЖАЮТ! Плохие комментарии. Гарик Харламов и Тимур Батрутдинов.  Ошуительное Хоу.
../logs/API_methods.log 2025-03-05 14:55:37,592 INFO Проблема с комментариями к видео Ошуительное Хоу - Гарик Харламов и Тимур Батрутдинов. Это не я. Ошуительное Хоу
../logs/API_methods.log 2025-03-05 14:55:37,592 INFO Успешно получили комментарии для 5 видео
../logs/API_methods.log 2025-03-05 14:55:38,601 INFO ФУНКЦИЯ GET_VIDEO_COMMENT!!!
../logs/API_methods.log 2025-03-05 14:55:38,717 INFO Проблема с комментариями к видео ОХ - Гарик Харламов и Тимур Батрутдинов. Итоги Года. Ошуительное Хоу.
../logs/API_methods.log 2025-03-05 14:55:38,718 INFO Проблема с комментариями к видео Ошуительное Хоу - ГАРИК ХАРЛАМОВ, ТИМУР БАТРУТДИНОВ. КИСЛОТНЫЙ ГОСТЬ. ОШУИТЕЛЬНОЕ ХОУ.
../logs/API_methods.log 2025-03-05 14:55:38,718 INFO Проблема с комментариями к видео Ошуительное Хоу - Гарик Харламов, Тимур Батрутдинов. Новости. Ошуительное Хоу
../logs/API_methods.log 2025-03-05 14:55:38,718 INFO Проблема с комментариями к видео Ошуительное Хоу - Гарик Харламов, Тимур Батрутдинов, Алексей Бабин. Ошуительное Хоу
../logs/API_methods.log 2025-03-05 14:55:38,718 INFO Проблема с комментариями к видео Ошуительное Хоу - Путин, Джонни Депп и запрет рэпа. Ошуительное Хоу.
../logs/API_methods.log 2025-03-05 14:55:38,718 INFO Успешно получили комментарии для 5 видео
../logs/API_methods.log 2025-03-05 14:55:39,728 INFO ФУНКЦИЯ GET_VIDEO_COMMENT!!!
../logs/API_methods.log 2025-03-05 14:55:39,925 INFO Проблема с комментариями к видео Ошуительное Хоу - Хейтеры УГРОЖАЮТ нас обос@ть!!!
../logs/API_methods.log 2025-03-05 14:55:39,925 INFO Проблема с комментариями к видео Ошуительное Хоу - Бузова, Snailkick, Гуф и Дима Масленников - Ошуительное Хоу
../logs/API_methods.log 2025-03-05 14:55:39,925 INFO Проблема с комментариями к видео Ошуительное Хоу - О  Поперечном, Ивлеевой, Дуде, Моргенштерне и Киркорове - Ошуительное Хоу
../logs/API_methods.log 2025-03-05 14:55:39,925 INFO Проблема с комментариями к видео Ошуительное Хоу - ЛЧ Рома-ЦСКА. Ошуительное Хоу матч-реванш.
../logs/API_methods.log 2025-03-05 14:55:39,925 INFO Проблема с комментариями к видео Ошуительное Хоу - Харламов и Батрутдинов. Анонс сезона
../logs/API_methods.log 2025-03-05 14:55:39,925 INFO Успешно получили комментарии для 5 видео
../logs/API_methods.log 2025-03-05 14:55:40,936 INFO ФУНКЦИЯ GET_VIDEO_COMMENT!!!
../logs/API_methods.log 2025-03-05 14:55:41,053 INFO Проблема с комментариями к видео ОХ - Кокорин и Мамаев за минуту до драки
../logs/API_methods.log 2025-03-05 14:55:41,053 INFO Проблема с комментариями к видео ОХ - Ошуительное Хоу - Александр Шпак
../logs/API_methods.log 2025-03-05 14:55:41,054 INFO Проблема с комментариями к видео ОХ - Ошуительное Хоу - плохие анекдоты
../logs/API_methods.log 2025-03-05 14:55:41,054 INFO Проблема с комментариями к видео ОХ - Ошуительное Хоу - негативные комментарии
../logs/API_methods.log 2025-03-05 14:55:41,054 INFO Проблема с комментариями к видео ОХ - Ошуительное Хоу!
../logs/API_methods.log 2025-03-05 14:55:41,054 INFO Успешно получили комментарии для 5 видео
../logs/API_methods.log 2025-03-05 14:55:42,056 INFO ФУНКЦИЯ GET_VIDEO_COMMENT!!!
../logs/API_methods.log 2025-03-05 14:55:42,169 INFO Проблема с комментариями к видео Zona Komforta - Зона Комфорта. Ошуительно Специальный Выпуск
../logs/API_methods.log 2025-03-05 14:55:42,169 INFO Проблема с комментариями к видео Zona Komforta - Зона комфорта. Седьмая серия. Финал.
../logs/API_methods.log 2025-03-05 14:55:42,170 INFO Проблема с комментариями к видео Zona Komforta - Зона Комфорта. Шестая серия
../logs/API_methods.log 2025-03-05 14:55:42,170 INFO Проблема с комментариями к видео Zona Komforta - Зона Комфорта. Пятая серия
../logs/API_methods.log 2025-03-05 14:55:42,170 INFO Проблема с комментариями к видео Zona Komforta - Зона Комфорта. Четвёртая серия
../logs/API_methods.log 2025-03-05 14:55:42,170 INFO Успешно получили комментарии для 5 видео
../logs/API_methods.log 2025-03-05 14:55:43,179 INFO ФУНКЦИЯ GET_VIDEO_COMMENT!!!
../logs/API_methods.log 2025-03-05 14:55:43,291 INFO Проблема с комментариями к видео Zona Komforta - Зона Комфорта. Третья серия
../logs/API_methods.log 2025-03-05 14:55:43,291 INFO Проблема с комментариями к видео Zona Komforta - Зона Комфорта. Вторая серия
../logs/API_methods.log 2025-03-05 14:55:43,291 INFO Проблема с комментариями к видео Zona Komforta - Зона Комфорта. Первая серия
../logs/API_methods.log 2025-03-05 14:55:43,291 INFO Проблема с комментариями к видео ЗОНА КОМФОРТА 2. Все серии // Сериал
../logs/API_methods.log 2025-03-05 14:55:43,292 INFO Проблема с комментариями к видео Zona Komforta 2 - Зона Комфорта 2. Восьмая серия. Финал
../logs/API_methods.log 2025-03-05 14:55:43,292 INFO Успешно получили комментарии для 5 видео
../logs/API_methods.log 2025-03-05 14:55:44,300 INFO ФУНКЦИЯ GET_VIDEO_COMMENT!!!
../logs/API_methods.log 2025-03-05 14:55:44,413 INFO Проблема с комментариями к видео Zona Komforta 2 - Зона Комфорта 2. Седьмая серия
../logs/API_methods.log 2025-03-05 14:55:44,413 INFO Проблема с комментариями к видео Zona Komforta 2 - Зона Комфорта 2. Шестая серия
../logs/API_methods.log 2025-03-05 14:55:44,413 INFO Проблема с комментариями к видео Zona Komforta 2 - Зона Комфорта 2. Пятая серия
../logs/API_methods.log 2025-03-05 14:55:44,414 INFO Проблема с комментариями к видео Zona Komforta 2 - Зона Комфорта 2. Четвёртая серия
../logs/API_methods.log 2025-03-05 14:55:44,414 INFO Проблема с комментариями к видео Zona Komforta 2 - Зона Комфорта 2. Третья серия
../logs/API_methods.log 2025-03-05 14:55:44,414 INFO Успешно получили комментарии для 5 видео
../logs/API_methods.log 2025-03-05 14:55:45,419 INFO ФУНКЦИЯ GET_VIDEO_COMMENT!!!
../logs/API_methods.log 2025-03-05 14:55:45,529 INFO Проблема с комментариями к видео Zona Komforta 2 - Зона Комфорта 2. Вторая серия
../logs/API_methods.log 2025-03-05 14:55:45,530 INFO Проблема с комментариями к видео Zona Komforta 2 - Зона Комфорта 2. Первая серия
../logs/API_methods.log 2025-03-05 14:55:45,530 INFO Проблема с комментариями к видео Zona Komforta 2 - Зона Комфорта 2. Пролог
../logs/API_methods.log 2025-03-05 14:55:45,530 INFO Проблема с комментариями к видео Ошуительное Хоу!
../logs/API_methods.log 2025-03-05 14:55:45,530 INFO Проблема с комментариями к видео А.М. «Малая родина» | Драмеди-сериал Азамата Мусагалиева
../logs/API_methods.log 2025-03-05 14:55:45,530 INFO Успешно получили комментарии для 5 видео
../logs/API_methods.log 2025-03-05 14:55:46,538 INFO ФУНКЦИЯ GET_VIDEO_COMMENT!!!
../logs/API_methods.log 2025-03-05 14:55:46,659 INFO Проблема с комментариями к видео А.М. «Молодость» | Драмеди-сериал Азамата Мусагалиева
../logs/API_methods.log 2025-03-05 14:55:46,659 INFO Проблема с комментариями к видео А.М. «Дед» | Драмеди-сериал Азамата Мусагалиева
../logs/API_methods.log 2025-03-05 14:55:46,660 INFO Проблема с комментариями к видео А.М. «Брат» | Драмеди-сериал Азамата Мусагалиева
../logs/API_methods.log 2025-03-05 14:55:46,660 INFO Проблема с комментариями к видео А.М. «Дядьки» | Драмеди-сериал Азамата Мусагалиева
../logs/API_methods.log 2025-03-05 14:55:46,660 INFO Проблема с комментариями к видео А.М. «Детство» | Драмеди-сериал Азамата Мусагалиева
../logs/API_methods.log 2025-03-05 14:55:46,660 INFO Успешно получили комментарии для 5 видео
../logs/API_methods.log 2025-03-05 14:55:47,663 INFO ФУНКЦИЯ GET_VIDEO_COMMENT!!!
../logs/API_methods.log 2025-03-05 14:55:47,777 INFO Проблема с комментариями к видео А.М. «Мама» | Драмеди-сериал Азамата Мусагалиева
../logs/API_methods.log 2025-03-05 14:55:47,777 INFO Проблема с комментариями к видео А.М. «Папа» | Драмеди-сериал Азамата Мусагалиева
../logs/API_methods.log 2025-03-05 14:55:47,777 INFO Проблема с комментариями к видео Большое шоу 11 сезон. Расширенная версия.
../logs/API_methods.log 2025-03-05 14:55:47,777 INFO Проблема с комментариями к видео Большое шоу 11 сезон. Шестая серия. Финал.
../logs/API_methods.log 2025-03-05 14:55:47,777 INFO Проблема с комментариями к видео Большое шоу 11 сезон. Пятая серия.
../logs/API_methods.log 2025-03-05 14:55:47,777 INFO Успешно получили комментарии для 5 видео
../logs/API_methods.log 2025-03-05 14:55:48,785 INFO ФУНКЦИЯ GET_VIDEO_COMMENT!!!
../logs/API_methods.log 2025-03-05 14:55:48,906 INFO Проблема с комментариями к видео Большое шоу 11 сезон. Четвёртая серия.
../logs/API_methods.log 2025-03-05 14:55:48,907 INFO Проблема с комментариями к видео Большое шоу 11 сезон. Третья серия.
../logs/API_methods.log 2025-03-05 14:55:48,907 INFO Проблема с комментариями к видео Большое шоу 11 сезон. Вторая серия.
../logs/API_methods.log 2025-03-05 14:55:48,907 INFO Проблема с комментариями к видео Большое шоу 11 сезон. Первая серия.
../logs/API_methods.log 2025-03-05 14:55:48,907 INFO Проблема с комментариями к видео [Анонс] Большое шоу 11 сезон.
../logs/API_methods.log 2025-03-05 14:55:48,907 INFO Успешно получили комментарии для 5 видео
../logs/API_methods.log 2025-03-05 14:55:49,914 INFO ФУНКЦИЯ GET_VIDEO_COMMENT!!!
../logs/API_methods.log 2025-03-05 14:55:50,072 INFO Проблема с комментариями к видео БРОПРО | 6 ВЫПУСК | ДЕНИС ДОРОХОВ vs КИБЕРСПОРТ
../logs/API_methods.log 2025-03-05 14:55:50,072 INFO Проблема с комментариями к видео Я себя знаю! Сергей Матвиенко х Азамат Мусагалиев
../logs/API_methods.log 2025-03-05 14:55:50,072 INFO Проблема с комментариями к видео БРОПРО | 5 ВЫПУСК | ДЕНИС ДОРОХОВ vs НАСТОЛЬНЫЙ ТЕННИС
../logs/API_methods.log 2025-03-05 14:55:50,072 INFO Проблема с комментариями к видео БРОПРО | 4 ВЫПУСК | ДЕНИС ДОРОХОВ vs ВОЛЕЙБОЛ
../logs/API_methods.log 2025-03-05 14:55:50,073 INFO Проблема с комментариями к видео БРОПРО | 3 ВЫПУСК | ДЕНИС ДОРОХОВ vs ХОККЕЙ
../logs/API_methods.log 2025-03-05 14:55:50,073 INFO Успешно получили комментарии для 5 видео
../logs/API_methods.log 2025-03-05 14:55:51,078 INFO ФУНКЦИЯ GET_VIDEO_COMMENT!!!
../logs/API_methods.log 2025-03-05 14:55:51,198 INFO Проблема с комментариями к видео Я себя знаю! Wylsacom х Азамат Мусагалиев
../logs/API_methods.log 2025-03-05 14:55:51,198 INFO Проблема с комментариями к видео БРОПРО | 2 ВЫПУСК | ДЕНИС ДОРОХОВ vs БОЛЬШОЙ ТЕННИС
../logs/API_methods.log 2025-03-05 14:55:51,199 INFO Проблема с комментариями к видео Большое шоу 10 сезон. Расширенная версия.
../logs/API_methods.log 2025-03-05 14:55:51,199 INFO Проблема с комментариями к видео БРОПРО | 1 ВЫПУСК | ДЕНИС ДОРОХОВ vs МОТОКРОСС
../logs/API_methods.log 2025-03-05 14:55:51,199 INFO Проблема с комментариями к видео ШПАМ: ELMAN, Анет Сай, Карина Мурашкина х Азамат Мусагалиев и Саша Ваш
../logs/API_methods.log 2025-03-05 14:55:51,199 INFO Успешно получили комментарии для 5 видео
../logs/API_methods.log 2025-03-05 14:55:52,204 INFO ФУНКЦИЯ GET_VIDEO_COMMENT!!!
../logs/API_methods.log 2025-03-05 14:55:52,306 INFO Проблема с комментариями к видео Большое шоу 10 сезон. Шестая серия. Финал.
../logs/API_methods.log 2025-03-05 14:55:52,306 INFO Проблема с комментариями к видео Большое шоу 10 сезон. Пятая серия.
../logs/API_methods.log 2025-03-05 14:55:52,306 INFO Проблема с комментариями к видео Большое шоу 10 сезон. Четвёртая серия.
../logs/API_methods.log 2025-03-05 14:55:52,306 INFO Проблема с комментариями к видео Большое шоу 10 сезон. Третья серия.
../logs/API_methods.log 2025-03-05 14:55:52,306 INFO Проблема с комментариями к видео Большое шоу 10 сезон. Вторая серия.
../logs/API_methods.log 2025-03-05 14:55:52,306 INFO Успешно получили комментарии для 5 видео
../logs/API_methods.log 2025-03-05 14:55:53,316 INFO ФУНКЦИЯ GET_VIDEO_COMMENT!!!
../logs/API_methods.log 2025-03-05 14:55:53,430 INFO Проблема с комментариями к видео Большое шоу 10 сезон. Первая серия.
../logs/API_methods.log 2025-03-05 14:55:53,430 INFO Проблема с комментариями к видео Это про меня 2 #22 | Денис Дорохов х Label On Air
../logs/API_methods.log 2025-03-05 14:55:53,430 INFO Проблема с комментариями к видео ШПАМ: Карен Адамян, Филипп Воронин, Роман Косицын х Азамат Мусагалиев и Саша Ваш
../logs/API_methods.log 2025-03-05 14:55:53,430 INFO Проблема с комментариями к видео Это про меня 2 #21 | Денис Дорохов х Объединение Юг
../logs/API_methods.log 2025-03-05 14:55:53,431 INFO Проблема с комментариями к видео Я себя знаю! Сатир х Азамат Мусагалиев
../logs/API_methods.log 2025-03-05 14:55:53,431 INFO Успешно получили комментарии для 5 видео
../logs/API_methods.log 2025-03-05 14:55:54,434 INFO ФУНКЦИЯ GET_VIDEO_COMMENT!!!
../logs/API_methods.log 2025-03-05 14:55:54,559 INFO Проблема с комментариями к видео Мега Большое шоу 9 сезон. Расширенная версия.
../logs/API_methods.log 2025-03-05 14:55:54,559 INFO Проблема с комментариями к видео ШПАМ: Женя Гришечкина, Катя Вяликова, Ольга Малащенко x Азамат Мусагалиев и Саша Ваш
../logs/API_methods.log 2025-03-05 14:55:54,559 INFO Проблема с комментариями к видео Это про меня 2 #20 | Дорохов х Бутаков х Свирский х Таржуманян х Абрамян
../logs/API_methods.log 2025-03-05 14:55:54,560 INFO Проблема с комментариями к видео Я себя знаю! Карина Кросс х Азамат Мусагалиев
../logs/API_methods.log 2025-03-05 14:55:54,560 INFO Проблема с комментариями к видео Большое шоу 9 сезон. Шестая серия. Финал.
../logs/API_methods.log 2025-03-05 14:55:54,560 INFO Успешно получили комментарии для 5 видео
../logs/API_methods.log 2025-03-05 14:55:55,569 INFO ФУНКЦИЯ GET_VIDEO_COMMENT!!!
../logs/API_methods.log 2025-03-05 14:55:55,685 INFO Проблема с комментариями к видео Большое шоу 9 сезон. Пятая серия.
../logs/API_methods.log 2025-03-05 14:55:55,685 INFO Проблема с комментариями к видео Большое шоу 9 сезон. Четвёртая серия.
../logs/API_methods.log 2025-03-05 14:55:55,685 INFO Проблема с комментариями к видео Большое шоу 9 сезон. Третья серия.
../logs/API_methods.log 2025-03-05 14:55:55,685 INFO Проблема с комментариями к видео Большое шоу 9 сезон. Вторая серия.
../logs/API_methods.log 2025-03-05 14:55:55,686 INFO Проблема с комментариями к видео Большое шоу 9 сезон. Первая серия.
../logs/API_methods.log 2025-03-05 14:55:55,686 INFO Успешно получили комментарии для 5 видео
../logs/API_methods.log 2025-03-05 14:55:56,691 INFO ФУНКЦИЯ GET_VIDEO_COMMENT!!!
../logs/API_methods.log 2025-03-05 14:55:56,808 INFO Проблема с комментариями к видео МЕГАШПАМ: Вова Селиванов, Евгений Чебатков, Евгения Медведева x Азамат Мусагалиев и Саша Ваш
../logs/API_methods.log 2025-03-05 14:55:56,808 INFO Проблема с комментариями к видео Live: Азамат Мусагалиев
../logs/API_methods.log 2025-03-05 14:55:56,809 INFO Проблема с комментариями к видео Live: Азамат Мусагалиев
../logs/API_methods.log 2025-03-05 14:55:56,809 INFO Проблема с комментариями к видео Это про меня 2 #19 | Денис Дорохов х «Регионы»
../logs/API_methods.log 2025-03-05 14:55:56,809 INFO Проблема с комментариями к видео Я себя знаю! Филипп Воронин х Азамат Мусагалиев
../logs/API_methods.log 2025-03-05 14:55:56,809 INFO Успешно получили комментарии для 5 видео
../logs/API_methods.log 2025-03-05 14:55:57,818 INFO ФУНКЦИЯ GET_VIDEO_COMMENT!!!
../logs/API_methods.log 2025-03-05 14:55:57,938 INFO Проблема с комментариями к видео Большое шоу 8 сезон. Расширенная версия.
../logs/API_methods.log 2025-03-05 14:55:57,938 INFO Проблема с комментариями к видео ШПАМ: Илья Куруч, Зоя Яровицына, Недры x Азамат Мусагалиев и Саша Ваш
../logs/API_methods.log 2025-03-05 14:55:57,938 INFO Проблема с комментариями к видео Это про меня 2 #18 | Денис Дорохов х Шоу «Разгон»
../logs/API_methods.log 2025-03-05 14:55:57,938 INFO Проблема с комментариями к видео Я себя знаю! Гурам Амарян х Азамат Мусагалиев
../logs/API_methods.log 2025-03-05 14:55:57,938 INFO Проблема с комментариями к видео Большое шоу 8 сезон. Шестая серия. Финал.
../logs/API_methods.log 2025-03-05 14:55:57,938 INFO Успешно получили комментарии для 5 видео
../logs/API_methods.log 2025-03-05 14:55:58,942 INFO ФУНКЦИЯ GET_VIDEO_COMMENT!!!
../logs/API_methods.log 2025-03-05 14:55:59,061 INFO Проблема с комментариями к видео Большое шоу 8 сезон. Пятая серия.
../logs/API_methods.log 2025-03-05 14:55:59,061 INFO Проблема с комментариями к видео Большое шоу 8 сезон. Четвёртая серия.
../logs/API_methods.log 2025-03-05 14:55:59,061 INFO Проблема с комментариями к видео Большое шоу 8 сезон. Третья серия.
../logs/API_methods.log 2025-03-05 14:55:59,062 INFO Проблема с комментариями к видео Большое шоу 8 сезон. Вторая серия.
../logs/API_methods.log 2025-03-05 14:55:59,062 INFO Проблема с комментариями к видео Большое шоу 8 сезон. Первая серия.
../logs/API_methods.log 2025-03-05 14:55:59,062 INFO Успешно получили комментарии для 5 видео
../logs/API_methods.log 2025-03-05 14:56:00,066 INFO ФУНКЦИЯ GET_VIDEO_COMMENT!!!
../logs/API_methods.log 2025-03-05 14:56:00,183 INFO Проблема с комментариями к видео ШПАМ: Дмитрий Позов, Павел Дедищев, Иван Абрамов x Азамат Мусагалиев и Саша Ваш
../logs/API_methods.log 2025-03-05 14:56:00,183 INFO Проблема с комментариями к видео Это про меня 2 #17 | Денис Дорохов х Подружки
../logs/API_methods.log 2025-03-05 14:56:00,183 INFO Проблема с комментариями к видео Я себя знаю! Владимир Селиванов х Азамат Мусагалиев
../logs/API_methods.log 2025-03-05 14:56:00,183 INFO Проблема с комментариями к видео Это про меня 2 #16 | Денис Дорохов х LABELSMART
../logs/API_methods.log 2025-03-05 14:56:00,183 INFO Проблема с комментариями к видео Я себя знаю! Дмитрий Журавлев х Азамат Мусагалиев
../logs/API_methods.log 2025-03-05 14:56:00,183 INFO Успешно получили комментарии для 5 видео
../logs/API_methods.log 2025-03-05 14:56:01,185 INFO ФУНКЦИЯ GET_VIDEO_COMMENT!!!
../logs/API_methods.log 2025-03-05 14:56:01,301 INFO Проблема с комментариями к видео Это про меня 2 #15 | Денис Дорохов х Наполеоны
../logs/API_methods.log 2025-03-05 14:56:01,301 INFO Проблема с комментариями к видео Это про меня 2 #14 | Денис Дорохов х Сборная Красноярска
../logs/API_methods.log 2025-03-05 14:56:01,301 INFO Проблема с комментариями к видео Это про меня 2 #13 | Денис Дорохов х Stand Up комики
../logs/API_methods.log 2025-03-05 14:56:01,301 INFO Проблема с комментариями к видео Я себя знаю! Саша Ваш х Азамат Мусагалиев
../logs/API_methods.log 2025-03-05 14:56:01,301 INFO Проблема с комментариями к видео Я себя знаю! Игорь Джабраилов х Азамат Мусагалиев
../logs/API_methods.log 2025-03-05 14:56:01,301 INFO Успешно получили комментарии для 5 видео
../logs/API_methods.log 2025-03-05 14:56:02,308 INFO ФУНКЦИЯ GET_VIDEO_COMMENT!!!
../logs/API_methods.log 2025-03-05 14:56:02,428 INFO Проблема с комментариями к видео Это про меня 2 #12 | Денис Дорохов х «Имени меня»
../logs/API_methods.log 2025-03-05 14:56:02,428 INFO Проблема с комментариями к видео Большое шоу 7 сезон. Расширенная версия.
../logs/API_methods.log 2025-03-05 14:56:02,428 INFO Проблема с комментариями к видео Большое шоу 7 сезон. Шестая серия. Финал.
../logs/API_methods.log 2025-03-05 14:56:02,428 INFO Проблема с комментариями к видео Большое шоу 7 сезон. Пятая серия.
../logs/API_methods.log 2025-03-05 14:56:02,429 INFO Проблема с комментариями к видео Большое шоу 7 сезон. Четвёртая серия.
../logs/API_methods.log 2025-03-05 14:56:02,429 INFO Успешно получили комментарии для 5 видео
../logs/API_methods.log 2025-03-05 14:56:03,434 INFO ФУНКЦИЯ GET_VIDEO_COMMENT!!!
../logs/API_methods.log 2025-03-05 14:56:03,633 INFO Проблема с комментариями к видео Большое шоу 7 сезон. Третья серия.
../logs/API_methods.log 2025-03-05 14:56:03,633 INFO Проблема с комментариями к видео Большое шоу 7 сезон. Вторая серия.
../logs/API_methods.log 2025-03-05 14:56:03,633 INFO Проблема с комментариями к видео Большое шоу 7 сезон. Первая серия.
../logs/API_methods.log 2025-03-05 14:56:03,633 INFO Проблема с комментариями к видео РЕАЛЬНЫЙ ТИЗЕР НОВОГОДНЕГО СЕЗОНА. БОЛЬШОЕ ШОУ 7
../logs/API_methods.log 2025-03-05 14:56:03,633 INFO Проблема с комментариями к видео Это про меня 2 #11 | Дорохов х Шоу «ТОП» | Карина Кросс | Даша Дошик | Янгер | Габар
../logs/API_methods.log 2025-03-05 14:56:03,633 INFO Успешно получили комментарии для 5 видео
../logs/API_methods.log 2025-03-05 14:56:04,637 INFO ФУНКЦИЯ GET_VIDEO_COMMENT!!!
../logs/API_methods.log 2025-03-05 14:56:04,756 INFO Проблема с комментариями к видео Я себя знаю! Михаил Башкатов х Азамат Мусагалиев
../logs/API_methods.log 2025-03-05 14:56:04,756 INFO Проблема с комментариями к видео Новогоднее Большое Шоу. 31 декабря. Весь день с 14:00!
../logs/API_methods.log 2025-03-05 14:56:04,757 INFO Проблема с комментариями к видео Это про меня 2 #10 | Дорохов х Джабраилов х ФК10 | Кутуз | Грек | Вульф |
../logs/API_methods.log 2025-03-05 14:56:04,757 INFO Проблема с комментариями к видео Большое шоу 6 сезон. РАСШИРЕННАЯ версия.
../logs/API_methods.log 2025-03-05 14:56:04,757 INFO Проблема с комментариями к видео ШПАМ: Игорь Джабраилов, Надя Сысоева, Юля Гаврилина x Азамат Мусагалиев и Саша Ваш
../logs/API_methods.log 2025-03-05 14:56:04,757 INFO Успешно получили комментарии для 5 видео
../logs/API_methods.log 2025-03-05 14:56:05,763 INFO ФУНКЦИЯ GET_VIDEO_COMMENT!!!
../logs/API_methods.log 2025-03-05 14:56:05,878 INFO Проблема с комментариями к видео Это про меня 2 #9 | Дорохов х Мазур х Артюхов х Шевчук х Колмачевский
../logs/API_methods.log 2025-03-05 14:56:05,878 INFO Проблема с комментариями к видео Большое шоу 6 сезон. Пятая серия. Финал.
../logs/API_methods.log 2025-03-05 14:56:05,878 INFO Проблема с комментариями к видео Большое шоу 6 сезон. Четвёртая серия.
../logs/API_methods.log 2025-03-05 14:56:05,878 INFO Проблема с комментариями к видео Большое шоу 6 сезон. Третья серия.
../logs/API_methods.log 2025-03-05 14:56:05,878 INFO Проблема с комментариями к видео Большое шоу 6 сезон. Вторая серия.
../logs/API_methods.log 2025-03-05 14:56:05,879 INFO Успешно получили комментарии для 5 видео
../logs/API_methods.log 2025-03-05 14:56:06,883 INFO ФУНКЦИЯ GET_VIDEO_COMMENT!!!
../logs/API_methods.log 2025-03-05 14:56:07,005 INFO Проблема с комментариями к видео Большое шоу 6 сезон. Первая серия.
../logs/API_methods.log 2025-03-05 14:56:07,005 INFO Проблема с комментариями к видео Я себя знаю! Расул Чабдаров х Азамат Мусагалиев
../logs/API_methods.log 2025-03-05 14:56:07,005 INFO Проблема с комментариями к видео Это про меня 2 #8 | Денис Дорохов х Натальная карта х Бурдашев х Вяликова
../logs/API_methods.log 2025-03-05 14:56:07,005 INFO Проблема с комментариями к видео ШПАМ: Александр Пташенчук, Стас Пьеха, Ульяна Пылаева x Азамат Мусагалиев и Саша Ваш
../logs/API_methods.log 2025-03-05 14:56:07,006 INFO Проблема с комментариями к видео Большое шоу 5 сезон. РАСШИРЕННАЯ версия.
../logs/API_methods.log 2025-03-05 14:56:07,006 INFO Успешно получили комментарии для 5 видео
../logs/API_methods.log 2025-03-05 14:56:08,014 INFO ФУНКЦИЯ GET_VIDEO_COMMENT!!!
../logs/API_methods.log 2025-03-05 14:56:08,208 INFO Проблема с комментариями к видео Это про меня 2 #7 | Денис Дорохов х Клик Клак
../logs/API_methods.log 2025-03-05 14:56:08,208 INFO Проблема с комментариями к видео Большое шоу 5 сезон. Седьмая серия. Финал.
../logs/API_methods.log 2025-03-05 14:56:08,208 INFO Проблема с комментариями к видео Большое шоу 5 сезон. Шестая серия.
../logs/API_methods.log 2025-03-05 14:56:08,208 INFO Проблема с комментариями к видео Большое шоу 5 сезон. Пятая серия.
../logs/API_methods.log 2025-03-05 14:56:08,208 INFO Проблема с комментариями к видео Большое шоу 5 сезон. Четвёртая серия.
../logs/API_methods.log 2025-03-05 14:56:08,208 INFO Успешно получили комментарии для 5 видео
../logs/API_methods.log 2025-03-05 14:56:09,217 INFO ФУНКЦИЯ GET_VIDEO_COMMENT!!!
../logs/API_methods.log 2025-03-05 14:56:09,333 INFO Проблема с комментариями к видео Большое шоу 5 сезон. Третья серия.
../logs/API_methods.log 2025-03-05 14:56:09,334 INFO Проблема с комментариями к видео Большое шоу 5 сезон. Вторая серия.
../logs/API_methods.log 2025-03-05 14:56:09,334 INFO Проблема с комментариями к видео Большое шоу 5 сезон. Первая серия.
../logs/API_methods.log 2025-03-05 14:56:09,334 INFO Проблема с комментариями к видео Я себя знаю! Денис Кукояка х Азамат Мусагалиев
../logs/API_methods.log 2025-03-05 14:56:09,334 INFO Проблема с комментариями к видео Это про меня 2 #6 | Дорохов х Женский Стендап ч.2
../logs/API_methods.log 2025-03-05 14:56:09,334 INFO Успешно получили комментарии для 5 видео
../logs/API_methods.log 2025-03-05 14:56:10,342 INFO ФУНКЦИЯ GET_VIDEO_COMMENT!!!
../logs/API_methods.log 2025-03-05 14:56:10,458 INFO Проблема с комментариями к видео ШПАМ: Мигель, Валя Карнавал, Сосо Павлиашвили x Азамат Мусагалиев и Саша Ваш
../logs/API_methods.log 2025-03-05 14:56:10,458 INFO Проблема с комментариями к видео Я себя знаю! Александр Емельяненко х Азамат Мусагалиев
../logs/API_methods.log 2025-03-05 14:56:10,458 INFO Проблема с комментариями к видео Это про меня 2 #5 | Дорохов х Азамат х Камызяки
../logs/API_methods.log 2025-03-05 14:56:10,458 INFO Проблема с комментариями к видео Большое шоу 4 сезон. РАСШИРЕННАЯ версия.
../logs/API_methods.log 2025-03-05 14:56:10,459 INFO Проблема с комментариями к видео Большое шоу 4 сезон. Шестая серия. Финал.
../logs/API_methods.log 2025-03-05 14:56:10,459 INFO Успешно получили комментарии для 5 видео
../logs/API_methods.log 2025-03-05 14:56:11,465 INFO ФУНКЦИЯ GET_VIDEO_COMMENT!!!
../logs/API_methods.log 2025-03-05 14:56:11,581 INFO Проблема с комментариями к видео Большое шоу 4 сезон. Пятая серия.
../logs/API_methods.log 2025-03-05 14:56:11,581 INFO Проблема с комментариями к видео Большое шоу 4 сезон. Четвёртая серия.
../logs/API_methods.log 2025-03-05 14:56:11,581 INFO Проблема с комментариями к видео Большое шоу 4 сезон. Третья серия.
../logs/API_methods.log 2025-03-05 14:56:11,581 INFO Проблема с комментариями к видео Большое шоу 4 сезон. Вторая серия.
../logs/API_methods.log 2025-03-05 14:56:11,581 INFO Проблема с комментариями к видео Большое шоу 4 сезон. Первая серия.
../logs/API_methods.log 2025-03-05 14:56:11,581 INFO Успешно получили комментарии для 5 видео
../logs/API_methods.log 2025-03-05 14:56:12,588 INFO ФУНКЦИЯ GET_VIDEO_COMMENT!!!
../logs/API_methods.log 2025-03-05 14:56:12,714 INFO Проблема с комментариями к видео Это про меня 2 #4 | Денис Дорохов х Stand Up Комики
../logs/API_methods.log 2025-03-05 14:56:12,715 INFO Проблема с комментариями к видео Я себя знаю! Виктория Складчикова х Азамат Мусагалиев
../logs/API_methods.log 2025-03-05 14:56:12,715 INFO Проблема с комментариями к видео Это про меня 2 #3 | Денис Дорохов х Женский Стендап
../logs/API_methods.log 2025-03-05 14:56:12,715 INFO Проблема с комментариями к видео Большое шоу 3 сезон. РАСШИРЕННАЯ версия.
../logs/API_methods.log 2025-03-05 14:56:12,715 INFO Проблема с комментариями к видео Большое шоу 3 сезон. Седьмая серия. Финал.
../logs/API_methods.log 2025-03-05 14:56:12,715 INFO Успешно получили комментарии для 5 видео
../logs/API_methods.log 2025-03-05 14:56:13,722 INFO ФУНКЦИЯ GET_VIDEO_COMMENT!!!
../logs/API_methods.log 2025-03-05 14:56:13,832 INFO Проблема с комментариями к видео Большое шоу 3 сезон. Шестая серия.
../logs/API_methods.log 2025-03-05 14:56:13,832 INFO Проблема с комментариями к видео Большое шоу 3 сезон. Пятая серия.
../logs/API_methods.log 2025-03-05 14:56:13,833 INFO Проблема с комментариями к видео Большое шоу 3 сезон. Четвёртая серия.
../logs/API_methods.log 2025-03-05 14:56:13,833 INFO Проблема с комментариями к видео Большое шоу 3 сезон. Третья серия.
../logs/API_methods.log 2025-03-05 14:56:13,833 INFO Проблема с комментариями к видео Большое шоу 3 сезон. Вторая серия.
../logs/API_methods.log 2025-03-05 14:56:13,833 INFO Успешно получили комментарии для 5 видео
../logs/API_methods.log 2025-03-05 14:56:14,839 INFO ФУНКЦИЯ GET_VIDEO_COMMENT!!!
../logs/API_methods.log 2025-03-05 14:56:14,954 INFO Проблема с комментариями к видео Большое шоу 3 сезон. Первая серия.
../logs/API_methods.log 2025-03-05 14:56:14,954 INFO Проблема с комментариями к видео Это про меня 2 #2 | Денис Дорохов х Площадка
../logs/API_methods.log 2025-03-05 14:56:14,954 INFO Проблема с комментариями к видео Я себя знаю! Тимур Родригез х Азамат Мусагалиев
../logs/API_methods.log 2025-03-05 14:56:14,955 INFO Проблема с комментариями к видео [Анонс] Я себя знаю! Тимур Родригез х Азамат Мусагалиев
../logs/API_methods.log 2025-03-05 14:56:14,955 INFO Проблема с комментариями к видео Премьеры новых выпусков Азамата Мусагалиева - теперь эксклюзивно в VK Видео!
../logs/API_methods.log 2025-03-05 14:56:14,955 INFO Успешно получили комментарии для 5 видео
../logs/API_methods.log 2025-03-05 14:56:15,962 INFO ФУНКЦИЯ GET_VIDEO_COMMENT!!!
../logs/API_methods.log 2025-03-05 14:56:16,079 INFO Проблема с комментариями к видео Это про меня 2 #1 | Денис Дорохов х Женский Форум
../logs/API_methods.log 2025-03-05 14:56:16,080 INFO Проблема с комментариями к видео Я себя знаю! Анна Седокова х Азамат Мусагалиев
../logs/API_methods.log 2025-03-05 14:56:16,080 INFO Проблема с комментариями к видео [Анонс] Я себя знаю! Анна Седокова х Азамат Мусагалиев
../logs/API_methods.log 2025-03-05 14:56:16,080 INFO Проблема с комментариями к видео Я себя знаю! Эльдар Джарахов х Азамат Мусагалиев
../logs/API_methods.log 2025-03-05 14:56:16,080 INFO Проблема с комментариями к видео [Анонс] Я себя знаю! Эльдар Джарахов х Азамат Мусагалиев
../logs/API_methods.log 2025-03-05 14:56:16,080 INFO Успешно получили комментарии для 5 видео
../logs/API_methods.log 2025-03-05 14:56:17,087 INFO ФУНКЦИЯ GET_VIDEO_COMMENT!!!
../logs/API_methods.log 2025-03-05 14:56:17,249 INFO Проблема с комментариями к видео Большое шоу 2 сезон. РАСШИРЕННАЯ версия.
../logs/API_methods.log 2025-03-05 14:56:17,250 INFO Проблема с комментариями к видео Большое шоу 2 сезон. Шестая серия. Финал.
../logs/API_methods.log 2025-03-05 14:56:17,250 INFO Проблема с комментариями к видео Большое шоу 2 сезон. Пятая серия.
../logs/API_methods.log 2025-03-05 14:56:17,250 INFO Проблема с комментариями к видео Большое шоу 2 сезон. Четвёртая серия.
../logs/API_methods.log 2025-03-05 14:56:17,250 INFO Проблема с комментариями к видео Большое шоу 2 сезон. Третья серия.
../logs/API_methods.log 2025-03-05 14:56:17,250 INFO Успешно получили комментарии для 5 видео
../logs/API_methods.log 2025-03-05 14:56:18,260 INFO ФУНКЦИЯ GET_VIDEO_COMMENT!!!
../logs/API_methods.log 2025-03-05 14:56:18,376 INFO Проблема с комментариями к видео Большое шоу 2 сезон. Вторая серия.
../logs/API_methods.log 2025-03-05 14:56:18,377 INFO Проблема с комментариями к видео Большое шоу 2 сезон. Первая серия
../logs/API_methods.log 2025-03-05 14:56:18,377 INFO Проблема с комментариями к видео Это про меня! #23 | Денис Дорохов х Надежда Сысоева
../logs/API_methods.log 2025-03-05 14:56:18,377 INFO Проблема с комментариями к видео Я себя знаю! Евгения Медведева х Азамат Мусагалиев
../logs/API_methods.log 2025-03-05 14:56:18,377 INFO Проблема с комментариями к видео [Анонс] Я себя знаю! Евгения Медведева х Азамат Мусагалиев
../logs/API_methods.log 2025-03-05 14:56:18,377 INFO Успешно получили комментарии для 5 видео
../logs/API_methods.log 2025-03-05 14:56:19,384 INFO ФУНКЦИЯ GET_VIDEO_COMMENT!!!
../logs/API_methods.log 2025-03-05 14:56:19,495 INFO Проблема с комментариями к видео Это про меня! #22 | Денис Дорохов х Big Russian Boss
../logs/API_methods.log 2025-03-05 14:56:19,495 INFO Проблема с комментариями к видео Большое шоу. 1 сезон. РАСШИРЕННАЯ версия.
../logs/API_methods.log 2025-03-05 14:56:19,495 INFO Проблема с комментариями к видео Большое Шоу 1 сезон. Шестая серия. Финал.
../logs/API_methods.log 2025-03-05 14:56:19,496 INFO Проблема с комментариями к видео Большое шоу 1 сезон. Пятая серия.
../logs/API_methods.log 2025-03-05 14:56:19,496 INFO Проблема с комментариями к видео Большое шоу 1 сезон. Четвёртая серия.
../logs/API_methods.log 2025-03-05 14:56:19,496 INFO Успешно получили комментарии для 5 видео
../logs/API_methods.log 2025-03-05 14:56:20,499 INFO ФУНКЦИЯ GET_VIDEO_COMMENT!!!
../logs/API_methods.log 2025-03-05 14:56:20,634 INFO Проблема с комментариями к видео Большое шоу 1 сезон. Третья серия.
../logs/API_methods.log 2025-03-05 14:56:20,634 INFO Проблема с комментариями к видео Большое шоу 1 сезон. Вторая серия.
../logs/API_methods.log 2025-03-05 14:56:20,634 INFO Проблема с комментариями к видео Большое шоу 1 сезон. Первая серия.
../logs/API_methods.log 2025-03-05 14:56:20,634 INFO Проблема с комментариями к видео Я себя знаю! Евгений Чебатков х Азамат Мусагалиев
../logs/API_methods.log 2025-03-05 14:56:20,634 INFO Проблема с комментариями к видео [АНОНС] Я себя знаю! Евгений Чебатков х Азамат Мусагалиев
../logs/API_methods.log 2025-03-05 14:56:20,634 INFO Успешно получили комментарии для 5 видео
../logs/API_methods.log 2025-03-05 14:56:21,635 INFO ФУНКЦИЯ GET_VIDEO_COMMENT!!!
../logs/API_methods.log 2025-03-05 14:56:21,780 INFO Проблема с комментариями к видео Я себя знаю! Артемий Лебедев х Азамат Мусагалиев
../logs/API_methods.log 2025-03-05 14:56:21,781 INFO Проблема с комментариями к видео Я себя знаю! Илья Соболев х Азамат Мусагалиев
../logs/API_methods.log 2025-03-05 14:56:21,781 INFO Проблема с комментариями к видео Я себя знаю! Иван Абрамов х Азамат Мусагалиев
../logs/API_methods.log 2025-03-05 14:56:21,781 INFO Проблема с комментариями к видео Я себя знаю! Александр Гудков х Азамат Мусагалиев
../logs/API_methods.log 2025-03-05 14:56:21,781 INFO Проблема с комментариями к видео ШТОРКИ - ШТОРКИ #1
../logs/API_methods.log 2025-03-05 14:56:21,781 INFO Успешно получили комментарии для 5 видео
../logs/API_methods.log 2025-03-05 14:56:22,790 INFO ФУНКЦИЯ GET_VIDEO_COMMENT!!!
../logs/API_methods.log 2025-03-05 14:56:22,920 INFO Проблема с комментариями к видео ШТОРКИ - ШТОРКИ #2
../logs/API_methods.log 2025-03-05 14:56:22,920 INFO Проблема с комментариями к видео Я себя знаю! Антон Шастун х Азамат Мусагалиев
../logs/API_methods.log 2025-03-05 14:56:22,920 INFO Проблема с комментариями к видео Я себя знаю! Отар Кушанашвили х Азамат Мусагалиев
../logs/API_methods.log 2025-03-05 14:56:22,920 INFO Проблема с комментариями к видео Я себя знаю! Дмитрий Губерниев x Азамат Мусагалиев
../logs/API_methods.log 2025-03-05 14:56:22,920 INFO Проблема с комментариями к видео Я себя знаю! Баста х Азамат Мусагалиев
../logs/API_methods.log 2025-03-05 14:56:22,920 INFO Успешно получили комментарии для 5 видео
../logs/API_methods.log 2025-03-05 14:56:23,928 INFO ФУНКЦИЯ GET_VIDEO_COMMENT!!!
../logs/API_methods.log 2025-03-05 14:56:24,029 INFO Проблема с комментариями к видео Я себя знаю! Денис Дорохов х Азамат Мусагалиев
../logs/API_methods.log 2025-03-05 14:56:24,030 INFO Проблема с комментариями к видео Я себя знаю! Тимур Батрутдинов х Азамат Мусагалиев
../logs/API_methods.log 2025-03-05 14:56:24,030 INFO Проблема с комментариями к видео Я себя знаю! Нурлан Сабуров х Азамат Мусагалиев
../logs/API_methods.log 2025-03-05 14:56:24,030 INFO Проблема с комментариями к видео Я себя знаю! Алексей Щербаков x Азамат Мусагалиев
../logs/API_methods.log 2025-03-05 14:56:24,030 INFO Проблема с комментариями к видео Я себя знаю! Екатерина Варнава х Азамат Мусагалиев
../logs/API_methods.log 2025-03-05 14:56:24,030 INFO Успешно получили комментарии для 5 видео
../logs/API_methods.log 2025-03-05 14:56:25,036 INFO ФУНКЦИЯ GET_VIDEO_COMMENT!!!
../logs/API_methods.log 2025-03-05 14:56:25,155 INFO Проблема с комментариями к видео Я себя знаю! Мигель х Азамат Мусагалиев
../logs/API_methods.log 2025-03-05 14:56:25,155 INFO Проблема с комментариями к видео Я себя знаю! Павел Дедищев х Азамат Мусагалиев
../logs/API_methods.log 2025-03-05 14:56:25,155 INFO Проблема с комментариями к видео Я себя знаю! Тимати x Азамат Мусагалиев
../logs/API_methods.log 2025-03-05 14:56:25,155 INFO Проблема с комментариями к видео Я себя знаю! Гарик Харламов х Азамат Мусагалиев
../logs/API_methods.log 2025-03-05 14:56:25,155 INFO Проблема с комментариями к видео Я себя знаю! Джиган х Азамат Мусагалиев
../logs/API_methods.log 2025-03-05 14:56:25,155 INFO Успешно получили комментарии для 5 видео
../logs/API_methods.log 2025-03-05 14:56:26,160 INFO ФУНКЦИЯ GET_VIDEO_COMMENT!!!
../logs/API_methods.log 2025-03-05 14:56:26,260 INFO Проблема с комментариями к видео Я себя знаю! Kyivstoner x Азамат Мусагалиев
../logs/API_methods.log 2025-03-05 14:56:26,260 INFO Проблема с комментариями к видео Я себя знаю! Александр Ревва х Азамат Мусагалиев
../logs/API_methods.log 2025-03-05 14:56:26,260 INFO Проблема с комментариями к видео Я себя знаю! Максим Галкин х Азамат Мусагалиев
../logs/API_methods.log 2025-03-05 14:56:26,260 INFO Проблема с комментариями к видео Я себя знаю! Слава Комиссаренко х Азамат Мусагалиев
../logs/API_methods.log 2025-03-05 14:56:26,260 INFO Проблема с комментариями к видео Я себя знаю! Никита Нагорный х Азамат Мусагалиев
../logs/API_methods.log 2025-03-05 14:56:26,260 INFO Успешно получили комментарии для 5 видео
../logs/API_methods.log 2025-03-05 14:56:27,264 INFO ФУНКЦИЯ GET_VIDEO_COMMENT!!!
../logs/API_methods.log 2025-03-05 14:56:27,414 INFO Проблема с комментариями к видео Я себя знаю! Семён Слепаков х Азамат Мусагалиев
../logs/API_methods.log 2025-03-05 14:56:27,414 INFO Проблема с комментариями к видео Я себя знаю! Юрий Стоянов х Азамат Мусагалиев
../logs/API_methods.log 2025-03-05 14:56:27,414 INFO Проблема с комментариями к видео Я себя знаю! Заур Байцаев х Азамат Мусагалиев
../logs/API_methods.log 2025-03-05 14:56:27,415 INFO Проблема с комментариями к видео Я себя знаю! Леван Горозия х Азамат Мусагалиев
../logs/API_methods.log 2025-03-05 14:56:27,415 INFO Проблема с комментариями к видео Я себя знаю! Алексей Смирнов х Азамат Мусагалиев
../logs/API_methods.log 2025-03-05 14:56:27,415 INFO Успешно получили комментарии для 5 видео
../logs/API_methods.log 2025-03-05 14:56:28,422 INFO ФУНКЦИЯ GET_VIDEO_COMMENT!!!
../logs/API_methods.log 2025-03-05 14:56:28,665 INFO Проблема с комментариями к видео Я себя знаю! Feduk x Азамат Мусагалиев
../logs/API_methods.log 2025-03-05 14:56:28,666 INFO Проблема с комментариями к видео Я себя знаю! Демис Карибидис х Азамат Мусагалиев
../logs/API_methods.log 2025-03-05 14:56:28,666 INFO Проблема с комментариями к видео Я себя знаю! Алла Михеева х Азамат Мусагалиев
../logs/API_methods.log 2025-03-05 14:56:28,666 INFO Проблема с комментариями к видео Я себя знаю! Зоя Яровицына х Азамат Мусагалиев
../logs/API_methods.log 2025-03-05 14:56:28,666 INFO Проблема с комментариями к видео Я себя знаю! Ида Галич х Азамат Мусагалиев
../logs/API_methods.log 2025-03-05 14:56:28,666 INFO Успешно получили комментарии для 5 видео
../logs/API_methods.log 2025-03-05 14:56:29,673 INFO ФУНКЦИЯ GET_VIDEO_COMMENT!!!
../logs/API_methods.log 2025-03-05 14:56:29,798 INFO Проблема с комментариями к видео Я себя знаю! Геннадий Хазанов х Азамат Мусагалиев
../logs/API_methods.log 2025-03-05 14:56:29,798 INFO Проблема с комментариями к видео Я себя знаю! - ШАСТУН ОЧЕНЬ КРУТО РАССКАЗЫВАЕТ ИСТОРИЮ #ясебязнаю
../logs/API_methods.log 2025-03-05 14:56:29,798 INFO Проблема с комментариями к видео Я себя знаю! - ВЫПИЛ ГЛОТОК ВИНА, А ДАЛЬШЕ….😂😂😂 #ясебязнаю
../logs/API_methods.log 2025-03-05 14:56:29,798 INFO Проблема с комментариями к видео Я себя знаю! - В КАМЫЗЯКЕ ЛИМИТ ПО СОСКАМ #ясебязнаю #смирнов
../logs/API_methods.log 2025-03-05 14:56:29,798 INFO Проблема с комментариями к видео Я себя знаю! - СПРОСИЛ У МАМЫ ЧТО ТАКОЕ М*НЕТ #ясебязнаю
../logs/API_methods.log 2025-03-05 14:56:29,798 INFO Успешно получили комментарии для 5 видео
../logs/API_methods.log 2025-03-05 14:56:30,806 INFO ФУНКЦИЯ GET_VIDEO_COMMENT!!!
../logs/API_methods.log 2025-03-05 14:56:30,930 INFO Проблема с комментариями к видео Я себя знаю! - КТО НАПУГАЛ ДЕДИЩЕВА В ДЕТСТВЕ? #ясебязнаю
../logs/API_methods.log 2025-03-05 14:56:30,930 INFO Проблема с комментариями к видео Я себя знаю! - СМОТРИ ПРИКОЛ 🤣 (часть 1) #ясебязнаю
../logs/API_methods.log 2025-03-05 14:56:30,931 INFO Проблема с комментариями к видео Я себя знаю! - СМОТРИ ПРИКОЛ 🤣 ПРОДОЛЖЕНИЕ ИСТОРИИ (часть 2) #ясебязнаю
../logs/API_methods.log 2025-03-05 14:56:30,931 INFO Проблема с комментариями к видео Я себя знаю! - ВЫ ШАМПУНЬ? 🤨 #ясебязнаю #шастун
../logs/API_methods.log 2025-03-05 14:56:30,931 INFO Проблема с комментариями к видео Я себя знаю! - СТОЯЛИ НА ТРАССЕ ДЕВОЧКИ В КОЛПАЧКАХ… #ясебязнаю #смирнов
../logs/API_methods.log 2025-03-05 14:56:30,931 INFO Успешно получили комментарии для 5 видео
../logs/API_methods.log 2025-03-05 14:56:31,939 INFO ФУНКЦИЯ GET_VIDEO_COMMENT!!!
../logs/API_methods.log 2025-03-05 14:56:32,043 INFO Проблема с комментариями к видео Я себя знаю! - ЗВОНОК МАТЮКУ 😂 #ясебязнаю #павелдедищев
../logs/API_methods.log 2025-03-05 14:56:32,043 INFO Проблема с комментариями к видео Я себя знаю! - НА КОГО ОТУЧИЛСЯ АЗАМАТ? 😳 #ясебязнаю
../logs/API_methods.log 2025-03-05 14:56:32,043 INFO Проблема с комментариями к видео Я себя знаю! - НЕ ХОЧЕШЬ ЧТОБЫ Я У ТЕБЯ ДОМА БЫЛА? #ясебязнаю #зояяровицына
../logs/API_methods.log 2025-03-05 14:56:32,043 INFO Проблема с комментариями к видео Я себя знаю! - КОГДА СРОЧНО НУЖНО В АЭРОПОРТ #ясебязнаю
../logs/API_methods.log 2025-03-05 14:56:32,043 INFO Проблема с комментариями к видео Я себя знаю! - ВОТ И РАСКРЫЛАСЬ ВСЯ ПРАВДА #этопроменя
../logs/API_methods.log 2025-03-05 14:56:32,043 INFO Успешно получили комментарии для 5 видео
../logs/API_methods.log 2025-03-05 14:56:33,049 INFO ФУНКЦИЯ GET_VIDEO_COMMENT!!!
../logs/API_methods.log 2025-03-05 14:56:33,181 INFO Проблема с комментариями к видео Я себя знаю! - СУПЕРГЕРОЙ-РАЗБОЙНИК 😂 #ясебязнаю #идагалич
../logs/API_methods.log 2025-03-05 14:56:33,181 INFO Проблема с комментариями к видео Я себя знаю! - ПРО РОЛЛС РОЙС #идагалич #ясебязнаю
../logs/API_methods.log 2025-03-05 14:56:33,181 INFO Проблема с комментариями к видео Азамат Мусагалиев - САМЫЙ ПОЗОРНЫЙ МОМЕНТ ИЗ ЖИЗНИ ОТАРА #ясебязнаю
../logs/API_methods.log 2025-03-05 14:56:33,181 INFO Проблема с комментариями к видео Азамат Мусагалиев - ДЖОН ЛЕНИН 😂 #ясебязнаю
../logs/API_methods.log 2025-03-05 14:56:33,181 INFO Проблема с комментариями к видео Азамат Мусагалиев - МУСАГАЛИЕВ х ХАРЛАМОВ. КУПАНИЕ ОБЕЗЬЯНЫ В ТЁПЛОЙ ВОДЕ
../logs/API_methods.log 2025-03-05 14:56:33,182 INFO Успешно получили комментарии для 5 видео
../logs/API_methods.log 2025-03-05 14:56:34,193 INFO ФУНКЦИЯ GET_VIDEO_COMMENT!!!
../logs/API_methods.log 2025-03-05 14:56:34,303 INFO Проблема с комментариями к видео Азамат Мусагалиев - Я себя знаю! Новое шоу Азамата Мусагалиева
../logs/API_methods.log 2025-03-05 14:56:34,303 INFO Проблема с комментариями к видео Смотри онлайн без зависаний!
../logs/API_methods.log 2025-03-05 14:56:34,303 INFO Проблема с комментариями к видео Бери каршеринг без зависаний!
../logs/API_methods.log 2025-03-05 14:56:34,303 INFO Проблема с комментариями к видео Заказывай еду онлайн без зависаний!
../logs/API_methods.log 2025-03-05 14:56:34,303 INFO Проблема с комментариями к видео Не будь зависником!
../logs/API_methods.log 2025-03-05 14:56:34,303 INFO Успешно получили комментарии для 5 видео
../logs/API_methods.log 2025-03-05 14:56:35,309 INFO ФУНКЦИЯ GET_VIDEO_COMMENT!!!
../logs/API_methods.log 2025-03-05 14:56:35,419 INFO Проблема с комментариями к видео Серия 3
../logs/API_methods.log 2025-03-05 14:56:35,419 INFO Проблема с комментариями к видео Серия 2
../logs/API_methods.log 2025-03-05 14:56:35,419 INFO Проблема с комментариями к видео Серия 1
../logs/API_methods.log 2025-03-05 14:56:35,419 INFO Проблема с комментариями к видео video_2022-06-21_19-40-07
../logs/API_methods.log 2025-03-05 14:56:35,419 INFO Проблема с комментариями к видео video_2022-06-21_19-44-13
../logs/API_methods.log 2025-03-05 14:56:35,420 INFO Успешно получили комментарии для 5 видео
../logs/API_methods.log 2025-03-05 14:56:36,425 INFO ФУНКЦИЯ GET_VIDEO_COMMENT!!!
../logs/API_methods.log 2025-03-05 14:56:36,539 INFO Проблема с комментариями к видео Видео от Азамат Мусагалиев
../logs/API_methods.log 2025-03-05 14:56:36,539 INFO Проблема с комментариями к видео Видео от Азамат Мусагалиев
../logs/API_methods.log 2025-03-05 14:56:36,539 INFO Проблема с комментариями к видео Видео от Азамат Мусагалиев
../logs/API_methods.log 2025-03-05 14:56:36,539 INFO Проблема с комментариями к видео Видео от Азамат Мусагалиев
../logs/API_methods.log 2025-03-05 14:56:36,539 INFO Проблема с комментариями к видео ШБК и Скриптотип
../logs/API_methods.log 2025-03-05 14:56:36,539 INFO Успешно получили комментарии для 5 видео
../logs/API_methods.log 2025-03-05 14:56:37,549 INFO ФУНКЦИЯ GET_VIDEO_COMMENT!!!
../logs/API_methods.log 2025-03-05 14:56:37,663 INFO Проблема с комментариями к видео video
../logs/API_methods.log 2025-03-05 14:56:37,663 INFO Проблема с комментариями к видео 1
../logs/API_methods.log 2025-03-05 14:56:37,663 INFO Проблема с комментариями к видео Видео от Азамат Мусагалиев
../logs/API_methods.log 2025-03-05 14:56:37,663 INFO Проблема с комментариями к видео Болт
../logs/API_methods.log 2025-03-05 14:56:37,663 INFO Проблема с комментариями к видео Видео от Азамат Мусагалиев
../logs/API_methods.log 2025-03-05 14:56:37,664 INFO Успешно получили комментарии для 5 видео
../logs/API_methods.log 2025-03-05 14:56:38,670 INFO ФУНКЦИЯ GET_VIDEO_COMMENT!!!
../logs/API_methods.log 2025-03-05 14:56:38,782 INFO Проблема с комментариями к видео Видео от Азамат Мусагалиев
../logs/API_methods.log 2025-03-05 14:56:38,782 INFO Проблема с комментариями к видео Видео от Азамат Мусагалиев
../logs/API_methods.log 2025-03-05 14:56:38,782 INFO Проблема с комментариями к видео Видео от Азамат Мусагалиев
../logs/API_methods.log 2025-03-05 14:56:38,782 INFO Проблема с комментариями к видео Видео от Азамат Мусагалиев
../logs/API_methods.log 2025-03-05 14:56:38,782 INFO Проблема с комментариями к видео Видео от Азамат Мусагалиев
../logs/API_methods.log 2025-03-05 14:56:38,782 INFO Успешно получили комментарии для 5 видео
../logs/API_methods.log 2025-03-05 14:56:39,788 INFO ФУНКЦИЯ GET_VIDEO_COMMENT!!!
../logs/API_methods.log 2025-03-05 14:56:39,918 INFO Проблема с комментариями к видео Видео от Азамат Мусагалиев
../logs/API_methods.log 2025-03-05 14:56:39,918 INFO Проблема с комментариями к видео Видео от Азамат Мусагалиев
../logs/API_methods.log 2025-03-05 14:56:39,918 INFO Проблема с комментариями к видео ВИА ШБК - Укрой меня небом своих глаз
../logs/API_methods.log 2025-03-05 14:56:39,918 INFO Проблема с комментариями к видео ВИА БК и Ильзе Бическу - Череда очередей
../logs/API_methods.log 2025-03-05 14:56:39,919 INFO Проблема с комментариями к видео BOYSBEZGIRLS - Нет
../logs/API_methods.log 2025-03-05 14:56:39,919 INFO Успешно получили комментарии для 5 видео
../logs/API_methods.log 2025-03-05 14:56:40,924 INFO ФУНКЦИЯ GET_VIDEO_COMMENT!!!
../logs/API_methods.log 2025-03-05 14:56:41,033 INFO Проблема с комментариями к видео Видео от Азамат Мусагалиев
../logs/API_methods.log 2025-03-05 14:56:41,034 INFO Проблема с комментариями к видео video_2022-03-23_07-49-41
../logs/API_methods.log 2025-03-05 14:56:41,034 INFO Проблема с комментариями к видео Видео от Азамат Мусагалиев
../logs/API_methods.log 2025-03-05 14:56:41,034 INFO Проблема с комментариями к видео @azabraza1984
../logs/API_methods.log 2025-03-05 14:56:41,034 INFO Проблема с комментариями к видео azabraza1984
../logs/API_methods.log 2025-03-05 14:56:41,034 INFO Успешно получили комментарии для 5 видео
../logs/API_methods.log 2025-03-05 14:56:42,039 INFO ФУНКЦИЯ GET_VIDEO_COMMENT!!!
../logs/API_methods.log 2025-03-05 14:56:42,154 INFO Проблема с комментариями к видео 15.01.2022
../logs/API_methods.log 2025-03-05 14:56:42,154 INFO Проблема с комментариями к видео @azabraza1984
../logs/API_methods.log 2025-03-05 14:56:42,154 INFO Проблема с комментариями к видео @azabraza1984
../logs/API_methods.log 2025-03-05 14:56:42,154 INFO Проблема с комментариями к видео @azabraza1984
../logs/API_methods.log 2025-03-05 14:56:42,154 INFO Проблема с комментариями к видео @azabraza1984
../logs/API_methods.log 2025-03-05 14:56:42,154 INFO Успешно получили комментарии для 5 видео
../logs/API_methods.log 2025-03-05 14:56:43,162 INFO ФУНКЦИЯ GET_VIDEO_COMMENT!!!
../logs/API_methods.log 2025-03-05 14:56:43,270 INFO Проблема с комментариями к видео @azabraza1984
../logs/API_methods.log 2025-03-05 14:56:43,270 INFO Проблема с комментариями к видео @azabraza1984
../logs/API_methods.log 2025-03-05 14:56:43,270 INFO Проблема с комментариями к видео @azabraza1984
../logs/API_methods.log 2025-03-05 14:56:43,270 INFO Проблема с комментариями к видео 17.11.2021
../logs/API_methods.log 2025-03-05 14:56:43,270 INFO Проблема с комментариями к видео 16.11.2021
../logs/API_methods.log 2025-03-05 14:56:43,270 INFO Успешно получили комментарии для 5 видео
../logs/API_methods.log 2025-03-05 14:56:44,279 INFO ФУНКЦИЯ GET_VIDEO_COMMENT!!!
../logs/API_methods.log 2025-03-05 14:56:44,415 INFO Проблема с комментариями к видео 15.11.2021
../logs/API_methods.log 2025-03-05 14:56:44,415 INFO Проблема с комментариями к видео @azabraza1984
../logs/API_methods.log 2025-03-05 14:56:44,415 INFO Проблема с комментариями к видео azabraza1984
../logs/API_methods.log 2025-03-05 14:56:44,415 INFO Проблема с комментариями к видео @azabraza1984
../logs/API_methods.log 2025-03-05 14:56:44,415 INFO Проблема с комментариями к видео 18.10.2021
../logs/API_methods.log 2025-03-05 14:56:44,415 INFO Успешно получили комментарии для 5 видео
../logs/API_methods.log 2025-03-05 14:56:45,425 INFO ФУНКЦИЯ GET_VIDEO_COMMENT!!!
../logs/API_methods.log 2025-03-05 14:56:45,539 INFO Проблема с комментариями к видео azabraza1984
../logs/API_methods.log 2025-03-05 14:56:45,539 INFO Проблема с комментариями к видео МегаФон Плюс: 4 подписки по цене 1
../logs/API_methods.log 2025-03-05 14:56:45,539 INFO Проблема с комментариями к видео 13.10.2021
../logs/API_methods.log 2025-03-05 14:56:45,539 INFO Проблема с комментариями к видео @azabraza1984
../logs/API_methods.log 2025-03-05 14:56:45,539 INFO Проблема с комментариями к видео 06.10.2021
../logs/API_methods.log 2025-03-05 14:56:45,539 INFO Успешно получили комментарии для 5 видео
../logs/API_methods.log 2025-03-05 14:56:46,543 INFO ФУНКЦИЯ GET_VIDEO_COMMENT!!!
../logs/API_methods.log 2025-03-05 14:56:46,672 INFO Проблема с комментариями к видео 06.10.2021
../logs/API_methods.log 2025-03-05 14:56:46,672 INFO Проблема с комментариями к видео @azabraza1984
../logs/API_methods.log 2025-03-05 14:56:46,673 INFO Проблема с комментариями к видео 23.09.2021
../logs/API_methods.log 2025-03-05 14:56:46,673 INFO Проблема с комментариями к видео BOYSBEZGIRLS - Ненастоящий дождь
../logs/API_methods.log 2025-03-05 14:56:46,673 INFO Проблема с комментариями к видео 14.09.2021
../logs/API_methods.log 2025-03-05 14:56:46,673 INFO Успешно получили комментарии для 5 видео
../logs/API_methods.log 2025-03-05 14:56:47,681 INFO ФУНКЦИЯ GET_VIDEO_COMMENT!!!
../logs/API_methods.log 2025-03-05 14:56:47,799 INFO Проблема с комментариями к видео 14.09.2021
../logs/API_methods.log 2025-03-05 14:56:47,799 INFO Проблема с комментариями к видео @azabraza1984
../logs/API_methods.log 2025-03-05 14:56:47,799 INFO Проблема с комментариями к видео 25.08.2021
../logs/API_methods.log 2025-03-05 14:56:47,799 INFO Проблема с комментариями к видео 23.08.2021
../logs/API_methods.log 2025-03-05 14:56:47,799 INFO Проблема с комментариями к видео 16.08.2021
../logs/API_methods.log 2025-03-05 14:56:47,800 INFO Успешно получили комментарии для 5 видео
../logs/API_methods.log 2025-03-05 14:56:48,806 INFO ФУНКЦИЯ GET_VIDEO_COMMENT!!!
../logs/API_methods.log 2025-03-05 14:56:48,929 INFO Проблема с комментариями к видео @azabraza1984
../logs/API_methods.log 2025-03-05 14:56:48,929 INFO Проблема с комментариями к видео «Первый семейный» тариф — Говори с детьми бесплатно
../logs/API_methods.log 2025-03-05 14:56:48,929 INFO Проблема с комментариями к видео Брюс Уиллис
../logs/API_methods.log 2025-03-05 14:56:48,929 INFO Проблема с комментариями к видео tiktok
../logs/API_methods.log 2025-03-05 14:56:48,929 INFO Проблема с комментариями к видео 15.08.2021
../logs/API_methods.log 2025-03-05 14:56:48,929 INFO Успешно получили комментарии для 5 видео
../logs/API_methods.log 2025-03-05 14:56:49,938 INFO ФУНКЦИЯ GET_VIDEO_COMMENT!!!
../logs/API_methods.log 2025-03-05 14:56:50,137 INFO Проблема с комментариями к видео @azabraza1984
../logs/API_methods.log 2025-03-05 14:56:50,137 INFO Проблема с комментариями к видео 13.08.2021
../logs/API_methods.log 2025-03-05 14:56:50,137 INFO Проблема с комментариями к видео tiktok
../logs/API_methods.log 2025-03-05 14:56:50,137 INFO Проблема с комментариями к видео @azabraza1984
../logs/API_methods.log 2025-03-05 14:56:50,137 INFO Проблема с комментариями к видео @azabraza1984
../logs/API_methods.log 2025-03-05 14:56:50,137 INFO Успешно получили комментарии для 5 видео
../logs/API_methods.log 2025-03-05 14:56:51,138 INFO ФУНКЦИЯ GET_VIDEO_COMMENT!!!
../logs/API_methods.log 2025-03-05 14:56:51,257 INFO Проблема с комментариями к видео azabraza1984
../logs/API_methods.log 2025-03-05 14:56:51,257 INFO Проблема с комментариями к видео @azabraza1984
../logs/API_methods.log 2025-03-05 14:56:51,257 INFO Проблема с комментариями к видео 23.07.2021
../logs/API_methods.log 2025-03-05 14:56:51,257 INFO Проблема с комментариями к видео @azabraza1984
../logs/API_methods.log 2025-03-05 14:56:51,257 INFO Проблема с комментариями к видео 2605480737673147196
../logs/API_methods.log 2025-03-05 14:56:51,258 INFO Успешно получили комментарии для 5 видео
../logs/API_methods.log 2025-03-05 14:56:52,264 INFO ФУНКЦИЯ GET_VIDEO_COMMENT!!!
../logs/API_methods.log 2025-03-05 14:56:52,380 INFO Проблема с комментариями к видео @azabraza1984
../logs/API_methods.log 2025-03-05 14:56:52,380 INFO Проблема с комментариями к видео @azabraza1984
../logs/API_methods.log 2025-03-05 14:56:52,380 INFO Проблема с комментариями к видео 14/06/2021
../logs/API_methods.log 2025-03-05 14:56:52,381 INFO Проблема с комментариями к видео 22.05.2021
../logs/API_methods.log 2025-03-05 14:56:52,381 INFO Проблема с комментариями к видео 17.05.2021
../logs/API_methods.log 2025-03-05 14:56:52,381 INFO Успешно получили комментарии для 5 видео
../logs/API_methods.log 2025-03-05 14:56:53,388 INFO ФУНКЦИЯ GET_VIDEO_COMMENT!!!
../logs/API_methods.log 2025-03-05 14:56:53,505 INFO Проблема с комментариями к видео @azabraza1984
../logs/API_methods.log 2025-03-05 14:56:53,505 INFO Проблема с комментариями к видео @azabraza1984
../logs/API_methods.log 2025-03-05 14:56:53,505 INFO Проблема с комментариями к видео 15.05.2021
../logs/API_methods.log 2025-03-05 14:56:53,506 INFO Проблема с комментариями к видео 04.05.2021
../logs/API_methods.log 2025-03-05 14:56:53,506 INFO Проблема с комментариями к видео Прожарка
../logs/API_methods.log 2025-03-05 14:56:53,506 INFO Успешно получили комментарии для 5 видео
../logs/API_methods.log 2025-03-05 14:56:54,515 INFO ФУНКЦИЯ GET_VIDEO_COMMENT!!!
../logs/API_methods.log 2025-03-05 14:56:54,620 INFO Проблема с комментариями к видео @azabraza1984
../logs/API_methods.log 2025-03-05 14:56:54,620 INFO Проблема с комментариями к видео @azabraza1984
../logs/API_methods.log 2025-03-05 14:56:54,620 INFO Проблема с комментариями к видео @azabraza1984
../logs/API_methods.log 2025-03-05 14:56:54,620 INFO Проблема с комментариями к видео @azabraza1984
../logs/API_methods.log 2025-03-05 14:56:54,620 INFO Проблема с комментариями к видео @azabraza1984
../logs/API_methods.log 2025-03-05 14:56:54,620 INFO Успешно получили комментарии для 5 видео
../logs/API_methods.log 2025-03-05 14:56:55,628 INFO ФУНКЦИЯ GET_VIDEO_COMMENT!!!
../logs/API_methods.log 2025-03-05 14:56:55,737 INFO Проблема с комментариями к видео @azabraza1984
../logs/API_methods.log 2025-03-05 14:56:55,738 INFO Проблема с комментариями к видео @azabraza1984
../logs/API_methods.log 2025-03-05 14:56:55,738 INFO Проблема с комментариями к видео 28.03.2021
../logs/API_methods.log 2025-03-05 14:56:55,738 INFO Проблема с комментариями к видео 25.03.2021
../logs/API_methods.log 2025-03-05 14:56:55,738 INFO Проблема с комментариями к видео @azabraza1984
../logs/API_methods.log 2025-03-05 14:56:55,738 INFO Успешно получили комментарии для 5 видео
../logs/API_methods.log 2025-03-05 14:56:56,747 INFO ФУНКЦИЯ GET_VIDEO_COMMENT!!!
../logs/API_methods.log 2025-03-05 14:56:56,883 INFO Проблема с комментариями к видео 24.03.2021
../logs/API_methods.log 2025-03-05 14:56:56,883 INFO Проблема с комментариями к видео 12.03.2021
../logs/API_methods.log 2025-03-05 14:56:56,883 INFO Проблема с комментариями к видео 10.03.2021
../logs/API_methods.log 2025-03-05 14:56:56,883 INFO Проблема с комментариями к видео 09.03.2021
../logs/API_methods.log 2025-03-05 14:56:56,884 INFO Проблема с комментариями к видео @azabraza1984
../logs/API_methods.log 2025-03-05 14:56:56,884 INFO Успешно получили комментарии для 5 видео
../logs/API_methods.log 2025-03-05 14:56:57,890 INFO ФУНКЦИЯ GET_VIDEO_COMMENT!!!
../logs/API_methods.log 2025-03-05 14:56:57,994 INFO Проблема с комментариями к видео GQ
../logs/API_methods.log 2025-03-05 14:56:57,995 INFO Проблема с комментариями к видео @azabraza1984
../logs/API_methods.log 2025-03-05 14:56:57,995 INFO Проблема с комментариями к видео 27.02.2021. @lera_protivpravil
../logs/API_methods.log 2025-03-05 14:56:57,995 INFO Проблема с комментариями к видео Закулисье
../logs/API_methods.log 2025-03-05 14:56:57,995 INFO Проблема с комментариями к видео 25.01.2020
../logs/API_methods.log 2025-03-05 14:56:57,995 INFO Успешно получили комментарии для 5 видео
../logs/API_methods.log 2025-03-05 14:56:59,000 INFO ФУНКЦИЯ GET_VIDEO_COMMENT!!!
../logs/API_methods.log 2025-03-05 14:56:59,110 INFO Проблема с комментариями к видео @azabraza1984
../logs/API_methods.log 2025-03-05 14:56:59,110 INFO Проблема с комментариями к видео Вскользь - ЛА
../logs/API_methods.log 2025-03-05 14:56:59,110 INFO Проблема с комментариями к видео ПРЕМЬЕРА! Субботнее шоу "Музыкальная интуиция" 27 февраля в 20:00 на ТНТ
../logs/API_methods.log 2025-03-05 14:56:59,110 INFO Проблема с комментариями к видео 12.02.2021
../logs/API_methods.log 2025-03-05 14:56:59,110 INFO Проблема с комментариями к видео Импровизация.Команды:  в пятницу в 23:00 на ТНТ!
../logs/API_methods.log 2025-03-05 14:56:59,110 INFO Успешно получили комментарии для 5 видео
../logs/API_methods.log 2025-03-05 14:57:00,113 INFO ФУНКЦИЯ GET_VIDEO_COMMENT!!!
../logs/API_methods.log 2025-03-05 14:57:00,232 INFO Проблема с комментариями к видео Win mobile
../logs/API_methods.log 2025-03-05 14:57:00,233 INFO Проблема с комментариями к видео Много Азамата
../logs/API_methods.log 2025-03-05 14:57:00,233 INFO Проблема с комментариями к видео 05.02.2021
../logs/API_methods.log 2025-03-05 14:57:00,233 INFO Проблема с комментариями к видео 05.02.2021
../logs/API_methods.log 2025-03-05 14:57:00,233 INFO Проблема с комментариями к видео @azabraza1984
../logs/API_methods.log 2025-03-05 14:57:00,233 INFO Успешно получили комментарии для 5 видео
../logs/API_methods.log 2025-03-05 14:57:01,236 INFO ФУНКЦИЯ GET_VIDEO_COMMENT!!!
../logs/API_methods.log 2025-03-05 14:57:01,357 INFO Проблема с комментариями к видео @azabraza1984
../logs/API_methods.log 2025-03-05 14:57:01,357 INFO Проблема с комментариями к видео @azabraza1984
../logs/API_methods.log 2025-03-05 14:57:01,357 INFO Проблема с комментариями к видео @azabraza1984
../logs/API_methods.log 2025-03-05 14:57:01,357 INFO Проблема с комментариями к видео @azabraza1984
../logs/API_methods.log 2025-03-05 14:57:01,358 INFO Проблема с комментариями к видео @azabraza1984
../logs/API_methods.log 2025-03-05 14:57:01,358 INFO Успешно получили комментарии для 5 видео
../logs/API_methods.log 2025-03-05 14:57:02,367 INFO ФУНКЦИЯ GET_VIDEO_COMMENT!!!
../logs/API_methods.log 2025-03-05 14:57:02,482 INFO Проблема с комментариями к видео @azabraza1984
../logs/API_methods.log 2025-03-05 14:57:02,482 INFO Проблема с комментариями к видео @azabraza1984
../logs/API_methods.log 2025-03-05 14:57:02,482 INFO Проблема с комментариями к видео 14.01.2021
../logs/API_methods.log 2025-03-05 14:57:02,482 INFO Проблема с комментариями к видео 12.01.2021
../logs/API_methods.log 2025-03-05 14:57:02,482 INFO Проблема с комментариями к видео Знакомство
../logs/API_methods.log 2025-03-05 14:57:02,482 INFO Успешно получили комментарии для 5 видео
../logs/API_methods.log 2025-03-05 14:57:03,485 INFO ФУНКЦИЯ GET_VIDEO_COMMENT!!!
../logs/API_methods.log 2025-03-05 14:57:03,606 INFO Проблема с комментариями к видео 07.01.2021
../logs/API_methods.log 2025-03-05 14:57:03,606 INFO Проблема с комментариями к видео 07.01.2021
../logs/API_methods.log 2025-03-05 14:57:03,606 INFO Проблема с комментариями к видео @azabraza1984
../logs/API_methods.log 2025-03-05 14:57:03,606 INFO Проблема с комментариями к видео @azabraza1984
../logs/API_methods.log 2025-03-05 14:57:03,606 INFO Проблема с комментариями к видео @azabraza1984
../logs/API_methods.log 2025-03-05 14:57:03,607 INFO Успешно получили комментарии для 5 видео
../logs/API_methods.log 2025-03-05 14:57:04,614 INFO ФУНКЦИЯ GET_VIDEO_COMMENT!!!
../logs/API_methods.log 2025-03-05 14:57:04,731 INFO Проблема с комментариями к видео @azabraza1984
../logs/API_methods.log 2025-03-05 14:57:04,731 INFO Проблема с комментариями к видео 02.01.2021
../logs/API_methods.log 2025-03-05 14:57:04,731 INFO Проблема с комментариями к видео 02.01.2021
../logs/API_methods.log 2025-03-05 14:57:04,731 INFO Проблема с комментариями к видео 31.12.2020
../logs/API_methods.log 2025-03-05 14:57:04,731 INFO Проблема с комментариями к видео 25.12.2020
../logs/API_methods.log 2025-03-05 14:57:04,731 INFO Успешно получили комментарии для 5 видео
../logs/API_methods.log 2025-03-05 14:57:05,737 INFO ФУНКЦИЯ GET_VIDEO_COMMENT!!!
../logs/API_methods.log 2025-03-05 14:57:05,852 INFO Проблема с комментариями к видео 24.12.2020
../logs/API_methods.log 2025-03-05 14:57:05,852 INFO Проблема с комментариями к видео @azabraza1984
../logs/API_methods.log 2025-03-05 14:57:05,852 INFO Проблема с комментариями к видео @azabraza1984
../logs/API_methods.log 2025-03-05 14:57:05,852 INFO Проблема с комментариями к видео 22.12.2020
../logs/API_methods.log 2025-03-05 14:57:05,852 INFO Проблема с комментариями к видео @azabraza1984
../logs/API_methods.log 2025-03-05 14:57:05,852 INFO Успешно получили комментарии для 5 видео
../logs/API_methods.log 2025-03-05 14:57:06,860 INFO ФУНКЦИЯ GET_VIDEO_COMMENT!!!
../logs/API_methods.log 2025-03-05 14:57:06,976 INFO Проблема с комментариями к видео «Матч ТВ» на хоккее встретил шоумена Азамата Мусагалиева
../logs/API_methods.log 2025-03-05 14:57:06,976 INFO Проблема с комментариями к видео Кубок Первого канала
../logs/API_methods.log 2025-03-05 14:57:06,976 INFO Проблема с комментариями к видео 19.12.2020. @zuhra_urazbakhtina
../logs/API_methods.log 2025-03-05 14:57:06,976 INFO Проблема с комментариями к видео 19.12.2020. @russiahockey
../logs/API_methods.log 2025-03-05 14:57:06,976 INFO Проблема с комментариями к видео 18.12.2020. @dorokhovdenisofficial
../logs/API_methods.log 2025-03-05 14:57:06,976 INFO Успешно получили комментарии для 5 видео
../logs/API_methods.log 2025-03-05 14:57:07,977 INFO ФУНКЦИЯ GET_VIDEO_COMMENT!!!
../logs/API_methods.log 2025-03-05 14:57:08,090 INFO Проблема с комментариями к видео @azabraza1984
../logs/API_methods.log 2025-03-05 14:57:08,091 INFO Проблема с комментариями к видео 10.12.2020
../logs/API_methods.log 2025-03-05 14:57:08,091 INFO Проблема с комментариями к видео @dvoenamillion
../logs/API_methods.log 2025-03-05 14:57:08,091 INFO Проблема с комментариями к видео @azabraza1984
../logs/API_methods.log 2025-03-05 14:57:08,091 INFO Проблема с комментариями к видео @azabraza1984
../logs/API_methods.log 2025-03-05 14:57:08,091 INFO Успешно получили комментарии для 5 видео
../logs/API_methods.log 2025-03-05 14:57:09,093 INFO ФУНКЦИЯ GET_VIDEO_COMMENT!!!
../logs/API_methods.log 2025-03-05 14:57:09,234 INFO Проблема с комментариями к видео @azabraza1984
../logs/API_methods.log 2025-03-05 14:57:09,234 INFO Проблема с комментариями к видео 23.11.2020
../logs/API_methods.log 2025-03-05 14:57:09,234 INFO Проблема с комментариями к видео @azabraza1984
../logs/API_methods.log 2025-03-05 14:57:09,234 INFO Проблема с комментариями к видео @talk_tnt
../logs/API_methods.log 2025-03-05 14:57:09,234 INFO Проблема с комментариями к видео 22.11.2020
../logs/API_methods.log 2025-03-05 14:57:09,234 INFO Успешно получили комментарии для 5 видео
../logs/API_methods.log 2025-03-05 14:57:10,242 INFO ФУНКЦИЯ GET_VIDEO_COMMENT!!!
../logs/API_methods.log 2025-03-05 14:57:10,381 INFO Проблема с комментариями к видео 22.11.2020
../logs/API_methods.log 2025-03-05 14:57:10,381 INFO Проблема с комментариями к видео 17.11.2020
../logs/API_methods.log 2025-03-05 14:57:10,381 INFO Проблема с комментариями к видео 17.11.2020. @ptaha
../logs/API_methods.log 2025-03-05 14:57:10,382 INFO Проблема с комментариями к видео @azabraza1984
../logs/API_methods.log 2025-03-05 14:57:10,382 INFO Проблема с комментариями к видео 14.11.2020
../logs/API_methods.log 2025-03-05 14:57:10,382 INFO Успешно получили комментарии для 5 видео
../logs/API_methods.log 2025-03-05 14:57:11,384 INFO ФУНКЦИЯ GET_VIDEO_COMMENT!!!
../logs/API_methods.log 2025-03-05 14:57:11,490 INFO Проблема с комментариями к видео @azabraza1984
../logs/API_methods.log 2025-03-05 14:57:11,490 INFO Проблема с комментариями к видео @azabraza1984
../logs/API_methods.log 2025-03-05 14:57:11,490 INFO Проблема с комментариями к видео @azabraza1984
../logs/API_methods.log 2025-03-05 14:57:11,490 INFO Проблема с комментариями к видео @azabraza1984
../logs/API_methods.log 2025-03-05 14:57:11,490 INFO Проблема с комментариями к видео 07.11.2020. @ptaha
../logs/API_methods.log 2025-03-05 14:57:11,490 INFO Успешно получили комментарии для 5 видео
../logs/API_methods.log 2025-03-05 14:57:12,494 INFO ФУНКЦИЯ GET_VIDEO_COMMENT!!!
../logs/API_methods.log 2025-03-05 14:57:12,620 INFO Проблема с комментариями к видео @azabraza1984
../logs/API_methods.log 2025-03-05 14:57:12,621 INFO Проблема с комментариями к видео @azabraza1984
../logs/API_methods.log 2025-03-05 14:57:12,621 INFO Проблема с комментариями к видео @azabraza1984
../logs/API_methods.log 2025-03-05 14:57:12,621 INFO Проблема с комментариями к видео 25.10.2020
../logs/API_methods.log 2025-03-05 14:57:12,621 INFO Проблема с комментариями к видео BORIS CASANOVA
../logs/API_methods.log 2025-03-05 14:57:12,621 INFO Успешно получили комментарии для 5 видео
../logs/API_methods.log 2025-03-05 14:57:13,628 INFO ФУНКЦИЯ GET_VIDEO_COMMENT!!!
../logs/API_methods.log 2025-03-05 14:57:13,754 INFO Проблема с комментариями к видео @ukaterina03
../logs/API_methods.log 2025-03-05 14:57:13,754 INFO Проблема с комментариями к видео @ukaterina03
../logs/API_methods.log 2025-03-05 14:57:13,754 INFO Проблема с комментариями к видео ТЫ КАК Я | Сегодня в 19.00 на ТНТ
../logs/API_methods.log 2025-03-05 14:57:13,754 INFO Проблема с комментариями к видео Ты как Я
../logs/API_methods.log 2025-03-05 14:57:13,754 INFO Проблема с комментариями к видео @azabraza1984
../logs/API_methods.log 2025-03-05 14:57:13,754 INFO Успешно получили комментарии для 5 видео
../logs/API_methods.log 2025-03-05 14:57:14,761 INFO ФУНКЦИЯ GET_VIDEO_COMMENT!!!
../logs/API_methods.log 2025-03-05 14:57:14,885 INFO Проблема с комментариями к видео 15.10.2020
../logs/API_methods.log 2025-03-05 14:57:14,885 INFO Проблема с комментариями к видео 14.10.2020
../logs/API_methods.log 2025-03-05 14:57:14,885 INFO Проблема с комментариями к видео 14.10.2020
../logs/API_methods.log 2025-03-05 14:57:14,885 INFO Проблема с комментариями к видео 12.10.2020
../logs/API_methods.log 2025-03-05 14:57:14,885 INFO Проблема с комментариями к видео Группа Электротело
../logs/API_methods.log 2025-03-05 14:57:14,885 INFO Успешно получили комментарии для 5 видео
../logs/API_methods.log 2025-03-05 14:57:15,896 INFO ФУНКЦИЯ GET_VIDEO_COMMENT!!!
../logs/API_methods.log 2025-03-05 14:57:16,020 INFO Проблема с комментариями к видео Новости
../logs/API_methods.log 2025-03-05 14:57:16,020 INFO Проблема с комментариями к видео 05.10.2020
../logs/API_methods.log 2025-03-05 14:57:16,021 INFO Проблема с комментариями к видео 05.10.2020
../logs/API_methods.log 2025-03-05 14:57:16,021 INFO Проблема с комментариями к видео 04.10.2020
../logs/API_methods.log 2025-03-05 14:57:16,021 INFO Проблема с комментариями к видео @azabraza1984
../logs/API_methods.log 2025-03-05 14:57:16,021 INFO Успешно получили комментарии для 5 видео
../logs/API_methods.log 2025-03-05 14:57:17,028 INFO ФУНКЦИЯ GET_VIDEO_COMMENT!!!
../logs/API_methods.log 2025-03-05 14:57:17,138 INFO Проблема с комментариями к видео Онлайн-презентация нового комедийного сериала "ГУСАР"
../logs/API_methods.log 2025-03-05 14:57:17,139 INFO Проблема с комментариями к видео @azabraza1984
../logs/API_methods.log 2025-03-05 14:57:17,139 INFO Проблема с комментариями к видео Фэйшн Нэйшн
../logs/API_methods.log 2025-03-05 14:57:17,139 INFO Проблема с комментариями к видео @tnt_online
../logs/API_methods.log 2025-03-05 14:57:17,139 INFO Проблема с комментариями к видео @azabraza1984
../logs/API_methods.log 2025-03-05 14:57:17,139 INFO Успешно получили комментарии для 5 видео
../logs/API_methods.log 2025-03-05 14:57:18,145 INFO ФУНКЦИЯ GET_VIDEO_COMMENT!!!
../logs/API_methods.log 2025-03-05 14:57:18,264 INFO Проблема с комментариями к видео 19.09.2020
../logs/API_methods.log 2025-03-05 14:57:18,265 INFO Проблема с комментариями к видео 18.09.2020
../logs/API_methods.log 2025-03-05 14:57:18,265 INFO Проблема с комментариями к видео Азамат и Лейсан
../logs/API_methods.log 2025-03-05 14:57:18,265 INFO Проблема с комментариями к видео Васта & Выверт
../logs/API_methods.log 2025-03-05 14:57:18,265 INFO Проблема с комментариями к видео @azabraza1984
../logs/API_methods.log 2025-03-05 14:57:18,265 INFO Успешно получили комментарии для 5 видео
../logs/API_methods.log 2025-03-05 14:57:19,272 INFO ФУНКЦИЯ GET_VIDEO_COMMENT!!!
../logs/API_methods.log 2025-03-05 14:57:19,388 INFO Проблема с комментариями к видео ВИА «ШИКОВ.БЛЕСКОВ.КРАСОТАЕВ» и Ильзе Бическу
../logs/API_methods.log 2025-03-05 14:57:19,388 INFO Проблема с комментариями к видео 06.09.2020
../logs/API_methods.log 2025-03-05 14:57:19,389 INFO Проблема с комментариями к видео @ovrshow
../logs/API_methods.log 2025-03-05 14:57:19,389 INFO Проблема с комментариями к видео 25.08.2020
../logs/API_methods.log 2025-03-05 14:57:19,389 INFO Проблема с комментариями к видео 22.08.2020
../logs/API_methods.log 2025-03-05 14:57:19,389 INFO Успешно получили комментарии для 5 видео
../logs/API_methods.log 2025-03-05 14:57:20,392 INFO ФУНКЦИЯ GET_VIDEO_COMMENT!!!
../logs/API_methods.log 2025-03-05 14:57:20,508 INFO Проблема с комментариями к видео Скоро
../logs/API_methods.log 2025-03-05 14:57:20,509 INFO Проблема с комментариями к видео 09.08.2020
../logs/API_methods.log 2025-03-05 14:57:20,509 INFO Проблема с комментариями к видео 09.08.2020
../logs/API_methods.log 2025-03-05 14:57:20,509 INFO Проблема с комментариями к видео 09.08.2020
../logs/API_methods.log 2025-03-05 14:57:20,509 INFO Проблема с комментариями к видео 09.08.2020
../logs/API_methods.log 2025-03-05 14:57:20,509 INFO Успешно получили комментарии для 5 видео
../logs/API_methods.log 2025-03-05 14:57:21,515 INFO ФУНКЦИЯ GET_VIDEO_COMMENT!!!
../logs/API_methods.log 2025-03-05 14:57:21,634 INFO Проблема с комментариями к видео 09.08.2020
../logs/API_methods.log 2025-03-05 14:57:21,634 INFO Проблема с комментариями к видео 09.08.2020
../logs/API_methods.log 2025-03-05 14:57:21,634 INFO Проблема с комментариями к видео 26.07.2020
../logs/API_methods.log 2025-03-05 14:57:21,634 INFO Проблема с комментариями к видео @azabraza1984
../logs/API_methods.log 2025-03-05 14:57:21,634 INFO Проблема с комментариями к видео 16.07.2020
../logs/API_methods.log 2025-03-05 14:57:21,635 INFO Успешно получили комментарии для 5 видео
../logs/API_methods.log 2025-03-05 14:57:22,639 INFO ФУНКЦИЯ GET_VIDEO_COMMENT!!!
../logs/API_methods.log 2025-03-05 14:57:22,774 INFO Проблема с комментариями к видео @azabraza1984
../logs/API_methods.log 2025-03-05 14:57:22,774 INFO Проблема с комментариями к видео 14.07.2020
../logs/API_methods.log 2025-03-05 14:57:22,775 INFO Проблема с комментариями к видео @azabraza1984
../logs/API_methods.log 2025-03-05 14:57:22,775 INFO Проблема с комментариями к видео 30.06.2020
../logs/API_methods.log 2025-03-05 14:57:22,775 INFO Проблема с комментариями к видео 29.06.2020
../logs/API_methods.log 2025-03-05 14:57:22,775 INFO Успешно получили комментарии для 5 видео
../logs/API_methods.log 2025-03-05 14:57:23,779 INFO ФУНКЦИЯ GET_VIDEO_COMMENT!!!
../logs/API_methods.log 2025-03-05 14:57:23,883 INFO Проблема с комментариями к видео 28.06.2020
../logs/API_methods.log 2025-03-05 14:57:23,884 INFO Проблема с комментариями к видео 28.06.2020
../logs/API_methods.log 2025-03-05 14:57:23,884 INFO Проблема с комментариями к видео @igorchehov
../logs/API_methods.log 2025-03-05 14:57:23,884 INFO Проблема с комментариями к видео @azabraza1984
../logs/API_methods.log 2025-03-05 14:57:23,884 INFO Проблема с комментариями к видео 26.06.2020. @kuchumova_selya
../logs/API_methods.log 2025-03-05 14:57:23,884 INFO Успешно получили комментарии для 5 видео
../logs/API_methods.log 2025-03-05 14:57:24,890 INFO ФУНКЦИЯ GET_VIDEO_COMMENT!!!
../logs/API_methods.log 2025-03-05 14:57:24,999 INFO Проблема с комментариями к видео @azabraza1984
../logs/API_methods.log 2025-03-05 14:57:25,000 INFO Проблема с комментариями к видео 19.06.2020
../logs/API_methods.log 2025-03-05 14:57:25,000 INFO Проблема с комментариями к видео 19.06.2020
../logs/API_methods.log 2025-03-05 14:57:25,000 INFO Проблема с комментариями к видео 19.06.2020
../logs/API_methods.log 2025-03-05 14:57:25,000 INFO Проблема с комментариями к видео 18.06.2020
../logs/API_methods.log 2025-03-05 14:57:25,000 INFO Успешно получили комментарии для 5 видео
../logs/API_methods.log 2025-03-05 14:57:26,007 INFO ФУНКЦИЯ GET_VIDEO_COMMENT!!!
../logs/API_methods.log 2025-03-05 14:57:26,112 INFO Проблема с комментариями к видео @azabraza1984
../logs/API_methods.log 2025-03-05 14:57:26,112 INFO Проблема с комментариями к видео 15.06.2020
../logs/API_methods.log 2025-03-05 14:57:26,112 INFO Проблема с комментариями к видео 15.06.2020
../logs/API_methods.log 2025-03-05 14:57:26,113 INFO Проблема с комментариями к видео @azabraza1984
../logs/API_methods.log 2025-03-05 14:57:26,113 INFO Проблема с комментариями к видео azabraza1984
../logs/API_methods.log 2025-03-05 14:57:26,113 INFO Успешно получили комментарии для 5 видео
../logs/API_methods.log 2025-03-05 14:57:27,117 INFO ФУНКЦИЯ GET_VIDEO_COMMENT!!!
../logs/API_methods.log 2025-03-05 14:57:27,222 INFO Проблема с комментариями к видео @azabraza1984
../logs/API_methods.log 2025-03-05 14:57:27,222 INFO Проблема с комментариями к видео @azabraza1984
../logs/API_methods.log 2025-03-05 14:57:27,222 INFO Проблема с комментариями к видео @azabraza1984
../logs/API_methods.log 2025-03-05 14:57:27,222 INFO Проблема с комментариями к видео @azabraza1984
../logs/API_methods.log 2025-03-05 14:57:27,222 INFO Проблема с комментариями к видео ВИА «ШИКОВ.БЛЕСКОВ.КРАСОТАЕВ»
../logs/API_methods.log 2025-03-05 14:57:27,222 INFO Успешно получили комментарии для 5 видео
../logs/API_methods.log 2025-03-05 14:57:28,225 INFO ФУНКЦИЯ GET_VIDEO_COMMENT!!!
../logs/API_methods.log 2025-03-05 14:57:28,352 INFO Проблема с комментариями к видео @azabraza1984
../logs/API_methods.log 2025-03-05 14:57:28,352 INFO Проблема с комментариями к видео @azabraza1984
../logs/API_methods.log 2025-03-05 14:57:28,353 INFO Проблема с комментариями к видео 09.05.2020
../logs/API_methods.log 2025-03-05 14:57:28,353 INFO Проблема с комментариями к видео Большой пример
../logs/API_methods.log 2025-03-05 14:57:28,353 INFO Проблема с комментариями к видео LIL ДОЖДЬ & YOUNG ПТАХ
../logs/API_methods.log 2025-03-05 14:57:28,353 INFO Успешно получили комментарии для 5 видео
../logs/API_methods.log 2025-03-05 14:57:29,359 INFO ФУНКЦИЯ GET_VIDEO_COMMENT!!!
../logs/API_methods.log 2025-03-05 14:57:29,479 INFO Проблема с комментариями к видео 03.05.2020
../logs/API_methods.log 2025-03-05 14:57:29,480 INFO Проблема с комментариями к видео @azabraza1984
../logs/API_methods.log 2025-03-05 14:57:29,480 INFO Проблема с комментариями к видео @azabraza1984
../logs/API_methods.log 2025-03-05 14:57:29,480 INFO Проблема с комментариями к видео Невозвратные бумеранги
../logs/API_methods.log 2025-03-05 14:57:29,480 INFO Проблема с комментариями к видео @azabraza1984
../logs/API_methods.log 2025-03-05 14:57:29,480 INFO Успешно получили комментарии для 5 видео
../logs/API_methods.log 2025-03-05 14:57:30,486 INFO ФУНКЦИЯ GET_VIDEO_COMMENT!!!
../logs/API_methods.log 2025-03-05 14:57:30,600 INFO Проблема с комментариями к видео Азамат Мусагалиев — Послевоенная песня (стих. Р. Рождественского)
../logs/API_methods.log 2025-03-05 14:57:30,600 INFO Проблема с комментариями к видео 25.04.2020
../logs/API_methods.log 2025-03-05 14:57:30,600 INFO Проблема с комментариями к видео @azabraza1984
../logs/API_methods.log 2025-03-05 14:57:30,600 INFO Проблема с комментариями к видео Здрастик&Мордасти
../logs/API_methods.log 2025-03-05 14:57:30,600 INFO Проблема с комментариями к видео 15.04.2020
../logs/API_methods.log 2025-03-05 14:57:30,600 INFO Успешно получили комментарии для 5 видео
../logs/API_methods.log 2025-03-05 14:57:31,607 INFO ФУНКЦИЯ GET_VIDEO_COMMENT!!!
../logs/API_methods.log 2025-03-05 14:57:31,720 INFO Проблема с комментариями к видео Онлайн-концерт
../logs/API_methods.log 2025-03-05 14:57:31,721 INFO Проблема с комментариями к видео 09.04.2020
../logs/API_methods.log 2025-03-05 14:57:31,721 INFO Проблема с комментариями к видео 04.04.2020
../logs/API_methods.log 2025-03-05 14:57:31,721 INFO Проблема с комментариями к видео 04.04.2020
../logs/API_methods.log 2025-03-05 14:57:31,721 INFO Проблема с комментариями к видео @azabraza1984
../logs/API_methods.log 2025-03-05 14:57:31,721 INFO Успешно получили комментарии для 5 видео
../logs/API_methods.log 2025-03-05 14:57:32,732 INFO ФУНКЦИЯ GET_VIDEO_COMMENT!!!
../logs/API_methods.log 2025-03-05 14:57:32,862 INFO Проблема с комментариями к видео 04.04.2020
../logs/API_methods.log 2025-03-05 14:57:32,862 INFO Проблема с комментариями к видео ovrshow
../logs/API_methods.log 2025-03-05 14:57:32,862 INFO Проблема с комментариями к видео ovrshow
../logs/API_methods.log 2025-03-05 14:57:32,862 INFO Проблема с комментариями к видео 03.04.2020
../logs/API_methods.log 2025-03-05 14:57:32,862 INFO Проблема с комментариями к видео ОВР - Каста
../logs/API_methods.log 2025-03-05 14:57:32,862 INFO Успешно получили комментарии для 5 видео
../logs/API_methods.log 2025-03-05 14:57:33,870 INFO ФУНКЦИЯ GET_VIDEO_COMMENT!!!
../logs/API_methods.log 2025-03-05 14:57:33,988 INFO Проблема с комментариями к видео Алмаз Михайлов
../logs/API_methods.log 2025-03-05 14:57:33,988 INFO Проблема с комментариями к видео 26.03.2020
../logs/API_methods.log 2025-03-05 14:57:33,989 INFO Проблема с комментариями к видео 26.03.2020
../logs/API_methods.log 2025-03-05 14:57:33,989 INFO Проблема с комментариями к видео 24.03.2020
../logs/API_methods.log 2025-03-05 14:57:33,989 INFO Проблема с комментариями к видео 24.03.2020
../logs/API_methods.log 2025-03-05 14:57:33,989 INFO Успешно получили комментарии для 5 видео
../logs/API_methods.log 2025-03-05 14:57:34,994 INFO ФУНКЦИЯ GET_VIDEO_COMMENT!!!
../logs/API_methods.log 2025-03-05 14:57:35,106 INFO Проблема с комментариями к видео 24.03.2020
../logs/API_methods.log 2025-03-05 14:57:35,106 INFO Проблема с комментариями к видео @azabraza1984
../logs/API_methods.log 2025-03-05 14:57:35,107 INFO Проблема с комментариями к видео @azabraza1984
../logs/API_methods.log 2025-03-05 14:57:35,107 INFO Проблема с комментариями к видео @azabraza1984
../logs/API_methods.log 2025-03-05 14:57:35,107 INFO Проблема с комментариями к видео Дубай
../logs/API_methods.log 2025-03-05 14:57:35,107 INFO Успешно получили комментарии для 5 видео
../logs/API_methods.log 2025-03-05 14:57:36,112 INFO ФУНКЦИЯ GET_VIDEO_COMMENT!!!
../logs/API_methods.log 2025-03-05 14:57:36,231 INFO Проблема с комментариями к видео 18.03.2020
../logs/API_methods.log 2025-03-05 14:57:36,231 INFO Проблема с комментариями к видео «Не трогай меня»
../logs/API_methods.log 2025-03-05 14:57:36,231 INFO Проблема с комментариями к видео 15.03.2020
../logs/API_methods.log 2025-03-05 14:57:36,232 INFO Проблема с комментариями к видео 12.03.2020
../logs/API_methods.log 2025-03-05 14:57:36,232 INFO Проблема с комментариями к видео 09.03.2020
../logs/API_methods.log 2025-03-05 14:57:36,232 INFO Успешно получили комментарии для 5 видео
../logs/API_methods.log 2025-03-05 14:57:37,237 INFO ФУНКЦИЯ GET_VIDEO_COMMENT!!!
../logs/API_methods.log 2025-03-05 14:57:37,349 INFO Проблема с комментариями к видео LIL ДОЖДЬ & YOUNG ПТАХ
../logs/API_methods.log 2025-03-05 14:57:37,350 INFO Проблема с комментариями к видео 05.03.2020
../logs/API_methods.log 2025-03-05 14:57:37,350 INFO Проблема с комментариями к видео @azabraza1984
../logs/API_methods.log 2025-03-05 14:57:37,350 INFO Проблема с комментариями к видео @azabraza1984
../logs/API_methods.log 2025-03-05 14:57:37,350 INFO Проблема с комментариями к видео @azabraza1984
../logs/API_methods.log 2025-03-05 14:57:37,350 INFO Успешно получили комментарии для 5 видео
../logs/API_methods.log 2025-03-05 14:57:38,355 INFO ФУНКЦИЯ GET_VIDEO_COMMENT!!!
../logs/API_methods.log 2025-03-05 14:57:38,473 INFO Проблема с комментариями к видео 15.02.2020
../logs/API_methods.log 2025-03-05 14:57:38,473 INFO Проблема с комментариями к видео 12.02.2020
../logs/API_methods.log 2025-03-05 14:57:38,473 INFO Проблема с комментариями к видео @azabraza1984
../logs/API_methods.log 2025-03-05 14:57:38,473 INFO Проблема с комментариями к видео 09.02.2020. @viktoria_musagalieva
../logs/API_methods.log 2025-03-05 14:57:38,473 INFO Проблема с комментариями к видео 09.02.2020. @zizi_na
../logs/API_methods.log 2025-03-05 14:57:38,473 INFO Успешно получили комментарии для 5 видео
../logs/API_methods.log 2025-03-05 14:57:39,476 INFO ФУНКЦИЯ GET_VIDEO_COMMENT!!!
../logs/API_methods.log 2025-03-05 14:57:39,595 INFO Проблема с комментариями к видео 09.02.2020. @viktoria_musagalieva
../logs/API_methods.log 2025-03-05 14:57:39,595 INFO Проблема с комментариями к видео 05.02.2020
../logs/API_methods.log 2025-03-05 14:57:39,595 INFO Проблема с комментариями к видео @azabraza1984
../logs/API_methods.log 2025-03-05 14:57:39,595 INFO Проблема с комментариями к видео День Красавчика!
../logs/API_methods.log 2025-03-05 14:57:39,596 INFO Проблема с комментариями к видео @azabraza1984
../logs/API_methods.log 2025-03-05 14:57:39,596 INFO Успешно получили комментарии для 5 видео
../logs/API_methods.log 2025-03-05 14:57:40,599 INFO ФУНКЦИЯ GET_VIDEO_COMMENT!!!
../logs/API_methods.log 2025-03-05 14:57:40,719 INFO Проблема с комментариями к видео 15.01.2020
../logs/API_methods.log 2025-03-05 14:57:40,720 INFO Проблема с комментариями к видео @azabraza1984
../logs/API_methods.log 2025-03-05 14:57:40,720 INFO Проблема с комментариями к видео 01.01.2020
../logs/API_methods.log 2025-03-05 14:57:40,720 INFO Проблема с комментариями к видео 01.01.2020
../logs/API_methods.log 2025-03-05 14:57:40,720 INFO Проблема с комментариями к видео 01.01.2020. @ovrshow
../logs/API_methods.log 2025-03-05 14:57:40,720 INFO Успешно получили комментарии для 5 видео
../logs/API_methods.log 2025-03-05 14:57:41,727 INFO ФУНКЦИЯ GET_VIDEO_COMMENT!!!
../logs/API_methods.log 2025-03-05 14:57:41,877 INFO Проблема с комментариями к видео @azabraza1984
../logs/API_methods.log 2025-03-05 14:57:41,878 INFO Проблема с комментариями к видео 27.12.2019
../logs/API_methods.log 2025-03-05 14:57:41,878 INFO Проблема с комментариями к видео @azabraza1984
../logs/API_methods.log 2025-03-05 14:57:41,878 INFO Проблема с комментариями к видео @azabraza1984
../logs/API_methods.log 2025-03-05 14:57:41,878 INFO Проблема с комментариями к видео Шоумет
../logs/API_methods.log 2025-03-05 14:57:41,878 INFO Успешно получили комментарии для 5 видео
../logs/API_methods.log 2025-03-05 14:57:42,883 INFO ФУНКЦИЯ GET_VIDEO_COMMENT!!!
../logs/API_methods.log 2025-03-05 14:57:43,002 INFO Проблема с комментариями к видео @tnt_online
../logs/API_methods.log 2025-03-05 14:57:43,002 INFO Проблема с комментариями к видео @ovrshow
../logs/API_methods.log 2025-03-05 14:57:43,002 INFO Проблема с комментариями к видео 19.12.2019
../logs/API_methods.log 2025-03-05 14:57:43,002 INFO Проблема с комментариями к видео 17.12.2019. @loveradioofficial
../logs/API_methods.log 2025-03-05 14:57:43,002 INFO Проблема с комментариями к видео @azabraza1984
../logs/API_methods.log 2025-03-05 14:57:43,002 INFO Успешно получили комментарии для 5 видео
../logs/API_methods.log 2025-03-05 14:57:44,009 INFO ФУНКЦИЯ GET_VIDEO_COMMENT!!!
../logs/API_methods.log 2025-03-05 14:57:44,126 INFO Проблема с комментариями к видео Кальян рэп
../logs/API_methods.log 2025-03-05 14:57:44,126 INFO Проблема с комментариями к видео 09.12.2019. @yana_koshkina_official
../logs/API_methods.log 2025-03-05 14:57:44,127 INFO Проблема с комментариями к видео @ovrshow
../logs/API_methods.log 2025-03-05 14:57:44,127 INFO Проблема с комментариями к видео 08.12.2019. @ukaterina03
../logs/API_methods.log 2025-03-05 14:57:44,127 INFO Проблема с комментариями к видео 08.12.2019. @ukaterina03
../logs/API_methods.log 2025-03-05 14:57:44,127 INFO Успешно получили комментарии для 5 видео
../logs/API_methods.log 2025-03-05 14:57:45,133 INFO ФУНКЦИЯ GET_VIDEO_COMMENT!!!
../logs/API_methods.log 2025-03-05 14:57:45,244 INFO Проблема с комментариями к видео 08.12.2019
../logs/API_methods.log 2025-03-05 14:57:45,244 INFO Проблема с комментариями к видео 06.12.2019
../logs/API_methods.log 2025-03-05 14:57:45,244 INFO Проблема с комментариями к видео 06.12.2019
../logs/API_methods.log 2025-03-05 14:57:45,244 INFO Проблема с комментариями к видео 04.12.2019
../logs/API_methods.log 2025-03-05 14:57:45,244 INFO Проблема с комментариями к видео 04.12.2019
../logs/API_methods.log 2025-03-05 14:57:45,245 INFO Успешно получили комментарии для 5 видео
../logs/API_methods.log 2025-03-05 14:57:46,254 INFO ФУНКЦИЯ GET_VIDEO_COMMENT!!!
../logs/API_methods.log 2025-03-05 14:57:46,361 INFO Проблема с комментариями к видео Онлайн-пикап
../logs/API_methods.log 2025-03-05 14:57:46,362 INFO Проблема с комментариями к видео 04.12.2019
../logs/API_methods.log 2025-03-05 14:57:46,362 INFO Проблема с комментариями к видео 04.12.2019
../logs/API_methods.log 2025-03-05 14:57:46,362 INFO Проблема с комментариями к видео 03.12.2019
../logs/API_methods.log 2025-03-05 14:57:46,362 INFO Проблема с комментариями к видео @ovrshow
../logs/API_methods.log 2025-03-05 14:57:46,362 INFO Успешно получили комментарии для 5 видео
../logs/API_methods.log 2025-03-05 14:57:47,371 INFO ФУНКЦИЯ GET_VIDEO_COMMENT!!!
../logs/API_methods.log 2025-03-05 14:57:47,480 INFO Проблема с комментариями к видео @azabraza1984
../logs/API_methods.log 2025-03-05 14:57:47,481 INFO Проблема с комментариями к видео Невозвратные Бумеранги
../logs/API_methods.log 2025-03-05 14:57:47,481 INFO Проблема с комментариями к видео 27.11.2019
../logs/API_methods.log 2025-03-05 14:57:47,481 INFO Проблема с комментариями к видео 26.11.2019
../logs/API_methods.log 2025-03-05 14:57:47,481 INFO Проблема с комментариями к видео @ovrshow
../logs/API_methods.log 2025-03-05 14:57:47,481 INFO Успешно получили комментарии для 5 видео
../logs/API_methods.log 2025-03-05 14:57:48,495 INFO ФУНКЦИЯ GET_VIDEO_COMMENT!!!
../logs/API_methods.log 2025-03-05 14:57:48,820 INFO Проблема с комментариями к видео 23.11.2019
../logs/API_methods.log 2025-03-05 14:57:48,821 INFO Проблема с комментариями к видео @daniyar_barcelona
../logs/API_methods.log 2025-03-05 14:57:48,821 INFO Проблема с комментариями к видео @azabraza1984
../logs/API_methods.log 2025-03-05 14:57:48,821 INFO Проблема с комментариями к видео 18.11.2019
../logs/API_methods.log 2025-03-05 14:57:48,821 INFO Проблема с комментариями к видео 17.11.2019. @ukaterina03
../logs/API_methods.log 2025-03-05 14:57:48,821 INFO Успешно получили комментарии для 5 видео
../logs/API_methods.log 2025-03-05 14:57:49,827 INFO ФУНКЦИЯ GET_VIDEO_COMMENT!!!
../logs/API_methods.log 2025-03-05 14:57:49,947 INFO Проблема с комментариями к видео 17.11.2019
../logs/API_methods.log 2025-03-05 14:57:49,947 INFO Проблема с комментариями к видео 16.11.2019. @gasaranskaya
../logs/API_methods.log 2025-03-05 14:57:49,948 INFO Проблема с комментариями к видео 15.11.2019
../logs/API_methods.log 2025-03-05 14:57:49,948 INFO Проблема с комментариями к видео 15.11.2019
../logs/API_methods.log 2025-03-05 14:57:49,948 INFO Проблема с комментариями к видео 14.11.2019
../logs/API_methods.log 2025-03-05 14:57:49,948 INFO Успешно получили комментарии для 5 видео
../logs/API_methods.log 2025-03-05 14:57:50,957 INFO ФУНКЦИЯ GET_VIDEO_COMMENT!!!
../logs/API_methods.log 2025-03-05 14:57:51,076 INFO Проблема с комментариями к видео 14.11.2019
../logs/API_methods.log 2025-03-05 14:57:51,076 INFO Проблема с комментариями к видео 13.11.2019
../logs/API_methods.log 2025-03-05 14:57:51,076 INFO Проблема с комментариями к видео 12.11.2019
../logs/API_methods.log 2025-03-05 14:57:51,077 INFO Проблема с комментариями к видео 12.11.2019
../logs/API_methods.log 2025-03-05 14:57:51,077 INFO Проблема с комментариями к видео @azabraza1984
../logs/API_methods.log 2025-03-05 14:57:51,077 INFO Успешно получили комментарии для 5 видео
../logs/API_methods.log 2025-03-05 14:57:52,083 INFO ФУНКЦИЯ GET_VIDEO_COMMENT!!!
../logs/API_methods.log 2025-03-05 14:57:52,194 INFO Проблема с комментариями к видео 08.11.2019
../logs/API_methods.log 2025-03-05 14:57:52,195 INFO Проблема с комментариями к видео 06.11.2019
../logs/API_methods.log 2025-03-05 14:57:52,195 INFO Проблема с комментариями к видео @azabraza1984
../logs/API_methods.log 2025-03-05 14:57:52,195 INFO Проблема с комментариями к видео 26.10.2019. @ukaterina03
../logs/API_methods.log 2025-03-05 14:57:52,195 INFO Проблема с комментариями к видео @azabraza1984
../logs/API_methods.log 2025-03-05 14:57:52,195 INFO Успешно получили комментарии для 5 видео
../logs/API_methods.log 2025-03-05 14:57:53,199 INFO ФУНКЦИЯ GET_VIDEO_COMMENT!!!
../logs/API_methods.log 2025-03-05 14:57:53,319 INFO Проблема с комментариями к видео 26.10.2019
../logs/API_methods.log 2025-03-05 14:57:53,319 INFO Проблема с комментариями к видео @azabraza1984
../logs/API_methods.log 2025-03-05 14:57:53,319 INFO Проблема с комментариями к видео 25.10.2019
../logs/API_methods.log 2025-03-05 14:57:53,319 INFO Проблема с комментариями к видео 24.10.2019
../logs/API_methods.log 2025-03-05 14:57:53,319 INFO Проблема с комментариями к видео 24.10.2019
../logs/API_methods.log 2025-03-05 14:57:53,319 INFO Успешно получили комментарии для 5 видео
../logs/API_methods.log 2025-03-05 14:57:54,326 INFO ФУНКЦИЯ GET_VIDEO_COMMENT!!!
../logs/API_methods.log 2025-03-05 14:57:54,435 INFO Проблема с комментариями к видео 24.10.2019
../logs/API_methods.log 2025-03-05 14:57:54,435 INFO Проблема с комментариями к видео 24.10.2019
../logs/API_methods.log 2025-03-05 14:57:54,435 INFO Проблема с комментариями к видео 24.10.2019
../logs/API_methods.log 2025-03-05 14:57:54,435 INFO Проблема с комментариями к видео 24.10.2019
../logs/API_methods.log 2025-03-05 14:57:54,435 INFO Проблема с комментариями к видео @azabraza1984
../logs/API_methods.log 2025-03-05 14:57:54,436 INFO Успешно получили комментарии для 5 видео
../logs/API_methods.log 2025-03-05 14:57:55,439 INFO ФУНКЦИЯ GET_VIDEO_COMMENT!!!
../logs/API_methods.log 2025-03-05 14:57:55,546 INFO Проблема с комментариями к видео 23.10.2019
../logs/API_methods.log 2025-03-05 14:57:55,547 INFO Проблема с комментариями к видео 22.10.2019. @anastasiyaa_ukolova
../logs/API_methods.log 2025-03-05 14:57:55,547 INFO Проблема с комментариями к видео 22.10.2019. @mabroskina
../logs/API_methods.log 2025-03-05 14:57:55,547 INFO Проблема с комментариями к видео @azabraza1984
../logs/API_methods.log 2025-03-05 14:57:55,547 INFO Проблема с комментариями к видео 20.10.2019
../logs/API_methods.log 2025-03-05 14:57:55,547 INFO Успешно получили комментарии для 5 видео
../logs/API_methods.log 2025-03-05 14:57:56,553 INFO ФУНКЦИЯ GET_VIDEO_COMMENT!!!
../logs/API_methods.log 2025-03-05 14:57:56,670 INFO Проблема с комментариями к видео 19.10.2019
../logs/API_methods.log 2025-03-05 14:57:56,671 INFO Проблема с комментариями к видео @azabraza1984
../logs/API_methods.log 2025-03-05 14:57:56,671 INFO Проблема с комментариями к видео 16.10.2019
../logs/API_methods.log 2025-03-05 14:57:56,671 INFO Проблема с комментариями к видео 16.10.2019
../logs/API_methods.log 2025-03-05 14:57:56,671 INFO Проблема с комментариями к видео 15.10.2019
../logs/API_methods.log 2025-03-05 14:57:56,671 INFO Успешно получили комментарии для 5 видео
../logs/API_methods.log 2025-03-05 14:57:57,676 INFO ФУНКЦИЯ GET_VIDEO_COMMENT!!!
../logs/API_methods.log 2025-03-05 14:57:57,787 INFO Проблема с комментариями к видео @ovrshow
../logs/API_methods.log 2025-03-05 14:57:57,787 INFO Проблема с комментариями к видео 13.10.2019
../logs/API_methods.log 2025-03-05 14:57:57,787 INFO Проблема с комментариями к видео @azabraza1984
../logs/API_methods.log 2025-03-05 14:57:57,787 INFO Проблема с комментариями к видео 13.10.2019
../logs/API_methods.log 2025-03-05 14:57:57,787 INFO Проблема с комментариями к видео 10.10.2019
../logs/API_methods.log 2025-03-05 14:57:57,787 INFO Успешно получили комментарии для 5 видео
../logs/API_methods.log 2025-03-05 14:57:58,793 INFO ФУНКЦИЯ GET_VIDEO_COMMENT!!!
../logs/API_methods.log 2025-03-05 14:57:58,899 INFO Проблема с комментариями к видео #OVRFAIL
../logs/API_methods.log 2025-03-05 14:57:58,900 INFO Проблема с комментариями к видео 09.10.2019
../logs/API_methods.log 2025-03-05 14:57:58,900 INFO Проблема с комментариями к видео 06.10.2019
../logs/API_methods.log 2025-03-05 14:57:58,900 INFO Проблема с комментариями к видео @ovrshow
../logs/API_methods.log 2025-03-05 14:57:58,900 INFO Проблема с комментариями к видео 04.10.2019
../logs/API_methods.log 2025-03-05 14:57:58,900 INFO Успешно получили комментарии для 5 видео
../logs/API_methods.log 2025-03-05 14:57:59,907 INFO ФУНКЦИЯ GET_VIDEO_COMMENT!!!
../logs/API_methods.log 2025-03-05 14:58:00,017 INFO Проблема с комментариями к видео #OVRFAIL
../logs/API_methods.log 2025-03-05 14:58:00,017 INFO Проблема с комментариями к видео Однажды в России: Яна Кошкина - Мои наказания
../logs/API_methods.log 2025-03-05 14:58:00,017 INFO Проблема с комментариями к видео 02.10.2019. @ptaha
../logs/API_methods.log 2025-03-05 14:58:00,017 INFO Проблема с комментариями к видео 02.10.2019
../logs/API_methods.log 2025-03-05 14:58:00,017 INFO Проблема с комментариями к видео @ovrshow
../logs/API_methods.log 2025-03-05 14:58:00,017 INFO Успешно получили комментарии для 5 видео
../logs/API_methods.log 2025-03-05 14:58:01,021 INFO ФУНКЦИЯ GET_VIDEO_COMMENT!!!
../logs/API_methods.log 2025-03-05 14:58:01,137 INFO Проблема с комментариями к видео @viki_odintcova
../logs/API_methods.log 2025-03-05 14:58:01,137 INFO Проблема с комментариями к видео 27.09.2019
../logs/API_methods.log 2025-03-05 14:58:01,137 INFO Проблема с комментариями к видео 27.09.2019
../logs/API_methods.log 2025-03-05 14:58:01,137 INFO Проблема с комментариями к видео 27.09.2019
../logs/API_methods.log 2025-03-05 14:58:01,137 INFO Проблема с комментариями к видео 27.09.2019
../logs/API_methods.log 2025-03-05 14:58:01,137 INFO Успешно получили комментарии для 5 видео
../logs/API_methods.log 2025-03-05 14:58:02,143 INFO ФУНКЦИЯ GET_VIDEO_COMMENT!!!
../logs/API_methods.log 2025-03-05 14:58:02,259 INFO Проблема с комментариями к видео 27.09.2019
../logs/API_methods.log 2025-03-05 14:58:02,259 INFO Проблема с комментариями к видео @azabraza1984
../logs/API_methods.log 2025-03-05 14:58:02,259 INFO Проблема с комментариями к видео 26.09.2019
../logs/API_methods.log 2025-03-05 14:58:02,259 INFO Проблема с комментариями к видео 25.09.2019
../logs/API_methods.log 2025-03-05 14:58:02,259 INFO Проблема с комментариями к видео 24.09.2019
../logs/API_methods.log 2025-03-05 14:58:02,259 INFO Успешно получили комментарии для 5 видео
../logs/API_methods.log 2025-03-05 14:58:03,264 INFO ФУНКЦИЯ GET_VIDEO_COMMENT!!!
../logs/API_methods.log 2025-03-05 14:58:03,384 INFO Проблема с комментариями к видео 21.09.2019
../logs/API_methods.log 2025-03-05 14:58:03,384 INFO Проблема с комментариями к видео 21.09.2019
../logs/API_methods.log 2025-03-05 14:58:03,384 INFO Проблема с комментариями к видео 21.09.2019. @ptaha
../logs/API_methods.log 2025-03-05 14:58:03,384 INFO Проблема с комментариями к видео 21.09.2019
../logs/API_methods.log 2025-03-05 14:58:03,384 INFO Проблема с комментариями к видео #OVRFAIL
../logs/API_methods.log 2025-03-05 14:58:03,384 INFO Успешно получили комментарии для 5 видео
../logs/API_methods.log 2025-03-05 14:58:04,389 INFO ФУНКЦИЯ GET_VIDEO_COMMENT!!!
../logs/API_methods.log 2025-03-05 14:58:04,503 INFO Проблема с комментариями к видео 18.09.2019
../logs/API_methods.log 2025-03-05 14:58:04,503 INFO Проблема с комментариями к видео @ovrshow
../logs/API_methods.log 2025-03-05 14:58:04,503 INFO Проблема с комментариями к видео 14.09.2019
../logs/API_methods.log 2025-03-05 14:58:04,503 INFO Проблема с комментариями к видео Дай, дай, дай
../logs/API_methods.log 2025-03-05 14:58:04,504 INFO Проблема с комментариями к видео Азамат Мусагалиев в прямом эфире журнала Glamour
../logs/API_methods.log 2025-03-05 14:58:04,504 INFO Успешно получили комментарии для 5 видео
../logs/API_methods.log 2025-03-05 14:58:05,509 INFO ФУНКЦИЯ GET_VIDEO_COMMENT!!!
../logs/API_methods.log 2025-03-05 14:58:05,620 INFO Проблема с комментариями к видео @ovrshow
../logs/API_methods.log 2025-03-05 14:58:05,620 INFO Проблема с комментариями к видео #камызяки
../logs/API_methods.log 2025-03-05 14:58:05,620 INFO Проблема с комментариями к видео 03.09.2019
../logs/API_methods.log 2025-03-05 14:58:05,620 INFO Проблема с комментариями к видео @ovrshow
../logs/API_methods.log 2025-03-05 14:58:05,620 INFO Проблема с комментариями к видео Back to school в ОНЛАЙНТРЕЙД.РУ
../logs/API_methods.log 2025-03-05 14:58:05,620 INFO Успешно получили комментарии для 5 видео
../logs/API_methods.log 2025-03-05 14:58:06,625 INFO ФУНКЦИЯ GET_VIDEO_COMMENT!!!
../logs/API_methods.log 2025-03-05 14:58:06,738 INFO Проблема с комментариями к видео 30.08.2019. @ukaterina03
../logs/API_methods.log 2025-03-05 14:58:06,739 INFO Проблема с комментариями к видео Группировка Ленинсбург & ЭСТЭ - Свинья
../logs/API_methods.log 2025-03-05 14:58:06,739 INFO Проблема с комментариями к видео 28.08.2019
../logs/API_methods.log 2025-03-05 14:58:06,739 INFO Проблема с комментариями к видео @ovrshow
../logs/API_methods.log 2025-03-05 14:58:06,739 INFO Проблема с комментариями к видео Однажды в России: Новый сезон в среду в 21:00 на ТНТ
../logs/API_methods.log 2025-03-05 14:58:06,739 INFO Успешно получили комментарии для 5 видео
../logs/API_methods.log 2025-03-05 14:58:07,745 INFO ФУНКЦИЯ GET_VIDEO_COMMENT!!!
../logs/API_methods.log 2025-03-05 14:58:07,848 INFO Проблема с комментариями к видео @azabraza1984
../logs/API_methods.log 2025-03-05 14:58:07,848 INFO Проблема с комментариями к видео 23.08.2019
../logs/API_methods.log 2025-03-05 14:58:07,848 INFO Проблема с комментариями к видео 22.08.2019
../logs/API_methods.log 2025-03-05 14:58:07,849 INFO Проблема с комментариями к видео 21.08.2019
../logs/API_methods.log 2025-03-05 14:58:07,849 INFO Проблема с комментариями к видео 21.08.2019
../logs/API_methods.log 2025-03-05 14:58:07,849 INFO Успешно получили комментарии для 5 видео
../logs/API_methods.log 2025-03-05 14:58:08,850 INFO ФУНКЦИЯ GET_VIDEO_COMMENT!!!
../logs/API_methods.log 2025-03-05 14:58:08,967 INFO Проблема с комментариями к видео 20.08.2019
../logs/API_methods.log 2025-03-05 14:58:08,967 INFO Проблема с комментариями к видео 20.08.2019
../logs/API_methods.log 2025-03-05 14:58:08,967 INFO Проблема с комментариями к видео 20.08.2019
../logs/API_methods.log 2025-03-05 14:58:08,967 INFO Проблема с комментариями к видео 20.08.2019
../logs/API_methods.log 2025-03-05 14:58:08,967 INFO Проблема с комментариями к видео 20.08.2019
../logs/API_methods.log 2025-03-05 14:58:08,967 INFO Успешно получили комментарии для 5 видео
../logs/API_methods.log 2025-03-05 14:58:09,972 INFO ФУНКЦИЯ GET_VIDEO_COMMENT!!!
../logs/API_methods.log 2025-03-05 14:58:10,083 INFO Проблема с комментариями к видео 20.08.2019
../logs/API_methods.log 2025-03-05 14:58:10,083 INFO Проблема с комментариями к видео @azabraza1984
../logs/API_methods.log 2025-03-05 14:58:10,083 INFO Проблема с комментариями к видео Больше Красавчика
../logs/API_methods.log 2025-03-05 14:58:10,084 INFO Проблема с комментариями к видео @fcsm_official
../logs/API_methods.log 2025-03-05 14:58:10,084 INFO Проблема с комментариями к видео 03.08.2019
../logs/API_methods.log 2025-03-05 14:58:10,084 INFO Успешно получили комментарии для 5 видео
../logs/API_methods.log 2025-03-05 14:58:11,089 INFO ФУНКЦИЯ GET_VIDEO_COMMENT!!!
../logs/API_methods.log 2025-03-05 14:58:11,203 INFO Проблема с комментариями к видео #ТНТЗДЕСЬ Live-трансляция "Новый сезон на диване"! День 2
../logs/API_methods.log 2025-03-05 14:58:11,203 INFO Проблема с комментариями к видео #ТНТЗДЕСЬ Live-трансляция "Новый сезон на диване"! День 1
../logs/API_methods.log 2025-03-05 14:58:11,203 INFO Проблема с комментариями к видео @ovrshow
../logs/API_methods.log 2025-03-05 14:58:11,204 INFO Проблема с комментариями к видео @azabraza1984
../logs/API_methods.log 2025-03-05 14:58:11,204 INFO Проблема с комментариями к видео 14.07.2019
../logs/API_methods.log 2025-03-05 14:58:11,204 INFO Успешно получили комментарии для 5 видео
../logs/API_methods.log 2025-03-05 14:58:12,208 INFO ФУНКЦИЯ GET_VIDEO_COMMENT!!!
../logs/API_methods.log 2025-03-05 14:58:12,320 INFO Проблема с комментариями к видео @ovrshow
../logs/API_methods.log 2025-03-05 14:58:12,320 INFO Проблема с комментариями к видео @azabraza1984
../logs/API_methods.log 2025-03-05 14:58:12,320 INFO Проблема с комментариями к видео @ovrshow
../logs/API_methods.log 2025-03-05 14:58:12,321 INFO Проблема с комментариями к видео 03.07.2019
../logs/API_methods.log 2025-03-05 14:58:12,321 INFO Проблема с комментариями к видео 02.07.2019
../logs/API_methods.log 2025-03-05 14:58:12,321 INFO Успешно получили комментарии для 5 видео
../logs/API_methods.log 2025-03-05 14:58:13,328 INFO ФУНКЦИЯ GET_VIDEO_COMMENT!!!
../logs/API_methods.log 2025-03-05 14:58:13,457 INFO Проблема с комментариями к видео @azabraza1984
../logs/API_methods.log 2025-03-05 14:58:13,457 INFO Проблема с комментариями к видео @azabraza1984
../logs/API_methods.log 2025-03-05 14:58:13,457 INFO Проблема с комментариями к видео 13.06.2019. @studiasoyuz
../logs/API_methods.log 2025-03-05 14:58:13,458 INFO Проблема с комментариями к видео 13.06.2019. @studiasoyuz
../logs/API_methods.log 2025-03-05 14:58:13,458 INFO Проблема с комментариями к видео Бьет по-настоящему
../logs/API_methods.log 2025-03-05 14:58:13,458 INFO Успешно получили комментарии для 5 видео
../logs/API_methods.log 2025-03-05 14:58:14,461 INFO ФУНКЦИЯ GET_VIDEO_COMMENT!!!
../logs/API_methods.log 2025-03-05 14:58:14,581 INFO Проблема с комментариями к видео @azabraza1984
../logs/API_methods.log 2025-03-05 14:58:14,581 INFO Проблема с комментариями к видео @ovrshow
../logs/API_methods.log 2025-03-05 14:58:14,581 INFO Проблема с комментариями к видео 01.06.2019
../logs/API_methods.log 2025-03-05 14:58:14,581 INFO Проблема с комментариями к видео Comedy Баттл • Шаг до успеха
../logs/API_methods.log 2025-03-05 14:58:14,581 INFO Проблема с комментариями к видео 31.05.2019
../logs/API_methods.log 2025-03-05 14:58:14,581 INFO Успешно получили комментарии для 5 видео
../logs/API_methods.log 2025-03-05 14:58:15,589 INFO ФУНКЦИЯ GET_VIDEO_COMMENT!!!
../logs/API_methods.log 2025-03-05 14:58:15,730 INFO Проблема с комментариями к видео 27.05.2019
../logs/API_methods.log 2025-03-05 14:58:15,730 INFO Проблема с комментариями к видео 27.05.2019
../logs/API_methods.log 2025-03-05 14:58:15,730 INFO Проблема с комментариями к видео 27.05.2019
../logs/API_methods.log 2025-03-05 14:58:15,730 INFO Проблема с комментариями к видео 26.05.2019
../logs/API_methods.log 2025-03-05 14:58:15,731 INFO Проблема с комментариями к видео 26.05.2019
../logs/API_methods.log 2025-03-05 14:58:15,731 INFO Успешно получили комментарии для 5 видео
../logs/API_methods.log 2025-03-05 14:58:16,734 INFO ФУНКЦИЯ GET_VIDEO_COMMENT!!!
../logs/API_methods.log 2025-03-05 14:58:16,848 INFO Проблема с комментариями к видео 26.05.2019
../logs/API_methods.log 2025-03-05 14:58:16,848 INFO Проблема с комментариями к видео 26.05.2019
../logs/API_methods.log 2025-03-05 14:58:16,848 INFO Проблема с комментариями к видео 26.05.2019
../logs/API_methods.log 2025-03-05 14:58:16,848 INFO Проблема с комментариями к видео 26.05.2019
../logs/API_methods.log 2025-03-05 14:58:16,848 INFO Проблема с комментариями к видео 25.05.2019
../logs/API_methods.log 2025-03-05 14:58:16,848 INFO Успешно получили комментарии для 5 видео
../logs/API_methods.log 2025-03-05 14:58:17,852 INFO ФУНКЦИЯ GET_VIDEO_COMMENT!!!
../logs/API_methods.log 2025-03-05 14:58:17,965 INFO Проблема с комментариями к видео 25.05.2019
../logs/API_methods.log 2025-03-05 14:58:17,965 INFO Проблема с комментариями к видео 25.05.2019
../logs/API_methods.log 2025-03-05 14:58:17,965 INFO Проблема с комментариями к видео 25.05.2019. @yarushinstanislav
../logs/API_methods.log 2025-03-05 14:58:17,965 INFO Проблема с комментариями к видео 25.05.2019
../logs/API_methods.log 2025-03-05 14:58:17,965 INFO Проблема с комментариями к видео 25.05.2019
../logs/API_methods.log 2025-03-05 14:58:17,965 INFO Успешно получили комментарии для 5 видео
../logs/API_methods.log 2025-03-05 14:58:18,971 INFO ФУНКЦИЯ GET_VIDEO_COMMENT!!!
../logs/API_methods.log 2025-03-05 14:58:19,080 INFO Проблема с комментариями к видео 25.05.2019
../logs/API_methods.log 2025-03-05 14:58:19,081 INFO Проблема с комментариями к видео @azabraza1984
../logs/API_methods.log 2025-03-05 14:58:19,081 INFO Проблема с комментариями к видео @azabraza1984
../logs/API_methods.log 2025-03-05 14:58:19,081 INFO Проблема с комментариями к видео @ovrshow
../logs/API_methods.log 2025-03-05 14:58:19,081 INFO Проблема с комментариями к видео 20.05.2019
../logs/API_methods.log 2025-03-05 14:58:19,081 INFO Успешно получили комментарии для 5 видео
../logs/API_methods.log 2025-03-05 14:58:20,086 INFO ФУНКЦИЯ GET_VIDEO_COMMENT!!!
../logs/API_methods.log 2025-03-05 14:58:20,202 INFO Проблема с комментариями к видео 18.05.2019
../logs/API_methods.log 2025-03-05 14:58:20,203 INFO Проблема с комментариями к видео 18.05.2019
../logs/API_methods.log 2025-03-05 14:58:20,203 INFO Проблема с комментариями к видео Выпускница
../logs/API_methods.log 2025-03-05 14:58:20,203 INFO Проблема с комментариями к видео Однажды в России - Финал Евровидения
../logs/API_methods.log 2025-03-05 14:58:20,203 INFO Проблема с комментариями к видео @ovrshow
../logs/API_methods.log 2025-03-05 14:58:20,203 INFO Успешно получили комментарии для 5 видео
../logs/API_methods.log 2025-03-05 14:58:21,206 INFO ФУНКЦИЯ GET_VIDEO_COMMENT!!!
../logs/API_methods.log 2025-03-05 14:58:21,324 INFO Проблема с комментариями к видео @ovrshow
../logs/API_methods.log 2025-03-05 14:58:21,324 INFO Проблема с комментариями к видео Падает пух
../logs/API_methods.log 2025-03-05 14:58:21,324 INFO Проблема с комментариями к видео Азамат
../logs/API_methods.log 2025-03-05 14:58:21,324 INFO Проблема с комментариями к видео @ovrshow
../logs/API_methods.log 2025-03-05 14:58:21,324 INFO Проблема с комментариями к видео @azabraza1984
../logs/API_methods.log 2025-03-05 14:58:21,324 INFO Успешно получили комментарии для 5 видео
../logs/API_methods.log 2025-03-05 14:58:22,325 INFO ФУНКЦИЯ GET_VIDEO_COMMENT!!!
../logs/API_methods.log 2025-03-05 14:58:22,437 INFO Проблема с комментариями к видео @ovrshow
../logs/API_methods.log 2025-03-05 14:58:22,437 INFO Проблема с комментариями к видео "Я когда-то была молодая..."
../logs/API_methods.log 2025-03-05 14:58:22,437 INFO Проблема с комментариями к видео Толя Робот • Глава местного ТСЖ
../logs/API_methods.log 2025-03-05 14:58:22,437 INFO Проблема с комментариями к видео @ovrshow
../logs/API_methods.log 2025-03-05 14:58:22,438 INFO Проблема с комментариями к видео Трейлер сериала «Толя Робот». Скоро в эфире на ТНТ
../logs/API_methods.log 2025-03-05 14:58:22,438 INFO Успешно получили комментарии для 5 видео
../logs/API_methods.log 2025-03-05 14:58:23,447 INFO ФУНКЦИЯ GET_VIDEO_COMMENT!!!
../logs/API_methods.log 2025-03-05 14:58:23,559 INFO Проблема с комментариями к видео Толя Робот • Премьера
../logs/API_methods.log 2025-03-05 14:58:23,559 INFO Проблема с комментариями к видео @ovrshow
../logs/API_methods.log 2025-03-05 14:58:23,559 INFO Проблема с комментариями к видео @azabraza1984
../logs/API_methods.log 2025-03-05 14:58:23,559 INFO Проблема с комментариями к видео 17.04.2019. @polina_mechkovskaya
../logs/API_methods.log 2025-03-05 14:58:23,560 INFO Проблема с комментариями к видео @ovrshow
../logs/API_methods.log 2025-03-05 14:58:23,560 INFO Успешно получили комментарии для 5 видео
../logs/API_methods.log 2025-03-05 14:58:24,568 INFO ФУНКЦИЯ GET_VIDEO_COMMENT!!!
../logs/API_methods.log 2025-03-05 14:58:24,695 INFO Проблема с комментариями к видео @azabraza1984
../logs/API_methods.log 2025-03-05 14:58:24,695 INFO Проблема с комментариями к видео @azabraza1984
../logs/API_methods.log 2025-03-05 14:58:24,695 INFO Проблема с комментариями к видео @ovrshow
../logs/API_methods.log 2025-03-05 14:58:24,695 INFO Проблема с комментариями к видео @azabraza1984
../logs/API_methods.log 2025-03-05 14:58:24,695 INFO Проблема с комментариями к видео @azabraza1984
../logs/API_methods.log 2025-03-05 14:58:24,695 INFO Успешно получили комментарии для 5 видео
../logs/API_methods.log 2025-03-05 14:58:25,700 INFO ФУНКЦИЯ GET_VIDEO_COMMENT!!!
../logs/API_methods.log 2025-03-05 14:58:25,836 INFO Проблема с комментариями к видео @ovrshow
../logs/API_methods.log 2025-03-05 14:58:25,836 INFO Проблема с комментариями к видео @azabraza1984
../logs/API_methods.log 2025-03-05 14:58:25,836 INFO Проблема с комментариями к видео 03.04.2019
../logs/API_methods.log 2025-03-05 14:58:25,837 INFO Проблема с комментариями к видео @azabraza1984
../logs/API_methods.log 2025-03-05 14:58:25,837 INFO Проблема с комментариями к видео @ovrshow
../logs/API_methods.log 2025-03-05 14:58:25,837 INFO Успешно получили комментарии для 5 видео
../logs/API_methods.log 2025-03-05 14:58:26,845 INFO ФУНКЦИЯ GET_VIDEO_COMMENT!!!
../logs/API_methods.log 2025-03-05 14:58:26,958 INFO Проблема с комментариями к видео 31.03.2019
../logs/API_methods.log 2025-03-05 14:58:26,958 INFO Проблема с комментариями к видео 31.03.2019
../logs/API_methods.log 2025-03-05 14:58:26,958 INFO Проблема с комментариями к видео 31.03.2019
../logs/API_methods.log 2025-03-05 14:58:26,958 INFO Проблема с комментариями к видео @azabraza1984
../logs/API_methods.log 2025-03-05 14:58:26,958 INFO Проблема с комментариями к видео Тима Павелецких - Южное Бутово
../logs/API_methods.log 2025-03-05 14:58:26,958 INFO Успешно получили комментарии для 5 видео
../logs/API_methods.log 2025-03-05 14:58:27,966 INFO ФУНКЦИЯ GET_VIDEO_COMMENT!!!
../logs/API_methods.log 2025-03-05 14:58:28,085 INFO Проблема с комментариями к видео @azabraza1984
../logs/API_methods.log 2025-03-05 14:58:28,085 INFO Проблема с комментариями к видео 26.03.2019
../logs/API_methods.log 2025-03-05 14:58:28,085 INFO Проблема с комментариями к видео @ovrshow
../logs/API_methods.log 2025-03-05 14:58:28,085 INFO Проблема с комментариями к видео @azabraza1984
../logs/API_methods.log 2025-03-05 14:58:28,085 INFO Проблема с комментариями к видео @studiasoyuz
../logs/API_methods.log 2025-03-05 14:58:28,085 INFO Успешно получили комментарии для 5 видео
../logs/API_methods.log 2025-03-05 14:58:29,095 INFO ФУНКЦИЯ GET_VIDEO_COMMENT!!!
../logs/API_methods.log 2025-03-05 14:58:29,201 INFO Проблема с комментариями к видео 23.03.2019
../logs/API_methods.log 2025-03-05 14:58:29,202 INFO Проблема с комментариями к видео @ovrshow
../logs/API_methods.log 2025-03-05 14:58:29,202 INFO Проблема с комментариями к видео Студия СОЮЗ • Интернет против ТВ
../logs/API_methods.log 2025-03-05 14:58:29,202 INFO Проблема с комментариями к видео 17.03.2019
../logs/API_methods.log 2025-03-05 14:58:29,202 INFO Проблема с комментариями к видео 17.03.2019
../logs/API_methods.log 2025-03-05 14:58:29,202 INFO Успешно получили комментарии для 5 видео
../logs/API_methods.log 2025-03-05 14:58:30,206 INFO ФУНКЦИЯ GET_VIDEO_COMMENT!!!
../logs/API_methods.log 2025-03-05 14:58:30,317 INFO Проблема с комментариями к видео 17.03.2019
../logs/API_methods.log 2025-03-05 14:58:30,317 INFO Проблема с комментариями к видео #ВамЛюбимые
../logs/API_methods.log 2025-03-05 14:58:30,317 INFO Проблема с комментариями к видео @memmedia
../logs/API_methods.log 2025-03-05 14:58:30,317 INFO Проблема с комментариями к видео @ovrshow
../logs/API_methods.log 2025-03-05 14:58:30,317 INFO Проблема с комментариями к видео Красавчик поможет всем!
../logs/API_methods.log 2025-03-05 14:58:30,317 INFO Успешно получили комментарии для 5 видео
../logs/API_methods.log 2025-03-05 14:58:31,323 INFO ФУНКЦИЯ GET_VIDEO_COMMENT!!!
../logs/API_methods.log 2025-03-05 14:58:31,444 INFO Проблема с комментариями к видео @azabraza1984
../logs/API_methods.log 2025-03-05 14:58:31,444 INFO Проблема с комментариями к видео Шагаем правильно
../logs/API_methods.log 2025-03-05 14:58:31,444 INFO Проблема с комментариями к видео @ovrshow
../logs/API_methods.log 2025-03-05 14:58:31,444 INFO Проблема с комментариями к видео 28.02.2019
../logs/API_methods.log 2025-03-05 14:58:31,445 INFO Проблема с комментариями к видео @ovrshow
../logs/API_methods.log 2025-03-05 14:58:31,445 INFO Успешно получили комментарии для 5 видео
../logs/API_methods.log 2025-03-05 14:58:32,452 INFO ФУНКЦИЯ GET_VIDEO_COMMENT!!!
../logs/API_methods.log 2025-03-05 14:58:32,571 INFO Проблема с комментариями к видео @azabraza1984
../logs/API_methods.log 2025-03-05 14:58:32,572 INFO Проблема с комментариями к видео @ovrshow
../logs/API_methods.log 2025-03-05 14:58:32,572 INFO Проблема с комментариями к видео @ovrshow
../logs/API_methods.log 2025-03-05 14:58:32,572 INFO Проблема с комментариями к видео @ovrshow
../logs/API_methods.log 2025-03-05 14:58:32,572 INFO Проблема с комментариями к видео Пацаны пацаны пацаны
../logs/API_methods.log 2025-03-05 14:58:32,572 INFO Успешно получили комментарии для 5 видео
../logs/API_methods.log 2025-03-05 14:58:33,577 INFO ФУНКЦИЯ GET_VIDEO_COMMENT!!!
../logs/API_methods.log 2025-03-05 14:58:33,702 INFO Проблема с комментариями к видео Азамат Мусагалиев и Денис Дорохов в ОНЛАЙНТРЕЙД.РУ
../logs/API_methods.log 2025-03-05 14:58:33,702 INFO Проблема с комментариями к видео @ovrshow
../logs/API_methods.log 2025-03-05 14:58:33,702 INFO Проблема с комментариями к видео @ovrshow
../logs/API_methods.log 2025-03-05 14:58:33,702 INFO Проблема с комментариями к видео @ovrshow
../logs/API_methods.log 2025-03-05 14:58:33,702 INFO Проблема с комментариями к видео @ovrshow
../logs/API_methods.log 2025-03-05 14:58:33,702 INFO Успешно получили комментарии для 5 видео
../logs/API_methods.log 2025-03-05 14:58:34,712 INFO ФУНКЦИЯ GET_VIDEO_COMMENT!!!
../logs/API_methods.log 2025-03-05 14:58:34,835 INFO Проблема с комментариями к видео Будьте позитивней
../logs/API_methods.log 2025-03-05 14:58:34,835 INFO Проблема с комментариями к видео Другой
../logs/API_methods.log 2025-03-05 14:58:34,835 INFO Проблема с комментариями к видео @azabraza1984
../logs/API_methods.log 2025-03-05 14:58:34,835 INFO Проблема с комментариями к видео Полночь
../logs/API_methods.log 2025-03-05 14:58:34,835 INFO Проблема с комментариями к видео @ovrshow
../logs/API_methods.log 2025-03-05 14:58:34,835 INFO Успешно получили комментарии для 5 видео
../logs/API_methods.log 2025-03-05 14:58:35,842 INFO ФУНКЦИЯ GET_VIDEO_COMMENT!!!
../logs/API_methods.log 2025-03-05 14:58:35,958 INFO Проблема с комментариями к видео @ovrshow
../logs/API_methods.log 2025-03-05 14:58:35,958 INFO Проблема с комментариями к видео Когда вы только начали встречаться
../logs/API_methods.log 2025-03-05 14:58:35,958 INFO Проблема с комментариями к видео @azabraza1984
../logs/API_methods.log 2025-03-05 14:58:35,958 INFO Проблема с комментариями к видео С Новым 2019 Годом от "Однажды в России"!
../logs/API_methods.log 2025-03-05 14:58:35,958 INFO Проблема с комментариями к видео 29.12.2018
../logs/API_methods.log 2025-03-05 14:58:35,958 INFO Успешно получили комментарии для 5 видео
../logs/API_methods.log 2025-03-05 14:58:36,966 INFO ФУНКЦИЯ GET_VIDEO_COMMENT!!!
../logs/API_methods.log 2025-03-05 14:58:37,170 INFO Проблема с комментариями к видео 28.12.2018
../logs/API_methods.log 2025-03-05 14:58:37,170 INFO Проблема с комментариями к видео 28.12.2018
../logs/API_methods.log 2025-03-05 14:58:37,170 INFO Проблема с комментариями к видео 28.12.2018
../logs/API_methods.log 2025-03-05 14:58:37,170 INFO Проблема с комментариями к видео 28.12.2018
../logs/API_methods.log 2025-03-05 14:58:37,170 INFO Проблема с комментариями к видео 28.12.2018
../logs/API_methods.log 2025-03-05 14:58:37,170 INFO Успешно получили комментарии для 5 видео
../logs/API_methods.log 2025-03-05 14:58:38,177 INFO ФУНКЦИЯ GET_VIDEO_COMMENT!!!
../logs/API_methods.log 2025-03-05 14:58:38,305 INFO Проблема с комментариями к видео @azabraza1984
../logs/API_methods.log 2025-03-05 14:58:38,306 INFO Проблема с комментариями к видео 26.12.2018
../logs/API_methods.log 2025-03-05 14:58:38,306 INFO Проблема с комментариями к видео 26.12.2018
../logs/API_methods.log 2025-03-05 14:58:38,306 INFO Проблема с комментариями к видео 25.12.2018
../logs/API_methods.log 2025-03-05 14:58:38,306 INFO Проблема с комментариями к видео Когда ёлка очень красивая
../logs/API_methods.log 2025-03-05 14:58:38,306 INFO Успешно получили комментарии для 5 видео
../logs/API_methods.log 2025-03-05 14:58:39,311 INFO ФУНКЦИЯ GET_VIDEO_COMMENT!!!
../logs/API_methods.log 2025-03-05 14:58:39,425 INFO Проблема с комментариями к видео 25.12.2018
../logs/API_methods.log 2025-03-05 14:58:39,425 INFO Проблема с комментариями к видео 25.12.2018
../logs/API_methods.log 2025-03-05 14:58:39,425 INFO Проблема с комментариями к видео 24.12.2018
../logs/API_methods.log 2025-03-05 14:58:39,425 INFO Проблема с комментариями к видео 23.12.2018
../logs/API_methods.log 2025-03-05 14:58:39,425 INFO Проблема с комментариями к видео @azabraza1984
../logs/API_methods.log 2025-03-05 14:58:39,425 INFO Успешно получили комментарии для 5 видео
../logs/API_methods.log 2025-03-05 14:58:40,431 INFO ФУНКЦИЯ GET_VIDEO_COMMENT!!!
../logs/API_methods.log 2025-03-05 14:58:40,567 INFO Проблема с комментариями к видео 21.12.2018
../logs/API_methods.log 2025-03-05 14:58:40,567 INFO Проблема с комментариями к видео 21.12.2018
../logs/API_methods.log 2025-03-05 14:58:40,567 INFO Проблема с комментариями к видео Весело и смешно
../logs/API_methods.log 2025-03-05 14:58:40,567 INFO Проблема с комментариями к видео Новый год
../logs/API_methods.log 2025-03-05 14:58:40,568 INFO Проблема с комментариями к видео 19.12.2018
../logs/API_methods.log 2025-03-05 14:58:40,568 INFO Успешно получили комментарии для 5 видео
../logs/API_methods.log 2025-03-05 14:58:41,574 INFO ФУНКЦИЯ GET_VIDEO_COMMENT!!!
../logs/API_methods.log 2025-03-05 14:58:41,681 INFO Проблема с комментариями к видео 18.12.2018
../logs/API_methods.log 2025-03-05 14:58:41,681 INFO Проблема с комментариями к видео 18.12.2018
../logs/API_methods.log 2025-03-05 14:58:41,682 INFO Проблема с комментариями к видео @azabraza1984
../logs/API_methods.log 2025-03-05 14:58:41,682 INFO Проблема с комментариями к видео @azabraza1984
../logs/API_methods.log 2025-03-05 14:58:41,682 INFO Проблема с комментариями к видео @azabraza1984
../logs/API_methods.log 2025-03-05 14:58:41,682 INFO Успешно получили комментарии для 5 видео
../logs/API_methods.log 2025-03-05 14:58:42,691 INFO ФУНКЦИЯ GET_VIDEO_COMMENT!!!
../logs/API_methods.log 2025-03-05 14:58:42,806 INFO Проблема с комментариями к видео 15.12.2018
../logs/API_methods.log 2025-03-05 14:58:42,806 INFO Проблема с комментариями к видео 15.12.2018
../logs/API_methods.log 2025-03-05 14:58:42,806 INFO Проблема с комментариями к видео 15.12.2018
../logs/API_methods.log 2025-03-05 14:58:42,806 INFO Проблема с комментариями к видео 15.12.2018
../logs/API_methods.log 2025-03-05 14:58:42,806 INFO Проблема с комментариями к видео 13.12.2018
../logs/API_methods.log 2025-03-05 14:58:42,806 INFO Успешно получили комментарии для 5 видео
../logs/API_methods.log 2025-03-05 14:58:43,812 INFO ФУНКЦИЯ GET_VIDEO_COMMENT!!!
../logs/API_methods.log 2025-03-05 14:58:43,921 INFO Проблема с комментариями к видео 12.12.2018
../logs/API_methods.log 2025-03-05 14:58:43,921 INFO Проблема с комментариями к видео 12.12.2018
../logs/API_methods.log 2025-03-05 14:58:43,921 INFO Проблема с комментариями к видео 11.12.2018
../logs/API_methods.log 2025-03-05 14:58:43,922 INFO Проблема с комментариями к видео 09.12.2018
../logs/API_methods.log 2025-03-05 14:58:43,922 INFO Проблема с комментариями к видео 08.12.2018
../logs/API_methods.log 2025-03-05 14:58:43,922 INFO Успешно получили комментарии для 5 видео
../logs/API_methods.log 2025-03-05 14:58:44,927 INFO ФУНКЦИЯ GET_VIDEO_COMMENT!!!
../logs/API_methods.log 2025-03-05 14:58:45,040 INFO Проблема с комментариями к видео 07.12.2018
../logs/API_methods.log 2025-03-05 14:58:45,040 INFO Проблема с комментариями к видео 07.12.2018
../logs/API_methods.log 2025-03-05 14:58:45,040 INFO Проблема с комментариями к видео 07.12.2018
../logs/API_methods.log 2025-03-05 14:58:45,040 INFO Проблема с комментариями к видео 07.12.2018
../logs/API_methods.log 2025-03-05 14:58:45,040 INFO Проблема с комментариями к видео 06.12.2018
../logs/API_methods.log 2025-03-05 14:58:45,040 INFO Успешно получили комментарии для 5 видео
../logs/API_methods.log 2025-03-05 14:58:46,044 INFO ФУНКЦИЯ GET_VIDEO_COMMENT!!!
../logs/API_methods.log 2025-03-05 14:58:46,158 INFO Проблема с комментариями к видео 06.12.2018
../logs/API_methods.log 2025-03-05 14:58:46,158 INFO Проблема с комментариями к видео 06.12.2018
../logs/API_methods.log 2025-03-05 14:58:46,159 INFO Проблема с комментариями к видео 06.12.2018
../logs/API_methods.log 2025-03-05 14:58:46,159 INFO Проблема с комментариями к видео Всё, чтобы ты дала
../logs/API_methods.log 2025-03-05 14:58:46,159 INFO Проблема с комментариями к видео 05.12.2018
../logs/API_methods.log 2025-03-05 14:58:46,159 INFO Успешно получили комментарии для 5 видео
../logs/API_methods.log 2025-03-05 14:58:47,163 INFO ФУНКЦИЯ GET_VIDEO_COMMENT!!!
../logs/API_methods.log 2025-03-05 14:58:47,284 INFO Проблема с комментариями к видео 05.12.2018
../logs/API_methods.log 2025-03-05 14:58:47,284 INFO Проблема с комментариями к видео 05.12.2018
../logs/API_methods.log 2025-03-05 14:58:47,284 INFO Проблема с комментариями к видео 04.12.2018
../logs/API_methods.log 2025-03-05 14:58:47,285 INFO Проблема с комментариями к видео 04.12.2018
../logs/API_methods.log 2025-03-05 14:58:47,285 INFO Проблема с комментариями к видео Хвастуны
../logs/API_methods.log 2025-03-05 14:58:47,285 INFO Успешно получили комментарии для 5 видео
../logs/API_methods.log 2025-03-05 14:58:48,290 INFO ФУНКЦИЯ GET_VIDEO_COMMENT!!!
../logs/API_methods.log 2025-03-05 14:58:48,417 INFO Проблема с комментариями к видео Все, кроме обычного • Кто пройдет в финал первым?
../logs/API_methods.log 2025-03-05 14:58:48,417 INFO Проблема с комментариями к видео 03.12.2018
../logs/API_methods.log 2025-03-05 14:58:48,418 INFO Проблема с комментариями к видео 03.12.2018
../logs/API_methods.log 2025-03-05 14:58:48,418 INFO Проблема с комментариями к видео 03.12.2018
../logs/API_methods.log 2025-03-05 14:58:48,418 INFO Проблема с комментариями к видео 02.12.2018
../logs/API_methods.log 2025-03-05 14:58:48,418 INFO Успешно получили комментарии для 5 видео
../logs/API_methods.log 2025-03-05 14:58:49,425 INFO ФУНКЦИЯ GET_VIDEO_COMMENT!!!
../logs/API_methods.log 2025-03-05 14:58:49,540 INFO Проблема с комментариями к видео @azabraza1984
../logs/API_methods.log 2025-03-05 14:58:49,540 INFO Проблема с комментариями к видео @azabraza1984
../logs/API_methods.log 2025-03-05 14:58:49,540 INFO Проблема с комментариями к видео 30.11.2018
../logs/API_methods.log 2025-03-05 14:58:49,541 INFO Проблема с комментариями к видео 28.11.2018
../logs/API_methods.log 2025-03-05 14:58:49,541 INFO Проблема с комментариями к видео 27.11.2018
../logs/API_methods.log 2025-03-05 14:58:49,541 INFO Успешно получили комментарии для 5 видео
../logs/API_methods.log 2025-03-05 14:58:50,543 INFO ФУНКЦИЯ GET_VIDEO_COMMENT!!!
../logs/API_methods.log 2025-03-05 14:58:50,653 INFO Проблема с комментариями к видео 27.11.2018
../logs/API_methods.log 2025-03-05 14:58:50,653 INFO Проблема с комментариями к видео 26.11.2018
../logs/API_methods.log 2025-03-05 14:58:50,653 INFO Проблема с комментариями к видео На ТНТ время волшебства
../logs/API_methods.log 2025-03-05 14:58:50,653 INFO Проблема с комментариями к видео 24.11.2018
../logs/API_methods.log 2025-03-05 14:58:50,653 INFO Проблема с комментариями к видео 24.11.2018
../logs/API_methods.log 2025-03-05 14:58:50,653 INFO Успешно получили комментарии для 5 видео
../logs/API_methods.log 2025-03-05 14:58:51,656 INFO ФУНКЦИЯ GET_VIDEO_COMMENT!!!
../logs/API_methods.log 2025-03-05 14:58:51,794 INFO Проблема с комментариями к видео 24.11.2018
../logs/API_methods.log 2025-03-05 14:58:51,794 INFO Проблема с комментариями к видео @marinakravets
../logs/API_methods.log 2025-03-05 14:58:51,794 INFO Проблема с комментариями к видео 24.11.2018
../logs/API_methods.log 2025-03-05 14:58:51,794 INFO Проблема с комментариями к видео Мультипросто
../logs/API_methods.log 2025-03-05 14:58:51,794 INFO Проблема с комментариями к видео 21.11.2018
../logs/API_methods.log 2025-03-05 14:58:51,794 INFO Успешно получили комментарии для 5 видео
../logs/API_methods.log 2025-03-05 14:58:52,802 INFO ФУНКЦИЯ GET_VIDEO_COMMENT!!!
../logs/API_methods.log 2025-03-05 14:58:52,911 INFO Проблема с комментариями к видео 21.11.2018
../logs/API_methods.log 2025-03-05 14:58:52,912 INFO Проблема с комментариями к видео 18.11.2018
../logs/API_methods.log 2025-03-05 14:58:52,912 INFO Проблема с комментариями к видео 18.11.2018
../logs/API_methods.log 2025-03-05 14:58:52,912 INFO Проблема с комментариями к видео 16.11.2018
../logs/API_methods.log 2025-03-05 14:58:52,912 INFO Проблема с комментариями к видео 16.11.2018
../logs/API_methods.log 2025-03-05 14:58:52,912 INFO Успешно получили комментарии для 5 видео
../logs/API_methods.log 2025-03-05 14:58:53,918 INFO ФУНКЦИЯ GET_VIDEO_COMMENT!!!
../logs/API_methods.log 2025-03-05 14:58:54,032 INFO Проблема с комментариями к видео 15.11.2018
../logs/API_methods.log 2025-03-05 14:58:54,033 INFO Проблема с комментариями к видео 08.11.2018
../logs/API_methods.log 2025-03-05 14:58:54,033 INFO Проблема с комментариями к видео 08.11.2018
../logs/API_methods.log 2025-03-05 14:58:54,033 INFO Проблема с комментариями к видео 08.11.2018
../logs/API_methods.log 2025-03-05 14:58:54,033 INFO Проблема с комментариями к видео 08.11.2018
../logs/API_methods.log 2025-03-05 14:58:54,033 INFO Успешно получили комментарии для 5 видео
../logs/API_methods.log 2025-03-05 14:58:55,038 INFO ФУНКЦИЯ GET_VIDEO_COMMENT!!!
../logs/API_methods.log 2025-03-05 14:58:55,155 INFO Проблема с комментариями к видео 08.11.2018
../logs/API_methods.log 2025-03-05 14:58:55,155 INFO Проблема с комментариями к видео 08.11.2018
../logs/API_methods.log 2025-03-05 14:58:55,155 INFO Проблема с комментариями к видео 08.11.2018
../logs/API_methods.log 2025-03-05 14:58:55,155 INFO Проблема с комментариями к видео 08.11.2018
../logs/API_methods.log 2025-03-05 14:58:55,155 INFO Проблема с комментариями к видео АТАТА
../logs/API_methods.log 2025-03-05 14:58:55,155 INFO Успешно получили комментарии для 5 видео
../logs/API_methods.log 2025-03-05 14:58:56,164 INFO ФУНКЦИЯ GET_VIDEO_COMMENT!!!
../logs/API_methods.log 2025-03-05 14:58:56,284 INFO Проблема с комментариями к видео 07.11.2018
../logs/API_methods.log 2025-03-05 14:58:56,284 INFO Проблема с комментариями к видео 07.11.2018
../logs/API_methods.log 2025-03-05 14:58:56,284 INFO Проблема с комментариями к видео @azabraza1984
../logs/API_methods.log 2025-03-05 14:58:56,284 INFO Проблема с комментариями к видео 05.11.2018
../logs/API_methods.log 2025-03-05 14:58:56,284 INFO Проблема с комментариями к видео 04.11.2018
../logs/API_methods.log 2025-03-05 14:58:56,284 INFO Успешно получили комментарии для 5 видео
../logs/API_methods.log 2025-03-05 14:58:57,290 INFO ФУНКЦИЯ GET_VIDEO_COMMENT!!!
../logs/API_methods.log 2025-03-05 14:58:57,411 INFO Проблема с комментариями к видео 04.11.2018
../logs/API_methods.log 2025-03-05 14:58:57,411 INFO Проблема с комментариями к видео 04.11.2108
../logs/API_methods.log 2025-03-05 14:58:57,411 INFO Проблема с комментариями к видео 04.11.2018
../logs/API_methods.log 2025-03-05 14:58:57,411 INFO Проблема с комментариями к видео 03.11.2018
../logs/API_methods.log 2025-03-05 14:58:57,411 INFO Проблема с комментариями к видео 03.11.2018
../logs/API_methods.log 2025-03-05 14:58:57,411 INFO Успешно получили комментарии для 5 видео
../logs/API_methods.log 2025-03-05 14:58:58,415 INFO ФУНКЦИЯ GET_VIDEO_COMMENT!!!
../logs/API_methods.log 2025-03-05 14:58:58,524 INFO Проблема с комментариями к видео 01.11.2018
../logs/API_methods.log 2025-03-05 14:58:58,524 INFO Проблема с комментариями к видео 31.10.2018
../logs/API_methods.log 2025-03-05 14:58:58,525 INFO Проблема с комментариями к видео 31.10.2018
../logs/API_methods.log 2025-03-05 14:58:58,525 INFO Проблема с комментариями к видео @azabraza1984
../logs/API_methods.log 2025-03-05 14:58:58,525 INFO Проблема с комментариями к видео 26.10.2018
../logs/API_methods.log 2025-03-05 14:58:58,525 INFO Успешно получили комментарии для 5 видео
../logs/API_methods.log 2025-03-05 14:58:59,531 INFO ФУНКЦИЯ GET_VIDEO_COMMENT!!!
../logs/API_methods.log 2025-03-05 14:58:59,637 INFO Проблема с комментариями к видео 25.10.2018
../logs/API_methods.log 2025-03-05 14:58:59,637 INFO Проблема с комментариями к видео 25.10.2018
../logs/API_methods.log 2025-03-05 14:58:59,638 INFO Проблема с комментариями к видео 25.10.2018
../logs/API_methods.log 2025-03-05 14:58:59,638 INFO Проблема с комментариями к видео 25.10.2018
../logs/API_methods.log 2025-03-05 14:58:59,638 INFO Проблема с комментариями к видео 22.10.2018
../logs/API_methods.log 2025-03-05 14:58:59,638 INFO Успешно получили комментарии для 5 видео
../logs/API_methods.log 2025-03-05 14:59:00,640 INFO ФУНКЦИЯ GET_VIDEO_COMMENT!!!
../logs/API_methods.log 2025-03-05 14:59:00,798 INFO Проблема с комментариями к видео 21.10.2018
../logs/API_methods.log 2025-03-05 14:59:00,799 INFO Проблема с комментариями к видео 21.10.2018
../logs/API_methods.log 2025-03-05 14:59:00,799 INFO Проблема с комментариями к видео 21.10.2018
../logs/API_methods.log 2025-03-05 14:59:00,799 INFO Проблема с комментариями к видео Мужская дружба
../logs/API_methods.log 2025-03-05 14:59:00,799 INFO Проблема с комментариями к видео Урок от Красавчика
../logs/API_methods.log 2025-03-05 14:59:00,799 INFO Успешно получили комментарии для 5 видео
../logs/API_methods.log 2025-03-05 14:59:01,808 INFO ФУНКЦИЯ GET_VIDEO_COMMENT!!!
../logs/API_methods.log 2025-03-05 14:59:01,916 INFO Проблема с комментариями к видео @azabraza1984
../logs/API_methods.log 2025-03-05 14:59:01,916 INFO Проблема с комментариями к видео Лилджей
../logs/API_methods.log 2025-03-05 14:59:01,916 INFO Проблема с комментариями к видео @azabraza1984
../logs/API_methods.log 2025-03-05 14:59:01,916 INFO Проблема с комментариями к видео 08.10.2018
../logs/API_methods.log 2025-03-05 14:59:01,917 INFO Проблема с комментариями к видео 08.10.2018
../logs/API_methods.log 2025-03-05 14:59:01,917 INFO Успешно получили комментарии для 5 видео
../logs/API_methods.log 2025-03-05 14:59:02,923 INFO ФУНКЦИЯ GET_VIDEO_COMMENT!!!
../logs/API_methods.log 2025-03-05 14:59:03,035 INFO Проблема с комментариями к видео 08.10.2018
../logs/API_methods.log 2025-03-05 14:59:03,035 INFO Проблема с комментариями к видео 07.10.2018
../logs/API_methods.log 2025-03-05 14:59:03,035 INFO Проблема с комментариями к видео 07.10.2018
../logs/API_methods.log 2025-03-05 14:59:03,035 INFO Проблема с комментариями к видео @azabraza1984
../logs/API_methods.log 2025-03-05 14:59:03,035 INFO Проблема с комментариями к видео 06.10.2018
../logs/API_methods.log 2025-03-05 14:59:03,035 INFO Успешно получили комментарии для 5 видео
../logs/API_methods.log 2025-03-05 14:59:04,041 INFO ФУНКЦИЯ GET_VIDEO_COMMENT!!!
../logs/API_methods.log 2025-03-05 14:59:04,140 INFO Проблема с комментариями к видео 06.10.2018
../logs/API_methods.log 2025-03-05 14:59:04,140 INFO Проблема с комментариями к видео 06.10.2018
../logs/API_methods.log 2025-03-05 14:59:04,140 INFO Проблема с комментариями к видео 06.10.2018
../logs/API_methods.log 2025-03-05 14:59:04,140 INFO Проблема с комментариями к видео 06.10.2018
../logs/API_methods.log 2025-03-05 14:59:04,141 INFO Проблема с комментариями к видео 05.10.2018
../logs/API_methods.log 2025-03-05 14:59:04,141 INFO Успешно получили комментарии для 5 видео
../logs/API_methods.log 2025-03-05 14:59:05,147 INFO ФУНКЦИЯ GET_VIDEO_COMMENT!!!
../logs/API_methods.log 2025-03-05 14:59:05,266 INFO Проблема с комментариями к видео 05.10.2018
../logs/API_methods.log 2025-03-05 14:59:05,266 INFO Проблема с комментариями к видео 05.10.2018
../logs/API_methods.log 2025-03-05 14:59:05,267 INFO Проблема с комментариями к видео 05.10.2018
../logs/API_methods.log 2025-03-05 14:59:05,267 INFO Проблема с комментариями к видео 04.10.2018
../logs/API_methods.log 2025-03-05 14:59:05,267 INFO Проблема с комментариями к видео 03.10.2018
../logs/API_methods.log 2025-03-05 14:59:05,267 INFO Успешно получили комментарии для 5 видео
../logs/API_methods.log 2025-03-05 14:59:06,274 INFO ФУНКЦИЯ GET_VIDEO_COMMENT!!!
../logs/API_methods.log 2025-03-05 14:59:06,391 INFO Проблема с комментариями к видео 03.10.2018
../logs/API_methods.log 2025-03-05 14:59:06,391 INFO Проблема с комментариями к видео 03.10.2018
../logs/API_methods.log 2025-03-05 14:59:06,391 INFO Проблема с комментариями к видео @azabraza1984
../logs/API_methods.log 2025-03-05 14:59:06,391 INFO Проблема с комментариями к видео 02.10.2018
../logs/API_methods.log 2025-03-05 14:59:06,391 INFO Проблема с комментариями к видео 02.10.2018
../logs/API_methods.log 2025-03-05 14:59:06,391 INFO Успешно получили комментарии для 5 видео
../logs/API_methods.log 2025-03-05 14:59:07,397 INFO ФУНКЦИЯ GET_VIDEO_COMMENT!!!
../logs/API_methods.log 2025-03-05 14:59:07,510 INFO Проблема с комментариями к видео 02.10.2018
../logs/API_methods.log 2025-03-05 14:59:07,510 INFO Проблема с комментариями к видео 02.10.2018
../logs/API_methods.log 2025-03-05 14:59:07,511 INFO Проблема с комментариями к видео 01.10.2018
../logs/API_methods.log 2025-03-05 14:59:07,511 INFO Проблема с комментариями к видео 100 рублей спасут жизнь - Азамат Мусагалиев
../logs/API_methods.log 2025-03-05 14:59:07,511 INFO Проблема с комментариями к видео 30.09.2018
../logs/API_methods.log 2025-03-05 14:59:07,511 INFO Успешно получили комментарии для 5 видео
../logs/API_methods.log 2025-03-05 14:59:08,520 INFO ФУНКЦИЯ GET_VIDEO_COMMENT!!!
../logs/API_methods.log 2025-03-05 14:59:08,639 INFO Проблема с комментариями к видео 30.09.2018
../logs/API_methods.log 2025-03-05 14:59:08,639 INFO Проблема с комментариями к видео 29.09.2018
../logs/API_methods.log 2025-03-05 14:59:08,640 INFO Проблема с комментариями к видео 29.09.2018
../logs/API_methods.log 2025-03-05 14:59:08,640 INFO Проблема с комментариями к видео 29.09.2018
../logs/API_methods.log 2025-03-05 14:59:08,640 INFO Проблема с комментариями к видео 27.09.2018
../logs/API_methods.log 2025-03-05 14:59:08,640 INFO Успешно получили комментарии для 5 видео
../logs/API_methods.log 2025-03-05 14:59:09,641 INFO ФУНКЦИЯ GET_VIDEO_COMMENT!!!
../logs/API_methods.log 2025-03-05 14:59:09,753 INFO Проблема с комментариями к видео 27.09.2018
../logs/API_methods.log 2025-03-05 14:59:09,754 INFO Проблема с комментариями к видео 27.09.2018
../logs/API_methods.log 2025-03-05 14:59:09,754 INFO Проблема с комментариями к видео 25.09.2018
../logs/API_methods.log 2025-03-05 14:59:09,754 INFO Проблема с комментариями к видео @azabraza1984
../logs/API_methods.log 2025-03-05 14:59:09,754 INFO Проблема с комментариями к видео 23.09.2018
../logs/API_methods.log 2025-03-05 14:59:09,754 INFO Успешно получили комментарии для 5 видео
../logs/API_methods.log 2025-03-05 14:59:10,757 INFO ФУНКЦИЯ GET_VIDEO_COMMENT!!!
../logs/API_methods.log 2025-03-05 14:59:10,871 INFO Проблема с комментариями к видео @azabraza1984
../logs/API_methods.log 2025-03-05 14:59:10,871 INFO Проблема с комментариями к видео 22.09.2018
../logs/API_methods.log 2025-03-05 14:59:10,871 INFO Проблема с комментариями к видео 22.09.2018
../logs/API_methods.log 2025-03-05 14:59:10,871 INFO Проблема с комментариями к видео 22.09.2018
../logs/API_methods.log 2025-03-05 14:59:10,872 INFO Проблема с комментариями к видео 22.09.2018
../logs/API_methods.log 2025-03-05 14:59:10,872 INFO Успешно получили комментарии для 5 видео
../logs/API_methods.log 2025-03-05 14:59:11,872 INFO ФУНКЦИЯ GET_VIDEO_COMMENT!!!
../logs/API_methods.log 2025-03-05 14:59:11,999 INFO Проблема с комментариями к видео 21.09.2018
../logs/API_methods.log 2025-03-05 14:59:11,999 INFO Проблема с комментариями к видео 21.09.2018
../logs/API_methods.log 2025-03-05 14:59:11,999 INFO Проблема с комментариями к видео Отжиган - Стоямба
../logs/API_methods.log 2025-03-05 14:59:11,999 INFO Проблема с комментариями к видео 19.09.2018
../logs/API_methods.log 2025-03-05 14:59:11,999 INFO Проблема с комментариями к видео 18.09.2018
../logs/API_methods.log 2025-03-05 14:59:11,999 INFO Успешно получили комментарии для 5 видео
../logs/API_methods.log 2025-03-05 14:59:13,002 INFO ФУНКЦИЯ GET_VIDEO_COMMENT!!!
../logs/API_methods.log 2025-03-05 14:59:13,160 INFO Проблема с комментариями к видео 18.09.2018
../logs/API_methods.log 2025-03-05 14:59:13,160 INFO Проблема с комментариями к видео 18.09.2018
../logs/API_methods.log 2025-03-05 14:59:13,160 INFO Проблема с комментариями к видео 18.09.2018
../logs/API_methods.log 2025-03-05 14:59:13,160 INFO Проблема с комментариями к видео 17.09.2018
../logs/API_methods.log 2025-03-05 14:59:13,160 INFO Проблема с комментариями к видео 17.09.2018
../logs/API_methods.log 2025-03-05 14:59:13,160 INFO Успешно получили комментарии для 5 видео
../logs/API_methods.log 2025-03-05 14:59:14,170 INFO ФУНКЦИЯ GET_VIDEO_COMMENT!!!
../logs/API_methods.log 2025-03-05 14:59:14,313 INFO Проблема с комментариями к видео Азамат и битбокс
../logs/API_methods.log 2025-03-05 14:59:14,313 INFO Проблема с комментариями к видео 16.09.2018
../logs/API_methods.log 2025-03-05 14:59:14,314 INFO Проблема с комментариями к видео @azabraza1984
../logs/API_methods.log 2025-03-05 14:59:14,314 INFO Проблема с комментариями к видео 13.09.2018
../logs/API_methods.log 2025-03-05 14:59:14,314 INFO Проблема с комментариями к видео 13.09.2018
../logs/API_methods.log 2025-03-05 14:59:14,314 INFO Успешно получили комментарии для 5 видео
../logs/API_methods.log 2025-03-05 14:59:15,320 INFO ФУНКЦИЯ GET_VIDEO_COMMENT!!!
../logs/API_methods.log 2025-03-05 14:59:15,472 INFO Проблема с комментариями к видео Почувствуй Азамата
../logs/API_methods.log 2025-03-05 14:59:15,472 INFO Проблема с комментариями к видео Это любовь...
../logs/API_methods.log 2025-03-05 14:59:15,472 INFO Проблема с комментариями к видео Титры
../logs/API_methods.log 2025-03-05 14:59:15,472 INFO Проблема с комментариями к видео «Жить игрой». Азамат Мусагалиев
../logs/API_methods.log 2025-03-05 14:59:15,473 INFO Проблема с комментариями к видео @azabraza1984
../logs/API_methods.log 2025-03-05 14:59:15,473 INFO Успешно получили комментарии для 5 видео
../logs/API_methods.log 2025-03-05 14:59:16,478 INFO ФУНКЦИЯ GET_VIDEO_COMMENT!!!
../logs/API_methods.log 2025-03-05 14:59:16,612 INFO Проблема с комментариями к видео 11.09.2018
../logs/API_methods.log 2025-03-05 14:59:16,612 INFO Проблема с комментариями к видео @azabraza1984
../logs/API_methods.log 2025-03-05 14:59:16,612 INFO Проблема с комментариями к видео 06.09.2018
../logs/API_methods.log 2025-03-05 14:59:16,612 INFO Проблема с комментариями к видео 06.09.2018
../logs/API_methods.log 2025-03-05 14:59:16,612 INFO Проблема с комментариями к видео 05.09.2018
../logs/API_methods.log 2025-03-05 14:59:16,612 INFO Успешно получили комментарии для 5 видео
../logs/API_methods.log 2025-03-05 14:59:17,617 INFO ФУНКЦИЯ GET_VIDEO_COMMENT!!!
../logs/API_methods.log 2025-03-05 14:59:17,737 INFO Проблема с комментариями к видео @azabraza1984
../logs/API_methods.log 2025-03-05 14:59:17,737 INFO Проблема с комментариями к видео 03.09.2018
../logs/API_methods.log 2025-03-05 14:59:17,737 INFO Проблема с комментариями к видео @azabraza1984
../logs/API_methods.log 2025-03-05 14:59:17,737 INFO Проблема с комментариями к видео 1st сентября
../logs/API_methods.log 2025-03-05 14:59:17,738 INFO Проблема с комментариями к видео 29.08.2018
../logs/API_methods.log 2025-03-05 14:59:17,738 INFO Успешно получили комментарии для 5 видео
../logs/API_methods.log 2025-03-05 14:59:18,741 INFO ФУНКЦИЯ GET_VIDEO_COMMENT!!!
../logs/API_methods.log 2025-03-05 14:59:18,885 INFO Проблема с комментариями к видео 29.08.2018
../logs/API_methods.log 2025-03-05 14:59:18,885 INFO Проблема с комментариями к видео 29.08.2018
../logs/API_methods.log 2025-03-05 14:59:18,885 INFO Проблема с комментариями к видео Прописка
../logs/API_methods.log 2025-03-05 14:59:18,885 INFO Проблема с комментариями к видео 23.08.2018
../logs/API_methods.log 2025-03-05 14:59:18,885 INFO Проблема с комментариями к видео Новый клип Егора Крида
../logs/API_methods.log 2025-03-05 14:59:18,885 INFO Успешно получили комментарии для 5 видео
../logs/API_methods.log 2025-03-05 14:59:19,886 INFO ФУНКЦИЯ GET_VIDEO_COMMENT!!!
../logs/API_methods.log 2025-03-05 14:59:20,025 INFO Проблема с комментариями к видео Азамат Тахирович - новый мэр
../logs/API_methods.log 2025-03-05 14:59:20,025 INFO Проблема с комментариями к видео @azabraza1984
../logs/API_methods.log 2025-03-05 14:59:20,026 INFO Проблема с комментариями к видео Битва за миллион на новой баттл-сцене | Все, кроме обычного
../logs/API_methods.log 2025-03-05 14:59:20,026 INFO Проблема с комментариями к видео @azabraza1984
../logs/API_methods.log 2025-03-05 14:59:20,026 INFO Проблема с комментариями к видео 19.08.2018
../logs/API_methods.log 2025-03-05 14:59:20,026 INFO Успешно получили комментарии для 5 видео
../logs/API_methods.log 2025-03-05 14:59:21,036 INFO ФУНКЦИЯ GET_VIDEO_COMMENT!!!
../logs/API_methods.log 2025-03-05 14:59:21,148 INFO Проблема с комментариями к видео @azabraza1984
../logs/API_methods.log 2025-03-05 14:59:21,148 INFO Проблема с комментариями к видео 18.08.2018
../logs/API_methods.log 2025-03-05 14:59:21,148 INFO Проблема с комментариями к видео 18.08.2018
../logs/API_methods.log 2025-03-05 14:59:21,148 INFO Проблема с комментариями к видео 17.08.2018
../logs/API_methods.log 2025-03-05 14:59:21,148 INFO Проблема с комментариями к видео 17.08.2018
../logs/API_methods.log 2025-03-05 14:59:21,148 INFO Успешно получили комментарии для 5 видео
../logs/API_methods.log 2025-03-05 14:59:22,156 INFO ФУНКЦИЯ GET_VIDEO_COMMENT!!!
../logs/API_methods.log 2025-03-05 14:59:22,294 INFO Проблема с комментариями к видео @azabraza1984
../logs/API_methods.log 2025-03-05 14:59:22,294 INFO Проблема с комментариями к видео @azabraza1984
../logs/API_methods.log 2025-03-05 14:59:22,294 INFO Проблема с комментариями к видео @azabraza1984
../logs/API_methods.log 2025-03-05 14:59:22,294 INFO Проблема с комментариями к видео 10.08.2018
../logs/API_methods.log 2025-03-05 14:59:22,295 INFO Проблема с комментариями к видео 09.08.2018
../logs/API_methods.log 2025-03-05 14:59:22,295 INFO Успешно получили комментарии для 5 видео
../logs/API_methods.log 2025-03-05 14:59:23,302 INFO ФУНКЦИЯ GET_VIDEO_COMMENT!!!
../logs/API_methods.log 2025-03-05 14:59:23,419 INFO Проблема с комментариями к видео ПРЕМЬЕРА!!! Однажды в России - Красавчик расскажет тебе про новый сезон
../logs/API_methods.log 2025-03-05 14:59:23,419 INFO Проблема с комментариями к видео Скороговорка для мэра
../logs/API_methods.log 2025-03-05 14:59:23,420 INFO Проблема с комментариями к видео Все, кроме обычного • Как они это делают?
../logs/API_methods.log 2025-03-05 14:59:23,420 INFO Проблема с комментариями к видео 30.07.2018
../logs/API_methods.log 2025-03-05 14:59:23,420 INFO Проблема с комментариями к видео Азамат Мусагалиев призвал не мусорить на Байкале
../logs/API_methods.log 2025-03-05 14:59:23,420 INFO Успешно получили комментарии для 5 видео
../logs/API_methods.log 2025-03-05 14:59:24,423 INFO ФУНКЦИЯ GET_VIDEO_COMMENT!!!
../logs/API_methods.log 2025-03-05 14:59:24,546 INFO Проблема с комментариями к видео 29.07.2018
../logs/API_methods.log 2025-03-05 14:59:24,546 INFO Проблема с комментариями к видео 29.07.2018
../logs/API_methods.log 2025-03-05 14:59:24,546 INFO Проблема с комментариями к видео 29.07.2018
../logs/API_methods.log 2025-03-05 14:59:24,546 INFO Проблема с комментариями к видео 29.07.2018
../logs/API_methods.log 2025-03-05 14:59:24,546 INFO Проблема с комментариями к видео 29.07.2018
../logs/API_methods.log 2025-03-05 14:59:24,546 INFO Успешно получили комментарии для 5 видео
../logs/API_methods.log 2025-03-05 14:59:25,556 INFO ФУНКЦИЯ GET_VIDEO_COMMENT!!!
../logs/API_methods.log 2025-03-05 14:59:25,664 INFO Проблема с комментариями к видео 29.07.2018
../logs/API_methods.log 2025-03-05 14:59:25,664 INFO Проблема с комментариями к видео 29.07.2018
../logs/API_methods.log 2025-03-05 14:59:25,664 INFO Проблема с комментариями к видео 28.07.2018
../logs/API_methods.log 2025-03-05 14:59:25,664 INFO Проблема с комментариями к видео 28.07.2018
../logs/API_methods.log 2025-03-05 14:59:25,664 INFO Проблема с комментариями к видео 27.07.2018
../logs/API_methods.log 2025-03-05 14:59:25,664 INFO Успешно получили комментарии для 5 видео
../logs/API_methods.log 2025-03-05 14:59:26,669 INFO ФУНКЦИЯ GET_VIDEO_COMMENT!!!
../logs/API_methods.log 2025-03-05 14:59:26,810 INFO Проблема с комментариями к видео 27.07.2018
../logs/API_methods.log 2025-03-05 14:59:26,810 INFO Проблема с комментариями к видео 26.07.2018
../logs/API_methods.log 2025-03-05 14:59:26,810 INFO Проблема с комментариями к видео Все, кроме обычного • Кто выиграет главный приз?
../logs/API_methods.log 2025-03-05 14:59:26,811 INFO Проблема с комментариями к видео 21.07.2018
../logs/API_methods.log 2025-03-05 14:59:26,811 INFO Проблема с комментариями к видео 21.07.2018
../logs/API_methods.log 2025-03-05 14:59:26,811 INFO Успешно получили комментарии для 5 видео
../logs/API_methods.log 2025-03-05 14:59:27,816 INFO ФУНКЦИЯ GET_VIDEO_COMMENT!!!
../logs/API_methods.log 2025-03-05 14:59:27,931 INFO Проблема с комментариями к видео Выборы Красавчика
../logs/API_methods.log 2025-03-05 14:59:27,931 INFO Проблема с комментариями к видео Все, кроме обычного • Они умеют делать деньги из ничего
../logs/API_methods.log 2025-03-05 14:59:27,931 INFO Проблема с комментариями к видео Однажды в России - нет денег
../logs/API_methods.log 2025-03-05 14:59:27,931 INFO Проблема с комментариями к видео 13.07.2018
../logs/API_methods.log 2025-03-05 14:59:27,931 INFO Проблема с комментариями к видео 11.07.2018
../logs/API_methods.log 2025-03-05 14:59:27,931 INFO Успешно получили комментарии для 5 видео
../logs/API_methods.log 2025-03-05 14:59:28,937 INFO ФУНКЦИЯ GET_VIDEO_COMMENT!!!
../logs/API_methods.log 2025-03-05 14:59:29,057 INFO Проблема с комментариями к видео 10.07.2018
../logs/API_methods.log 2025-03-05 14:59:29,057 INFO Проблема с комментариями к видео 10.07.2018
../logs/API_methods.log 2025-03-05 14:59:29,057 INFO Проблема с комментариями к видео 10.07.2018
../logs/API_methods.log 2025-03-05 14:59:29,058 INFO Проблема с комментариями к видео 09.07.2018
../logs/API_methods.log 2025-03-05 14:59:29,058 INFO Проблема с комментариями к видео 09.07.2018
../logs/API_methods.log 2025-03-05 14:59:29,058 INFO Успешно получили комментарии для 5 видео
../logs/API_methods.log 2025-03-05 14:59:30,064 INFO ФУНКЦИЯ GET_VIDEO_COMMENT!!!
../logs/API_methods.log 2025-03-05 14:59:30,185 INFO Проблема с комментариями к видео 09.07.2018
../logs/API_methods.log 2025-03-05 14:59:30,186 INFO Проблема с комментариями к видео 09.07.2018
../logs/API_methods.log 2025-03-05 14:59:30,186 INFO Проблема с комментариями к видео 09.07.2018
../logs/API_methods.log 2025-03-05 14:59:30,186 INFO Проблема с комментариями к видео 09.07.2018
../logs/API_methods.log 2025-03-05 14:59:30,186 INFO Проблема с комментариями к видео 09.07.2018
../logs/API_methods.log 2025-03-05 14:59:30,186 INFO Успешно получили комментарии для 5 видео
../logs/API_methods.log 2025-03-05 14:59:31,194 INFO ФУНКЦИЯ GET_VIDEO_COMMENT!!!
../logs/API_methods.log 2025-03-05 14:59:31,307 INFO Проблема с комментариями к видео 09.07.2018
../logs/API_methods.log 2025-03-05 14:59:31,307 INFO Проблема с комментариями к видео 09.07.2018
../logs/API_methods.log 2025-03-05 14:59:31,307 INFO Проблема с комментариями к видео Все, кроме обычного • Что поразило Тимура Родригеза?
../logs/API_methods.log 2025-03-05 14:59:31,307 INFO Проблема с комментариями к видео 09.07.2018
../logs/API_methods.log 2025-03-05 14:59:31,307 INFO Проблема с комментариями к видео 09.07.2018
../logs/API_methods.log 2025-03-05 14:59:31,307 INFO Успешно получили комментарии для 5 видео
../logs/API_methods.log 2025-03-05 14:59:32,312 INFO ФУНКЦИЯ GET_VIDEO_COMMENT!!!
../logs/API_methods.log 2025-03-05 14:59:32,508 INFO Проблема с комментариями к видео 09.07.2018
../logs/API_methods.log 2025-03-05 14:59:32,509 INFO Проблема с комментариями к видео 07.07.2018
../logs/API_methods.log 2025-03-05 14:59:32,509 INFO Проблема с комментариями к видео 07.07.2018
../logs/API_methods.log 2025-03-05 14:59:32,509 INFO Проблема с комментариями к видео 07.07.2018
../logs/API_methods.log 2025-03-05 14:59:32,509 INFO Проблема с комментариями к видео 07.07.2018
../logs/API_methods.log 2025-03-05 14:59:32,509 INFO Успешно получили комментарии для 5 видео
../logs/API_methods.log 2025-03-05 14:59:33,517 INFO ФУНКЦИЯ GET_VIDEO_COMMENT!!!
../logs/API_methods.log 2025-03-05 14:59:33,645 INFO Проблема с комментариями к видео Все, кроме обычного • Что взволновало Ольгу Серябкину?
../logs/API_methods.log 2025-03-05 14:59:33,645 INFO Проблема с комментариями к видео @mriya_resort
../logs/API_methods.log 2025-03-05 14:59:33,645 INFO Проблема с комментариями к видео 07.07.2018
../logs/API_methods.log 2025-03-05 14:59:33,645 INFO Проблема с комментариями к видео 07.07.2018
../logs/API_methods.log 2025-03-05 14:59:33,645 INFO Проблема с комментариями к видео 07.07.2018
../logs/API_methods.log 2025-03-05 14:59:33,645 INFO Успешно получили комментарии для 5 видео
../logs/API_methods.log 2025-03-05 14:59:34,646 INFO ФУНКЦИЯ GET_VIDEO_COMMENT!!!
../logs/API_methods.log 2025-03-05 14:59:34,783 INFO Проблема с комментариями к видео 07.07.2018
../logs/API_methods.log 2025-03-05 14:59:34,783 INFO Проблема с комментариями к видео 07.07.2018
../logs/API_methods.log 2025-03-05 14:59:34,783 INFO Проблема с комментариями к видео 06.07.2018
../logs/API_methods.log 2025-03-05 14:59:34,783 INFO Проблема с комментариями к видео 05.07.2018
../logs/API_methods.log 2025-03-05 14:59:34,783 INFO Проблема с комментариями к видео Все, кроме обычного • Премьера!
../logs/API_methods.log 2025-03-05 14:59:34,783 INFO Успешно получили комментарии для 5 видео
../logs/API_methods.log 2025-03-05 14:59:35,791 INFO ФУНКЦИЯ GET_VIDEO_COMMENT!!!
../logs/API_methods.log 2025-03-05 14:59:35,906 INFO Проблема с комментариями к видео Все, кроме обычного • Впервые на российском телевидении!
../logs/API_methods.log 2025-03-05 14:59:35,907 INFO Проблема с комментариями к видео 03.07.2018
../logs/API_methods.log 2025-03-05 14:59:35,907 INFO Проблема с комментариями к видео 03.07.2018
../logs/API_methods.log 2025-03-05 14:59:35,907 INFO Проблема с комментариями к видео 03.07.2018
../logs/API_methods.log 2025-03-05 14:59:35,907 INFO Проблема с комментариями к видео 03.07.2018
../logs/API_methods.log 2025-03-05 14:59:35,907 INFO Успешно получили комментарии для 5 видео
../logs/API_methods.log 2025-03-05 14:59:36,914 INFO ФУНКЦИЯ GET_VIDEO_COMMENT!!!
../logs/API_methods.log 2025-03-05 14:59:37,028 INFO Проблема с комментариями к видео 03.07.2018
../logs/API_methods.log 2025-03-05 14:59:37,028 INFO Проблема с комментариями к видео 03.07.2018
../logs/API_methods.log 2025-03-05 14:59:37,028 INFO Проблема с комментариями к видео 03.07.2018
../logs/API_methods.log 2025-03-05 14:59:37,029 INFO Проблема с комментариями к видео 03.07.2018
../logs/API_methods.log 2025-03-05 14:59:37,029 INFO Проблема с комментариями к видео 03.07.2018
../logs/API_methods.log 2025-03-05 14:59:37,029 INFO Успешно получили комментарии для 5 видео
../logs/API_methods.log 2025-03-05 14:59:38,031 INFO ФУНКЦИЯ GET_VIDEO_COMMENT!!!
../logs/API_methods.log 2025-03-05 14:59:38,141 INFO Проблема с комментариями к видео 03.07.2018
../logs/API_methods.log 2025-03-05 14:59:38,141 INFO Проблема с комментариями к видео 03.07.2018
../logs/API_methods.log 2025-03-05 14:59:38,141 INFO Проблема с комментариями к видео 03.07.2018
../logs/API_methods.log 2025-03-05 14:59:38,142 INFO Проблема с комментариями к видео 03.07.2018
../logs/API_methods.log 2025-03-05 14:59:38,142 INFO Проблема с комментариями к видео 03.07.2018
../logs/API_methods.log 2025-03-05 14:59:38,142 INFO Успешно получили комментарии для 5 видео
../logs/API_methods.log 2025-03-05 14:59:39,151 INFO ФУНКЦИЯ GET_VIDEO_COMMENT!!!
../logs/API_methods.log 2025-03-05 14:59:39,280 INFO Проблема с комментариями к видео 03.07.2018
../logs/API_methods.log 2025-03-05 14:59:39,280 INFO Проблема с комментариями к видео Чеканка
../logs/API_methods.log 2025-03-05 14:59:39,280 INFO Проблема с комментариями к видео Поехаааали
../logs/API_methods.log 2025-03-05 14:59:39,280 INFO Проблема с комментариями к видео @azabraza1984
../logs/API_methods.log 2025-03-05 14:59:39,280 INFO Проблема с комментариями к видео @azabraza1984
../logs/API_methods.log 2025-03-05 14:59:39,280 INFO Успешно получили комментарии для 5 видео
../logs/API_methods.log 2025-03-05 14:59:40,287 INFO ФУНКЦИЯ GET_VIDEO_COMMENT!!!
../logs/API_methods.log 2025-03-05 14:59:40,407 INFO Проблема с комментариями к видео 01.07.2018
../logs/API_methods.log 2025-03-05 14:59:40,407 INFO Проблема с комментариями к видео 01.07.2018
../logs/API_methods.log 2025-03-05 14:59:40,407 INFO Проблема с комментариями к видео 01.07.2018
../logs/API_methods.log 2025-03-05 14:59:40,407 INFO Проблема с комментариями к видео 01.07.2018
../logs/API_methods.log 2025-03-05 14:59:40,407 INFO Проблема с комментариями к видео 01.07.2018
../logs/API_methods.log 2025-03-05 14:59:40,407 INFO Успешно получили комментарии для 5 видео
../logs/API_methods.log 2025-03-05 14:59:41,408 INFO ФУНКЦИЯ GET_VIDEO_COMMENT!!!
../logs/API_methods.log 2025-03-05 14:59:41,526 INFO Проблема с комментариями к видео 01.07.2018
../logs/API_methods.log 2025-03-05 14:59:41,526 INFO Проблема с комментариями к видео 28.06.2018
../logs/API_methods.log 2025-03-05 14:59:41,526 INFO Проблема с комментариями к видео 28.06.2018
../logs/API_methods.log 2025-03-05 14:59:41,526 INFO Проблема с комментариями к видео 28.06.2018
../logs/API_methods.log 2025-03-05 14:59:41,526 INFO Проблема с комментариями к видео 28.06.2018
../logs/API_methods.log 2025-03-05 14:59:41,526 INFO Успешно получили комментарии для 5 видео
../logs/API_methods.log 2025-03-05 14:59:42,536 INFO ФУНКЦИЯ GET_VIDEO_COMMENT!!!
../logs/API_methods.log 2025-03-05 14:59:42,663 INFO Проблема с комментариями к видео @azabraza1984
../logs/API_methods.log 2025-03-05 14:59:42,664 INFO Проблема с комментариями к видео 27.06.2018
../logs/API_methods.log 2025-03-05 14:59:42,664 INFO Проблема с комментариями к видео 27.06.2018. @kulyasoff
../logs/API_methods.log 2025-03-05 14:59:42,664 INFO Проблема с комментариями к видео 27.06.2018
../logs/API_methods.log 2025-03-05 14:59:42,664 INFO Проблема с комментариями к видео 27.06.2018
../logs/API_methods.log 2025-03-05 14:59:42,664 INFO Успешно получили комментарии для 5 видео
../logs/API_methods.log 2025-03-05 14:59:43,666 INFO ФУНКЦИЯ GET_VIDEO_COMMENT!!!
../logs/API_methods.log 2025-03-05 14:59:43,786 INFO Проблема с комментариями к видео 27.06.2018
../logs/API_methods.log 2025-03-05 14:59:43,786 INFO Проблема с комментариями к видео 27.06.2018
../logs/API_methods.log 2025-03-05 14:59:43,786 INFO Проблема с комментариями к видео @azabraza1984
../logs/API_methods.log 2025-03-05 14:59:43,786 INFO Проблема с комментариями к видео 27.06.2018
../logs/API_methods.log 2025-03-05 14:59:43,787 INFO Проблема с комментариями к видео 27.06.2018
../logs/API_methods.log 2025-03-05 14:59:43,787 INFO Успешно получили комментарии для 5 видео
../logs/API_methods.log 2025-03-05 14:59:44,794 INFO ФУНКЦИЯ GET_VIDEO_COMMENT!!!
../logs/API_methods.log 2025-03-05 14:59:44,922 INFO Проблема с комментариями к видео 27.06.2018
../logs/API_methods.log 2025-03-05 14:59:44,922 INFO Проблема с комментариями к видео 27.06.2018
../logs/API_methods.log 2025-03-05 14:59:44,922 INFO Проблема с комментариями к видео 27.06.2018
../logs/API_methods.log 2025-03-05 14:59:44,922 INFO Проблема с комментариями к видео 26.06.2018
../logs/API_methods.log 2025-03-05 14:59:44,922 INFO Проблема с комментариями к видео 26.06.2018
../logs/API_methods.log 2025-03-05 14:59:44,922 INFO Успешно получили комментарии для 5 видео
../logs/API_methods.log 2025-03-05 14:59:45,925 INFO ФУНКЦИЯ GET_VIDEO_COMMENT!!!
../logs/API_methods.log 2025-03-05 14:59:46,053 INFO Проблема с комментариями к видео 25.06.2018
../logs/API_methods.log 2025-03-05 14:59:46,053 INFO Проблема с комментариями к видео 25.06.2018
../logs/API_methods.log 2025-03-05 14:59:46,053 INFO Проблема с комментариями к видео 25.06.2018
../logs/API_methods.log 2025-03-05 14:59:46,053 INFO Проблема с комментариями к видео 22.06.2018
../logs/API_methods.log 2025-03-05 14:59:46,053 INFO Проблема с комментариями к видео 22.06.2018
../logs/API_methods.log 2025-03-05 14:59:46,053 INFO Успешно получили комментарии для 5 видео
../logs/API_methods.log 2025-03-05 14:59:47,059 INFO ФУНКЦИЯ GET_VIDEO_COMMENT!!!
../logs/API_methods.log 2025-03-05 14:59:47,168 INFO Проблема с комментариями к видео 22.06.2018
../logs/API_methods.log 2025-03-05 14:59:47,169 INFO Проблема с комментариями к видео @azabraza1984
../logs/API_methods.log 2025-03-05 14:59:47,169 INFO Проблема с комментариями к видео 11.06.2018
../logs/API_methods.log 2025-03-05 14:59:47,169 INFO Проблема с комментариями к видео @azabraza1984
../logs/API_methods.log 2025-03-05 14:59:47,169 INFO Проблема с комментариями к видео @azabraza1984
../logs/API_methods.log 2025-03-05 14:59:47,169 INFO Успешно получили комментарии для 5 видео
../logs/API_methods.log 2025-03-05 14:59:48,175 INFO ФУНКЦИЯ GET_VIDEO_COMMENT!!!
../logs/API_methods.log 2025-03-05 14:59:48,287 INFO Проблема с комментариями к видео 03.06.2018
../logs/API_methods.log 2025-03-05 14:59:48,287 INFO Проблема с комментариями к видео @comedyclubru
../logs/API_methods.log 2025-03-05 14:59:48,287 INFO Проблема с комментариями к видео @azabraza1984
../logs/API_methods.log 2025-03-05 14:59:48,288 INFO Проблема с комментариями к видео @azabraza1984
../logs/API_methods.log 2025-03-05 14:59:48,288 INFO Проблема с комментариями к видео @azabraza1984
../logs/API_methods.log 2025-03-05 14:59:48,288 INFO Успешно получили комментарии для 5 видео
../logs/API_methods.log 2025-03-05 14:59:49,291 INFO ФУНКЦИЯ GET_VIDEO_COMMENT!!!
../logs/API_methods.log 2025-03-05 14:59:49,408 INFO Проблема с комментариями к видео @azabraza1984
../logs/API_methods.log 2025-03-05 14:59:49,408 INFO Проблема с комментариями к видео #песнитнт
../logs/API_methods.log 2025-03-05 14:59:49,409 INFO Проблема с комментариями к видео @azabraza1984
../logs/API_methods.log 2025-03-05 14:59:49,409 INFO Проблема с комментариями к видео 18.05.2018
../logs/API_methods.log 2025-03-05 14:59:49,409 INFO Проблема с комментариями к видео @azabraza1984
../logs/API_methods.log 2025-03-05 14:59:49,409 INFO Успешно получили комментарии для 5 видео
../logs/API_methods.log 2025-03-05 14:59:50,414 INFO ФУНКЦИЯ GET_VIDEO_COMMENT!!!
../logs/API_methods.log 2025-03-05 14:59:50,534 INFO Проблема с комментариями к видео #однаждывроссии. футбольный выпуск!
../logs/API_methods.log 2025-03-05 14:59:50,534 INFO Проблема с комментариями к видео 09.05.2018. @mabroskina
../logs/API_methods.log 2025-03-05 14:59:50,534 INFO Проблема с комментариями к видео 09.05.2018. @mabroskina
../logs/API_methods.log 2025-03-05 14:59:50,534 INFO Проблема с комментариями к видео 09.05.2018. @mabroskina
../logs/API_methods.log 2025-03-05 14:59:50,534 INFO Проблема с комментариями к видео 05.05.2018
../logs/API_methods.log 2025-03-05 14:59:50,534 INFO Успешно получили комментарии для 5 видео
../logs/API_methods.log 2025-03-05 14:59:51,537 INFO ФУНКЦИЯ GET_VIDEO_COMMENT!!!
../logs/API_methods.log 2025-03-05 14:59:51,646 INFO Проблема с комментариями к видео 05.05.2018
../logs/API_methods.log 2025-03-05 14:59:51,647 INFO Проблема с комментариями к видео 02.05.2018
../logs/API_methods.log 2025-03-05 14:59:51,647 INFO Проблема с комментариями к видео 02.05.2018
../logs/API_methods.log 2025-03-05 14:59:51,647 INFO Проблема с комментариями к видео 02.05.2018
../logs/API_methods.log 2025-03-05 14:59:51,647 INFO Проблема с комментариями к видео @azabraza1984
../logs/API_methods.log 2025-03-05 14:59:51,647 INFO Успешно получили комментарии для 5 видео
../logs/API_methods.log 2025-03-05 14:59:52,653 INFO ФУНКЦИЯ GET_VIDEO_COMMENT!!!
../logs/API_methods.log 2025-03-05 14:59:52,762 INFO Проблема с комментариями к видео Азамат
../logs/API_methods.log 2025-03-05 14:59:52,762 INFO Проблема с комментариями к видео 01.05.2018
../logs/API_methods.log 2025-03-05 14:59:52,762 INFO Проблема с комментариями к видео 01.05.2018
../logs/API_methods.log 2025-03-05 14:59:52,762 INFO Проблема с комментариями к видео 30.04.2018
../logs/API_methods.log 2025-03-05 14:59:52,762 INFO Проблема с комментариями к видео 30.04.2018
../logs/API_methods.log 2025-03-05 14:59:52,762 INFO Успешно получили комментарии для 5 видео
../logs/API_methods.log 2025-03-05 14:59:53,768 INFO ФУНКЦИЯ GET_VIDEO_COMMENT!!!
../logs/API_methods.log 2025-03-05 14:59:53,881 INFO Проблема с комментариями к видео 30.04.2018
../logs/API_methods.log 2025-03-05 14:59:53,881 INFO Проблема с комментариями к видео 29.04.2018
../logs/API_methods.log 2025-03-05 14:59:53,882 INFO Проблема с комментариями к видео 29.04.2018
../logs/API_methods.log 2025-03-05 14:59:53,882 INFO Проблема с комментариями к видео Леонид Агутин "Как не думать о тебе..."
../logs/API_methods.log 2025-03-05 14:59:53,882 INFO Проблема с комментариями к видео @azabraza1984
../logs/API_methods.log 2025-03-05 14:59:53,882 INFO Успешно получили комментарии для 5 видео
../logs/API_methods.log 2025-03-05 14:59:54,887 INFO ФУНКЦИЯ GET_VIDEO_COMMENT!!!
../logs/API_methods.log 2025-03-05 14:59:55,011 INFO Проблема с комментариями к видео @azabraza1984
../logs/API_methods.log 2025-03-05 14:59:55,011 INFO Проблема с комментариями к видео @ovrshow
../logs/API_methods.log 2025-03-05 14:59:55,011 INFO Проблема с комментариями к видео 25.04.2018
../logs/API_methods.log 2025-03-05 14:59:55,011 INFO Проблема с комментариями к видео @azabraza1984
../logs/API_methods.log 2025-03-05 14:59:55,011 INFO Проблема с комментариями к видео 23.04.2018
../logs/API_methods.log 2025-03-05 14:59:55,011 INFO Успешно получили комментарии для 5 видео
../logs/API_methods.log 2025-03-05 14:59:56,017 INFO ФУНКЦИЯ GET_VIDEO_COMMENT!!!
../logs/API_methods.log 2025-03-05 14:59:56,130 INFO Проблема с комментариями к видео @azabraza1984
../logs/API_methods.log 2025-03-05 14:59:56,130 INFO Проблема с комментариями к видео 21.04.2018
../logs/API_methods.log 2025-03-05 14:59:56,130 INFO Проблема с комментариями к видео 21.04.2018
../logs/API_methods.log 2025-03-05 14:59:56,131 INFO Проблема с комментариями к видео @azabraza1984
../logs/API_methods.log 2025-03-05 14:59:56,131 INFO Проблема с комментариями к видео Когда случайно склеил ладони
../logs/API_methods.log 2025-03-05 14:59:56,131 INFO Успешно получили комментарии для 5 видео
../logs/API_methods.log 2025-03-05 14:59:57,131 INFO ФУНКЦИЯ GET_VIDEO_COMMENT!!!
../logs/API_methods.log 2025-03-05 14:59:57,244 INFO Проблема с комментариями к видео @azabraza1984
../logs/API_methods.log 2025-03-05 14:59:57,244 INFO Проблема с комментариями к видео @azabraza1984
../logs/API_methods.log 2025-03-05 14:59:57,245 INFO Проблема с комментариями к видео Звёзды ТНТ
../logs/API_methods.log 2025-03-05 14:59:57,245 INFO Проблема с комментариями к видео Однажды в России - Природа
../logs/API_methods.log 2025-03-05 14:59:57,245 INFO Проблема с комментариями к видео Азамат Мусагалиев в гостях у 100% Утра
../logs/API_methods.log 2025-03-05 14:59:57,245 INFO Успешно получили комментарии для 5 видео
../logs/API_methods.log 2025-03-05 14:59:58,246 INFO ФУНКЦИЯ GET_VIDEO_COMMENT!!!
../logs/API_methods.log 2025-03-05 14:59:58,370 INFO Проблема с комментариями к видео 16.04.2018
../logs/API_methods.log 2025-03-05 14:59:58,371 INFO Проблема с комментариями к видео 16.04.2018
../logs/API_methods.log 2025-03-05 14:59:58,371 INFO Проблема с комментариями к видео 16.04.2018. @sport_fm
../logs/API_methods.log 2025-03-05 14:59:58,371 INFO Проблема с комментариями к видео 14.04.2018
../logs/API_methods.log 2025-03-05 14:59:58,371 INFO Проблема с комментариями к видео 14.04.2018
../logs/API_methods.log 2025-03-05 14:59:58,371 INFO Успешно получили комментарии для 5 видео
../logs/API_methods.log 2025-03-05 14:59:59,377 INFO ФУНКЦИЯ GET_VIDEO_COMMENT!!!
../logs/API_methods.log 2025-03-05 14:59:59,493 INFO Проблема с комментариями к видео @studiasoyuz
../logs/API_methods.log 2025-03-05 14:59:59,493 INFO Проблема с комментариями к видео 12.04.2018
../logs/API_methods.log 2025-03-05 14:59:59,493 INFO Проблема с комментариями к видео 12.04.2018
../logs/API_methods.log 2025-03-05 14:59:59,493 INFO Проблема с комментариями к видео @viktoria_musagalieva
../logs/API_methods.log 2025-03-05 14:59:59,494 INFO Проблема с комментариями к видео @studiasoyuz
../logs/API_methods.log 2025-03-05 14:59:59,494 INFO Успешно получили комментарии для 5 видео
../logs/API_methods.log 2025-03-05 15:00:00,501 INFO ФУНКЦИЯ GET_VIDEO_COMMENT!!!
../logs/API_methods.log 2025-03-05 15:00:00,613 INFO Проблема с комментариями к видео Студия Союз: Давид Цаллаев X Азамат Мусагалиев
../logs/API_methods.log 2025-03-05 15:00:00,613 INFO Проблема с комментариями к видео 08.04.2018
../logs/API_methods.log 2025-03-05 15:00:00,614 INFO Проблема с комментариями к видео 06.04.2018
../logs/API_methods.log 2025-03-05 15:00:00,614 INFO Проблема с комментариями к видео Наша ночь...
../logs/API_methods.log 2025-03-05 15:00:00,614 INFO Проблема с комментариями к видео 04.04.2018
../logs/API_methods.log 2025-03-05 15:00:00,614 INFO Успешно получили комментарии для 5 видео
../logs/API_methods.log 2025-03-05 15:00:01,616 INFO ФУНКЦИЯ GET_VIDEO_COMMENT!!!
../logs/API_methods.log 2025-03-05 15:00:01,738 INFO Проблема с комментариями к видео 04.04.2018.
../logs/API_methods.log 2025-03-05 15:00:01,738 INFO Проблема с комментариями к видео 04.04.2018
../logs/API_methods.log 2025-03-05 15:00:01,738 INFO Проблема с комментариями к видео 23.03.2018
../logs/API_methods.log 2025-03-05 15:00:01,738 INFO Проблема с комментариями к видео 23.03.2018
../logs/API_methods.log 2025-03-05 15:00:01,739 INFO Проблема с комментариями к видео 23.03.2018
../logs/API_methods.log 2025-03-05 15:00:01,739 INFO Успешно получили комментарии для 5 видео
../logs/API_methods.log 2025-03-05 15:00:02,748 INFO ФУНКЦИЯ GET_VIDEO_COMMENT!!!
../logs/API_methods.log 2025-03-05 15:00:02,871 INFO Проблема с комментариями к видео @demiskaribidis
../logs/API_methods.log 2025-03-05 15:00:02,871 INFO Проблема с комментариями к видео 22.03.2018
../logs/API_methods.log 2025-03-05 15:00:02,871 INFO Проблема с комментариями к видео 22.03.2018
../logs/API_methods.log 2025-03-05 15:00:02,871 INFO Проблема с комментариями к видео 22.03.2018
../logs/API_methods.log 2025-03-05 15:00:02,871 INFO Проблема с комментариями к видео Весна
../logs/API_methods.log 2025-03-05 15:00:02,871 INFO Успешно получили комментарии для 5 видео
../logs/API_methods.log 2025-03-05 15:00:03,878 INFO ФУНКЦИЯ GET_VIDEO_COMMENT!!!
../logs/API_methods.log 2025-03-05 15:00:04,025 INFO Проблема с комментариями к видео Невеста для мэра
../logs/API_methods.log 2025-03-05 15:00:04,025 INFO Проблема с комментариями к видео 21.03.2018
../logs/API_methods.log 2025-03-05 15:00:04,025 INFO Проблема с комментариями к видео 20.03.2018
../logs/API_methods.log 2025-03-05 15:00:04,025 INFO Проблема с комментариями к видео Возьми меня
../logs/API_methods.log 2025-03-05 15:00:04,025 INFO Проблема с комментариями к видео 12.03.2018
../logs/API_methods.log 2025-03-05 15:00:04,025 INFO Успешно получили комментарии для 5 видео
../logs/API_methods.log 2025-03-05 15:00:05,030 INFO ФУНКЦИЯ GET_VIDEO_COMMENT!!!
../logs/API_methods.log 2025-03-05 15:00:05,160 INFO Проблема с комментариями к видео 12.03.2018
../logs/API_methods.log 2025-03-05 15:00:05,160 INFO Проблема с комментариями к видео 08.03.2018
../logs/API_methods.log 2025-03-05 15:00:05,160 INFO Проблема с комментариями к видео 08.03.2018
../logs/API_methods.log 2025-03-05 15:00:05,160 INFO Проблема с комментариями к видео 08.03.2018
../logs/API_methods.log 2025-03-05 15:00:05,160 INFO Проблема с комментариями к видео 08.03.2018
../logs/API_methods.log 2025-03-05 15:00:05,160 INFO Успешно получили комментарии для 5 видео
../logs/API_methods.log 2025-03-05 15:00:06,163 INFO ФУНКЦИЯ GET_VIDEO_COMMENT!!!
../logs/API_methods.log 2025-03-05 15:00:06,273 INFO Проблема с комментариями к видео @azabraza1984
../logs/API_methods.log 2025-03-05 15:00:06,273 INFO Проблема с комментариями к видео 07.03.2018
../logs/API_methods.log 2025-03-05 15:00:06,273 INFO Проблема с комментариями к видео 07.03.2018
../logs/API_methods.log 2025-03-05 15:00:06,273 INFO Проблема с комментариями к видео 07.03.2018
../logs/API_methods.log 2025-03-05 15:00:06,273 INFO Проблема с комментариями к видео Песня "За рекой" И. Саруханова
../logs/API_methods.log 2025-03-05 15:00:06,273 INFO Успешно получили комментарии для 5 видео
../logs/API_methods.log 2025-03-05 15:00:07,276 INFO ФУНКЦИЯ GET_VIDEO_COMMENT!!!
../logs/API_methods.log 2025-03-05 15:00:07,390 INFO Проблема с комментариями к видео День рожденья Ольги Картунковой!
../logs/API_methods.log 2025-03-05 15:00:07,390 INFO Проблема с комментариями к видео @azabraza1984
../logs/API_methods.log 2025-03-05 15:00:07,390 INFO Проблема с комментариями к видео 02.03.2018
../logs/API_methods.log 2025-03-05 15:00:07,390 INFO Проблема с комментариями к видео @azabraza1984
../logs/API_methods.log 2025-03-05 15:00:07,391 INFO Проблема с комментариями к видео ПРЕМЬЕРА! «Love is» - Все как мы любим
../logs/API_methods.log 2025-03-05 15:00:07,391 INFO Успешно получили комментарии для 5 видео
../logs/API_methods.log 2025-03-05 15:00:08,397 INFO ФУНКЦИЯ GET_VIDEO_COMMENT!!!
../logs/API_methods.log 2025-03-05 15:00:08,515 INFO Проблема с комментариями к видео 02.03.2018
../logs/API_methods.log 2025-03-05 15:00:08,516 INFO Проблема с комментариями к видео 01.03.2018
../logs/API_methods.log 2025-03-05 15:00:08,516 INFO Проблема с комментариями к видео Дороги любви
../logs/API_methods.log 2025-03-05 15:00:08,516 INFO Проблема с комментариями к видео ПРЕМЬЕРА! «Love is» - Новый сезон!
../logs/API_methods.log 2025-03-05 15:00:08,516 INFO Проблема с комментариями к видео 26.02.2018
../logs/API_methods.log 2025-03-05 15:00:08,516 INFO Успешно получили комментарии для 5 видео
../logs/API_methods.log 2025-03-05 15:00:09,522 INFO ФУНКЦИЯ GET_VIDEO_COMMENT!!!
../logs/API_methods.log 2025-03-05 15:00:09,638 INFO Проблема с комментариями к видео 23.02.2018
../logs/API_methods.log 2025-03-05 15:00:09,639 INFO Проблема с комментариями к видео 23.02.2108
../logs/API_methods.log 2025-03-05 15:00:09,639 INFO Проблема с комментариями к видео 23.02.2018
../logs/API_methods.log 2025-03-05 15:00:09,639 INFO Проблема с комментариями к видео 22.02.2018
../logs/API_methods.log 2025-03-05 15:00:09,639 INFO Проблема с комментариями к видео 22.02.2018
../logs/API_methods.log 2025-03-05 15:00:09,639 INFO Успешно получили комментарии для 5 видео
../logs/API_methods.log 2025-03-05 15:00:10,644 INFO ФУНКЦИЯ GET_VIDEO_COMMENT!!!
../logs/API_methods.log 2025-03-05 15:00:10,763 INFO Проблема с комментариями к видео @azabraza1984
../logs/API_methods.log 2025-03-05 15:00:10,763 INFO Проблема с комментариями к видео 19.02.2018
../logs/API_methods.log 2025-03-05 15:00:10,763 INFO Проблема с комментариями к видео 18.02.2018
../logs/API_methods.log 2025-03-05 15:00:10,763 INFO Проблема с комментариями к видео ТЫ СУПЕР! Полина Ершова из г.Камызяк
../logs/API_methods.log 2025-03-05 15:00:10,763 INFO Проблема с комментариями к видео 17.02.2018
../logs/API_methods.log 2025-03-05 15:00:10,763 INFO Успешно получили комментарии для 5 видео
../logs/API_methods.log 2025-03-05 15:00:11,768 INFO ФУНКЦИЯ GET_VIDEO_COMMENT!!!
../logs/API_methods.log 2025-03-05 15:00:11,889 INFO Проблема с комментариями к видео Воскресная премьера!
../logs/API_methods.log 2025-03-05 15:00:11,889 INFO Проблема с комментариями к видео 05.02.2018
../logs/API_methods.log 2025-03-05 15:00:11,889 INFO Проблема с комментариями к видео 05.02.2018
../logs/API_methods.log 2025-03-05 15:00:11,890 INFO Проблема с комментариями к видео Новый сезон "Деньги или Позор" на ТНТ4! Азамат Мусагалиев. 5 февраля в 23:00. Анонс.
../logs/API_methods.log 2025-03-05 15:00:11,890 INFO Проблема с комментариями к видео @azabraza1984
../logs/API_methods.log 2025-03-05 15:00:11,890 INFO Успешно получили комментарии для 5 видео
../logs/API_methods.log 2025-03-05 15:00:12,896 INFO ФУНКЦИЯ GET_VIDEO_COMMENT!!!
../logs/API_methods.log 2025-03-05 15:00:13,009 INFO Проблема с комментариями к видео Азамат Мусагалиев и Ольга Бузова
../logs/API_methods.log 2025-03-05 15:00:13,010 INFO Проблема с комментариями к видео @azabraza1984
../logs/API_methods.log 2025-03-05 15:00:13,010 INFO Проблема с комментариями к видео 20.01.2018
../logs/API_methods.log 2025-03-05 15:00:13,010 INFO Проблема с комментариями к видео @azabraza1984
../logs/API_methods.log 2025-03-05 15:00:13,010 INFO Проблема с комментариями к видео 16.01.2018
../logs/API_methods.log 2025-03-05 15:00:13,010 INFO Успешно получили комментарии для 5 видео
../logs/API_methods.log 2025-03-05 15:00:14,015 INFO ФУНКЦИЯ GET_VIDEO_COMMENT!!!
../logs/API_methods.log 2025-03-05 15:00:14,119 INFO Проблема с комментариями к видео 12.01.2018
../logs/API_methods.log 2025-03-05 15:00:14,119 INFO Проблема с комментариями к видео Ольга Бузова в кино!
../logs/API_methods.log 2025-03-05 15:00:14,119 INFO Проблема с комментариями к видео 08.01.2018
../logs/API_methods.log 2025-03-05 15:00:14,120 INFO Проблема с комментариями к видео С Новым годом!
../logs/API_methods.log 2025-03-05 15:00:14,120 INFO Проблема с комментариями к видео 06.01.2018
../logs/API_methods.log 2025-03-05 15:00:14,120 INFO Успешно получили комментарии для 5 видео
../logs/API_methods.log 2025-03-05 15:00:15,125 INFO ФУНКЦИЯ GET_VIDEO_COMMENT!!!
../logs/API_methods.log 2025-03-05 15:00:15,241 INFO Проблема с комментариями к видео 31.12.2017. С Новым годом!
../logs/API_methods.log 2025-03-05 15:00:15,241 INFO Проблема с комментариями к видео С собакой веселее!
../logs/API_methods.log 2025-03-05 15:00:15,242 INFO Проблема с комментариями к видео 31.12.2017. С Новым годом!
../logs/API_methods.log 2025-03-05 15:00:15,242 INFO Проблема с комментариями к видео Зажжем!
../logs/API_methods.log 2025-03-05 15:00:15,242 INFO Проблема с комментариями к видео 29.12.2017. Каникулы!
../logs/API_methods.log 2025-03-05 15:00:15,242 INFO Успешно получили комментарии для 5 видео
../logs/API_methods.log 2025-03-05 15:00:16,251 INFO ФУНКЦИЯ GET_VIDEO_COMMENT!!!
../logs/API_methods.log 2025-03-05 15:00:16,367 INFO Проблема с комментариями к видео #Zомбоящик. Азамат Мусагалиев
../logs/API_methods.log 2025-03-05 15:00:16,367 INFO Проблема с комментариями к видео 28.12.2017. Самара
../logs/API_methods.log 2025-03-05 15:00:16,367 INFO Проблема с комментариями к видео Первый поздравил
../logs/API_methods.log 2025-03-05 15:00:16,367 INFO Проблема с комментариями к видео 27.12.2017. Признавайтесь!
../logs/API_methods.log 2025-03-05 15:00:16,367 INFO Проблема с комментариями к видео Шесть новогодних программ
../logs/API_methods.log 2025-03-05 15:00:16,367 INFO Успешно получили комментарии для 5 видео
../logs/API_methods.log 2025-03-05 15:00:17,372 INFO ФУНКЦИЯ GET_VIDEO_COMMENT!!!
../logs/API_methods.log 2025-03-05 15:00:17,500 INFO Проблема с комментариями к видео 25.12.2017. Доброе утро
../logs/API_methods.log 2025-03-05 15:00:17,500 INFO Проблема с комментариями к видео 23.12.2017. Азамат Мусагалиев и Александр Пташенчук
../logs/API_methods.log 2025-03-05 15:00:17,500 INFO Проблема с комментариями к видео #Zомбоящик. Азамат Мусагалиев и Ольга Бузова
../logs/API_methods.log 2025-03-05 15:00:17,500 INFO Проблема с комментариями к видео 22.12.2017. Вечерняя Москва
../logs/API_methods.log 2025-03-05 15:00:17,501 INFO Проблема с комментариями к видео 22.12.2017. Театр
../logs/API_methods.log 2025-03-05 15:00:17,501 INFO Успешно получили комментарии для 5 видео
../logs/API_methods.log 2025-03-05 15:00:18,503 INFO ФУНКЦИЯ GET_VIDEO_COMMENT!!!
../logs/API_methods.log 2025-03-05 15:00:18,621 INFO Проблема с комментариями к видео 20.12.2017. Милана и Лейсан
../logs/API_methods.log 2025-03-05 15:00:18,621 INFO Проблема с комментариями к видео Zомбоящик
../logs/API_methods.log 2025-03-05 15:00:18,621 INFO Проблема с комментариями к видео 19.12.2017. Утро с музыкой
../logs/API_methods.log 2025-03-05 15:00:18,621 INFO Проблема с комментариями к видео 18.12.2017.
../logs/API_methods.log 2025-03-05 15:00:18,621 INFO Проблема с комментариями к видео 18.12.2017. Сон
../logs/API_methods.log 2025-03-05 15:00:18,621 INFO Успешно получили комментарии для 5 видео
../logs/API_methods.log 2025-03-05 15:00:19,628 INFO ФУНКЦИЯ GET_VIDEO_COMMENT!!!
../logs/API_methods.log 2025-03-05 15:00:19,751 INFO Проблема с комментариями к видео Где Логика - ТАНЦЫ
../logs/API_methods.log 2025-03-05 15:00:19,751 INFO Проблема с комментариями к видео 16.12.2017. Спойлер
../logs/API_methods.log 2025-03-05 15:00:19,751 INFO Проблема с комментариями к видео 15.12.2017. @mabroskina
../logs/API_methods.log 2025-03-05 15:00:19,751 INFO Проблема с комментариями к видео 15.12.2017. @ksushandalova
../logs/API_methods.log 2025-03-05 15:00:19,752 INFO Проблема с комментариями к видео 14.12.2017. Концерт Элтона Джона
../logs/API_methods.log 2025-03-05 15:00:19,752 INFO Успешно получили комментарии для 5 видео
../logs/API_methods.log 2025-03-05 15:00:20,757 INFO ФУНКЦИЯ GET_VIDEO_COMMENT!!!
../logs/API_methods.log 2025-03-05 15:00:20,873 INFO Проблема с комментариями к видео 14.12.2017. Концерт Элтона Джона
../logs/API_methods.log 2025-03-05 15:00:20,873 INFO Проблема с комментариями к видео 14.12.2017. Концерт Элтона Джона
../logs/API_methods.log 2025-03-05 15:00:20,873 INFO Проблема с комментариями к видео 14.12.2017. Концерт Элтона Джона
../logs/API_methods.log 2025-03-05 15:00:20,874 INFO Проблема с комментариями к видео 14.12.2017. Концерт Элтона Джона
../logs/API_methods.log 2025-03-05 15:00:20,874 INFO Проблема с комментариями к видео 14.12.2017. На концерт
../logs/API_methods.log 2025-03-05 15:00:20,874 INFO Успешно получили комментарии для 5 видео
../logs/API_methods.log 2025-03-05 15:00:21,883 INFO ФУНКЦИЯ GET_VIDEO_COMMENT!!!
../logs/API_methods.log 2025-03-05 15:00:22,011 INFO Проблема с комментариями к видео Почувствуй нашу силу!
../logs/API_methods.log 2025-03-05 15:00:22,011 INFO Проблема с комментариями к видео #ОднаждывРоссии в Калининграде
../logs/API_methods.log 2025-03-05 15:00:22,011 INFO Проблема с комментариями к видео 12.12.2017. @ptaha
../logs/API_methods.log 2025-03-05 15:00:22,012 INFO Проблема с комментариями к видео Однажды в России - Человек - Вотсапиенс
../logs/API_methods.log 2025-03-05 15:00:22,012 INFO Проблема с комментариями к видео 11.12.2017. В Таллин
../logs/API_methods.log 2025-03-05 15:00:22,012 INFO Успешно получили комментарии для 5 видео
../logs/API_methods.log 2025-03-05 15:00:23,017 INFO ФУНКЦИЯ GET_VIDEO_COMMENT!!!
../logs/API_methods.log 2025-03-05 15:00:23,134 INFO Проблема с комментариями к видео Скороговорка
../logs/API_methods.log 2025-03-05 15:00:23,134 INFO Проблема с комментариями к видео 06.12.2017. #овр в 21:00
../logs/API_methods.log 2025-03-05 15:00:23,134 INFO Проблема с комментариями к видео 06.12.2017. Утро
../logs/API_methods.log 2025-03-05 15:00:23,134 INFO Проблема с комментариями к видео 05.12.2017. Привет
../logs/API_methods.log 2025-03-05 15:00:23,134 INFO Проблема с комментариями к видео Спецпроект «Кубок мэра Москвы» 2017
../logs/API_methods.log 2025-03-05 15:00:23,134 INFO Успешно получили комментарии для 5 видео
../logs/API_methods.log 2025-03-05 15:00:24,138 INFO ФУНКЦИЯ GET_VIDEO_COMMENT!!!
../logs/API_methods.log 2025-03-05 15:00:24,256 INFO Проблема с комментариями к видео 04.12.2017. Comedy
../logs/API_methods.log 2025-03-05 15:00:24,256 INFO Проблема с комментариями к видео 03.12.2017. @zorkin
../logs/API_methods.log 2025-03-05 15:00:24,256 INFO Проблема с комментариями к видео 03.12.2017. @zzzombox
../logs/API_methods.log 2025-03-05 15:00:24,256 INFO Проблема с комментариями к видео Съемки новогоднего Comedy Club
../logs/API_methods.log 2025-03-05 15:00:24,256 INFO Проблема с комментариями к видео 03.12.2017. Съемки
../logs/API_methods.log 2025-03-05 15:00:24,256 INFO Успешно получили комментарии для 5 видео
../logs/API_methods.log 2025-03-05 15:00:25,260 INFO ФУНКЦИЯ GET_VIDEO_COMMENT!!!
../logs/API_methods.log 2025-03-05 15:00:25,375 INFO Проблема с комментариями к видео 03.12.2017. Пока, Махачкала!
../logs/API_methods.log 2025-03-05 15:00:25,376 INFO Проблема с комментариями к видео 03.12.2017. Спасибо за концерт
../logs/API_methods.log 2025-03-05 15:00:25,376 INFO Проблема с комментариями к видео 02.12.2017. @ptaha
../logs/API_methods.log 2025-03-05 15:00:25,376 INFO Проблема с комментариями к видео 02.12.2017. Махачкала
../logs/API_methods.log 2025-03-05 15:00:25,376 INFO Проблема с комментариями к видео @azabraza1984
../logs/API_methods.log 2025-03-05 15:00:25,376 INFO Успешно получили комментарии для 5 видео
../logs/API_methods.log 2025-03-05 15:00:26,382 INFO ФУНКЦИЯ GET_VIDEO_COMMENT!!!
../logs/API_methods.log 2025-03-05 15:00:26,504 INFO Проблема с комментариями к видео 27.11.2017. "Спартак" - "Зенит"
../logs/API_methods.log 2025-03-05 15:00:26,505 INFO Проблема с комментариями к видео 27.11.2017. "Спартак" - "Зенит"
../logs/API_methods.log 2025-03-05 15:00:26,505 INFO Проблема с комментариями к видео 25.11.2017. Детская дискотека
../logs/API_methods.log 2025-03-05 15:00:26,505 INFO Проблема с комментариями к видео 25.11.2017. Скоро Новый год
../logs/API_methods.log 2025-03-05 15:00:26,505 INFO Проблема с комментариями к видео 24.11.2017. Родина
../logs/API_methods.log 2025-03-05 15:00:26,505 INFO Успешно получили комментарии для 5 видео
../logs/API_methods.log 2025-03-05 15:00:27,515 INFO ФУНКЦИЯ GET_VIDEO_COMMENT!!!
../logs/API_methods.log 2025-03-05 15:00:27,626 INFO Проблема с комментариями к видео 24.11.2017. Взлет
../logs/API_methods.log 2025-03-05 15:00:27,626 INFO Проблема с комментариями к видео @azabraza1984
../logs/API_methods.log 2025-03-05 15:00:27,626 INFO Проблема с комментариями к видео #ОднаждывРоссии в Махачкале
../logs/API_methods.log 2025-03-05 15:00:27,626 INFO Проблема с комментариями к видео 18.11.2017. @elza_svobonas
../logs/API_methods.log 2025-03-05 15:00:27,626 INFO Проблема с комментариями к видео 13.11.2017. @ksenya_kotori
../logs/API_methods.log 2025-03-05 15:00:27,626 INFO Успешно получили комментарии для 5 видео
../logs/API_methods.log 2025-03-05 15:00:28,630 INFO ФУНКЦИЯ GET_VIDEO_COMMENT!!!
../logs/API_methods.log 2025-03-05 15:00:28,747 INFO Проблема с комментариями к видео 12.11.2017. @jannalevina_martirosyan
../logs/API_methods.log 2025-03-05 15:00:28,747 INFO Проблема с комментариями к видео 13.11.2017. Скоро!
../logs/API_methods.log 2025-03-05 15:00:28,748 INFO Проблема с комментариями к видео 10.11.2017. Девчонки
../logs/API_methods.log 2025-03-05 15:00:28,748 INFO Проблема с комментариями к видео @ovrshow
../logs/API_methods.log 2025-03-05 15:00:28,748 INFO Проблема с комментариями к видео 07.11.2017. @evgeniya_kulyasova
../logs/API_methods.log 2025-03-05 15:00:28,748 INFO Успешно получили комментарии для 5 видео
../logs/API_methods.log 2025-03-05 15:00:29,752 INFO ФУНКЦИЯ GET_VIDEO_COMMENT!!!
../logs/API_methods.log 2025-03-05 15:00:29,866 INFO Проблема с комментариями к видео Для тебя
../logs/API_methods.log 2025-03-05 15:00:29,866 INFO Проблема с комментариями к видео 05.11.2017. @vyacheslav_star
../logs/API_methods.log 2025-03-05 15:00:29,866 INFO Проблема с комментариями к видео @comedyzriteli
../logs/API_methods.log 2025-03-05 15:00:29,866 INFO Проблема с комментариями к видео 04.11.2017. @max_kiselev
../logs/API_methods.log 2025-03-05 15:00:29,866 INFO Проблема с комментариями к видео 01.11.2017. @ptaha
../logs/API_methods.log 2025-03-05 15:00:29,866 INFO Успешно получили комментарии для 5 видео
../logs/API_methods.log 2025-03-05 15:00:30,876 INFO ФУНКЦИЯ GET_VIDEO_COMMENT!!!
../logs/API_methods.log 2025-03-05 15:00:31,013 INFO Проблема с комментариями к видео @comedyzriteli
../logs/API_methods.log 2025-03-05 15:00:31,013 INFO Проблема с комментариями к видео 31.10.2017. @kartynkova222
../logs/API_methods.log 2025-03-05 15:00:31,013 INFO Проблема с комментариями к видео 30.10.2017. @kartynkova222
../logs/API_methods.log 2025-03-05 15:00:31,014 INFO Проблема с комментариями к видео @ovrshow
../logs/API_methods.log 2025-03-05 15:00:31,014 INFO Проблема с комментариями к видео @azabraza1984
../logs/API_methods.log 2025-03-05 15:00:31,014 INFO Успешно получили комментарии для 5 видео
../logs/API_methods.log 2025-03-05 15:00:32,019 INFO ФУНКЦИЯ GET_VIDEO_COMMENT!!!
../logs/API_methods.log 2025-03-05 15:00:32,125 INFO Проблема с комментариями к видео Презентация нового сезона телеканала ТНТ
../logs/API_methods.log 2025-03-05 15:00:32,125 INFO Проблема с комментариями к видео 19.10.2017. @pavelvolyaofficial
../logs/API_methods.log 2025-03-05 15:00:32,126 INFO Проблема с комментариями к видео @loveradioofficial
../logs/API_methods.log 2025-03-05 15:00:32,126 INFO Проблема с комментариями к видео 17.10.2017. @loveradioofficial
../logs/API_methods.log 2025-03-05 15:00:32,126 INFO Проблема с комментариями к видео Скажи-ка, солнышко... или песня про Инстаграм
../logs/API_methods.log 2025-03-05 15:00:32,126 INFO Успешно получили комментарии для 5 видео
../logs/API_methods.log 2025-03-05 15:00:33,129 INFO ФУНКЦИЯ GET_VIDEO_COMMENT!!!
../logs/API_methods.log 2025-03-05 15:00:33,234 INFO Проблема с комментариями к видео 15.10.2017. Салам!
../logs/API_methods.log 2025-03-05 15:00:33,234 INFO Проблема с комментариями к видео @azabraza1984
../logs/API_methods.log 2025-03-05 15:00:33,234 INFO Проблема с комментариями к видео 13.10.2017. Милана
../logs/API_methods.log 2025-03-05 15:00:33,234 INFO Проблема с комментариями к видео 13.10.2017. @ovrshow
../logs/API_methods.log 2025-03-05 15:00:33,234 INFO Проблема с комментариями к видео @azabraza1984
../logs/API_methods.log 2025-03-05 15:00:33,234 INFO Успешно получили комментарии для 5 видео
../logs/API_methods.log 2025-03-05 15:00:34,240 INFO ФУНКЦИЯ GET_VIDEO_COMMENT!!!
../logs/API_methods.log 2025-03-05 15:00:34,361 INFO Проблема с комментариями к видео 05.10.2017. В студии
../logs/API_methods.log 2025-03-05 15:00:34,362 INFO Проблема с комментариями к видео @ovrshow
../logs/API_methods.log 2025-03-05 15:00:34,362 INFO Проблема с комментариями к видео @azabraza1984
../logs/API_methods.log 2025-03-05 15:00:34,362 INFO Проблема с комментариями к видео ГДЕ ЛОГИКА? • Будь красавчиком!
../logs/API_methods.log 2025-03-05 15:00:34,362 INFO Проблема с комментариями к видео @ovrshow
../logs/API_methods.log 2025-03-05 15:00:34,362 INFO Успешно получили комментарии для 5 видео
../logs/API_methods.log 2025-03-05 15:00:35,364 INFO ФУНКЦИЯ GET_VIDEO_COMMENT!!!
../logs/API_methods.log 2025-03-05 15:00:35,485 INFO Проблема с комментариями к видео ГДЕ ЛОГИКА? • Новый сезон!
../logs/API_methods.log 2025-03-05 15:00:35,485 INFO Проблема с комментариями к видео @ovrshow
../logs/API_methods.log 2025-03-05 15:00:35,486 INFO Проблема с комментариями к видео 06.09.2017. @ovrshow
../logs/API_methods.log 2025-03-05 15:00:35,486 INFO Проблема с комментариями к видео 06.09.2017. @ovrshow
../logs/API_methods.log 2025-03-05 15:00:35,486 INFO Проблема с комментариями к видео @ovrshow
../logs/API_methods.log 2025-03-05 15:00:35,486 INFO Успешно получили комментарии для 5 видео
../logs/API_methods.log 2025-03-05 15:00:36,494 INFO ФУНКЦИЯ GET_VIDEO_COMMENT!!!
../logs/API_methods.log 2025-03-05 15:00:36,613 INFO Проблема с комментариями к видео Летний кубок 2017 в Астане
../logs/API_methods.log 2025-03-05 15:00:36,613 INFO Проблема с комментариями к видео ТНТ - CLUB
../logs/API_methods.log 2025-03-05 15:00:36,613 INFO Проблема с комментариями к видео 19.08.2017. Родные края
../logs/API_methods.log 2025-03-05 15:00:36,613 INFO Проблема с комментариями к видео 17.08.2017. Красота
../logs/API_methods.log 2025-03-05 15:00:36,613 INFO Проблема с комментариями к видео Харизматичные казахи
../logs/API_methods.log 2025-03-05 15:00:36,614 INFO Успешно получили комментарии для 5 видео
../logs/API_methods.log 2025-03-05 15:00:37,624 INFO ФУНКЦИЯ GET_VIDEO_COMMENT!!!
../logs/API_methods.log 2025-03-05 15:00:37,733 INFO Проблема с комментариями к видео ТАНЦЫ • Аплодисменты Азамату
../logs/API_methods.log 2025-03-05 15:00:37,733 INFO Проблема с комментариями к видео ГДЕ ЛОГИКА? • Сенсей
../logs/API_methods.log 2025-03-05 15:00:37,733 INFO Проблема с комментариями к видео ГДЕ ЛОГИКА? • Красавчик. Логика. Звёзды
../logs/API_methods.log 2025-03-05 15:00:37,733 INFO Проблема с комментариями к видео @kvnofficial
../logs/API_methods.log 2025-03-05 15:00:37,733 INFO Проблема с комментариями к видео 31.07.2017. @ovrshow
../logs/API_methods.log 2025-03-05 15:00:37,733 INFO Успешно получили комментарии для 5 видео
../logs/API_methods.log 2025-03-05 15:00:38,743 INFO ФУНКЦИЯ GET_VIDEO_COMMENT!!!
../logs/API_methods.log 2025-03-05 15:00:38,855 INFO Проблема с комментариями к видео 28.07.2017. #однаждывроссии
../logs/API_methods.log 2025-03-05 15:00:38,855 INFO Проблема с комментариями к видео "Однажды в России" на Славянском Базаре в Витебске 2017
../logs/API_methods.log 2025-03-05 15:00:38,855 INFO Проблема с комментариями к видео Любимая кухня
../logs/API_methods.log 2025-03-05 15:00:38,856 INFO Проблема с комментариями к видео @azabraza1984
../logs/API_methods.log 2025-03-05 15:00:38,856 INFO Проблема с комментариями к видео 11.07.2017. Классное лето
../logs/API_methods.log 2025-03-05 15:00:38,856 INFO Успешно получили комментарии для 5 видео
../logs/API_methods.log 2025-03-05 15:00:39,865 INFO ФУНКЦИЯ GET_VIDEO_COMMENT!!!
../logs/API_methods.log 2025-03-05 15:00:39,979 INFO Проблема с комментариями к видео 10.07.2017. @dorokhovdenisofficial
../logs/API_methods.log 2025-03-05 15:00:39,979 INFO Проблема с комментариями к видео 10.07.2017. @ovrshow
../logs/API_methods.log 2025-03-05 15:00:39,979 INFO Проблема с комментариями к видео 08.07.2017. #ОВР в Тель-Авиве
../logs/API_methods.log 2025-03-05 15:00:39,979 INFO Проблема с комментариями к видео 07.07.2017. @zaurbaytsaev
../logs/API_methods.log 2025-03-05 15:00:39,979 INFO Проблема с комментариями к видео @kvnofficial
../logs/API_methods.log 2025-03-05 15:00:39,979 INFO Успешно получили комментарии для 5 видео
../logs/API_methods.log 2025-03-05 15:00:40,987 INFO ФУНКЦИЯ GET_VIDEO_COMMENT!!!
../logs/API_methods.log 2025-03-05 15:00:41,095 INFO Проблема с комментариями к видео @zizi_na
../logs/API_methods.log 2025-03-05 15:00:41,095 INFO Проблема с комментариями к видео @rg_zhuldyz
../logs/API_methods.log 2025-03-05 15:00:41,095 INFO Проблема с комментариями к видео #камызяки
../logs/API_methods.log 2025-03-05 15:00:41,095 INFO Проблема с комментариями к видео @seka.nsb
../logs/API_methods.log 2025-03-05 15:00:41,095 INFO Проблема с комментариями к видео 30.06.2017. Наш Дубай
../logs/API_methods.log 2025-03-05 15:00:41,095 INFO Успешно получили комментарии для 5 видео
../logs/API_methods.log 2025-03-05 15:00:42,102 INFO ФУНКЦИЯ GET_VIDEO_COMMENT!!!
../logs/API_methods.log 2025-03-05 15:00:42,216 INFO Проблема с комментариями к видео Мечты о Мальдивах
../logs/API_methods.log 2025-03-05 15:00:42,216 INFO Проблема с комментариями к видео @azabraza1984
../logs/API_methods.log 2025-03-05 15:00:42,216 INFO Проблема с комментариями к видео 27.06.2017. @dmitryshpenkov
../logs/API_methods.log 2025-03-05 15:00:42,216 INFO Проблема с комментариями к видео Почувствуй наше лето!
../logs/API_methods.log 2025-03-05 15:00:42,217 INFO Проблема с комментариями к видео 19.06.2017. Зоопарк
../logs/API_methods.log 2025-03-05 15:00:42,217 INFO Успешно получили комментарии для 5 видео
../logs/API_methods.log 2025-03-05 15:00:43,224 INFO ФУНКЦИЯ GET_VIDEO_COMMENT!!!
../logs/API_methods.log 2025-03-05 15:00:43,330 INFO Проблема с комментариями к видео 19.06.2017. Милана и Лейсан
../logs/API_methods.log 2025-03-05 15:00:43,331 INFO Проблема с комментариями к видео 07.06.2017. @studiasoyuz
../logs/API_methods.log 2025-03-05 15:00:43,331 INFO Проблема с комментариями к видео @laga_
../logs/API_methods.log 2025-03-05 15:00:43,331 INFO Проблема с комментариями к видео Вот и поговорили
../logs/API_methods.log 2025-03-05 15:00:43,331 INFO Проблема с комментариями к видео 03.06.2017. Долетел
../logs/API_methods.log 2025-03-05 15:00:43,331 INFO Успешно получили комментарии для 5 видео
../logs/API_methods.log 2025-03-05 15:00:44,335 INFO ФУНКЦИЯ GET_VIDEO_COMMENT!!!
../logs/API_methods.log 2025-03-05 15:00:44,452 INFO Проблема с комментариями к видео 30.05.2017. В Челябинске
../logs/API_methods.log 2025-03-05 15:00:44,453 INFO Проблема с комментариями к видео 28.05.2017. камызяки
../logs/API_methods.log 2025-03-05 15:00:44,453 INFO Проблема с комментариями к видео 23.05.2017. Признавайтесь
../logs/API_methods.log 2025-03-05 15:00:44,453 INFO Проблема с комментариями к видео 22.05.2017.
../logs/API_methods.log 2025-03-05 15:00:44,453 INFO Проблема с комментариями к видео 22.05.2017. Фокус
../logs/API_methods.log 2025-03-05 15:00:44,453 INFO Успешно получили комментарии для 5 видео
../logs/API_methods.log 2025-03-05 15:00:45,462 INFO ФУНКЦИЯ GET_VIDEO_COMMENT!!!
../logs/API_methods.log 2025-03-05 15:00:45,587 INFO Проблема с комментариями к видео 22.05.2017. It's My Life. #2
../logs/API_methods.log 2025-03-05 15:00:45,587 INFO Проблема с комментариями к видео 21.05.2017. It's My Life. #1
../logs/API_methods.log 2025-03-05 15:00:45,587 INFO Проблема с комментариями к видео 19.05.2017. @ptaha
../logs/API_methods.log 2025-03-05 15:00:45,587 INFO Проблема с комментариями к видео 19.05.2017. Новый пул отснят
../logs/API_methods.log 2025-03-05 15:00:45,587 INFO Проблема с комментариями к видео 19.05.2017. Природа
../logs/API_methods.log 2025-03-05 15:00:45,587 INFO Успешно получили комментарии для 5 видео
../logs/API_methods.log 2025-03-05 15:00:46,596 INFO ФУНКЦИЯ GET_VIDEO_COMMENT!!!
../logs/API_methods.log 2025-03-05 15:00:46,718 INFO Проблема с комментариями к видео 17.05.2017. Мистер Серьёзный
../logs/API_methods.log 2025-03-05 15:00:46,718 INFO Проблема с комментариями к видео 17.05.2017.
../logs/API_methods.log 2025-03-05 15:00:46,718 INFO Проблема с комментариями к видео Почувствуй наше йо-хо-хо!
../logs/API_methods.log 2025-03-05 15:00:46,718 INFO Проблема с комментариями к видео 14.05.2017. Удачный бумеранг
../logs/API_methods.log 2025-03-05 15:00:46,718 INFO Проблема с комментариями к видео Реклама
../logs/API_methods.log 2025-03-05 15:00:46,718 INFO Успешно получили комментарии для 5 видео
../logs/API_methods.log 2025-03-05 15:00:47,727 INFO ФУНКЦИЯ GET_VIDEO_COMMENT!!!
../logs/API_methods.log 2025-03-05 15:00:47,834 INFO Проблема с комментариями к видео 10.05.2017. @kartynkova222
../logs/API_methods.log 2025-03-05 15:00:47,834 INFO Проблема с комментариями к видео @azabraza1984
../logs/API_methods.log 2025-03-05 15:00:47,834 INFO Проблема с комментариями к видео ОДНАЖДЫ В РОССИИ • Фильм о проекте
../logs/API_methods.log 2025-03-05 15:00:47,834 INFO Проблема с комментариями к видео 07.05.2017. В самолете
../logs/API_methods.log 2025-03-05 15:00:47,834 INFO Проблема с комментариями к видео 07.05.2017. Улетаем
../logs/API_methods.log 2025-03-05 15:00:47,834 INFO Успешно получили комментарии для 5 видео
../logs/API_methods.log 2025-03-05 15:00:48,844 INFO ФУНКЦИЯ GET_VIDEO_COMMENT!!!
../logs/API_methods.log 2025-03-05 15:00:48,960 INFO Проблема с комментариями к видео @ovrshow
../logs/API_methods.log 2025-03-05 15:00:48,960 INFO Проблема с комментариями к видео 03.05.2017. На казахском
../logs/API_methods.log 2025-03-05 15:00:48,961 INFO Проблема с комментариями к видео 03.05.2017. Часть3😉
../logs/API_methods.log 2025-03-05 15:00:48,961 INFO Проблема с комментариями к видео 03.05.2017.
../logs/API_methods.log 2025-03-05 15:00:48,961 INFO Проблема с комментариями к видео 02.05.2017. Девчонки
../logs/API_methods.log 2025-03-05 15:00:48,961 INFO Успешно получили комментарии для 5 видео
../logs/API_methods.log 2025-03-05 15:00:49,964 INFO ФУНКЦИЯ GET_VIDEO_COMMENT!!!
../logs/API_methods.log 2025-03-05 15:00:50,082 INFO Проблема с комментариями к видео 02.05.2017. Работа
../logs/API_methods.log 2025-03-05 15:00:50,083 INFO Проблема с комментариями к видео 02.05.2017. Привет
../logs/API_methods.log 2025-03-05 15:00:50,083 INFO Проблема с комментариями к видео 01.05.2017. Вика
../logs/API_methods.log 2025-03-05 15:00:50,083 INFO Проблема с комментариями к видео 01.05.2017. Домой
../logs/API_methods.log 2025-03-05 15:00:50,083 INFO Проблема с комментариями к видео 01.05.2017. Дети
../logs/API_methods.log 2025-03-05 15:00:50,083 INFO Успешно получили комментарии для 5 видео
../logs/API_methods.log 2025-03-05 15:00:51,093 INFO ФУНКЦИЯ GET_VIDEO_COMMENT!!!
../logs/API_methods.log 2025-03-05 15:00:51,195 INFO Проблема с комментариями к видео 01.05.2017. Досуг
../logs/API_methods.log 2025-03-05 15:00:51,195 INFO Проблема с комментариями к видео 30.04.2017. Дружная компания
../logs/API_methods.log 2025-03-05 15:00:51,195 INFO Проблема с комментариями к видео 29.04.2017. Азамат и Вика
../logs/API_methods.log 2025-03-05 15:00:51,195 INFO Проблема с комментариями к видео 28.04.2017. Часть2😉
../logs/API_methods.log 2025-03-05 15:00:51,196 INFO Проблема с комментариями к видео 28.04.2017. Часть 1😉
../logs/API_methods.log 2025-03-05 15:00:51,196 INFO Успешно получили комментарии для 5 видео
../logs/API_methods.log 2025-03-05 15:00:52,203 INFO ФУНКЦИЯ GET_VIDEO_COMMENT!!!
../logs/API_methods.log 2025-03-05 15:00:52,314 INFO Проблема с комментариями к видео 28.04.2017. Всем привет!
../logs/API_methods.log 2025-03-05 15:00:52,315 INFO Проблема с комментариями к видео 27.04.2017. Съемки
../logs/API_methods.log 2025-03-05 15:00:52,315 INFO Проблема с комментариями к видео 27.04.2017. Перерывчик
../logs/API_methods.log 2025-03-05 15:00:52,315 INFO Проблема с комментариями к видео ИМПРОВИЗАЦИЯ • Гость - Азамат Мусагалиев
../logs/API_methods.log 2025-03-05 15:00:52,315 INFO Проблема с комментариями к видео @azabraza1984
../logs/API_methods.log 2025-03-05 15:00:52,315 INFO Успешно получили комментарии для 5 видео
../logs/API_methods.log 2025-03-05 15:00:53,316 INFO ФУНКЦИЯ GET_VIDEO_COMMENT!!!
../logs/API_methods.log 2025-03-05 15:00:53,435 INFO Проблема с комментариями к видео 21.04.2017. На Сахалин!!!
../logs/API_methods.log 2025-03-05 15:00:53,435 INFO Проблема с комментариями к видео 21.04.2017. После концерта
../logs/API_methods.log 2025-03-05 15:00:53,436 INFO Проблема с комментариями к видео @azabraza1984
../logs/API_methods.log 2025-03-05 15:00:53,436 INFO Проблема с комментариями к видео 21.04.2017. Погнали!!!
../logs/API_methods.log 2025-03-05 15:00:53,436 INFO Проблема с комментариями к видео @sergeymatvienko
../logs/API_methods.log 2025-03-05 15:00:53,436 INFO Успешно получили комментарии для 5 видео
../logs/API_methods.log 2025-03-05 15:00:54,443 INFO ФУНКЦИЯ GET_VIDEO_COMMENT!!!
../logs/API_methods.log 2025-03-05 15:00:54,555 INFO Проблема с комментариями к видео @ovrshow
../logs/API_methods.log 2025-03-05 15:00:54,555 INFO Проблема с комментариями к видео @azabraza1984
../logs/API_methods.log 2025-03-05 15:00:54,555 INFO Проблема с комментариями к видео 11.04.2017. Домой
../logs/API_methods.log 2025-03-05 15:00:54,555 INFO Проблема с комментариями к видео 10.04.2017. С днем рождения!
../logs/API_methods.log 2025-03-05 15:00:54,555 INFO Проблема с комментариями к видео 09.04.2017. Лейсан
../logs/API_methods.log 2025-03-05 15:00:54,555 INFO Успешно получили комментарии для 5 видео
../logs/API_methods.log 2025-03-05 15:00:55,562 INFO ФУНКЦИЯ GET_VIDEO_COMMENT!!!
../logs/API_methods.log 2025-03-05 15:00:55,684 INFO Проблема с комментариями к видео @ovrshow
../logs/API_methods.log 2025-03-05 15:00:55,685 INFO Проблема с комментариями к видео 06.04.2017. Краснодар
../logs/API_methods.log 2025-03-05 15:00:55,685 INFO Проблема с комментариями к видео 06.04.2017. @tteymuraz
../logs/API_methods.log 2025-03-05 15:00:55,685 INFO Проблема с комментариями к видео @ovrshow
../logs/API_methods.log 2025-03-05 15:00:55,685 INFO Проблема с комментариями к видео 02.04.2017. В Саратов
../logs/API_methods.log 2025-03-05 15:00:55,685 INFO Успешно получили комментарии для 5 видео
../logs/API_methods.log 2025-03-05 15:00:56,687 INFO ФУНКЦИЯ GET_VIDEO_COMMENT!!!
../logs/API_methods.log 2025-03-05 15:00:56,921 INFO Проблема с комментариями к видео 02.04.2017. Самара
../logs/API_methods.log 2025-03-05 15:00:56,921 INFO Проблема с комментариями к видео 31.03.2017. Пока, Челябинск!
../logs/API_methods.log 2025-03-05 15:00:56,922 INFO Проблема с комментариями к видео Телефакт Челябинск
../logs/API_methods.log 2025-03-05 15:00:56,922 INFO Проблема с комментариями к видео 27.03.2017. Добрый день!!!
../logs/API_methods.log 2025-03-05 15:00:56,922 INFO Проблема с комментариями к видео 20.03.2017. Пташенчук
../logs/API_methods.log 2025-03-05 15:00:56,922 INFO Успешно получили комментарии для 5 видео
../logs/API_methods.log 2025-03-05 15:00:57,930 INFO ФУНКЦИЯ GET_VIDEO_COMMENT!!!
../logs/API_methods.log 2025-03-05 15:00:58,038 INFO Проблема с комментариями к видео 20.03.2017. Все хотим в тубзик
../logs/API_methods.log 2025-03-05 15:00:58,039 INFO Проблема с комментариями к видео 20.03.2017. Смоленск - Москва
../logs/API_methods.log 2025-03-05 15:00:58,039 INFO Проблема с комментариями к видео 19.03.2017.
../logs/API_methods.log 2025-03-05 15:00:58,039 INFO Проблема с комментариями к видео 18.03.2017. Лейсан
../logs/API_methods.log 2025-03-05 15:00:58,039 INFO Проблема с комментариями к видео 17.03.2016. Милана
../logs/API_methods.log 2025-03-05 15:00:58,039 INFO Успешно получили комментарии для 5 видео
../logs/API_methods.log 2025-03-05 15:00:59,045 INFO ФУНКЦИЯ GET_VIDEO_COMMENT!!!
../logs/API_methods.log 2025-03-05 15:00:59,178 INFO Проблема с комментариями к видео 17.03.2017
../logs/API_methods.log 2025-03-05 15:00:59,178 INFO Проблема с комментариями к видео @ovrshow
../logs/API_methods.log 2025-03-05 15:00:59,178 INFO Проблема с комментариями к видео 15.03.2017. 🎸 🎸
../logs/API_methods.log 2025-03-05 15:00:59,178 INFO Проблема с комментариями к видео @azabraza1984
../logs/API_methods.log 2025-03-05 15:00:59,179 INFO Проблема с комментариями к видео 14.03.2017. Готовим, жарим
../logs/API_methods.log 2025-03-05 15:00:59,179 INFO Успешно получили комментарии для 5 видео
../logs/API_methods.log 2025-03-05 15:01:00,186 INFO ФУНКЦИЯ GET_VIDEO_COMMENT!!!
../logs/API_methods.log 2025-03-05 15:01:00,302 INFO Проблема с комментариями к видео @ptaha
../logs/API_methods.log 2025-03-05 15:01:00,302 INFO Проблема с комментариями к видео @ovrshow
../logs/API_methods.log 2025-03-05 15:01:00,302 INFO Проблема с комментариями к видео 11.03.2017. В Россию
../logs/API_methods.log 2025-03-05 15:01:00,303 INFO Проблема с комментариями к видео Азамат и Оля
../logs/API_methods.log 2025-03-05 15:01:00,303 INFO Проблема с комментариями к видео @azabraza1984
../logs/API_methods.log 2025-03-05 15:01:00,303 INFO Успешно получили комментарии для 5 видео
../logs/API_methods.log 2025-03-05 15:01:01,309 INFO ФУНКЦИЯ GET_VIDEO_COMMENT!!!
../logs/API_methods.log 2025-03-05 15:01:01,424 INFO Проблема с комментариями к видео @azabraza1984
../logs/API_methods.log 2025-03-05 15:01:01,424 INFO Проблема с комментариями к видео @azabraza1984
../logs/API_methods.log 2025-03-05 15:01:01,424 INFO Проблема с комментариями к видео @kartynkova222
../logs/API_methods.log 2025-03-05 15:01:01,424 INFO Проблема с комментариями к видео 07.03.2017. Кушаем
../logs/API_methods.log 2025-03-05 15:01:01,424 INFO Проблема с комментариями к видео 07.03.2017. #ОднаждывРоссии
../logs/API_methods.log 2025-03-05 15:01:01,425 INFO Успешно получили комментарии для 5 видео
../logs/API_methods.log 2025-03-05 15:01:02,427 INFO ФУНКЦИЯ GET_VIDEO_COMMENT!!!
../logs/API_methods.log 2025-03-05 15:01:02,536 INFO Проблема с комментариями к видео 04.03.2017. Папа с дочкой
../logs/API_methods.log 2025-03-05 15:01:02,537 INFO Проблема с комментариями к видео Простая арифметика
../logs/API_methods.log 2025-03-05 15:01:02,537 INFO Проблема с комментариями к видео 03.03.2017. Лейсан
../logs/API_methods.log 2025-03-05 15:01:02,537 INFO Проблема с комментариями к видео #явдетстведумал
../logs/API_methods.log 2025-03-05 15:01:02,537 INFO Проблема с комментариями к видео 02.03.2017. В пути
../logs/API_methods.log 2025-03-05 15:01:02,537 INFO Успешно получили комментарии для 5 видео
../logs/API_methods.log 2025-03-05 15:01:03,543 INFO ФУНКЦИЯ GET_VIDEO_COMMENT!!!
../logs/API_methods.log 2025-03-05 15:01:03,655 INFO Проблема с комментариями к видео 28.02.2017. Милана
../logs/API_methods.log 2025-03-05 15:01:03,655 INFO Проблема с комментариями к видео 28.02.2017. Лейсан
../logs/API_methods.log 2025-03-05 15:01:03,655 INFO Проблема с комментариями к видео @azabraza1984
../logs/API_methods.log 2025-03-05 15:01:03,655 INFO Проблема с комментариями к видео 25.02.2017. @svetlana_kuzovova
../logs/API_methods.log 2025-03-05 15:01:03,655 INFO Проблема с комментариями к видео 25.02.2017. @davidtsallaev
../logs/API_methods.log 2025-03-05 15:01:03,656 INFO Успешно получили комментарии для 5 видео
../logs/API_methods.log 2025-03-05 15:01:04,660 INFO ФУНКЦИЯ GET_VIDEO_COMMENT!!!
../logs/API_methods.log 2025-03-05 15:01:04,767 INFO Проблема с комментариями к видео 24.02.2017. Режиссёр
../logs/API_methods.log 2025-03-05 15:01:04,767 INFO Проблема с комментариями к видео 24.02.2017. @davidtsallaev
../logs/API_methods.log 2025-03-05 15:01:04,767 INFO Проблема с комментариями к видео 24.02.2017. Где Ирина Чеснокова?
../logs/API_methods.log 2025-03-05 15:01:04,768 INFO Проблема с комментариями к видео 24.02.2017. Кидзания
../logs/API_methods.log 2025-03-05 15:01:04,768 INFO Проблема с комментариями к видео 23.02.2017. Тётя приехала!!!
../logs/API_methods.log 2025-03-05 15:01:04,768 INFO Успешно получили комментарии для 5 видео
../logs/API_methods.log 2025-03-05 15:01:05,774 INFO ФУНКЦИЯ GET_VIDEO_COMMENT!!!
../logs/API_methods.log 2025-03-05 15:01:05,888 INFO Проблема с комментариями к видео 23.02.2017. 23 февраля
../logs/API_methods.log 2025-03-05 15:01:05,888 INFO Проблема с комментариями к видео 23.02.2017. С праздником
../logs/API_methods.log 2025-03-05 15:01:05,888 INFO Проблема с комментариями к видео 21.02.2017. @tteymuraz
../logs/API_methods.log 2025-03-05 15:01:05,888 INFO Проблема с комментариями к видео 21.02.2017. #ОднаждывРоссии
../logs/API_methods.log 2025-03-05 15:01:05,888 INFO Проблема с комментариями к видео 16.02.2017. Домооооой
../logs/API_methods.log 2025-03-05 15:01:05,888 INFO Успешно получили комментарии для 5 видео
../logs/API_methods.log 2025-03-05 15:01:06,893 INFO ФУНКЦИЯ GET_VIDEO_COMMENT!!!
../logs/API_methods.log 2025-03-05 15:01:07,030 INFO Проблема с комментариями к видео ГДЕ ЛОГИКА? • Улучшаем самочувствие
../logs/API_methods.log 2025-03-05 15:01:07,030 INFO Проблема с комментариями к видео Камызякские псы - Амур
../logs/API_methods.log 2025-03-05 15:01:07,030 INFO Проблема с комментариями к видео @azabraza1984
../logs/API_methods.log 2025-03-05 15:01:07,030 INFO Проблема с комментариями к видео @ovrshow
../logs/API_methods.log 2025-03-05 15:01:07,030 INFO Проблема с комментариями к видео 11.02.2017. @ukaterina03
../logs/API_methods.log 2025-03-05 15:01:07,030 INFO Успешно получили комментарии для 5 видео
../logs/API_methods.log 2025-03-05 15:01:08,035 INFO ФУНКЦИЯ GET_VIDEO_COMMENT!!!
../logs/API_methods.log 2025-03-05 15:01:08,178 INFO Проблема с комментариями к видео @ovrshow
../logs/API_methods.log 2025-03-05 15:01:08,178 INFO Проблема с комментариями к видео @ovrshow
../logs/API_methods.log 2025-03-05 15:01:08,178 INFO Проблема с комментариями к видео ГДЕ ЛОГИКА?
../logs/API_methods.log 2025-03-05 15:01:08,178 INFO Проблема с комментариями к видео @irinushshshka
../logs/API_methods.log 2025-03-05 15:01:08,178 INFO Проблема с комментариями к видео 08.02.2017. @irinushshshka
../logs/API_methods.log 2025-03-05 15:01:08,178 INFO Успешно получили комментарии для 5 видео
../logs/API_methods.log 2025-03-05 15:01:09,183 INFO ФУНКЦИЯ GET_VIDEO_COMMENT!!!
../logs/API_methods.log 2025-03-05 15:01:09,294 INFO Проблема с комментариями к видео 08.02.2017. @irinushshshka
../logs/API_methods.log 2025-03-05 15:01:09,295 INFO Проблема с комментариями к видео @azabraza1984
../logs/API_methods.log 2025-03-05 15:01:09,295 INFO Проблема с комментариями к видео @azabraza1984
../logs/API_methods.log 2025-03-05 15:01:09,295 INFO Проблема с комментариями к видео 03.02.2017. "Шерлок"
../logs/API_methods.log 2025-03-05 15:01:09,295 INFO Проблема с комментариями к видео 02.02.2017. #ГдеЛогика
../logs/API_methods.log 2025-03-05 15:01:09,295 INFO Успешно получили комментарии для 5 видео
../logs/API_methods.log 2025-03-05 15:01:10,300 INFO ФУНКЦИЯ GET_VIDEO_COMMENT!!!
../logs/API_methods.log 2025-03-05 15:01:10,424 INFO Проблема с комментариями к видео 31.01.2017. @memmedia
../logs/API_methods.log 2025-03-05 15:01:10,424 INFO Проблема с комментариями к видео @ovrshow
../logs/API_methods.log 2025-03-05 15:01:10,424 INFO Проблема с комментариями к видео @ovrshow
../logs/API_methods.log 2025-03-05 15:01:10,425 INFO Проблема с комментариями к видео 12.01.2017. Море
../logs/API_methods.log 2025-03-05 15:01:10,425 INFO Проблема с комментариями к видео 12.01.2017. Фламинго
../logs/API_methods.log 2025-03-05 15:01:10,425 INFO Успешно получили комментарии для 5 видео
../logs/API_methods.log 2025-03-05 15:01:11,435 INFO ФУНКЦИЯ GET_VIDEO_COMMENT!!!
../logs/API_methods.log 2025-03-05 15:01:11,545 INFO Проблема с комментариями к видео 12.01.2017. Лейсан
../logs/API_methods.log 2025-03-05 15:01:11,545 INFO Проблема с комментариями к видео 11.01.2017. 🌴
../logs/API_methods.log 2025-03-05 15:01:11,545 INFO Проблема с комментариями к видео 09.01.2017. Зима
../logs/API_methods.log 2025-03-05 15:01:11,545 INFO Проблема с комментариями к видео Новые слова
../logs/API_methods.log 2025-03-05 15:01:11,545 INFO Проблема с комментариями к видео Однажды на городской площади
../logs/API_methods.log 2025-03-05 15:01:11,546 INFO Успешно получили комментарии для 5 видео
../logs/API_methods.log 2025-03-05 15:01:12,553 INFO ФУНКЦИЯ GET_VIDEO_COMMENT!!!
../logs/API_methods.log 2025-03-05 15:01:12,665 INFO Проблема с комментариями к видео @ovrshow
../logs/API_methods.log 2025-03-05 15:01:12,665 INFO Проблема с комментариями к видео Однажды на городской площади
../logs/API_methods.log 2025-03-05 15:01:12,665 INFO Проблема с комментариями к видео 22.12.2016. 🌲
../logs/API_methods.log 2025-03-05 15:01:12,665 INFO Проблема с комментариями к видео Харизматичный казах. Дорого.
../logs/API_methods.log 2025-03-05 15:01:12,666 INFO Проблема с комментариями к видео 18.12.2016. ДР Тимы
../logs/API_methods.log 2025-03-05 15:01:12,666 INFO Успешно получили комментарии для 5 видео
../logs/API_methods.log 2025-03-05 15:01:13,669 INFO ФУНКЦИЯ GET_VIDEO_COMMENT!!!
../logs/API_methods.log 2025-03-05 15:01:13,802 INFO Проблема с комментариями к видео @azabraza1984
../logs/API_methods.log 2025-03-05 15:01:13,803 INFO Проблема с комментариями к видео 17.12.2016. г.Камызяк
../logs/API_methods.log 2025-03-05 15:01:13,803 INFO Проблема с комментариями к видео 17.12.2016. г.Камызяк
../logs/API_methods.log 2025-03-05 15:01:13,803 INFO Проблема с комментариями к видео 17.12.2016. Родина!!!
../logs/API_methods.log 2025-03-05 15:01:13,803 INFO Проблема с комментариями к видео 16.12.2016. Нюша
../logs/API_methods.log 2025-03-05 15:01:13,803 INFO Успешно получили комментарии для 5 видео
../logs/API_methods.log 2025-03-05 15:01:14,811 INFO ФУНКЦИЯ GET_VIDEO_COMMENT!!!
../logs/API_methods.log 2025-03-05 15:01:14,923 INFO Проблема с комментариями к видео @azabraza1984
../logs/API_methods.log 2025-03-05 15:01:14,923 INFO Проблема с комментариями к видео В новогоднем выпуске шоу «Где логика?»
../logs/API_methods.log 2025-03-05 15:01:14,923 INFO Проблема с комментариями к видео @azabraza1984
../logs/API_methods.log 2025-03-05 15:01:14,923 INFO Проблема с комментариями к видео 05.12.2016. Ёу!
../logs/API_methods.log 2025-03-05 15:01:14,923 INFO Проблема с комментариями к видео Спецпроект "Кубок мэра Москвы" 2016
../logs/API_methods.log 2025-03-05 15:01:14,923 INFO Успешно получили комментарии для 5 видео
../logs/API_methods.log 2025-03-05 15:01:15,928 INFO ФУНКЦИЯ GET_VIDEO_COMMENT!!!
../logs/API_methods.log 2025-03-05 15:01:16,229 INFO Проблема с комментариями к видео 30.11.2016. КВН
../logs/API_methods.log 2025-03-05 15:01:16,229 INFO Проблема с комментариями к видео @smehotvorenie
../logs/API_methods.log 2025-03-05 15:01:16,229 INFO Проблема с комментариями к видео @azabraza1984
../logs/API_methods.log 2025-03-05 15:01:16,229 INFO Проблема с комментариями к видео 18.11.2016. Дорога2
../logs/API_methods.log 2025-03-05 15:01:16,229 INFO Проблема с комментариями к видео 18.11.2016. Дорога1
../logs/API_methods.log 2025-03-05 15:01:16,230 INFO Успешно получили комментарии для 5 видео
../logs/API_methods.log 2025-03-05 15:01:17,234 INFO ФУНКЦИЯ GET_VIDEO_COMMENT!!!
../logs/API_methods.log 2025-03-05 15:01:17,344 INFO Проблема с комментариями к видео @azabraza1984
../logs/API_methods.log 2025-03-05 15:01:17,344 INFO Проблема с комментариями к видео @azabraza1984
../logs/API_methods.log 2025-03-05 15:01:17,344 INFO Проблема с комментариями к видео 16.11.2016. #MannequinChallenge
../logs/API_methods.log 2025-03-05 15:01:17,344 INFO Проблема с комментариями к видео @azabraza1984
../logs/API_methods.log 2025-03-05 15:01:17,344 INFO Проблема с комментариями к видео 15.11.2016. С днём рождения
../logs/API_methods.log 2025-03-05 15:01:17,344 INFO Успешно получили комментарии для 5 видео
../logs/API_methods.log 2025-03-05 15:01:18,349 INFO ФУНКЦИЯ GET_VIDEO_COMMENT!!!
../logs/API_methods.log 2025-03-05 15:01:18,466 INFO Проблема с комментариями к видео 12.11.2016. @den4224
../logs/API_methods.log 2025-03-05 15:01:18,466 INFO Проблема с комментариями к видео 08.11.2016. Ура
../logs/API_methods.log 2025-03-05 15:01:18,466 INFO Проблема с комментариями к видео 06.11.2016. Финалу 2013 посвящается)))
../logs/API_methods.log 2025-03-05 15:01:18,466 INFO Проблема с комментариями к видео @azabraza1984
../logs/API_methods.log 2025-03-05 15:01:18,466 INFO Проблема с комментариями к видео 01.11.2016. Алгоритм
../logs/API_methods.log 2025-03-05 15:01:18,466 INFO Успешно получили комментарии для 5 видео
../logs/API_methods.log 2025-03-05 15:01:19,474 INFO ФУНКЦИЯ GET_VIDEO_COMMENT!!!
../logs/API_methods.log 2025-03-05 15:01:19,587 INFO Проблема с комментариями к видео 01.11.2016. Караоке
../logs/API_methods.log 2025-03-05 15:01:19,588 INFO Проблема с комментариями к видео 31.10.2016. Однажды в России
../logs/API_methods.log 2025-03-05 15:01:19,588 INFO Проблема с комментариями к видео 31.10.2016. @karinazvereva
../logs/API_methods.log 2025-03-05 15:01:19,588 INFO Проблема с комментариями к видео 27.10.2016. Это не я...
../logs/API_methods.log 2025-03-05 15:01:19,588 INFO Проблема с комментариями к видео 26.10.2016. Скоро на ТНТ
../logs/API_methods.log 2025-03-05 15:01:19,588 INFO Успешно получили комментарии для 5 видео
../logs/API_methods.log 2025-03-05 15:01:20,593 INFO ФУНКЦИЯ GET_VIDEO_COMMENT!!!
../logs/API_methods.log 2025-03-05 15:01:20,705 INFO Проблема с комментариями к видео @migelshow
../logs/API_methods.log 2025-03-05 15:01:20,706 INFO Проблема с комментариями к видео 25.10.2016. @abulyev
../logs/API_methods.log 2025-03-05 15:01:20,706 INFO Проблема с комментариями к видео 24.10.2016. Опять ночь
../logs/API_methods.log 2025-03-05 15:01:20,706 INFO Проблема с комментариями к видео 21.10.2016. Споки ноки
../logs/API_methods.log 2025-03-05 15:01:20,706 INFO Проблема с комментариями к видео @azabraza1984
../logs/API_methods.log 2025-03-05 15:01:20,706 INFO Успешно получили комментарии для 5 видео
../logs/API_methods.log 2025-03-05 15:01:21,710 INFO ФУНКЦИЯ GET_VIDEO_COMMENT!!!
../logs/API_methods.log 2025-03-05 15:01:21,836 INFO Проблема с комментариями к видео 17.10.2016. День рождения
../logs/API_methods.log 2025-03-05 15:01:21,836 INFO Проблема с комментариями к видео @azabraza1984
../logs/API_methods.log 2025-03-05 15:01:21,837 INFO Проблема с комментариями к видео 14.10.2016. Внимание
../logs/API_methods.log 2025-03-05 15:01:21,837 INFO Проблема с комментариями к видео 14.10.2016. Едем в аэропорт
../logs/API_methods.log 2025-03-05 15:01:21,837 INFO Проблема с комментариями к видео @azabraza1984
../logs/API_methods.log 2025-03-05 15:01:21,837 INFO Успешно получили комментарии для 5 видео
../logs/API_methods.log 2025-03-05 15:01:22,846 INFO ФУНКЦИЯ GET_VIDEO_COMMENT!!!
../logs/API_methods.log 2025-03-05 15:01:22,959 INFO Проблема с комментариями к видео 13.10.2016. Сюрприз
../logs/API_methods.log 2025-03-05 15:01:22,960 INFO Проблема с комментариями к видео Летний кубок КВН
../logs/API_methods.log 2025-03-05 15:01:22,960 INFO Проблема с комментариями к видео @club_1869
../logs/API_methods.log 2025-03-05 15:01:22,960 INFO Проблема с комментариями к видео Летний Кубок КВН 2016
../logs/API_methods.log 2025-03-05 15:01:22,960 INFO Проблема с комментариями к видео Чо ты ноешь?
../logs/API_methods.log 2025-03-05 15:01:22,960 INFO Успешно получили комментарии для 5 видео
../logs/API_methods.log 2025-03-05 15:01:23,970 INFO ФУНКЦИЯ GET_VIDEO_COMMENT!!!
../logs/API_methods.log 2025-03-05 15:01:24,074 INFO Проблема с комментариями к видео @den4224
../logs/API_methods.log 2025-03-05 15:01:24,074 INFO Проблема с комментариями к видео @viktoria_musagalieva
../logs/API_methods.log 2025-03-05 15:01:24,074 INFO Проблема с комментариями к видео @azabraza1984
../logs/API_methods.log 2025-03-05 15:01:24,074 INFO Проблема с комментариями к видео @azabraza1984
../logs/API_methods.log 2025-03-05 15:01:24,074 INFO Проблема с комментариями к видео @den4224
../logs/API_methods.log 2025-03-05 15:01:24,074 INFO Успешно получили комментарии для 5 видео
../logs/API_methods.log 2025-03-05 15:01:25,081 INFO ФУНКЦИЯ GET_VIDEO_COMMENT!!!
../logs/API_methods.log 2025-03-05 15:01:25,195 INFO Проблема с комментариями к видео Вячеслав Макаров on periscope 17.08.2016. Саунд чек
../logs/API_methods.log 2025-03-05 15:01:25,195 INFO Проблема с комментариями к видео @viktoria_musagalieva
../logs/API_methods.log 2025-03-05 15:01:25,195 INFO Проблема с комментариями к видео @tnt_online
../logs/API_methods.log 2025-03-05 15:01:25,196 INFO Проблема с комментариями к видео Азамат Мусагалиев on periscope 09.08.2016. Ну,наконец-то
../logs/API_methods.log 2025-03-05 15:01:25,196 INFO Проблема с комментариями к видео @azabraza1984
../logs/API_methods.log 2025-03-05 15:01:25,196 INFO Успешно получили комментарии для 5 видео
../logs/API_methods.log 2025-03-05 15:01:26,200 INFO ФУНКЦИЯ GET_VIDEO_COMMENT!!!
../logs/API_methods.log 2025-03-05 15:01:26,320 INFO Проблема с комментариями к видео @azabraza1984
../logs/API_methods.log 2025-03-05 15:01:26,320 INFO Проблема с комментариями к видео @karinazvereva
../logs/API_methods.log 2025-03-05 15:01:26,320 INFO Проблема с комментариями к видео Ольга Картункова on periscope 22.07.2016. Работу работаем )))
../logs/API_methods.log 2025-03-05 15:01:26,320 INFO Проблема с комментариями к видео Азамат Мусагалиев on periscope 20.07.2016
../logs/API_methods.log 2025-03-05 15:01:26,321 INFO Проблема с комментариями к видео @azabraza1984
../logs/API_methods.log 2025-03-05 15:01:26,321 INFO Успешно получили комментарии для 5 видео
../logs/API_methods.log 2025-03-05 15:01:27,329 INFO ФУНКЦИЯ GET_VIDEO_COMMENT!!!
../logs/API_methods.log 2025-03-05 15:01:27,448 INFO Проблема с комментариями к видео @azabraza1984
../logs/API_methods.log 2025-03-05 15:01:27,448 INFO Проблема с комментариями к видео @azabraza1984
../logs/API_methods.log 2025-03-05 15:01:27,448 INFO Проблема с комментариями к видео @azabraza1984
../logs/API_methods.log 2025-03-05 15:01:27,449 INFO Проблема с комментариями к видео @azabraza1984
../logs/API_methods.log 2025-03-05 15:01:27,449 INFO Проблема с комментариями к видео Новости. Первый канал • ТЭФИ - 2016
../logs/API_methods.log 2025-03-05 15:01:27,449 INFO Успешно получили комментарии для 5 видео
../logs/API_methods.log 2025-03-05 15:01:28,458 INFO ФУНКЦИЯ GET_VIDEO_COMMENT!!!
../logs/API_methods.log 2025-03-05 15:01:28,581 INFO Проблема с комментариями к видео @azabraza1984
../logs/API_methods.log 2025-03-05 15:01:28,582 INFO Проблема с комментариями к видео @azabraza1984
../logs/API_methods.log 2025-03-05 15:01:28,582 INFO Проблема с комментариями к видео @viktoria_musagalieva
../logs/API_methods.log 2025-03-05 15:01:28,582 INFO Проблема с комментариями к видео @viktoria_musagalieva
../logs/API_methods.log 2025-03-05 15:01:28,582 INFO Проблема с комментариями к видео @viktoria_musagalieva
../logs/API_methods.log 2025-03-05 15:01:28,582 INFO Успешно получили комментарии для 5 видео
../logs/API_methods.log 2025-03-05 15:01:29,586 INFO ФУНКЦИЯ GET_VIDEO_COMMENT!!!
../logs/API_methods.log 2025-03-05 15:01:29,703 INFO Проблема с комментариями к видео @viktoria_musagalieva
../logs/API_methods.log 2025-03-05 15:01:29,704 INFO Проблема с комментариями к видео Азамат Мусагалиев on periscope 15.06.2016. Улетаем
../logs/API_methods.log 2025-03-05 15:01:29,704 INFO Проблема с комментариями к видео Азамат Мусагалиев on periscope 14.06.2016. Встретил)))
../logs/API_methods.log 2025-03-05 15:01:29,704 INFO Проблема с комментариями к видео Азамат Мусагалиев on periscope 14.06.2016. Аэропорт
../logs/API_methods.log 2025-03-05 15:01:29,704 INFO Проблема с комментариями к видео @azabraza1984
../logs/API_methods.log 2025-03-05 15:01:29,704 INFO Успешно получили комментарии для 5 видео
../logs/API_methods.log 2025-03-05 15:01:30,706 INFO ФУНКЦИЯ GET_VIDEO_COMMENT!!!
../logs/API_methods.log 2025-03-05 15:01:30,846 INFO Проблема с комментариями к видео Где Логика
../logs/API_methods.log 2025-03-05 15:01:30,846 INFO Проблема с комментариями к видео Полная версия
../logs/API_methods.log 2025-03-05 15:01:30,846 INFO Проблема с комментариями к видео Азамат Мусагалиев on periscope 13.05.2016. Едем в кино
../logs/API_methods.log 2025-03-05 15:01:30,846 INFO Проблема с комментариями к видео @azabraza1984
../logs/API_methods.log 2025-03-05 15:01:30,846 INFO Проблема с комментариями к видео @viktoria_musagalieva
../logs/API_methods.log 2025-03-05 15:01:30,846 INFO Успешно получили комментарии для 5 видео
../logs/API_methods.log 2025-03-05 15:01:31,852 INFO ФУНКЦИЯ GET_VIDEO_COMMENT!!!
../logs/API_methods.log 2025-03-05 15:01:31,959 INFO Проблема с комментариями к видео @azabraza1984
../logs/API_methods.log 2025-03-05 15:01:31,959 INFO Проблема с комментариями к видео @viktoria_musagalieva
../logs/API_methods.log 2025-03-05 15:01:31,959 INFO Проблема с комментариями к видео Репетиция
../logs/API_methods.log 2025-03-05 15:01:31,960 INFO Проблема с комментариями к видео @azabraza1984
../logs/API_methods.log 2025-03-05 15:01:31,960 INFO Проблема с комментариями к видео @viktoria_musagalieva
../logs/API_methods.log 2025-03-05 15:01:31,960 INFO Успешно получили комментарии для 5 видео
../logs/API_methods.log 2025-03-05 15:01:32,966 INFO ФУНКЦИЯ GET_VIDEO_COMMENT!!!
../logs/API_methods.log 2025-03-05 15:01:33,084 INFO Проблема с комментариями к видео Азамат Мусагалиев on periscope 13.04.2016. Рига. Жрать пришли
../logs/API_methods.log 2025-03-05 15:01:33,084 INFO Проблема с комментариями к видео @viktoria_musagalieva
../logs/API_methods.log 2025-03-05 15:01:33,084 INFO Проблема с комментариями к видео @azabraza1984
../logs/API_methods.log 2025-03-05 15:01:33,084 INFO Проблема с комментариями к видео @azabraza1984
../logs/API_methods.log 2025-03-05 15:01:33,084 INFO Проблема с комментариями к видео @azabraza1984
../logs/API_methods.log 2025-03-05 15:01:33,085 INFO Успешно получили комментарии для 5 видео
../logs/API_methods.log 2025-03-05 15:01:34,090 INFO ФУНКЦИЯ GET_VIDEO_COMMENT!!!
../logs/API_methods.log 2025-03-05 15:01:34,212 INFO Проблема с комментариями к видео @azabraza1984
../logs/API_methods.log 2025-03-05 15:01:34,212 INFO Проблема с комментариями к видео Азамат Мусагалиев on periscope 17.03.2016. Конец съёмок
../logs/API_methods.log 2025-03-05 15:01:34,212 INFO Проблема с комментариями к видео Азамат Мусагалиев on periscope 16.03.2016
../logs/API_methods.log 2025-03-05 15:01:34,212 INFO Проблема с комментариями к видео Азамат Мусагалиев on periscope 10.03.2016. Однажды в России
../logs/API_methods.log 2025-03-05 15:01:34,212 INFO Проблема с комментариями к видео @azabraza1984
../logs/API_methods.log 2025-03-05 15:01:34,212 INFO Успешно получили комментарии для 5 видео
../logs/API_methods.log 2025-03-05 15:01:35,217 INFO ФУНКЦИЯ GET_VIDEO_COMMENT!!!
../logs/API_methods.log 2025-03-05 15:01:35,322 INFO Проблема с комментариями к видео @viktoria_musagalieva
../logs/API_methods.log 2025-03-05 15:01:35,322 INFO Проблема с комментариями к видео Black2White • Азамат Мусагалиев - отечественный Psy
../logs/API_methods.log 2025-03-05 15:01:35,322 INFO Проблема с комментариями к видео OST "Пурга". Полная версия)))
../logs/API_methods.log 2025-03-05 15:01:35,322 INFO Проблема с комментариями к видео ИНТЕРНЫ • Финальный сезон! Воспоминания и эмоции
../logs/API_methods.log 2025-03-05 15:01:35,322 INFO Проблема с комментариями к видео Искреннее поздравление
../logs/API_methods.log 2025-03-05 15:01:35,322 INFO Успешно получили комментарии для 5 видео
../logs/API_methods.log 2025-03-05 15:01:36,326 INFO ФУНКЦИЯ GET_VIDEO_COMMENT!!!
../logs/API_methods.log 2025-03-05 15:01:36,468 INFO Проблема с комментариями к видео Новогоднее поздравление!
../logs/API_methods.log 2025-03-05 15:01:36,468 INFO Проблема с комментариями к видео ЛПШКИ | Чего хотят девочки? | Тизер
../logs/API_methods.log 2025-03-05 15:01:36,468 INFO Проблема с комментариями к видео ТОП 64# | Софа встречается с бывшим Саши Айс!? Софа Купер и Саша Айс, Кросс, Янгер, Маша ОМГ, Шукаша, Мусим.
../logs/API_methods.log 2025-03-05 15:01:36,468 INFO Проблема с комментариями к видео ТОП 64# Трейлер | Софа Купер и Саша Айс, Кросс, Мусим, Маша ОМГ, Шукаша, Янгер
../logs/API_methods.log 2025-03-05 15:01:36,468 INFO Проблема с комментариями к видео ЛПШКИ | Как заработать первые деньги? | Амина Tenderlybae, Милана Хаметова, Милана Некрасова, Лера Симка | Гость Женя Лизогуб
../logs/API_methods.log 2025-03-05 15:01:36,468 INFO Успешно получили комментарии для 5 видео
../logs/API_methods.log 2025-03-05 15:01:37,473 INFO ФУНКЦИЯ GET_VIDEO_COMMENT!!!
../logs/API_methods.log 2025-03-05 15:01:37,590 INFO Проблема с комментариями к видео ЛПШКИ | Как заработать первые деньги | Тизер
../logs/API_methods.log 2025-03-05 15:01:37,590 INFO Проблема с комментариями к видео ТОП 63# | Хотим третьего ребенка?! Коля и Марина, Габар, Даша Дошик, Саша Хахаливарс.
../logs/API_methods.log 2025-03-05 15:01:37,590 INFO Проблема с комментариями к видео ТОП 63# Трейлер | Коля и Марина, Кросс, Хахаливарс, Дошик, Габар, Янгер
../logs/API_methods.log 2025-03-05 15:01:37,590 INFO Проблема с комментариями к видео ЛПШКИ | Онлайн-жизнь интереснее реальной? | Амина Tenderlybae, Милана Хаметова, Милана Некрасова, Лера Симка | Гость Бетси
../logs/API_methods.log 2025-03-05 15:01:37,590 INFO Проблема с комментариями к видео ЛПШКИ | Онлайн-жизнь интереснее реальной? | Тизер
../logs/API_methods.log 2025-03-05 15:01:37,590 INFO Успешно получили комментарии для 5 видео
../logs/API_methods.log 2025-03-05 15:01:38,594 INFO ФУНКЦИЯ GET_VIDEO_COMMENT!!!
../logs/API_methods.log 2025-03-05 15:01:38,701 INFO Проблема с комментариями к видео ТОП 62# | Скоро новый альбом! Молодой Платон, Кросс, Симка, Шукаша, Некрасова, Янгер
../logs/API_methods.log 2025-03-05 15:01:38,702 INFO Проблема с комментариями к видео ТОП 62# Трейлер | Молодой Платон, Кросс, Шукаша, Симка, Некрасова, Янгер
../logs/API_methods.log 2025-03-05 15:01:38,702 INFO Проблема с комментариями к видео ЛПШКИ | Первое свидание | Амина Tenderlybae, Милана Хаметова, Милана Некрасова, Лера Симка | Гости Маша и Роберт Герберы
../logs/API_methods.log 2025-03-05 15:01:38,702 INFO Проблема с комментариями к видео ЛПШКИ | Первое свидание | Тизер
../logs/API_methods.log 2025-03-05 15:01:38,702 INFO Проблема с комментариями к видео ТОП 61# | Хочу фит с Бастой! Влад Кобяков, Сигма Бой, Кросс, Симка, Аслан Шукаша, Мусим, Янгер
../logs/API_methods.log 2025-03-05 15:01:38,702 INFO Успешно получили комментарии для 5 видео
../logs/API_methods.log 2025-03-05 15:01:39,708 INFO ФУНКЦИЯ GET_VIDEO_COMMENT!!!
../logs/API_methods.log 2025-03-05 15:01:39,827 INFO Проблема с комментариями к видео ТОП 61# Трейлер | Кобяков, Кросс, Шукаша, Симка, Мусим, Янгер
../logs/API_methods.log 2025-03-05 15:01:39,827 INFO Проблема с комментариями к видео ТРЕТИЙ СЕЗОН ТОП | Кросс, Янгер, Дошик, Шукаша, Симка, Некрасова, Габар и многие другие
../logs/API_methods.log 2025-03-05 15:01:39,828 INFO Проблема с комментариями к видео ЛПШКИ | Сплетни и слухи | Амина Tenderlybae, Милана Хаметова, Милана Некрасова, Лера Симка | Гость Кристина AdrenalinHouse
../logs/API_methods.log 2025-03-05 15:01:39,828 INFO Проблема с комментариями к видео ЛПШКИ | Сплетни и слухи | Тизер
../logs/API_methods.log 2025-03-05 15:01:39,828 INFO Проблема с комментариями к видео ЛПШКИ | Тизер 2 сезона
../logs/API_methods.log 2025-03-05 15:01:39,828 INFO Успешно получили комментарии для 5 видео
../logs/API_methods.log 2025-03-05 15:01:40,830 INFO ФУНКЦИЯ GET_VIDEO_COMMENT!!!
../logs/API_methods.log 2025-03-05 15:01:40,942 INFO Проблема с комментариями к видео ТОП 60# | Нас постоянно шипперят! Морковь PRO, Кросс, Симка, Луномосик, Мусим, Янгер
../logs/API_methods.log 2025-03-05 15:01:40,942 INFO Проблема с комментариями к видео ТОП 60# Трейлер | Морковь PRO, Кросс, Богдан, Симка, Мусим, Янгер
../logs/API_methods.log 2025-03-05 15:01:40,942 INFO Проблема с комментариями к видео Новогодняя премия ТОП | Все звёзды двух сезонов в одном выпуске!
../logs/API_methods.log 2025-03-05 15:01:40,942 INFO Проблема с комментариями к видео НОВОГОДНЯЯ ПРЕМИЯ ТОП | Трейлер | Будут вообще все!
../logs/API_methods.log 2025-03-05 15:01:40,943 INFO Проблема с комментариями к видео ТОП 59# | Я стеснялся сниматься на ТВ! Мамикс, Кросс, Дюшес, Некрасова, Шукаша, Янгер
../logs/API_methods.log 2025-03-05 15:01:40,943 INFO Успешно получили комментарии для 5 видео
../logs/API_methods.log 2025-03-05 15:01:41,952 INFO ФУНКЦИЯ GET_VIDEO_COMMENT!!!
../logs/API_methods.log 2025-03-05 15:01:42,079 INFO Проблема с комментариями к видео ТОП 59# Трейлер | Мамикс, Кросс, Дюшес, Некрасова, Шукаша, Янгер
../logs/API_methods.log 2025-03-05 15:01:42,080 INFO Проблема с комментариями к видео ТОП 58# | Дарья Граф про конфликт с Голышевой и Лунаком! Кросс,  Некрасова, Симка, Янгер
../logs/API_methods.log 2025-03-05 15:01:42,080 INFO Проблема с комментариями к видео ТОП 58# Трейлер | Дарья Граф, Кросс, Симка, Некрасова, Янгер
../logs/API_methods.log 2025-03-05 15:01:42,080 INFO Проблема с комментариями к видео ТОП 57# | Леона не позвали в Слово Пацана! Кемстач, Кросс, Симка, Шукаша, Амина, Янгер
../logs/API_methods.log 2025-03-05 15:01:42,080 INFO Проблема с комментариями к видео ТОП 57# Трейлер | Леон Кемстач, Кросс, Шукаша, Симка, Tendelybae, Янгер
../logs/API_methods.log 2025-03-05 15:01:42,080 INFO Успешно получили комментарии для 5 видео
../logs/API_methods.log 2025-03-05 15:01:43,086 INFO ФУНКЦИЯ GET_VIDEO_COMMENT!!!
../logs/API_methods.log 2025-03-05 15:01:43,203 INFO Проблема с комментариями к видео ТОП 56# | Мне предложили роль в турецком сериале! Сабина Хайрова, Кросс, Шукаша, Даник, Симка, Янгер
../logs/API_methods.log 2025-03-05 15:01:43,204 INFO Проблема с комментариями к видео ТОП 56# Трейлер | Сабина Хайрова, Кросс, Шукаша, Симка, Даник, Янгер
../logs/API_methods.log 2025-03-05 15:01:43,204 INFO Проблема с комментариями к видео ЛПШКИ | Не хочу учиться | Амина Tenderlybae, Милана Хаметова, Милана Некрасова и Яна Зенина | Гость Глеб Калюжный
../logs/API_methods.log 2025-03-05 15:01:43,204 INFO Проблема с комментариями к видео ЛПШКИ | Не хочу учиться | Тизер
../logs/API_methods.log 2025-03-05 15:01:43,204 INFO Проблема с комментариями к видео ТОП 55# | Хотела завязать с блогингом! Луномосик, Кросс, Шукаша, Симка, Дюшес, Янгер
../logs/API_methods.log 2025-03-05 15:01:43,204 INFO Успешно получили комментарии для 5 видео
../logs/API_methods.log 2025-03-05 15:01:44,209 INFO ФУНКЦИЯ GET_VIDEO_COMMENT!!!
../logs/API_methods.log 2025-03-05 15:01:44,332 INFO Проблема с комментариями к видео ТОП 55# Трейлер | Луномосик, Кросс, Шукаша, Симка, Дюшес, Янгер
../logs/API_methods.log 2025-03-05 15:01:44,333 INFO Проблема с комментариями к видео ЛПШКИ | Как найти свой стиль? | Амина Tenderlybae, Милана Хаметова, Милана Некрасова и Яна Зенина | Гость Фрося
../logs/API_methods.log 2025-03-05 15:01:44,333 INFO Проблема с комментариями к видео ЛПШКИ | Как найти свой стиль? | Тизер
../logs/API_methods.log 2025-03-05 15:01:44,333 INFO Проблема с комментариями к видео ТОП 54# | Милана Некрасова назвала имя парня! ЛПшки в шоу ТОП! Амина, Кросс, Шукаша, Дилара, Симка, Янгер
../logs/API_methods.log 2025-03-05 15:01:44,333 INFO Проблема с комментариями к видео ТОП 54# Трейлер | Шоу <<ЛПШКИ>>, Кросс, Шукаша, Симка, Дилара, Янгер
../logs/API_methods.log 2025-03-05 15:01:44,333 INFO Успешно получили комментарии для 5 видео
../logs/API_methods.log 2025-03-05 15:01:45,338 INFO ФУНКЦИЯ GET_VIDEO_COMMENT!!!
../logs/API_methods.log 2025-03-05 15:01:45,458 INFO Проблема с комментариями к видео ЛПШКИ | Все вокруг лучше меня | Амина Tenderlybae, Милана Хаметова, Милана Некрасова и Яна Зенина | Гости Камиль и Амина Кикидо
../logs/API_methods.log 2025-03-05 15:01:45,458 INFO Проблема с комментариями к видео ЛПШКИ | Все вокруг лучше меня | Тизер
../logs/API_methods.log 2025-03-05 15:01:45,458 INFO Проблема с комментариями к видео ТОП 53# | Мой типаж парня - Брайн Мапс! Мария OMG, Кросс, Некрасова, Шукаша, Симка, Янгер
../logs/API_methods.log 2025-03-05 15:01:45,458 INFO Проблема с комментариями к видео ТОП 53# Трейлер | Маша ОМГ, Кросс, Шукаша, Симка, Милана Некрасова, Янгер
../logs/API_methods.log 2025-03-05 15:01:45,458 INFO Проблема с комментариями к видео ЛПШКИ | Я себе не нравлюсь | Амина Tenderlybae, Милана Хаметова, Милана Некрасова, Яна Зенина | Гость Катя Голышева
../logs/API_methods.log 2025-03-05 15:01:45,458 INFO Успешно получили комментарии для 5 видео
../logs/API_methods.log 2025-03-05 15:01:46,461 INFO ФУНКЦИЯ GET_VIDEO_COMMENT!!!
../logs/API_methods.log 2025-03-05 15:01:46,576 INFO Проблема с комментариями к видео ЛПШКИ | Я себе не нравлюсь | Тизер
../logs/API_methods.log 2025-03-05 15:01:46,577 INFO Проблема с комментариями к видео ТОП 52# | Не хочу быть вторым Владом А4! Егорик, Кросс, Шукаша, Некрасова, Дюшес, Янгер.
../logs/API_methods.log 2025-03-05 15:01:46,577 INFO Проблема с комментариями к видео ТОП 52# Трейлер | Егорик, Кросс, Шукаша, Дюшес, Милана Некрасова, Янгер
../logs/API_methods.log 2025-03-05 15:01:46,577 INFO Проблема с комментариями к видео ЛПШКИ | Родители меня не понимают | Амина Tenderlybae, Милана Хаметова, Милана Некрасова, Яна Зенина | Гость Лунаком
../logs/API_methods.log 2025-03-05 15:01:46,577 INFO Проблема с комментариями к видео ЛПШКИ | Родители меня не понимают | Тизер
../logs/API_methods.log 2025-03-05 15:01:46,577 INFO Успешно получили комментарии для 5 видео
../logs/API_methods.log 2025-03-05 15:01:47,582 INFO ФУНКЦИЯ GET_VIDEO_COMMENT!!!
../logs/API_methods.log 2025-03-05 15:01:47,692 INFO Проблема с комментариями к видео ТОП 51# | “Мне не нравилось быть блогером”. Лера Беарвульф, Кросс, Шукаша, Локель, Дошик, Янгер
../logs/API_methods.log 2025-03-05 15:01:47,693 INFO Проблема с комментариями к видео ТОП 51# Трейлер | Валерия Bearwolf, Кросс, Шукаша, Дошик, Марьяна Локель, Янгер
../logs/API_methods.log 2025-03-05 15:01:47,693 INFO Проблема с комментариями к видео ЛПШКИ | Я поссорилась с ЛПшкой | Амина Tenderlybae, Милана Хаметова, Милана Некрасова, Яна Зенина | Гость Мария OMG
../logs/API_methods.log 2025-03-05 15:01:47,693 INFO Проблема с комментариями к видео ЛПШКИ | Я поссорилась с лпшкой | Тизер
../logs/API_methods.log 2025-03-05 15:01:47,693 INFO Проблема с комментариями к видео ТОП 50# | Потратила 500 000 в бутике! Лера Симка, Кросс, Некрасова, Лизогуб, Туров, Янгер
../logs/API_methods.log 2025-03-05 15:01:47,693 INFO Успешно получили комментарии для 5 видео
../logs/API_methods.log 2025-03-05 15:01:48,699 INFO ФУНКЦИЯ GET_VIDEO_COMMENT!!!
../logs/API_methods.log 2025-03-05 15:01:48,811 INFO Проблема с комментариями к видео ТОП 50# Трейлер | Лера Симка, Кросс, Лизогуб, Некрасова, Туров, Янгер
../logs/API_methods.log 2025-03-05 15:01:48,812 INFO Проблема с комментариями к видео ЛПШКИ | Как пережить буллинг в школе? | Амина Tenderlybae, Милана Хаметова, Милана Некрасова, Яна Зенина | Гость Ваша Маруся
../logs/API_methods.log 2025-03-05 15:01:48,812 INFO Проблема с комментариями к видео ЛПШКИ | Как пережить буллинг в школе? | Тизер
../logs/API_methods.log 2025-03-05 15:01:48,812 INFO Проблема с комментариями к видео ТОП 49# | Я влюблен в Дашу Дошик! Бадабумчик, Кросс, Туров, Габар, Янгер.
../logs/API_methods.log 2025-03-05 15:01:48,812 INFO Проблема с комментариями к видео ТОП 49# Трейлер | Бадабумчик, Кросс, Габар, Дошик, Туров, Янгер
../logs/API_methods.log 2025-03-05 15:01:48,812 INFO Успешно получили комментарии для 5 видео
../logs/API_methods.log 2025-03-05 15:01:49,817 INFO ФУНКЦИЯ GET_VIDEO_COMMENT!!!
../logs/API_methods.log 2025-03-05 15:01:49,929 INFO Проблема с комментариями к видео ЛПШКИ | Мне нравится мальчик, что делать? | Амина Tenderlybae, Милана Хаметова, Милана Некрасова, Яна Зенина | Гость Лёша Янгер
../logs/API_methods.log 2025-03-05 15:01:49,929 INFO Проблема с комментариями к видео ЛПШКИ | Мне нравится мальчик, что делать? | Тизер
../logs/API_methods.log 2025-03-05 15:01:49,929 INFO Проблема с комментариями к видео Новое шоу «ЛПШКИ»
../logs/API_methods.log 2025-03-05 15:01:49,930 INFO Проблема с комментариями к видео ТОП 48# | Я увела Мусима у Киры! Адреналин Хаус, Кросс, Дошик, Шукаша, Голышева, Янгер
../logs/API_methods.log 2025-03-05 15:01:49,930 INFO Проблема с комментариями к видео ТОП 48# Трейлер | Adrenaline House, Кросс, Шукаша, Дошик, Голышева, Янгер
../logs/API_methods.log 2025-03-05 15:01:49,930 INFO Успешно получили комментарии для 5 видео
../logs/API_methods.log 2025-03-05 15:01:50,935 INFO ФУНКЦИЯ GET_VIDEO_COMMENT!!!
../logs/API_methods.log 2025-03-05 15:01:51,072 INFO Проблема с комментариями к видео ТОП 47# | Дисс на Клаву Коку! Локель, Кросс, Вики Шоу, Даник, Шукаша, Янгер
../logs/API_methods.log 2025-03-05 15:01:51,072 INFO Проблема с комментариями к видео ТОП 47# Трейлер | Марьяна Локель, Кросс, Шукаша, Viki Show, Дикий Даник, Янгер
../logs/API_methods.log 2025-03-05 15:01:51,072 INFO Проблема с комментариями к видео ТОП 46# | У меня нет девушки! Дима Масленников, Кросс, Вики Шоу, Даник, Шукаша, Янгер.
../logs/API_methods.log 2025-03-05 15:01:51,072 INFO Проблема с комментариями к видео ТОП 46# Трейлер | Дима Масленников, Кросс, Шукаша, Viki Show, Дикий Даник, Янгер
../logs/API_methods.log 2025-03-05 15:01:51,072 INFO Проблема с комментариями к видео ТОП 45# | Запускаю музыкальную карьеру! Нара, Кросс, Милана Стар, Шукаша, Елена Завидова, Янгер.
../logs/API_methods.log 2025-03-05 15:01:51,072 INFO Успешно получили комментарии для 5 видео
../logs/API_methods.log 2025-03-05 15:01:52,076 INFO ФУНКЦИЯ GET_VIDEO_COMMENT!!!
../logs/API_methods.log 2025-03-05 15:01:52,193 INFO Проблема с комментариями к видео ТОП 45# Трейлер | НАРА, Кросс, Шукаша, Милана Стар, Лена Завидова, Янгер
../logs/API_methods.log 2025-03-05 15:01:52,193 INFO Проблема с комментариями к видео ТОП 44# | Я проверяю телефон мужа! Аня Дабл Бабл, Кросс, Дошик, Шукаша, Гербер, Янгер.
../logs/API_methods.log 2025-03-05 15:01:52,193 INFO Проблема с комментариями к видео ТОП 44# Трейлер | Аня Double Bubble, Кросс, Шукаша, Гербер, Дошик, Янгер
../logs/API_methods.log 2025-03-05 15:01:52,193 INFO Проблема с комментариями к видео ТОП 43# | Вика конкурирует с сестрой? Вики шоу, Кросс, Шукаша, Слипи, Голышева, Янгер.
../logs/API_methods.log 2025-03-05 15:01:52,193 INFO Проблема с комментариями к видео ТОП 43# Трейлер | Viki Show, Кросс, Шукаша, Слипи, Голышева, Янгер
../logs/API_methods.log 2025-03-05 15:01:52,193 INFO Успешно получили комментарии для 5 видео
../logs/API_methods.log 2025-03-05 15:01:53,197 INFO ФУНКЦИЯ GET_VIDEO_COMMENT!!!
../logs/API_methods.log 2025-03-05 15:01:53,314 INFO Проблема с комментариями к видео ВТОРОЙ СЕЗОН ТОП | Кросс, Дошик, Вики Шоу, Дабл Бабл, Адреналин Хаус, Янгер, Шукаша, Слипи, Голышева, Гербер
../logs/API_methods.log 2025-03-05 15:01:53,314 INFO Проблема с комментариями к видео ТОП 42# | “Дети будут через 4 года” Завидова, Аллен Дуэль, Карамбейби, Шукаша, Кросс, Янгер
../logs/API_methods.log 2025-03-05 15:01:53,314 INFO Проблема с комментариями к видео ТОП 42# Трейлер | Елена Завидова, Кросс, Karrambaby, Шукаша, Дуэль, Янгер
../logs/API_methods.log 2025-03-05 15:01:53,315 INFO Проблема с комментариями к видео ТОП 41# | Год восстанавливалась после депрессии! Карина Карамбейби, Кросс, Некрасова, Дошик, Шукаша, Янгер
../logs/API_methods.log 2025-03-05 15:01:53,315 INFO Проблема с комментариями к видео ТОП 41# Трейлер | Karrambaby, Кросс, Дошик, Шукаша, Некрасова, Янгер
../logs/API_methods.log 2025-03-05 15:01:53,315 INFO Успешно получили комментарии для 5 видео
../logs/API_methods.log 2025-03-05 15:01:54,318 INFO ФУНКЦИЯ GET_VIDEO_COMMENT!!!
../logs/API_methods.log 2025-03-05 15:01:54,434 INFO Проблема с комментариями к видео ТОП 40# | Столяров про расставание с Аней. Столяров, Лизогуб, Габар, Дошик, Кросс, Янгер
../logs/API_methods.log 2025-03-05 15:01:54,434 INFO Проблема с комментариями к видео ТОП 40# Трейлер | Столяров, Кросс, Дошик, Габар, Лизогуб, Янгер
../logs/API_methods.log 2025-03-05 15:01:54,435 INFO Проблема с комментариями к видео ТОП 39# | Купила дом в 13 лет! Милана Хаметова, Кросс, Шукаша, Давид Туров, Лера Симка, Янгер, Никита Нестеров
../logs/API_methods.log 2025-03-05 15:01:54,435 INFO Проблема с комментариями к видео ТОП 39# Трейлер | Милана Хаметова, Кросс, Шукаша, Туров, Симка, Янгер
../logs/API_methods.log 2025-03-05 15:01:54,435 INFO Проблема с комментариями к видео ТОП 38# | Самое кринжовое свидание Вали Карнавал, Лизогуб, Шукаша, Даник, Кросс, Янгер
../logs/API_methods.log 2025-03-05 15:01:54,435 INFO Успешно получили комментарии для 5 видео
../logs/API_methods.log 2025-03-05 15:01:55,442 INFO ФУНКЦИЯ GET_VIDEO_COMMENT!!!
../logs/API_methods.log 2025-03-05 15:01:55,559 INFO Проблема с комментариями к видео ТОП 38# Трейлер | Валя Карнавал, Кросс, Шукаша, Лизогуб, Даник, Янгер
../logs/API_methods.log 2025-03-05 15:01:55,559 INFO Проблема с комментариями к видео ТОП 37# | 100 часов это кликбейт! Дюшес, Кросс, Некрасова, Дошик, Даник, Янгер и Максим Федотов
../logs/API_methods.log 2025-03-05 15:01:55,559 INFO Проблема с комментариями к видео ТОП 37# Трейлер | Дюшес, Кросс, Некрасова, Дошик, Даник, Янгер
../logs/API_methods.log 2025-03-05 15:01:55,560 INFO Проблема с комментариями к видео ТОП 36# | Про неловкую встречу с Бустером. Екатзе, Шукаша, Лизогуб, Покров, Кросс, Янгер
../logs/API_methods.log 2025-03-05 15:01:55,560 INFO Проблема с комментариями к видео ТОП 36# Трейлер | Ekatze, Кросс, Покров, Лизогуб, Шукаша, Янгер
../logs/API_methods.log 2025-03-05 15:01:55,560 INFO Успешно получили комментарии для 5 видео
../logs/API_methods.log 2025-03-05 15:01:56,566 INFO ФУНКЦИЯ GET_VIDEO_COMMENT!!!
../logs/API_methods.log 2025-03-05 15:01:56,702 INFO Проблема с комментариями к видео ТОП 35# | Мы часто ссоримся! Камиль и Амина из Кикидо, Кросс, Некрасова, Покров, Дошик и Янгер
../logs/API_methods.log 2025-03-05 15:01:56,702 INFO Проблема с комментариями к видео ТОП 35# Трейлер | KIKIDO, Кросс, Дошик, Некрасова, Покров, Янгер
../logs/API_methods.log 2025-03-05 15:01:56,703 INFO Проблема с комментариями к видео ТОП 34# | Кто будет новым в Лиге? Сударь, Яяна, Габар, Лизогуб, Милана Некрасова, Янгер, Кросс
../logs/API_methods.log 2025-03-05 15:01:56,703 INFO Проблема с комментариями к видео ТОП 34# Трейлер | Яяна и Сударь, Кросс, Лизогуб, Некрасова, Габар, Янгер
../logs/API_methods.log 2025-03-05 15:01:56,703 INFO Проблема с комментариями к видео ТОП 33# | Потратила на шопинг больше 1 000 000! Милана Стар, Кросс, Некрасова, Женя Лизогуб, Давид Туров, Лера Симка и Янгер
../logs/API_methods.log 2025-03-05 15:01:56,703 INFO Успешно получили комментарии для 5 видео
../logs/API_methods.log 2025-03-05 15:01:57,707 INFO ФУНКЦИЯ GET_VIDEO_COMMENT!!!
../logs/API_methods.log 2025-03-05 15:01:57,825 INFO Проблема с комментариями к видео ТОП 33# Трейлер | Milana Star, Кросс, Лизогуб, Некрасова, Туров, Симка, Янгер
../logs/API_methods.log 2025-03-05 15:01:57,825 INFO Проблема с комментариями к видео ТОП 32# | Мечта стать певицей была навязана! Абрикоса, Кросс, Дошик, Шукаша, Габар, Янгер
../logs/API_methods.log 2025-03-05 15:01:57,825 INFO Проблема с комментариями к видео ТОП 32# Трейлер | Абрикоса, Кросс, Габар, Дошик, Шукаша, Янгер
../logs/API_methods.log 2025-03-05 15:01:57,825 INFO Проблема с комментариями к видео ТОП 31# | Заплакал во время выступления! Амирчик, Шукаша, Голышева, Маруся, Янгер, Карина Кросс.
../logs/API_methods.log 2025-03-05 15:01:57,825 INFO Проблема с комментариями к видео ТОП 31# Трейлер | Амирчик, Кросс, Голышева, Шукаша, Ваша Маруся, Янгер
../logs/API_methods.log 2025-03-05 15:01:57,825 INFO Успешно получили комментарии для 5 видео
../logs/API_methods.log 2025-03-05 15:01:58,832 INFO ФУНКЦИЯ GET_VIDEO_COMMENT!!!
../logs/API_methods.log 2025-03-05 15:01:58,949 INFO Проблема с комментариями к видео ТОП 30# | Рассказали какой БУДЕТ СВАДЬБА! Димас Блог, Шкуро, Дошик, Янгер, Карина Кросс, Маша и Роберт Герберы.
../logs/API_methods.log 2025-03-05 15:01:58,949 INFO Проблема с комментариями к видео ТОП 30# Трейлер | Роберт и Маша, Кросс, Димасблог, Дошик, Шкуро, Янгер
../logs/API_methods.log 2025-03-05 15:01:58,949 INFO Проблема с комментариями к видео ТОП 29# | “Сердца Каграманова” не будет никогда! Роман Каграманов, Кросс, Милана Некрасова, Амина, Габар, Янгер
../logs/API_methods.log 2025-03-05 15:01:58,949 INFO Проблема с комментариями к видео ТОП 29# Трейлер | Роман Каграманов, Кросс, Некрасова, Tenderlybae, Габар, Янгер
../logs/API_methods.log 2025-03-05 15:01:58,949 INFO Проблема с комментариями к видео ТОП 28# | Мне не нравятся такие как Мелстрой! Габар, Милана Некрасова, Даник, Покров, Янгер, Карина Кросс.
../logs/API_methods.log 2025-03-05 15:01:58,949 INFO Успешно получили комментарии для 5 видео
../logs/API_methods.log 2025-03-05 15:01:59,957 INFO ФУНКЦИЯ GET_VIDEO_COMMENT!!!
../logs/API_methods.log 2025-03-05 15:02:00,077 INFO Проблема с комментариями к видео ТОП 28# Трейлер | Габар, Кросс, Покров, Даник, Некрасова, Янгер
../logs/API_methods.log 2025-03-05 15:02:00,077 INFO Проблема с комментариями к видео ТОП 27# | Все думают что мы пара! Олеся Иванченко, Дима Журавлёв, Кросс, Даник, Фиксай, Габар, Янгер
../logs/API_methods.log 2025-03-05 15:02:00,077 INFO Проблема с комментариями к видео ТОП 27# Трейлер | Дима Журавлев и Олеся Иванченко, Кросс, Фиксай, Габар, Некрасова, Янгер
../logs/API_methods.log 2025-03-05 15:02:00,077 INFO Проблема с комментариями к видео ТОП 26# | Кроссовки за 3 000 000 рублей! Адель, Кросс, Амина, Покров, Габар, Янгер
../logs/API_methods.log 2025-03-05 15:02:00,077 INFO Проблема с комментариями к видео ТОП 26# Трейлер | Адель Вейгель, Кросс, Tenderlybae, Покров, Габар, Янгер
../logs/API_methods.log 2025-03-05 15:02:00,077 INFO Успешно получили комментарии для 5 видео
../logs/API_methods.log 2025-03-05 15:02:01,086 INFO ФУНКЦИЯ GET_VIDEO_COMMENT!!!
../logs/API_methods.log 2025-03-05 15:02:01,203 INFO Проблема с комментариями к видео ТОП 25# | BTS из Казахстана! Ави, Юджин, Стас, Покров, Димас Блог, Шукаша, Янгер, Карина Кросс.
../logs/API_methods.log 2025-03-05 15:02:01,204 INFO Проблема с комментариями к видео ТОП 25# Трейлер | Кацуки, Ави, Юджин, Кросс, Шукаша, Покров, Димасблог, Янгер
../logs/API_methods.log 2025-03-05 15:02:01,204 INFO Проблема с комментариями к видео ТОП 24# | "Нашу аудиторию хейтят!" Аллен Дуэль и Лия Стэффи, Кросс, Некрасова, Лизогуб, Дошик, Янгер
../logs/API_methods.log 2025-03-05 15:02:01,204 INFO Проблема с комментариями к видео ТОП 24# Трейлер | Аллен Дуэль и Лия Стеффи, Кросс, Лизогуб, Дошик, Некрасова, Янгер
../logs/API_methods.log 2025-03-05 15:02:01,204 INFO Проблема с комментариями к видео ТОП 23# | “Сталкеры лезут в мою личную жизнь!” Эдисон Перец, Амина Tenderlybae, Некрасова, Шукаша, Янгер, Карина Кросс.
../logs/API_methods.log 2025-03-05 15:02:01,204 INFO Успешно получили комментарии для 5 видео
../logs/API_methods.log 2025-03-05 15:02:02,211 INFO ФУНКЦИЯ GET_VIDEO_COMMENT!!!
../logs/API_methods.log 2025-03-05 15:02:02,329 INFO Проблема с комментариями к видео ТОП 23# Трейлер | Эдисон Перец, Кросс, Шукаша, Tenderlybae, Некрасова, Янгер
../logs/API_methods.log 2025-03-05 15:02:02,329 INFO Проблема с комментариями к видео ТОП 22# | FixEye про конфликты и личную жизнь! Шукаша, Лизогуб, Милана Некрасова, Янгер, Карина Кросс.
../logs/API_methods.log 2025-03-05 15:02:02,329 INFO Проблема с комментариями к видео ТОП 22# Трейлер | Фиксай, Кросс, Шукаша, Лизогуб, Некрасова, Янгер
../logs/API_methods.log 2025-03-05 15:02:02,329 INFO Проблема с комментариями к видео ТОП 21# | Ненавижу глупых людей! Амина Tenderlybae, Кросс, Некрасова, Покров, Шукаша, Янгер
../logs/API_methods.log 2025-03-05 15:02:02,329 INFO Проблема с комментариями к видео ТОП 21# Трейлер | Амина Tenderlybae, Кросс, Шукаша, Покров, Некрасова, Янгер
../logs/API_methods.log 2025-03-05 15:02:02,329 INFO Успешно получили комментарии для 5 видео
../logs/API_methods.log 2025-03-05 15:02:03,335 INFO ФУНКЦИЯ GET_VIDEO_COMMENT!!!
../logs/API_methods.log 2025-03-05 15:02:03,460 INFO Проблема с комментариями к видео ТОП 20# | Катя Шкуро про Зону Комфорта! Лизогуб, Покров, Габар,  Янгер, Карина Кросс.
../logs/API_methods.log 2025-03-05 15:02:03,460 INFO Проблема с комментариями к видео ТОП 20# Трейлер | Катя Шкуро, Кросс, Габар, Покров, Лизогуб, Янгер
../logs/API_methods.log 2025-03-05 15:02:03,460 INFO Проблема с комментариями к видео ТОП 19# | BTS покупали у меня рекламу! Дипинс, Кросс, Некрасова, Дошик, Габар, Янгер
../logs/API_methods.log 2025-03-05 15:02:03,461 INFO Проблема с комментариями к видео ТОП 19# Трейлер | Дипинс, Кросс, Габар, Дошик, Некрасова, Янгер
../logs/API_methods.log 2025-03-05 15:02:03,461 INFO Проблема с комментариями к видео ТОП 18# | Ведущий набил тату с лицом Дорохова! Кросс, Амина Tenderlybae, Габар, Янгер
../logs/API_methods.log 2025-03-05 15:02:03,461 INFO Успешно получили комментарии для 5 видео
../logs/API_methods.log 2025-03-05 15:02:04,463 INFO ФУНКЦИЯ GET_VIDEO_COMMENT!!!
../logs/API_methods.log 2025-03-05 15:02:04,579 INFO Проблема с комментариями к видео ТОП 18# Трейлер | Дорохов, Кросс, Габар, Амина, Янгер
../logs/API_methods.log 2025-03-05 15:02:04,580 INFO Проблема с комментариями к видео НОВОГОДНИЙ ВЫПУСК ТОП | Дорохов, Кросс, Габар, Янгер, Амина
../logs/API_methods.log 2025-03-05 15:02:04,580 INFO Проблема с комментариями к видео ТОП 17# | Вейди Раш готов идти по головам? Милана Некрасова, Дошик, Димас Блог, Янгер, Карина Кросс.
../logs/API_methods.log 2025-03-05 15:02:04,580 INFO Проблема с комментариями к видео ТОП 17# Трейлер | Veydi_Rush, Кросс, Дошик, Димас, Милана, Янгер
../logs/API_methods.log 2025-03-05 15:02:04,580 INFO Проблема с комментариями к видео ТОП 16# | Сравнивала себя с Карнавал и Аминой! Лунаком, Кросс, Некрасова, Лизогуб, Дилара, Габар, Янгер
../logs/API_methods.log 2025-03-05 15:02:04,580 INFO Успешно получили комментарии для 5 видео
../logs/API_methods.log 2025-03-05 15:02:05,583 INFO ФУНКЦИЯ GET_VIDEO_COMMENT!!!
../logs/API_methods.log 2025-03-05 15:02:05,707 INFO Проблема с комментариями к видео ТОП 16# Трейлер | Лунаком, Кросс, Дилара, Лизогуб, Милана, Янгер
../logs/API_methods.log 2025-03-05 15:02:05,707 INFO Проблема с комментариями к видео ТОП 15# | У Стаса Конфликт с Дошик? Кросс, Супер Стас, Даник, Покров, Габар, Янгер.
../logs/API_methods.log 2025-03-05 15:02:05,707 INFO Проблема с комментариями к видео ТОП 15# Трейлер | Даник и Суперстас, Кросс, Дошик, Покров, Габар, Янгер
../logs/API_methods.log 2025-03-05 15:02:05,708 INFO Проблема с комментариями к видео ТОП 14# |Свадебная церемония в ТОПе! Эмиль и Аля, Кросс, Дошик, Милана Некрасова, Димасблог, Янгер
../logs/API_methods.log 2025-03-05 15:02:05,708 INFO Проблема с комментариями к видео ТОП 14# Трейлер | Аля и Эмиль, Кросс, Дошик, Некрасова, Димас, Янгер
../logs/API_methods.log 2025-03-05 15:02:05,708 INFO Успешно получили комментарии для 5 видео
../logs/API_methods.log 2025-03-05 15:02:06,715 INFO ФУНКЦИЯ GET_VIDEO_COMMENT!!!
../logs/API_methods.log 2025-03-05 15:02:06,833 INFO Проблема с комментариями к видео ТОП 13# | Покров хочет свадьбу и детей! Дошик, Кросс, Милана Некрасова, Габар, Янгер
../logs/API_methods.log 2025-03-05 15:02:06,834 INFO Проблема с комментариями к видео ТОП 13# Трейлер | Аня Покров, Кросс, Дошик, Некрасова, Габар, Янгер
../logs/API_methods.log 2025-03-05 15:02:06,834 INFO Проблема с комментариями к видео ТОП 12# | DreamTeam Возрождается? Маруся, Кросс, Дошик, Милана Некрасова, Габар, Янгер
../logs/API_methods.log 2025-03-05 15:02:06,834 INFO Проблема с комментариями к видео ТОП 12# Трейлер | Ваша Маруся, Кросс, Дошик, Некрасова, Габар, Янгер
../logs/API_methods.log 2025-03-05 15:02:06,834 INFO Проблема с комментариями к видео ТОП 11# | Генсуха готовит трек? Милана Некрасова, Дошик, Аслан Шукаша, Янгер, Карина Кросс.
../logs/API_methods.log 2025-03-05 15:02:06,834 INFO Успешно получили комментарии для 5 видео
../logs/API_methods.log 2025-03-05 15:02:07,839 INFO ФУНКЦИЯ GET_VIDEO_COMMENT!!!
../logs/API_methods.log 2025-03-05 15:02:07,952 INFO Проблема с комментариями к видео ТОП 11# Трейлер | Gensyxa, Кросс, Дошик, Некрасова, Шукаша, Янгер
../logs/API_methods.log 2025-03-05 15:02:07,952 INFO Проблема с комментариями к видео ТОП 10# | Шукаша новый участник HypeHouse? Фрося, Голышева, Слипи, Кросс, Дошик, Милана Некрасова, Шукаша, Янгер
../logs/API_methods.log 2025-03-05 15:02:07,952 INFO Проблема с комментариями к видео ТОП 10# Трейлер | HYPE HOUSE | Соня Слипи, Катя Голышева, Фрося, Кросс, Дошик, Некрасова, Шукаша, Янгер
../logs/API_methods.log 2025-03-05 15:02:07,952 INFO Проблема с комментариями к видео ТОП 9# | Заставили ведущих плакать! Лизогуб и Туров! Кросс, Дошик, Милана, Габар, Янгер
../logs/API_methods.log 2025-03-05 15:02:07,953 INFO Проблема с комментариями к видео ТОП 9# Трейлер | Женя Лизогуб и Давид Туров, Кросс, Дошик, Некрасова, Габар, Янгер
../logs/API_methods.log 2025-03-05 15:02:07,953 INFO Успешно получили комментарии для 5 видео
../logs/API_methods.log 2025-03-05 15:02:08,956 INFO ФУНКЦИЯ GET_VIDEO_COMMENT!!!
../logs/API_methods.log 2025-03-05 15:02:09,090 INFO Проблема с комментариями к видео ТОП 8# | РАЗВОДИМСЯ! Аня Ищук и Димасблог! Кросс, Дошик, Дилара, Шукаша, Янгер
../logs/API_methods.log 2025-03-05 15:02:09,090 INFO Проблема с комментариями к видео ТОП 8# Трейлер | Аня Ищук и Димас Блог, Кросс, Дошик, Дилара, Шукаша, Янгер
../logs/API_methods.log 2025-03-05 15:02:09,090 INFO Проблема с комментариями к видео ТОП 7# | Клава Кока про свои отношения! Кросс, Дошик, Некрасова, Габар, Янгер
../logs/API_methods.log 2025-03-05 15:02:09,090 INFO Проблема с комментариями к видео ТОП 7# Трейлер | Клава Кока, Кросс, Дошик, Некрасова, Габар, Янгер
../logs/API_methods.log 2025-03-05 15:02:09,090 INFO Проблема с комментариями к видео ТОП 6# | Заир СПАЛИЛ Новую Любовь Гаврилиной! Кросс, Дошик, Некрасова, Габар, Янгер
../logs/API_methods.log 2025-03-05 15:02:09,090 INFO Успешно получили комментарии для 5 видео
../logs/API_methods.log 2025-03-05 15:02:10,095 INFO ФУНКЦИЯ GET_VIDEO_COMMENT!!!
../logs/API_methods.log 2025-03-05 15:02:10,227 INFO Проблема с комментариями к видео ТОП 6# Трейлер | Гаврилина, Кросс, Дошик, Некрасова, Габар, Янгер
../logs/API_methods.log 2025-03-05 15:02:10,227 INFO Проблема с комментариями к видео ТОП 5# | Меня Хейтили Блогеры За Детские Песни! Mia Boyka, Кросс, Дошик, Некрасова, Шукаша, Дилара, Янгер
../logs/API_methods.log 2025-03-05 15:02:10,227 INFO Проблема с комментариями к видео ТОП 5# Трейлер | MIA BOYKA,  Кросс, Дошик, Дилара, Некрасова, Шукаша, Янгер
../logs/API_methods.log 2025-03-05 15:02:10,228 INFO Проблема с комментариями к видео ТОП 4# | Дилара Выбрала Себе Парня! Карина Кросс, Дошик, Милана Некрасова, Аслан Шукаша, Янгер
../logs/API_methods.log 2025-03-05 15:02:10,228 INFO Проблема с комментариями к видео ТОП 4# Трейлер | Дилара, Кросс, Дошик, Некрасова, Шукаша, Янгер
../logs/API_methods.log 2025-03-05 15:02:10,228 INFO Успешно получили комментарии для 5 видео
../logs/API_methods.log 2025-03-05 15:02:11,237 INFO ФУНКЦИЯ GET_VIDEO_COMMENT!!!
../logs/API_methods.log 2025-03-05 15:02:11,382 INFO Проблема с комментариями к видео ТОП 3# | Шукаша набил тату в студии! Карина Кросс, Дошик, Милана Некрасова, Габар, Янгер
../logs/API_methods.log 2025-03-05 15:02:11,382 INFO Проблема с комментариями к видео ТОП 3# Трейлер | Шукаша, Кросс, Дошик, Некрасова, Габар, Янгер
../logs/API_methods.log 2025-03-05 15:02:11,382 INFO Проблема с комментариями к видео ТОП 2# | Узнали Будущего Мужа Некрасовой! Карина Кросс, Дошик, Елена Райтман, Габар, Янгер
../logs/API_methods.log 2025-03-05 15:02:11,383 INFO Проблема с комментариями к видео ТОП 2# Трейлер | Некрасова, Кросс, Дошик, Райтман, Габар, Янгер
../logs/API_methods.log 2025-03-05 15:02:11,383 INFO Проблема с комментариями к видео ТОП 1# | Свадьба Даши Дошик на шоу, Карина Кросс, Милана Хаметова, Елена Райтман, Габар, Янгер
../logs/API_methods.log 2025-03-05 15:02:11,383 INFO Успешно получили комментарии для 5 видео
../logs/API_methods.log 2025-03-05 15:02:12,385 INFO ФУНКЦИЯ GET_VIDEO_COMMENT!!!
../logs/API_methods.log 2025-03-05 15:02:12,503 INFO Проблема с комментариями к видео Трейлер Сезона ТОП | Кросс, Дошик, Хаметова, Райтман, Габар, Янгер, Шукаша, Хаметова
../logs/API_methods.log 2025-03-05 15:02:12,503 INFO Проблема с комментариями к видео Тизер нового шоу «ТОП» с Кариной Кросс и Янгером!
../logs/API_methods.log 2025-03-05 15:02:12,504 INFO Проблема с комментариями к видео GONE.Fludd – где пропадал два года и как живет сейчас
../logs/API_methods.log 2025-03-05 15:02:12,504 INFO Проблема с комментариями к видео OG Buda – о конфликте с Obladaet, деньгах и своем статусе в рэп-игре
../logs/API_methods.log 2025-03-05 15:02:12,504 INFO Проблема с комментариями к видео Academeg — деньги, тачки, криминал. История автоблогера, построившего империю
../logs/API_methods.log 2025-03-05 15:02:12,504 INFO Успешно получили комментарии для 5 видео
../logs/API_methods.log 2025-03-05 15:02:13,510 INFO ФУНКЦИЯ GET_VIDEO_COMMENT!!!
../logs/API_methods.log 2025-03-05 15:02:13,631 INFO Проблема с комментариями к видео Слава КПСС — о свадьбе, дружбе с OG Buda, зависимости и новом лучшем альбоме
../logs/API_methods.log 2025-03-05 15:02:13,632 INFO Проблема с комментариями к видео Слава КПСС — о свадьбе, дружбе с OG Buda, зависимости и новом лучшем альбоме
../logs/API_methods.log 2025-03-05 15:02:13,632 INFO Проблема с комментариями к видео Папич — про Мэддисона, фанатов, популярность и фейковый мир
../logs/API_methods.log 2025-03-05 15:02:13,632 INFO Проблема с комментариями к видео Папич — миллионы на стримах, донаты от Меллстроя и альтушки
../logs/API_methods.log 2025-03-05 15:02:13,632 INFO Проблема с комментариями к видео Папич — миллионы на стримах, донаты от Меллстроя и альтушки
../logs/API_methods.log 2025-03-05 15:02:13,632 INFO Успешно получили комментарии для 5 видео
../logs/API_methods.log 2025-03-05 15:02:14,638 INFO ФУНКЦИЯ GET_VIDEO_COMMENT!!!
../logs/API_methods.log 2025-03-05 15:02:14,758 INFO Проблема с комментариями к видео MELLSTROY — первое интервью: как живет самый обсуждаемый стример года
../logs/API_methods.log 2025-03-05 15:02:14,758 INFO Проблема с комментариями к видео MELLSTROY — первое интервью: как живет самый обсуждаемый стример года (VK)
../logs/API_methods.log 2025-03-05 15:02:14,758 INFO Проблема с комментариями к видео Андрей Бебуришвили —  свадьба, новый дом, алкоголизм, почему хотел уйти из Comedy Club
../logs/API_methods.log 2025-03-05 15:02:14,758 INFO Проблема с комментариями к видео Андрей Бебуришвили — свадьба, новый дом, алкоголизм, почему хотел уйти из Comedy Club
../logs/API_methods.log 2025-03-05 15:02:14,759 INFO Проблема с комментариями к видео Литвин — свадьба с Адель, конфликт с Моргеном, кража челленджей Меллстроем
../logs/API_methods.log 2025-03-05 15:02:14,759 INFO Успешно получили комментарии для 5 видео
../logs/API_methods.log 2025-03-05 15:02:15,764 INFO ФУНКЦИЯ GET_VIDEO_COMMENT!!!
../logs/API_methods.log 2025-03-05 15:02:15,878 INFO Проблема с комментариями к видео MORGENSHTERN —  конфликты с Mellstroy и Frame Tamer, разоблачение Арута, угрозы Диларе
../logs/API_methods.log 2025-03-05 15:02:15,878 INFO Проблема с комментариями к видео Дима Коваль — отношения с Олешевой, конфликты комиков, деньги. Как живет главный стендап-нытик
../logs/API_methods.log 2025-03-05 15:02:15,878 INFO Проблема с комментариями к видео Ильдар Автоподбор — как живет самый народный автоблогер ютуба. О переезде, Давидыче и жене
../logs/API_methods.log 2025-03-05 15:02:15,878 INFO Проблема с комментариями к видео Хованский без цензуры — худший день в тюрьме, румтур по квартире в Сербии, «Шаверма патруль» прямо в выпуске
../logs/API_methods.log 2025-03-05 15:02:15,878 INFO Проблема с комментариями к видео Хованский — побег из России, донат от Мелстроя, концерт Моргена, свадьба и гайд на скуфа
../logs/API_methods.log 2025-03-05 15:02:15,878 INFO Успешно получили комментарии для 5 видео
../logs/API_methods.log 2025-03-05 15:02:16,881 INFO ФУНКЦИЯ GET_VIDEO_COMMENT!!!
../logs/API_methods.log 2025-03-05 15:02:16,992 INFO Проблема с комментариями к видео Бустер — отношения с Диларой, конфликт с Меллстроем, бизнес и деньги / Вписка
../logs/API_methods.log 2025-03-05 15:02:16,993 INFO Проблема с комментариями к видео Слово пацана: Копейкин, Зулькарнаев, Могильников — о жизни до и после сериала / Вписка
../logs/API_methods.log 2025-03-05 15:02:16,993 INFO Проблема с комментариями к видео MACAN — пацанские хиты, знакомство с Литвиным, будет ли бой с Сабуровым, M5 / Вписка
../logs/API_methods.log 2025-03-05 15:02:16,993 INFO Проблема с комментариями к видео EXILE — уход «Хазяев» с Твича, сравнение с MrBeast, обзор дома родителей / Вписка
../logs/API_methods.log 2025-03-05 15:02:16,993 INFO Проблема с комментариями к видео Кукояки — как живёт самая известная семья ютуба. Румтур от Василисы / Вписка
../logs/API_methods.log 2025-03-05 15:02:16,993 INFO Успешно получили комментарии для 5 видео
../logs/API_methods.log 2025-03-05 15:02:17,999 INFO ФУНКЦИЯ GET_VIDEO_COMMENT!!!
../logs/API_methods.log 2025-03-05 15:02:18,110 INFO Проблема с комментариями к видео Scally Milano — встреча с Мизулиной, реакция рэперов, дисс на Оксимирона* / Вписка
../logs/API_methods.log 2025-03-05 15:02:18,111 INFO Проблема с комментариями к видео Расул Чабдаров — уход комиков в ВК, конфликт Чебаткова с Идраком, Истории на ночь / Вписка
../logs/API_methods.log 2025-03-05 15:02:18,111 INFO Проблема с комментариями к видео Булкин — авария на интервью, алкоголизм, автопарк и Контейнеры Дубровского / Вписка
../logs/API_methods.log 2025-03-05 15:02:18,111 INFO Проблема с комментариями к видео Big Baby Tape — о Скриптоните, Slava Marlow, Паше Технике и др. битмейкерах / Вписка (невошедшее)
../logs/API_methods.log 2025-03-05 15:02:18,111 INFO Проблема с комментариями к видео Три Дня Дождя — возвращение из рехаба, ответ Оксимирону*, лудомания и конфликты / Вписка
../logs/API_methods.log 2025-03-05 15:02:18,111 INFO Успешно получили комментарии для 5 видео
../logs/API_methods.log 2025-03-05 15:02:19,116 INFO ФУНКЦИЯ GET_VIDEO_COMMENT!!!
../logs/API_methods.log 2025-03-05 15:02:19,227 INFO Проблема с комментариями к видео Баста — побег из дома в 15, ссоры с Гуфом, семья. Как живет отец русского рэпа / Вписка
../logs/API_methods.log 2025-03-05 15:02:19,227 INFO Проблема с комментариями к видео TOXI$ — главное рэп-открытие года. Редкая болезнь, хайп от кружков, OG Buda / Вписка
../logs/API_methods.log 2025-03-05 15:02:19,227 INFO Проблема с комментариями к видео 2DROTS — как живет самая хайповая команда медиафутбола / Вписка
../logs/API_methods.log 2025-03-05 15:02:19,228 INFO Проблема с комментариями к видео Каспийский Груз — худший концерт, уход из рэпа, Баку / Вписка Ч.2
../logs/API_methods.log 2025-03-05 15:02:19,228 INFO Проблема с комментариями к видео Каспийский Груз — распад и возвращение, конфликты, хит с Гио Пикой, детство в Баку / Вписка
../logs/API_methods.log 2025-03-05 15:02:19,228 INFO Успешно получили комментарии для 5 видео
../logs/API_methods.log 2025-03-05 15:02:20,233 INFO ФУНКЦИЯ GET_VIDEO_COMMENT!!!
../logs/API_methods.log 2025-03-05 15:02:20,379 INFO Проблема с комментариями к видео Вписка с группой Каспийский Груз (тизер)
../logs/API_methods.log 2025-03-05 15:02:20,379 INFO Проблема с комментариями к видео GSPD и Dead Blonde — деньги, похудание, цензура / Вписка
../logs/API_methods.log 2025-03-05 15:02:20,379 INFO Проблема с комментариями к видео LIDA — покупка кальянной, аэрофобия, Дора / Вписка
../logs/API_methods.log 2025-03-05 15:02:20,379 INFO Проблема с комментариями к видео Гио Пика — как живет звезда шансон-рэпа: хит с Кравцем, невеста, родная деревня / Вписка
../logs/API_methods.log 2025-03-05 15:02:20,380 INFO Проблема с комментариями к видео Джизус — про уход из рэпа, отношения, новый альбом, Три Дня Дождя / Вписка
../logs/API_methods.log 2025-03-05 15:02:20,380 INFO Успешно получили комментарии для 5 видео
../logs/API_methods.log 2025-03-05 15:02:21,390 INFO ФУНКЦИЯ GET_VIDEO_COMMENT!!!
../logs/API_methods.log 2025-03-05 15:02:21,499 INFO Проблема с комментариями к видео Александр Зубарев — популярность, женщины, китайский мат / Вписка Ч.2
../logs/API_methods.log 2025-03-05 15:02:21,499 INFO Проблема с комментариями к видео Александр Зубарев — жизнь в Китае, донецкий рехаб, отношения и пельмени (БЕЗ ЦЕНЗУРЫ)
../logs/API_methods.log 2025-03-05 15:02:21,499 INFO Проблема с комментариями к видео Big Baby Tape — дружба с Kizaru, пародия Моргенштерна и новый альбом / Вписка и Топлес
../logs/API_methods.log 2025-03-05 15:02:21,499 INFO Проблема с комментариями к видео Big Baby Tape — дружба с Kizaru, пародия Моргенштерна и новый альбом (ft. Топлес) / Вписка Ч.2
../logs/API_methods.log 2025-03-05 15:02:21,499 INFO Проблема с комментариями к видео Жекич Дубровский (Синдикат) — про развод, квартиру за 100 млн и уход Гриши Завозина / Вписка
../logs/API_methods.log 2025-03-05 15:02:21,499 INFO Успешно получили комментарии для 5 видео
../logs/API_methods.log 2025-03-05 15:02:22,509 INFO ФУНКЦИЯ GET_VIDEO_COMMENT!!!
../logs/API_methods.log 2025-03-05 15:02:22,620 INFO Проблема с комментариями к видео Big Baby Tape — Bandana 2, конфликт с Boulevard Depo, первый лям баксов / Вписка, ЧАСТЬ 1
../logs/API_methods.log 2025-03-05 15:02:22,620 INFO Проблема с комментариями к видео Slava Marlow слушает треки uglystephan, FRIENDLY THUG 52 NGG, Heronwater и Шайни
../logs/API_methods.log 2025-03-05 15:02:22,620 INFO Проблема с комментариями к видео uglystephan — хайп в 15, дружба со Scally Milano, Bushido Zho и уход из школы (БЕЗ ЦЕНЗУРЫ)
../logs/API_methods.log 2025-03-05 15:02:22,620 INFO Проблема с комментариями к видео uglystephan — хайп в 15, дружба со Scally Milano, Bushido Zho и уход из школы / Вписка
../logs/API_methods.log 2025-03-05 15:02:22,620 INFO Проблема с комментариями к видео MAGU (Черная Экономика) — тюрьма, граффити, рэп / полное интервью
../logs/API_methods.log 2025-03-05 15:02:22,621 INFO Успешно получили комментарии для 5 видео
../logs/API_methods.log 2025-03-05 15:02:23,627 INFO ФУНКЦИЯ GET_VIDEO_COMMENT!!!
../logs/API_methods.log 2025-03-05 15:02:23,738 INFO Проблема с комментариями к видео Slava Marlow — про квартиру за 100 млн, альбом Тузик и жизнь с Моргенштерном / Вписка
../logs/API_methods.log 2025-03-05 15:02:23,739 INFO Проблема с комментариями к видео Бэнг (Рыночные отношения), Magu (Черная экономика) — Азарт (Live для Вписки)
../logs/API_methods.log 2025-03-05 15:02:23,739 INFO Проблема с комментариями к видео Черная Экономика, Рыночные Отношения: история тюрьмы и предательства (ВЕРСИЯ БЕЗ ЦЕНЗУРЫ)
../logs/API_methods.log 2025-03-05 15:02:23,739 INFO Проблема с комментариями к видео Черная Экономика, Рыночные Отношения: история тюрьмы и предательства. Как живут рэп-легенды / Вписка
../logs/API_methods.log 2025-03-05 15:02:23,739 INFO Проблема с комментариями к видео LOVV66 — что кроме 50к в сумке у папы / ВПИСКА LIVE
../logs/API_methods.log 2025-03-05 15:02:23,739 INFO Успешно получили комментарии для 5 видео
../logs/API_methods.log 2025-03-05 15:02:24,747 INFO ФУНКЦИЯ GET_VIDEO_COMMENT!!!
../logs/API_methods.log 2025-03-05 15:02:24,879 INFO Проблема с комментариями к видео LOVV66 — знакомство с OG Buda, побег из рехаба, потеря мамы (БЕЗ ЦЕНЗУРЫ)
../logs/API_methods.log 2025-03-05 15:02:24,879 INFO Проблема с комментариями к видео LOVV66 — знакомство с OG Buda, побег из рехаба, потеря мамы / Вписка
../logs/API_methods.log 2025-03-05 15:02:24,879 INFO Проблема с комментариями к видео 10AGE — байт Скриптонита, доход с “Нету интереса” и "Пушка", трэп-дом с Soda Luv (БЕЗ ЦЕНЗУРЫ)
../logs/API_methods.log 2025-03-05 15:02:24,879 INFO Проблема с комментариями к видео 10AGE — байт Скриптонита, доход с “Нету интереса” и "Пушка", трэп-дом с Soda Luv / Вписка
../logs/API_methods.log 2025-03-05 15:02:24,879 INFO Проблема с комментариями к видео 10AGE на Вписке: хайлайты
../logs/API_methods.log 2025-03-05 15:02:24,879 INFO Успешно получили комментарии для 5 видео
../logs/API_methods.log 2025-03-05 15:02:25,885 INFO ФУНКЦИЯ GET_VIDEO_COMMENT!!!
../logs/API_methods.log 2025-03-05 15:02:26,008 INFO Проблема с комментариями к видео 10AGE — Другие дела (LIVE для ВПИСКИ)
../logs/API_methods.log 2025-03-05 15:02:26,008 INFO Проблема с комментариями к видео Моргенштерн рассказал, зачем написал дисс на Гуфа
../logs/API_methods.log 2025-03-05 15:02:26,008 INFO Проблема с комментариями к видео Morgenshtern (БЕЗ ЦЕНЗУРЫ) — бегство из России, развод, как его подставила Собчак
../logs/API_methods.log 2025-03-05 15:02:26,009 INFO Проблема с комментариями к видео Morgenshtern — бегство из России, развод, как его подставила Собчак / Вписка
../logs/API_methods.log 2025-03-05 15:02:26,009 INFO Проблема с комментариями к видео Morgenshtern, Arut — про фит за миллион, откуда деньги и Bugatti Music (БЕЗ ЦЕНЗУРЫ)
../logs/API_methods.log 2025-03-05 15:02:26,009 INFO Успешно получили комментарии для 5 видео
../logs/API_methods.log 2025-03-05 15:02:27,016 INFO ФУНКЦИЯ GET_VIDEO_COMMENT!!!
../logs/API_methods.log 2025-03-05 15:02:27,132 INFO Проблема с комментариями к видео Morgenshtern, Arut — про фит за миллион, откуда деньги и Bugatti Music / Вписка Ч.1
../logs/API_methods.log 2025-03-05 15:02:27,132 INFO Проблема с комментариями к видео Yanix — деньги, девушки, детство. Как живет отец русского трэпа (фит Big Russian Boss) / Вписка
../logs/API_methods.log 2025-03-05 15:02:27,133 INFO Проблема с комментариями к видео Стас Асафьев — цены на авто, отказ Давидычу, конфликты в школе / Вписка
../logs/API_methods.log 2025-03-05 15:02:27,133 INFO Проблема с комментариями к видео Bushido Zho — первый успех, деньги, Vodila, Big Baby Tape / Вписка
../logs/API_methods.log 2025-03-05 15:02:27,133 INFO Проблема с комментариями к видео Anacondaz — группа, которую запрещают. Про отмену концертов, Хаски и эмиграцию / Вписка
../logs/API_methods.log 2025-03-05 15:02:27,133 INFO Успешно получили комментарии для 5 видео
../logs/API_methods.log 2025-03-05 15:02:28,135 INFO ФУНКЦИЯ GET_VIDEO_COMMENT!!!
../logs/API_methods.log 2025-03-05 15:02:28,245 INFO Проблема с комментариями к видео Стримеры Хазяева #2 — как живут Plohoyparen, Frame Tamer, Exile / Вписка
../logs/API_methods.log 2025-03-05 15:02:28,246 INFO Проблема с комментариями к видео Стримеры Хазяева — новые звезды Twitch: Кореш, Парадеевич, Куертов [Часть 1] / Вписка
../logs/API_methods.log 2025-03-05 15:02:28,246 INFO Проблема с комментариями к видео Амиран Сардаров  — почему не уехал из России? Развод и рум тур в Москва-Сити / Вписка
../logs/API_methods.log 2025-03-05 15:02:28,246 INFO Проблема с комментариями к видео Scally Milano —  знакомство с OG Buda, разгром гостиницы и скам (при уч. Паша Техник) / Вписка
../logs/API_methods.log 2025-03-05 15:02:28,246 INFO Проблема с комментариями к видео Артемий Лебедев — о конфликте с Навальным и Зеленским, эмигрантах и отмене России / Вписка
../logs/API_methods.log 2025-03-05 15:02:28,246 INFO Успешно получили комментарии для 5 видео
../logs/API_methods.log 2025-03-05 15:02:29,251 INFO ФУНКЦИЯ GET_VIDEO_COMMENT!!!
../logs/API_methods.log 2025-03-05 15:02:29,365 INFO Проблема с комментариями к видео Big Russian Boss отвечает на вопросы: Ресторатор, куда вкладывать деньги, стендап
../logs/API_methods.log 2025-03-05 15:02:29,365 INFO Проблема с комментариями к видео Big Russian Boss [Без образа] — куда пропал и чем занимается сейчас / Вписка в VK
../logs/API_methods.log 2025-03-05 15:02:29,365 INFO Проблема с комментариями к видео Big Russian Boss [Без образа] — куда пропал и чем занимается сейчас (при уч. Пимп) / Вписка
../logs/API_methods.log 2025-03-05 15:02:29,365 INFO Проблема с комментариями к видео Сергей Орлов — жизнь после Дудя, дорогие покупки, обзор квартиры / Вписка
../logs/API_methods.log 2025-03-05 15:02:29,366 INFO Проблема с комментариями к видео Sqwoz Bab — встреча с Оксимироном, 15 млн за АУФ, почему уехал Моргенштерн / Вписка
../logs/API_methods.log 2025-03-05 15:02:29,366 INFO Успешно получили комментарии для 5 видео
../logs/API_methods.log 2025-03-05 15:02:30,371 INFO ФУНКЦИЯ GET_VIDEO_COMMENT!!!
../logs/API_methods.log 2025-03-05 15:02:30,479 INFO Проблема с комментариями к видео Soda Luv — ответ Оксимирону, цензура альбома, обида Kizaru, рум тур / Вписка
../logs/API_methods.log 2025-03-05 15:02:30,479 INFO Проблема с комментариями к видео Melon Music #2  — трэп-дом SEEMEE, румтур у MAYOT и 163ONMYNECK, др BLAGO WHITE  / Вписка
../logs/API_methods.log 2025-03-05 15:02:30,480 INFO Проблема с комментариями к видео OG Buda, MAYOT, SEEMEE, 163ONMYNECK и YUNGWAY — история MELON MUSIC / Вписка
../logs/API_methods.log 2025-03-05 15:02:30,480 INFO Проблема с комментариями к видео SCHOKK (Дима Бамберг) — ответ Оксимирону, бой с Жиганом, жизнь в России / Вписка
../logs/API_methods.log 2025-03-05 15:02:30,480 INFO Проблема с комментариями к видео Паша Техник отвечает на вопросы: тюремные лайфхаки, группа Kunteynir, переезд, мечты
../logs/API_methods.log 2025-03-05 15:02:30,480 INFO Успешно получили комментарии для 5 видео
../logs/API_methods.log 2025-03-05 15:02:31,486 INFO ФУНКЦИЯ GET_VIDEO_COMMENT!!!
../logs/API_methods.log 2025-03-05 15:02:31,602 INFO Проблема с комментариями к видео The Limba — отказ Скриптониту, фит с Big Baby Tape, дом родителям / Вписка на чиле с Джиганом
../logs/API_methods.log 2025-03-05 15:02:31,602 INFO Проблема с комментариями к видео Каста — как живет главная рэп-группа России (при уч. Баста) / Вписка
../logs/API_methods.log 2025-03-05 15:02:31,602 INFO Проблема с комментариями к видео Гордон — о встрече с Моргенштерном, деньгах, интервью с Лукашенко и Face / Вписка
../logs/API_methods.log 2025-03-05 15:02:31,603 INFO Проблема с комментариями к видео Паша Техник — первое интервью после тюрьмы. Гуф, Soda Luv, OG Buda / Вписка
../logs/API_methods.log 2025-03-05 15:02:31,603 INFO Проблема с комментариями к видео Kyivstoner — новый дом, отцовство,  демка с OG Buda, Kizaru / Вписка
../logs/API_methods.log 2025-03-05 15:02:31,603 INFO Успешно получили комментарии для 5 видео
../logs/API_methods.log 2025-03-05 15:02:32,609 INFO ФУНКЦИЯ GET_VIDEO_COMMENT!!!
../logs/API_methods.log 2025-03-05 15:02:32,728 INFO Проблема с комментариями к видео Blago White — почему уехал из Америки, новая квартира, фит с Джиганом / Вписка
../logs/API_methods.log 2025-03-05 15:02:32,729 INFO Проблема с комментариями к видео Паша Техник — полная версия легендарной Вписки БЕЗ ЦЕНЗУРЫ
../logs/API_methods.log 2025-03-05 15:02:32,729 INFO Проблема с комментариями к видео Паша Техник — полная версия легендарной Вписки
../logs/API_methods.log 2025-03-05 15:02:32,729 INFO Проблема с комментариями к видео OG Buda — румтур по дому на Рублевке, Mayot, родители и деньги / Вписка
../logs/API_methods.log 2025-03-05 15:02:32,729 INFO Проблема с комментариями к видео Ян Топлес — наука, секс, рок-н-ролл / Вписка
../logs/API_methods.log 2025-03-05 15:02:32,729 INFO Успешно получили комментарии для 5 видео
../logs/API_methods.log 2025-03-05 15:02:33,731 INFO ФУНКЦИЯ GET_VIDEO_COMMENT!!!
../logs/API_methods.log 2025-03-05 15:02:33,869 INFO Проблема с комментариями к видео Эвелон — про конфликт с Братишкиным,  рэп Бустера, развод и новые отношения / Вписка
../logs/API_methods.log 2025-03-05 15:02:33,869 INFO Проблема с комментариями к видео Hardcore: Акаб, Никулин, Сульянов, Германский, Самброс. Как живут бойцы Хардкора / Вписка
../logs/API_methods.log 2025-03-05 15:02:33,869 INFO Проблема с комментариями к видео ЛСП — Рома Англичанин, психбольница, сколько зарабатывает / Вписка
../logs/API_methods.log 2025-03-05 15:02:33,869 INFO Проблема с комментариями к видео Братишкин — о стриме с Big Baby Tape, хейте Харламова и своей тачке
../logs/API_methods.log 2025-03-05 15:02:33,869 INFO Проблема с комментариями к видео Топ-стримеры. Как живут Бустер, Братишкин, Эвелон, Хесус / Вписка
../logs/API_methods.log 2025-03-05 15:02:33,869 INFO Успешно получили комментарии для 5 видео
../logs/API_methods.log 2025-03-05 15:02:34,875 INFO ФУНКЦИЯ GET_VIDEO_COMMENT!!!
../logs/API_methods.log 2025-03-05 15:02:34,989 INFO Проблема с комментариями к видео Lida — дисс на Моргенштерна, биф GSPD и Дети Рейв, фит с ЛСП / Вписка
../logs/API_methods.log 2025-03-05 15:02:34,989 INFO Проблема с комментариями к видео Фабрика Звезд — что с ними стало? Корни, Фабрика, Миша Гребенщиков / Вписка
../logs/API_methods.log 2025-03-05 15:02:34,989 INFO Проблема с комментариями к видео Восточный округ: Ямыч и Жаман — что с ними сейчас / Вписка
../logs/API_methods.log 2025-03-05 15:02:34,989 INFO Проблема с комментариями к видео СЭМ (Studio 21) — Скриптонит, Навальный, BLM, кризис русского рэпа / ВПИСКА
../logs/API_methods.log 2025-03-05 15:02:34,989 INFO Проблема с комментариями к видео Вписка и Чипинкос — “Моргенштерн мне должен”, бой с ДиМаста, что с D'yadya J.I.
../logs/API_methods.log 2025-03-05 15:02:34,989 INFO Успешно получили комментарии для 5 видео
../logs/API_methods.log 2025-03-05 15:02:35,996 INFO ФУНКЦИЯ GET_VIDEO_COMMENT!!!
../logs/API_methods.log 2025-03-05 15:02:36,105 INFO Проблема с комментариями к видео Вписка и Yung Trappa — первое интервью после тюрьмы. Что с Kizaru
../logs/API_methods.log 2025-03-05 15:02:36,106 INFO Проблема с комментариями к видео Вписка и Бразилец (Рыночные отношения): рэп на зоне, предательство друзей, фит с Lizer
../logs/API_methods.log 2025-03-05 15:02:36,106 INFO Проблема с комментариями к видео Вписка, Френдзона и Даня Кашин ворвались к новичкам/(Парнишка, DenDerty, Слеза)
../logs/API_methods.log 2025-03-05 15:02:36,106 INFO Проблема с комментариями к видео Вписка и “Реальные Пацаны”: что сейчас с героями сериала (часть 2)
../logs/API_methods.log 2025-03-05 15:02:36,106 INFO Проблема с комментариями к видео Вписка и Казян — будущее ОУ74, Гуф, проблемы в семье, завидует ли новым рэп-звездам
../logs/API_methods.log 2025-03-05 15:02:36,106 INFO Успешно получили комментарии для 5 видео
../logs/API_methods.log 2025-03-05 15:02:37,116 INFO ФУНКЦИЯ GET_VIDEO_COMMENT!!!
../logs/API_methods.log 2025-03-05 15:02:37,224 INFO Проблема с комментариями к видео INSTASAMKA и MONEYKEN: фит с Ивлеевой и Моргенштерном, рум тур по дому, сколько тратят в месяц
../logs/API_methods.log 2025-03-05 15:02:37,224 INFO Проблема с комментариями к видео Вписка и Дора — “Дорадура”, как ей помог Галат, копировала ли Земфиру, травля в школе
../logs/API_methods.log 2025-03-05 15:02:37,224 INFO Проблема с комментариями к видео Куок — откуда деньги, Оксимирон, альбом для ОУ74
../logs/API_methods.log 2025-03-05 15:02:37,224 INFO Проблема с комментариями к видео Вписка и ОУ74: что с ними сейчас, будет ли новый альбом, the Chemodan, Гуф
../logs/API_methods.log 2025-03-05 15:02:37,224 INFO Проблема с комментариями к видео Идрак Мирзализаде — нападение зрительницы, Чапарян, Усович, ЧБД
../logs/API_methods.log 2025-03-05 15:02:37,224 INFO Успешно получили комментарии для 5 видео
../logs/API_methods.log 2025-03-05 15:02:38,234 INFO ФУНКЦИЯ GET_VIDEO_COMMENT!!!
../logs/API_methods.log 2025-03-05 15:02:38,359 INFO Проблема с комментариями к видео Даня Кашин (D.K) — за что хейтит тик-токеров, в чем не прав Моргенштерн, новая тачка
../logs/API_methods.log 2025-03-05 15:02:38,360 INFO Проблема с комментариями к видео Вписка и Алена Швец —  румтур по дому, ссора с Гречкой, почему Моргенштерн самый красивый
../logs/API_methods.log 2025-03-05 15:02:38,360 INFO Проблема с комментариями к видео Вписка и Макс +100500: дом за 40 млн, Поперечный, конфликт с Мэддисоном, Путин, женщины
../logs/API_methods.log 2025-03-05 15:02:38,360 INFO Проблема с комментариями к видео SQWOZ BAB (Сквозь Баб) — Big Russian Boss, 1 Kla$, как их с Дети Rave накрыли копы
../logs/API_methods.log 2025-03-05 15:02:38,360 INFO Проблема с комментариями к видео Вписка и Даня Милохин — “Дико тусим” с Басковым, сколько тратит на одежду, что с братом
../logs/API_methods.log 2025-03-05 15:02:38,360 INFO Успешно получили комментарии для 5 видео
../logs/API_methods.log 2025-03-05 15:02:39,364 INFO ФУНКЦИЯ GET_VIDEO_COMMENT!!!
../logs/API_methods.log 2025-03-05 15:02:39,499 INFO Проблема с комментариями к видео Вписка и Дрим Тим Хаус: Даня Милохин, Аня Покров, Бабич и Маха. Как живут тиктокеры?
../logs/API_methods.log 2025-03-05 15:02:39,500 INFO Проблема с комментариями к видео Денис Чужой — Щербаков или Долгополов, как Чапарян изменил юмор, стендап и "Класс народа"
../logs/API_methods.log 2025-03-05 15:02:39,500 INFO Проблема с комментариями к видео Сергей Орлов — зависть к “Что было дальше”, зачем шутит про маму, почему стендап Мартиросяна плохой
../logs/API_methods.log 2025-03-05 15:02:39,500 INFO Проблема с комментариями к видео CAKEBOY — про Славу Марлоу, поездке с тайгу с Gone.FLUDD и кризисы в Glam Go Gang!
../logs/API_methods.log 2025-03-05 15:02:39,500 INFO Проблема с комментариями к видео Вписка и Stand-Up Club #1: Долгополов о встрече с Щербаковым, Орлов о деньгах, будущее Порараз
../logs/API_methods.log 2025-03-05 15:02:39,500 INFO Успешно получили комментарии для 5 видео
../logs/API_methods.log 2025-03-05 15:02:40,503 INFO ФУНКЦИЯ GET_VIDEO_COMMENT!!!
../logs/API_methods.log 2025-03-05 15:02:40,625 INFO Проблема с комментариями к видео Вписка и Кресталл Курьер (Krestall / Courier) — алкоголизм, женщины, Рома Англичанин, новая школа
../logs/API_methods.log 2025-03-05 15:02:40,625 INFO Проблема с комментариями к видео Вписка Live и Pastor Napas (ОУ74) — Гуф и Кизару, шаманы и околофутбол, что с группой
../logs/API_methods.log 2025-03-05 15:02:40,625 INFO Проблема с комментариями к видео Вписка и Mnogoznaal: почему пропал на год, что с Dead Dynasty, как живет русский север
../logs/API_methods.log 2025-03-05 15:02:40,625 INFO Проблема с комментариями к видео Витя AK — впервые показывает дом, РАТАТАТАТА с Моргенштерном, зачем пошел на “Что было дальше”
../logs/API_methods.log 2025-03-05 15:02:40,625 INFO Проблема с комментариями к видео Рэм — баттл с Noize MC, эмиграция, будет ли реюнион с Сидоджи, победит ли в 17 Независимом
../logs/API_methods.log 2025-03-05 15:02:40,625 INFO Успешно получили комментарии для 5 видео
../logs/API_methods.log 2025-03-05 15:02:41,635 INFO ФУНКЦИЯ GET_VIDEO_COMMENT!!!
../logs/API_methods.log 2025-03-05 15:02:41,782 INFO Проблема с комментариями к видео Вписка и Шарлот — конфликт с лейблом, брат-близнец, как ему помогла “Малышка” с Моргенштерном
../logs/API_methods.log 2025-03-05 15:02:41,783 INFO Проблема с комментариями к видео Недры — про знакомство с Витей АК, первый прыжок с парашютом и астрологию
../logs/API_methods.log 2025-03-05 15:02:41,783 INFO Проблема с комментариями к видео Вписка и Копюшон Ноу Мо: самый недооцененный рэпер России
../logs/API_methods.log 2025-03-05 15:02:41,783 INFO Проблема с комментариями к видео Flesh — США, новая тачка, фит с Thrill Pill, закрыл ли конфликт с Boulevard Depo
../logs/API_methods.log 2025-03-05 15:02:41,783 INFO Проблема с комментариями к видео Илья Соболев — Вписка играет в “Можно ваш телефончик”, пранк над Витей АК, “Что было дальше”
../logs/API_methods.log 2025-03-05 15:02:41,783 INFO Успешно получили комментарии для 5 видео
../logs/API_methods.log 2025-03-05 15:02:42,791 INFO ФУНКЦИЯ GET_VIDEO_COMMENT!!!
../logs/API_methods.log 2025-03-05 15:02:42,897 INFO Проблема с комментариями к видео Гарри Топор — Версус, извинения от Rickey F, Федор Смолов, проблемы с гневом
../logs/API_methods.log 2025-03-05 15:02:42,897 INFO Проблема с комментариями к видео Вписка и Ресторатор — уход с Versus, драка с Микси, долги, депрессия, что спасет баттлы
../logs/API_methods.log 2025-03-05 15:02:42,897 INFO Проблема с комментариями к видео МС Сенечка — фит с Пимпом, как пишет треки за полчаса, почему не пошел на лейбл к GONE.Fludd
../logs/API_methods.log 2025-03-05 15:02:42,897 INFO Проблема с комментариями к видео Loc-Dog — Егор Крид, “Рыночные отношения”, 17 независимый баттл, гострайтинг
../logs/API_methods.log 2025-03-05 15:02:42,897 INFO Проблема с комментариями к видео Брутто (Каспийский Груз): когда “Гаддем 2”, Lil Krystalll или Нурминский, Щербаков или Долгополов
../logs/API_methods.log 2025-03-05 15:02:42,897 INFO Успешно получили комментарии для 5 видео
../logs/API_methods.log 2025-03-05 15:02:43,906 INFO ФУНКЦИЯ GET_VIDEO_COMMENT!!!
../logs/API_methods.log 2025-03-05 15:02:44,026 INFO Проблема с комментариями к видео Раскол — как попал к Фадееву, где Барбитурный, что с дедом, почему не снялся в клипе L'One
../logs/API_methods.log 2025-03-05 15:02:44,026 INFO Проблема с комментариями к видео Пимп (Young P&H) — чем зарабатывает, вернется ли BRB Show, РНБ Клуб как новая Hustle Hard Flava
../logs/API_methods.log 2025-03-05 15:02:44,027 INFO Проблема с комментариями к видео Вписка и Руслан CMH — Ачинск, синдром Туретта, Ивангай, чем Инстасамка круче Фейса
../logs/API_methods.log 2025-03-05 15:02:44,027 INFO Проблема с комментариями к видео Денис Кукояка (Хлеб) — про успех "Плачу на техно", кризис в группе и съемки в "Реальных пацанах"
../logs/API_methods.log 2025-03-05 15:02:44,027 INFO Проблема с комментариями к видео Миша Маваши — зачем ушел в рок, как подсел на “аптеку”, почему не стал драться на шоу Амирана
../logs/API_methods.log 2025-03-05 15:02:44,027 INFO Успешно получили комментарии для 5 видео
../logs/API_methods.log 2025-03-05 15:02:45,032 INFO ФУНКЦИЯ GET_VIDEO_COMMENT!!!
../logs/API_methods.log 2025-03-05 15:02:45,159 INFO Проблема с комментариями к видео Horus — про новый альбом, Смитбита и версус с  Нойзом. У кого лучшие тексты в русском рэпе?
../logs/API_methods.log 2025-03-05 15:02:45,159 INFO Проблема с комментариями к видео Slimus (Slim) — Guf, переезд в Штаты, Паша Техник президент, Джиган масон?
../logs/API_methods.log 2025-03-05 15:02:45,159 INFO Проблема с комментариями к видео Дима Бамберг (SCHOKK): про угрозы Гуфу, встречу с Оксимироном, камбек 1 kla$, новый альбом Pharaoh
../logs/API_methods.log 2025-03-05 15:02:45,159 INFO Проблема с комментариями к видео Вписка: Слава КПСС и Satyr нашли новых звёзд
../logs/API_methods.log 2025-03-05 15:02:45,159 INFO Проблема с комментариями к видео Вписка и Кузьма — про драку с Хованским, реакции и лицемерие Поперечного
../logs/API_methods.log 2025-03-05 15:02:45,159 INFO Успешно получили комментарии для 5 видео
../logs/API_methods.log 2025-03-05 15:02:46,161 INFO ФУНКЦИЯ GET_VIDEO_COMMENT!!!
../logs/API_methods.log 2025-03-05 15:02:46,309 INFO Проблема с комментариями к видео Вписка и Френдзона: ориентация Мэйби Бэйби, кто из группы написал Дорадура, уход Валеры
../logs/API_methods.log 2025-03-05 15:02:46,309 INFO Проблема с комментариями к видео Вписка с NILETTO: сколько заработала «Любимка», его дом, размотал Васю и Колю в зале
../logs/API_methods.log 2025-03-05 15:02:46,309 INFO Проблема с комментариями к видео Вася получил леща
../logs/API_methods.log 2025-03-05 15:02:46,309 INFO Проблема с комментариями к видео MORGENSHTERN исполнил Цоя – «Группа крови»
../logs/API_methods.log 2025-03-05 15:02:46,309 INFO Проблема с комментариями к видео Вписка и Слава КПСС — кто его девушка, Noize MC — человек года, почему он больше не хочет баттлить
../logs/API_methods.log 2025-03-05 15:02:46,309 INFO Успешно получили комментарии для 5 видео
../logs/API_methods.log 2025-03-05 15:02:47,319 INFO ФУНКЦИЯ GET_VIDEO_COMMENT!!!
../logs/API_methods.log 2025-03-05 15:02:47,454 INFO Проблема с комментариями к видео Кис-кис на «Вечернем Урганте» с треком «Молчи»
../logs/API_methods.log 2025-03-05 15:02:47,454 INFO Проблема с комментариями к видео Вписка и GSPD: запрет песни NFS Underground, корпорат за лям, Тагил
../logs/API_methods.log 2025-03-05 15:02:47,454 INFO Проблема с комментариями к видео Вписка и Кис-Кис — подкаты рэперов, ЛГБТ, Кирилл Бледный
../logs/API_methods.log 2025-03-05 15:02:47,455 INFO Проблема с комментариями к видео Вписка и Satyr — пародия на Собчак, баттл с Джараховым, Oxxxymiron, звонок хейтеру
../logs/API_methods.log 2025-03-05 15:02:47,455 INFO Проблема с комментариями к видео Вписка и Velial Squad — антидепрессанты, почему боятся Росгвардию и не любят Versus
../logs/API_methods.log 2025-03-05 15:02:47,455 INFO Успешно получили комментарии для 5 видео
../logs/API_methods.log 2025-03-05 15:02:48,458 INFO ФУНКЦИЯ GET_VIDEO_COMMENT!!!
../logs/API_methods.log 2025-03-05 15:02:48,591 INFO Проблема с комментариями к видео Вписка и Паша Техник — как вышел из рехаба, стал отцом и миллионером
../logs/API_methods.log 2025-03-05 15:02:48,591 INFO Проблема с комментариями к видео Thrill Pill, Saluki, Лауд. Как стать рэп-звездой в России
../logs/API_methods.log 2025-03-05 15:02:48,591 INFO Проблема с комментариями к видео Вписка и Юра Музыченко (The Hatters) — кавер на Face, ответ хейтерам, дисс на русский рок
../logs/API_methods.log 2025-03-05 15:02:48,591 INFO Проблема с комментариями к видео Батя опять напился и испортил праздник
../logs/API_methods.log 2025-03-05 15:02:48,591 INFO Проблема с комментариями к видео Вписка и Alyona Alyona — как живет главная звезда женского рэпа
../logs/API_methods.log 2025-03-05 15:02:48,591 INFO Успешно получили комментарии для 5 видео
../logs/API_methods.log 2025-03-05 15:02:49,596 INFO ФУНКЦИЯ GET_VIDEO_COMMENT!!!
../logs/API_methods.log 2025-03-05 15:02:49,713 INFO Проблема с комментариями к видео Одна из причин посмотреть выпуск с alyona alyona — это её смех
../logs/API_methods.log 2025-03-05 15:02:49,713 INFO Проблема с комментариями к видео Вписка — новый джингл и конкурс #хардбасснавписке
../logs/API_methods.log 2025-03-05 15:02:49,713 INFO Проблема с комментариями к видео Вписка и MORGENSHTERN — Yung Trappa, “Новый Мерин”, почему не удалил канал
../logs/API_methods.log 2025-03-05 15:02:49,713 INFO Проблема с комментариями к видео Мальбэк и Сюзанна — угрозы в инстаграме, как чуть не развелись, сколько стоили «Гипнозы»
../logs/API_methods.log 2025-03-05 15:02:49,713 INFO Проблема с комментариями к видео Как живет Glam Go Gang! — GONE.Fludd, Cakeboy, IROH и Flipper Floyd
../logs/API_methods.log 2025-03-05 15:02:49,713 INFO Успешно получили комментарии для 5 видео
../logs/API_methods.log 2025-03-05 15:02:50,718 INFO ФУНКЦИЯ GET_VIDEO_COMMENT!!!
../logs/API_methods.log 2025-03-05 15:02:50,840 INFO Проблема с комментариями к видео Loqiemean — в чем не прав Гнойный и каким он видит президента России
../logs/API_methods.log 2025-03-05 15:02:50,840 INFO Проблема с комментариями к видео Фео (Психея) — про Скриптонита, Децла и музыку гопников
../logs/API_methods.log 2025-03-05 15:02:50,840 INFO Проблема с комментариями к видео Вписка и Николай Соболев: Лев Против, Слава КПСС, Дудь, почему он так любит себя
../logs/API_methods.log 2025-03-05 15:02:50,840 INFO Проблема с комментариями к видео Вписка и Пимп (Young P&H): заморозка BRB Show, Оксимирон, Рома Англичанин, почему не снимает маску
../logs/API_methods.log 2025-03-05 15:02:50,840 INFO Проблема с комментариями к видео Верни мне мой 2007. Психея, Amatory, Jane Air, STIGMATA, СЛОТ: что с ними стало?
../logs/API_methods.log 2025-03-05 15:02:50,840 INFO Успешно получили комментарии для 5 видео
../logs/API_methods.log 2025-03-05 15:02:51,848 INFO ФУНКЦИЯ GET_VIDEO_COMMENT!!!
../logs/API_methods.log 2025-03-05 15:02:51,964 INFO Проблема с комментариями к видео Вписка и Илья Соболев: Даня Поперечный, не страшно ли шутить про Путина, прожарка фаната
../logs/API_methods.log 2025-03-05 15:02:51,964 INFO Проблема с комментариями к видео Вписка и Даня Кашин (DK): Слава КПСС, конфликт с Face, шипперы и комп за миллион
../logs/API_methods.log 2025-03-05 15:02:51,964 INFO Проблема с комментариями к видео Вписка и Bumble Beezy: Versus, Эмелевская, Black Star, конфликт с Loqiemean
../logs/API_methods.log 2025-03-05 15:02:51,964 INFO Проблема с комментариями к видео Вписка и the Chemodan Clan — Pharaoh, новый проект ХIII, почему Луи не стал баттлить с Oxxxymiron
../logs/API_methods.log 2025-03-05 15:02:51,964 INFO Проблема с комментариями к видео Вписка, Слава КПСС и Замай — про Big Baby Tape, Бузову, Джарахова, Путина и баттлы в 2018-м
../logs/API_methods.log 2025-03-05 15:02:51,964 INFO Успешно получили комментарии для 5 видео
../logs/API_methods.log 2025-03-05 15:02:52,969 INFO ФУНКЦИЯ GET_VIDEO_COMMENT!!!
../logs/API_methods.log 2025-03-05 15:02:53,083 INFO Проблема с комментариями к видео Вписка и Tommy Cash — про SKIBIDI, драку в Казани и концерт с Pharaoh для 50 человек
../logs/API_methods.log 2025-03-05 15:02:53,084 INFO Проблема с комментариями к видео Вписка и Джарахов: подготовка к бою с Гнойным, сколько платят за гострайтинг, как он однажды чуть не умер
../logs/API_methods.log 2025-03-05 15:02:53,084 INFO Проблема с комментариями к видео Feduk: от маленьких клубов до Стадиума (при уч. Big Baby Tape, Obladaet, Паша Техник)
../logs/API_methods.log 2025-03-05 15:02:53,084 INFO Проблема с комментариями к видео Вписка и Грязный Рамирес: о будущем дуэта SIDxRAM, баттле с Rickey F и детском доме
../logs/API_methods.log 2025-03-05 15:02:53,084 INFO Проблема с комментариями к видео Вписка, Schokk и Ресторатор в Мюнхене: обсуждаем Versus, свадьбу и новый альбом Face
../logs/API_methods.log 2025-03-05 15:02:53,084 INFO Успешно получили комментарии для 5 видео
../logs/API_methods.log 2025-03-05 15:02:54,091 INFO ФУНКЦИЯ GET_VIDEO_COMMENT!!!
../logs/API_methods.log 2025-03-05 15:02:54,230 INFO Проблема с комментариями к видео Вписка и Feduk — о Big Baby Tape, диссе Паши Техника, как «Розовое вино» хайпануло в Польше
../logs/API_methods.log 2025-03-05 15:02:54,230 INFO Проблема с комментариями к видео Вписка Boyz — Систа (Prod. Cakeboy)
../logs/API_methods.log 2025-03-05 15:02:54,230 INFO Проблема с комментариями к видео Вписка и Ильич (Little Big) — о знакомстве с Ирой Смелой, работе с Lizer, почему Киркоров панк
../logs/API_methods.log 2025-03-05 15:02:54,230 INFO Проблема с комментариями к видео Вписка и ЛСП —  новый состав, новая жизнь, новая «Монетка»
../logs/API_methods.log 2025-03-05 15:02:54,230 INFO Проблема с комментариями к видео Вписка и Кирилл Бледный (Пошлая Молли) — про Нашествие, панк-рок и геев + новая песня
../logs/API_methods.log 2025-03-05 15:02:54,231 INFO Успешно получили комментарии для 5 видео
../logs/API_methods.log 2025-03-05 15:02:55,235 INFO ФУНКЦИЯ GET_VIDEO_COMMENT!!!
../logs/API_methods.log 2025-03-05 15:02:55,340 INFO Проблема с комментариями к видео Вписка и Flesh — о байте, ссоре с Закатом, гетто-детстве и новых совместках с Lizer
../logs/API_methods.log 2025-03-05 15:02:55,340 INFO Проблема с комментариями к видео Вписка и Антоха МС — о работе учителем, русском рэпе и о том, сколько денег нужно для счастья (Вк)
../logs/API_methods.log 2025-03-05 15:02:55,340 INFO Проблема с комментариями к видео Вписка и Антоха МС — о работе учителем, русском рэпе и о том, сколько денег нужно для счастья
../logs/API_methods.log 2025-03-05 15:02:55,340 INFO Проблема с комментариями к видео Noize MC — Русский ковчег (cover Монеточка)
../logs/API_methods.log 2025-03-05 15:02:55,340 INFO Проблема с комментариями к видео Вписка и Монеточка — про Славу КПСС, феминизм в России и лучшее свидание
../logs/API_methods.log 2025-03-05 15:02:55,340 INFO Успешно получили комментарии для 5 видео
../logs/API_methods.log 2025-03-05 15:02:56,347 INFO ФУНКЦИЯ GET_VIDEO_COMMENT!!!
../logs/API_methods.log 2025-03-05 15:02:56,665 INFO Проблема с комментариями к видео Вписка и новая рэп-звезда GONE.Fludd: трудное детство, конфликт с Thrill Pill, Навальный
../logs/API_methods.log 2025-03-05 15:02:56,665 INFO Проблема с комментариями к видео Вписка с GONE.Fludd. Звонок фанату
../logs/API_methods.log 2025-03-05 15:02:56,665 INFO Проблема с комментариями к видео Вписка с АК-47 в Берёзе: Азино, биф Вити с Big Russian Boss, дисс на Дудя (ВК версия)
../logs/API_methods.log 2025-03-05 15:02:56,665 INFO Проблема с комментариями к видео Вписка с АК-47 в Берёзе — Азино, биф Вити с Big Russian Boss и дисс на Дудя
../logs/API_methods.log 2025-03-05 15:02:56,665 INFO Проблема с комментариями к видео Коля vs Вася, бой за царя горы (Вписка с Mnogoznaal в Печоре)
../logs/API_methods.log 2025-03-05 15:02:56,666 INFO Успешно получили комментарии для 5 видео
../logs/API_methods.log 2025-03-05 15:02:57,671 INFO ФУНКЦИЯ GET_VIDEO_COMMENT!!!
../logs/API_methods.log 2025-03-05 15:02:57,871 INFO Проблема с комментариями к видео Вписка с Mnogoznaal в Печоре – о гостинице «Космос», Pharaoh и Толике Полено
../logs/API_methods.log 2025-03-05 15:02:57,871 INFO Проблема с комментариями к видео Вписка с Ёлкой — про котиков, Томаса Мраза и женский рэп в России
../logs/API_methods.log 2025-03-05 15:02:57,871 INFO Проблема с комментариями к видео Вписка с Ёлкой — про котиков, Томаса Мраза и женский рэп в России
../logs/API_methods.log 2025-03-05 15:02:57,871 INFO Проблема с комментариями к видео В(ы)писка и Kass: как стать звездой, находясь в тюрьме
../logs/API_methods.log 2025-03-05 15:02:57,871 INFO Проблема с комментариями к видео Вписка юбилейная: Раскол обещает убрать Федука и разыгрывает золотые гриллзы
../logs/API_methods.log 2025-03-05 15:02:57,871 INFO Успешно получили комментарии для 5 видео
../logs/API_methods.log 2025-03-05 15:02:58,881 INFO ФУНКЦИЯ GET_VIDEO_COMMENT!!!
../logs/API_methods.log 2025-03-05 15:02:59,006 INFO Проблема с комментариями к видео Вписка и Jah Khalib: худший корпорат в его карьере? почему Оксимирон не ок?
../logs/API_methods.log 2025-03-05 15:02:59,006 INFO Проблема с комментариями к видео «Вписка» и Lizer: как живет самая яркая молодая рэп-звезда прямо сейчас
../logs/API_methods.log 2025-03-05 15:02:59,006 INFO Проблема с комментариями к видео «Вписка» у Птахи дома: о возможном баттле с L’One, короне за 300к и шизофрении
../logs/API_methods.log 2025-03-05 15:02:59,007 INFO Проблема с комментариями к видео Вписка и Ларин: о клипе ЛСП, бифе с Хованским и Версусе с Джараховым
../logs/API_methods.log 2025-03-05 15:02:59,007 INFO Проблема с комментариями к видео Вписка у Дмитрия Ларина (тизер)
../logs/API_methods.log 2025-03-05 15:02:59,007 INFO Успешно получили комментарии для 5 видео
../logs/API_methods.log 2025-03-05 15:03:00,015 INFO ФУНКЦИЯ GET_VIDEO_COMMENT!!!
../logs/API_methods.log 2025-03-05 15:03:00,124 INFO Проблема с комментариями к видео «Вписка» с Yung Trappa: про жизнь на зоне, освобождение и конфликт с Kizaru
../logs/API_methods.log 2025-03-05 15:03:00,124 INFO Проблема с комментариями к видео «Вписка» с Yung Trappa: про жизнь на зоне, освобождение и конфликт с Kizaru
../logs/API_methods.log 2025-03-05 15:03:00,124 INFO Проблема с комментариями к видео Новогодняя “Вписка”: Паша Техник — Дед Мороз, Ресторатор — о лучшем подарке, ЛС...
../logs/API_methods.log 2025-03-05 15:03:00,124 INFO Проблема с комментариями к видео Вписка у Ресторатора: что он думает о Немагии и почему ему стыдно за баттл D.Masta с D...
../logs/API_methods.log 2025-03-05 15:03:00,124 INFO Проблема с комментариями к видео Холодная питерская Вписка с Ресторатором (тизер)
../logs/API_methods.log 2025-03-05 15:03:00,125 INFO Успешно получили комментарии для 5 видео
../logs/API_methods.log 2025-03-05 15:03:01,131 INFO ФУНКЦИЯ GET_VIDEO_COMMENT!!!
../logs/API_methods.log 2025-03-05 15:03:01,234 INFO Проблема с комментариями к видео Вписка и Jahmal TGK: как он работал в казино, гимн ХК «Трактор», почему Витя АК крутой
../logs/API_methods.log 2025-03-05 15:03:01,234 INFO Проблема с комментариями к видео Первая челябинская вписка и Jahmal (тизер)
../logs/API_methods.log 2025-03-05 15:03:01,234 INFO Проблема с комментариями к видео D.Masta Schokk'y: Я готов вылететь в Берлин хоть завтра
../logs/API_methods.log 2025-03-05 15:03:01,234 INFO Проблема с комментариями к видео Schokk отвечает на вызов D.Masta
../logs/API_methods.log 2025-03-05 15:03:01,235 INFO Проблема с комментариями к видео D.Masta — о баттле с Drago, миксфайте с Шокком и выпуске Nemagia
../logs/API_methods.log 2025-03-05 15:03:01,235 INFO Успешно получили комментарии для 5 видео
../logs/API_methods.log 2025-03-05 15:03:02,237 INFO ФУНКЦИЯ GET_VIDEO_COMMENT!!!
../logs/API_methods.log 2025-03-05 15:03:02,356 INFO Проблема с комментариями к видео Вписка и Жак Энтони: конфликт с Boulevard Depo, клип за 2 миллиона, кто его настоящий отец
../logs/API_methods.log 2025-03-05 15:03:02,356 INFO Проблема с комментариями к видео Вписка с Жаком Энтони (тизер)
../logs/API_methods.log 2025-03-05 15:03:02,356 INFO Проблема с комментариями к видео Вписка с «Бумбокс» – о письме Басте, Майдане, Дорне и о том, почему группа не выст...
../logs/API_methods.log 2025-03-05 15:03:02,356 INFO Проблема с комментариями к видео Вписка приехала к группе Бумбокс (тизер)
../logs/API_methods.log 2025-03-05 15:03:02,357 INFO Проблема с комментариями к видео Kizaru — о баттле с Pharaoh и как он продавал стафф Гуфу и Птахе
../logs/API_methods.log 2025-03-05 15:03:02,357 INFO Успешно получили комментарии для 5 видео
../logs/API_methods.log 2025-03-05 15:03:03,365 INFO ФУНКЦИЯ GET_VIDEO_COMMENT!!!
../logs/API_methods.log 2025-03-05 15:03:03,486 INFO Проблема с комментариями к видео У «Вписки» 100к подписчиков. Секретный гость дарит подарок
../logs/API_methods.log 2025-03-05 15:03:03,486 INFO Проблема с комментариями к видео Вписка и Kyivstoner: стрип-клубы Киева, привет Big Russian Boss, пикап-уроки
../logs/API_methods.log 2025-03-05 15:03:03,486 INFO Проблема с комментариями к видео Вписка и Kyivstoner: стрип-клубы Киева, привет Big Russian Boss, пикап-уроки
../logs/API_methods.log 2025-03-05 15:03:03,486 INFO Проблема с комментариями к видео Kyivstoner и первая "Вписка" в Киеве (тизер)
../logs/API_methods.log 2025-03-05 15:03:03,486 INFO Проблема с комментариями к видео Schokk о баттле Oxxxymiron VS Dizaster
../logs/API_methods.log 2025-03-05 15:03:03,486 INFO Успешно получили комментарии для 5 видео
../logs/API_methods.log 2025-03-05 15:03:04,490 INFO ФУНКЦИЯ GET_VIDEO_COMMENT!!!
../logs/API_methods.log 2025-03-05 15:03:04,624 INFO Проблема с комментариями к видео Вписка с Noize MC: снимаем клип на скотобойне, лайв на Арбате, Гнойный и баттлы
../logs/API_methods.log 2025-03-05 15:03:04,624 INFO Проблема с комментариями к видео Вписка с Noize MC: Москва-Белгород (тизер)
../logs/API_methods.log 2025-03-05 15:03:04,624 INFO Проблема с комментариями к видео Вписка с Kizaru: испанская тюрьма, $$$ от кофешопа, почему Pharaoh – пуссибой
../logs/API_methods.log 2025-03-05 15:03:04,624 INFO Проблема с комментариями к видео Вписка с Kizaru в Барселоне (тизер)
../logs/API_methods.log 2025-03-05 15:03:04,625 INFO Проблема с комментариями к видео «Вписка» и Schokk: баттл-рэп, наркотики, цыгане и Oxxxymiron
../logs/API_methods.log 2025-03-05 15:03:04,625 INFO Успешно получили комментарии для 5 видео
../logs/API_methods.log 2025-03-05 15:03:05,630 INFO ФУНКЦИЯ GET_VIDEO_COMMENT!!!
../logs/API_methods.log 2025-03-05 15:03:05,762 INFO Проблема с комментариями к видео Вписка с Schokk'ом. Он вам не Димон! (тизер)
../logs/API_methods.log 2025-03-05 15:03:05,762 INFO Проблема с комментариями к видео Вписка с 25/17: Guf и героин, дети Бледного, премьера нового хита
../logs/API_methods.log 2025-03-05 15:03:05,762 INFO Проблема с комментариями к видео Вписка с Пашей Техником: зоопарк, знакомство с женой, Guf бро, а Yanix не бро
../logs/API_methods.log 2025-03-05 15:03:05,762 INFO Проблема с комментариями к видео Вписка: Паша Техник (Тизер)
../logs/API_methods.log 2025-03-05 15:03:05,762 INFO Проблема с комментариями к видео Вписка у Slim'a: первое порно, Навальный vs Птаха, как работать с Гуфом
../logs/API_methods.log 2025-03-05 15:03:05,762 INFO Успешно получили комментарии для 5 видео
../logs/API_methods.log 2025-03-05 15:03:06,769 INFO ФУНКЦИЯ GET_VIDEO_COMMENT!!!
../logs/API_methods.log 2025-03-05 15:03:06,884 INFO Проблема с комментариями к видео Вписка у Slim'a: первое порно, Навальный vs Птаха, как работать с Гуфом (Тизер)
../logs/API_methods.log 2025-03-05 15:03:06,885 INFO Проблема с комментариями к видео Вписка: SLIM / Тизер 01
../logs/API_methods.log 2025-03-05 15:03:06,885 INFO Проблема с комментариями к видео Кто должен отдавать деньги Чипинкосу?
../logs/API_methods.log 2025-03-05 15:03:06,885 INFO Проблема с комментариями к видео Настроение: Ресторатор
../logs/API_methods.log 2025-03-05 15:03:06,885 INFO Проблема с комментариями к видео Колян: «да это жёстко»
../logs/API_methods.log 2025-03-05 15:03:06,885 INFO Успешно получили комментарии для 5 видео
../logs/API_methods.log 2025-03-05 15:03:07,894 INFO ФУНКЦИЯ GET_VIDEO_COMMENT!!!
../logs/API_methods.log 2025-03-05 15:03:08,037 INFO Проблема с комментариями к видео Паша Техник и ЕГЭ по истории
../logs/API_methods.log 2025-03-05 15:03:08,038 INFO Проблема с комментариями к видео Сниппет трека Моргенштерна
../logs/API_methods.log 2025-03-05 15:03:08,038 INFO Проблема с комментариями к видео Моё состояние по жизни
../logs/API_methods.log 2025-03-05 15:03:08,038 INFO Проблема с комментариями к видео № 597 Арест счетов Варламова / Трамп выгоняет Зеленского / Закон против собак
../logs/API_methods.log 2025-03-05 15:03:08,038 INFO Проблема с комментариями к видео Артемий Лебедев в рекламе KITFORT (2024)
../logs/API_methods.log 2025-03-05 15:03:08,038 INFO Успешно получили комментарии для 5 видео
../logs/API_methods.log 2025-03-05 15:03:09,044 INFO ФУНКЦИЯ GET_VIDEO_COMMENT!!!
../logs/API_methods.log 2025-03-05 15:03:09,158 INFO Проблема с комментариями к видео Ясмин Буали - Самый хороший подкаст
../logs/API_methods.log 2025-03-05 15:03:09,159 INFO Проблема с комментариями к видео № 596 Трамп — агент КГБ / Борьба с капибарами / Судья ООН завела рабыню
../logs/API_methods.log 2025-03-05 15:03:09,159 INFO Проблема с комментариями к видео № 595 Трамп обвиняет Зеленского / Санкции против Галустяна / Перепись воробьев
../logs/API_methods.log 2025-03-05 15:03:09,159 INFO Проблема с комментариями к видео № 594 Завод по разведению мух / Коровы на Марсе / Москвичка продала дочь
../logs/API_methods.log 2025-03-05 15:03:09,159 INFO Проблема с комментариями к видео № 593 Самый опасный зоопарк / Мир Путина и Трампа / Европа терпит Илона Маска
../logs/API_methods.log 2025-03-05 15:03:09,159 INFO Успешно получили комментарии для 5 видео
../logs/API_methods.log 2025-03-05 15:03:10,165 INFO ФУНКЦИЯ GET_VIDEO_COMMENT!!!
../logs/API_methods.log 2025-03-05 15:03:10,275 INFO Проблема с комментариями к видео № 592 Моргенштерн свел татуху / Первое порноприложение на Айфоне / Закрытие секс-шопов
../logs/API_methods.log 2025-03-05 15:03:10,275 INFO Проблема с комментариями к видео № 591 Киев требует ядерное оружие / Созвон Трампа и Путина / Улица Дарта Вейдера
../logs/API_methods.log 2025-03-05 15:03:10,276 INFO Проблема с комментариями к видео Антон Гайворонский - Самый хороший подкаст
../logs/API_methods.log 2025-03-05 15:03:10,276 INFO Проблема с комментариями к видео № 590 Пермяк засудил начальницу / Канье Уэст с голой женой / Спасение минипигов
../logs/API_methods.log 2025-03-05 15:03:10,276 INFO Проблема с комментариями к видео № 589 Угон поезда в метро / Шаман поцеловал Мизулину / Сбежавшая форель
../logs/API_methods.log 2025-03-05 15:03:10,276 INFO Успешно получили комментарии для 5 видео
../logs/API_methods.log 2025-03-05 15:03:11,281 INFO ФУНКЦИЯ GET_VIDEO_COMMENT!!!
../logs/API_methods.log 2025-03-05 15:03:11,396 INFO Проблема с комментариями к видео Илья Разумов - Самый хороший подкаст
../logs/API_methods.log 2025-03-05 15:03:11,396 INFO Проблема с комментариями к видео № 588 Самая дорогая шуба / Эректильный мед / Заразительное мочеиспускание
../logs/API_methods.log 2025-03-05 15:03:11,396 INFO Проблема с комментариями к видео № 587 Трамп обвинил Зеленского / «Сигма Бой» запрещен / Енот устроил блэкаут
../logs/API_methods.log 2025-03-05 15:03:11,396 INFO Проблема с комментариями к видео № 586 Арест имущества Моргенштерна / Атомные бомбы США в ЕС / Петербуржец проиграл мошонку
../logs/API_methods.log 2025-03-05 15:03:11,396 INFO Проблема с комментариями к видео № 585 Трамп парам пам памп!
../logs/API_methods.log 2025-03-05 15:03:11,396 INFO Успешно получили комментарии для 5 видео
../logs/API_methods.log 2025-03-05 15:03:12,398 INFO ФУНКЦИЯ GET_VIDEO_COMMENT!!!
../logs/API_methods.log 2025-03-05 15:03:12,527 INFO Проблема с комментариями к видео Жора Каваносян - Самый хороший подкаст
../logs/API_methods.log 2025-03-05 15:03:12,527 INFO Проблема с комментариями к видео № 584 Запрет видеоигр / Кот за 200 млн рублей / Деревянный спутник
../logs/API_methods.log 2025-03-05 15:03:12,527 INFO Проблема с комментариями к видео № 583 Путин вылечит от рака / Кот сбил дрон / Дуров троллит Цукерберга
../logs/API_methods.log 2025-03-05 15:03:12,527 INFO Проблема с комментариями к видео № 582 Робопсы РЖД / Путин починил часы / Секс за золото
../logs/API_methods.log 2025-03-05 15:03:12,527 INFO Проблема с комментариями к видео № 581 Защита русского языка / Схватка священника с акулой / Дед Мороз застрелил мужчину
../logs/API_methods.log 2025-03-05 15:03:12,527 INFO Успешно получили комментарии для 5 видео
../logs/API_methods.log 2025-03-05 15:03:13,533 INFO ФУНКЦИЯ GET_VIDEO_COMMENT!!!
../logs/API_methods.log 2025-03-05 15:03:13,642 INFO Проблема с комментариями к видео № 580 Крушение самолета в Актау / ПВО сбило Санта-Клауса / Трамп отжимает Гренландию
../logs/API_methods.log 2025-03-05 15:03:13,642 INFO Проблема с комментариями к видео № 579 С НГ, короч!
../logs/API_methods.log 2025-03-05 15:03:13,642 INFO Проблема с комментариями к видео Почему Таиланд? О трендах, недвижимости и дизайне.
../logs/API_methods.log 2025-03-05 15:03:13,643 INFO Проблема с комментариями к видео № 578 Секс со вкусом селедки / Свержение Лукашенко / Кинотеатры для нудистов
../logs/API_methods.log 2025-03-05 15:03:13,643 INFO Проблема с комментариями к видео № 577 Разговор Влада А4 с Путиным / Ракетная дуэль в Киеве / В России разрешили многоженство
../logs/API_methods.log 2025-03-05 15:03:13,643 INFO Успешно получили комментарии для 5 видео
../logs/API_methods.log 2025-03-05 15:03:14,652 INFO ФУНКЦИЯ GET_VIDEO_COMMENT!!!
../logs/API_methods.log 2025-03-05 15:03:14,778 INFO Проблема с комментариями к видео № 576 34 000 000 ₽ за ужин с Собчак / Лукашенко — наркоман / Монеточка получит Нобелевскую
../logs/API_methods.log 2025-03-05 15:03:14,779 INFO Проблема с комментариями к видео № 575 Картина из лобковых волос / Ядерные бомбы в Польше / Теракт в Москве
../logs/API_methods.log 2025-03-05 15:03:14,779 INFO Проблема с комментариями к видео Михаил Токовинин - Самый хороший подкаст
../logs/API_methods.log 2025-03-05 15:03:14,779 INFO Проблема с комментариями к видео № 574 Такер прилетел к Лаврову / Сакэ в ЮНЕСКО / Допрос Дурова
../logs/API_methods.log 2025-03-05 15:03:14,779 INFO Проблема с комментариями к видео № 573 Налог на отрыжки / Школьник наложил под дверь Мизулиной / Падение Асада
../logs/API_methods.log 2025-03-05 15:03:14,779 INFO Успешно получили комментарии для 5 видео
../logs/API_methods.log 2025-03-05 15:03:15,785 INFO ФУНКЦИЯ GET_VIDEO_COMMENT!!!
../logs/API_methods.log 2025-03-05 15:03:15,976 INFO Проблема с комментариями к видео № 572 Харрис спустила миллиарды / Карлица-мошенница / Бобры обесточили Ленобласть
../logs/API_methods.log 2025-03-05 15:03:15,977 INFO Проблема с комментариями к видео № 571 Арест Пивоварова / Джо Роган послал Зеленского / Байден помиловал сына
../logs/API_methods.log 2025-03-05 15:03:15,977 INFO Проблема с комментариями к видео Почему одни выбирают Паттайю, а другие — Пхукет? Недвижимость в Таиланде с Артемием Лебедевым
../logs/API_methods.log 2025-03-05 15:03:15,977 INFO Проблема с комментариями к видео Артемий Лебедев в рекламе КИА К5 (2020)
../logs/API_methods.log 2025-03-05 15:03:15,977 INFO Проблема с комментариями к видео Артемий Лебедев в рекламе голосования по поправкам в Конституцию России (2020)
../logs/API_methods.log 2025-03-05 15:03:15,977 INFO Успешно получили комментарии для 5 видео
../logs/API_methods.log 2025-03-05 15:03:16,984 INFO ФУНКЦИЯ GET_VIDEO_COMMENT!!!
../logs/API_methods.log 2025-03-05 15:03:17,106 INFO Проблема с комментариями к видео Артемий Лебедев в рекламе Nike (2017)
../logs/API_methods.log 2025-03-05 15:03:17,106 INFO Проблема с комментариями к видео Артемий Лебедев в рекламе KITFORT (2024)
../logs/API_methods.log 2025-03-05 15:03:17,106 INFO Проблема с комментариями к видео Вован и Лексус - Самый хороший подкаст
../logs/API_methods.log 2025-03-05 15:03:17,106 INFO Проблема с комментариями к видео № 570 Варламов — уголовник / Трамп против трансов / Свиньи съели школьницу
../logs/API_methods.log 2025-03-05 15:03:17,106 INFO Проблема с комментариями к видео № 569 Смертельная морковка / Пуск «Орешника» / Банан за 6 миллионов $
../logs/API_methods.log 2025-03-05 15:03:17,106 INFO Успешно получили комментарии для 5 видео
../logs/API_methods.log 2025-03-05 15:03:18,108 INFO ФУНКЦИЯ GET_VIDEO_COMMENT!!!
../logs/API_methods.log 2025-03-05 15:03:18,230 INFO Проблема с комментариями к видео № 568 Марш в Берлине / Первый робот-спасатель / Закат эры ИИ
../logs/API_methods.log 2025-03-05 15:03:18,231 INFO Проблема с комментариями к видео № 567 Следующий президент России / Байден разрешил удары по РФ / Арест тиктокеров
../logs/API_methods.log 2025-03-05 15:03:18,231 INFO Проблема с комментариями к видео Стас Асафьев - Самый хороший подкаст
../logs/API_methods.log 2025-03-05 15:03:18,231 INFO Проблема с комментариями к видео № 566 Похищение красной икры / Суд Конора Макгрегора / Фестиваль коровьих лепешек
../logs/API_methods.log 2025-03-05 15:03:18,231 INFO Проблема с комментариями к видео № 565 Посол надел какаху в Кремле / Запрет на кроксы / Погромы в Амстердаме
../logs/API_methods.log 2025-03-05 15:03:18,231 INFO Успешно получили комментарии для 5 видео
../logs/API_methods.log 2025-03-05 15:03:19,236 INFO ФУНКЦИЯ GET_VIDEO_COMMENT!!!
../logs/API_methods.log 2025-03-05 15:03:19,377 INFO Проблема с комментариями к видео № 564 Треска устроила геноцид мойвы / Победа Трампа / Летающий электропаром
../logs/API_methods.log 2025-03-05 15:03:19,377 INFO Проблема с комментариями к видео № 563 Инстасамка в Ленинграде / Самое белое пальто Чичваркина / Наводнение в Испании
../logs/API_methods.log 2025-03-05 15:03:19,377 INFO Проблема с комментариями к видео № 562 Смертельные бургеры Макдоналдса / Выборы в Грузии / Горящие унитазы Японии
../logs/API_methods.log 2025-03-05 15:03:19,377 INFO Проблема с комментариями к видео № 561 Киркорова обвинили в ЛГБТ / Разговор Маска с Путиным / Спившиеся шершни
../logs/API_methods.log 2025-03-05 15:03:19,377 INFO Проблема с комментариями к видео № 560 Мизулина против мира / Громадный арбуз / Шаман выпускает водку
../logs/API_methods.log 2025-03-05 15:03:19,377 INFO Успешно получили комментарии для 5 видео
../logs/API_methods.log 2025-03-05 15:03:20,382 INFO ФУНКЦИЯ GET_VIDEO_COMMENT!!!
../logs/API_methods.log 2025-03-05 15:03:20,644 INFO Проблема с комментариями к видео Япония — большая поездка по всей стране
../logs/API_methods.log 2025-03-05 15:03:20,644 INFO Проблема с комментариями к видео Польша. Щецин, Познань, Варшава, Белосток
../logs/API_methods.log 2025-03-05 15:03:20,644 INFO Проблема с комментариями к видео Крит — старина и вкуснота
../logs/API_methods.log 2025-03-05 15:03:20,644 INFO Проблема с комментариями к видео Азорские острова
../logs/API_methods.log 2025-03-05 15:03:20,644 INFO Проблема с комментариями к видео № 559  Я —  персона нон-грата в Латвии / Маск зафрендил Дурова / Арест имущества релокантов
../logs/API_methods.log 2025-03-05 15:03:20,645 INFO Успешно получили комментарии для 5 видео
../logs/API_methods.log 2025-03-05 15:03:21,651 INFO ФУНКЦИЯ GET_VIDEO_COMMENT!!!
../logs/API_methods.log 2025-03-05 15:03:21,773 INFO Проблема с комментариями к видео Азамат Мусагалиев - Самый хороший подкаст
../logs/API_methods.log 2025-03-05 15:03:21,773 INFO Проблема с комментариями к видео № 558 Козявка губернатора / Первый какакоптер / Пылесос обидел негров
../logs/API_methods.log 2025-03-05 15:03:21,773 INFO Проблема с комментариями к видео № 557 Дело против Дудя / Нигер поздравил Путина / Инфаркт от Кока-Колы
../logs/API_methods.log 2025-03-05 15:03:21,773 INFO Проблема с комментариями к видео № 556 Арест Пи Дидди / Секрет улыбок дельфинов / Запрет квадроберов
../logs/API_methods.log 2025-03-05 15:03:21,773 INFO Проблема с комментариями к видео № 555 Википедия игнорит РКН / Лерчек арестована / Похищение кенгуру
../logs/API_methods.log 2025-03-05 15:03:21,773 INFO Успешно получили комментарии для 5 видео
../logs/API_methods.log 2025-03-05 15:03:22,783 INFO ФУНКЦИЯ GET_VIDEO_COMMENT!!!
../logs/API_methods.log 2025-03-05 15:03:22,922 INFO Проблема с комментариями к видео № 554 Петух-полицейский / Секрет паучьих клыков / Памятник программисту
../logs/API_methods.log 2025-03-05 15:03:22,922 INFO Проблема с комментариями к видео № 553 Литва обокрала Зимбабве / Бомбежка Хезболлы / Православный мессенжер
../logs/API_methods.log 2025-03-05 15:03:22,922 INFO Проблема с комментариями к видео № 552 В Грузии запретили ЛГБТ / Кривые рыбы / Штрафы за чайлдфри
../logs/API_methods.log 2025-03-05 15:03:22,922 INFO Проблема с комментариями к видео № 551 Самая уютная стоматология / Хезболла vs. Израиль / Стрельба в офисе Вайлдберриза
../logs/API_methods.log 2025-03-05 15:03:22,922 INFO Проблема с комментариями к видео № 550 Москва потеряла Пердеж / Хуситы ударили по Израилю / Познер отказал западу
../logs/API_methods.log 2025-03-05 15:03:22,922 INFO Успешно получили комментарии для 5 видео
../logs/API_methods.log 2025-03-05 15:03:23,929 INFO ФУНКЦИЯ GET_VIDEO_COMMENT!!!
../logs/API_methods.log 2025-03-05 15:03:24,068 INFO Проблема с комментариями к видео № 549 США забанили РТ / Рекорд по поеданию фрикаделек / Школьники сожгли вертолет
../logs/API_methods.log 2025-03-05 15:03:24,068 INFO Проблема с комментариями к видео № 548 Миа Бойка обидела ребенка / Ягодицы Инстасамки / Грузию не взяли в ЕС
../logs/API_methods.log 2025-03-05 15:03:24,068 INFO Проблема с комментариями к видео № 547 Санкции против Симоньян / Новый Ютуб от Илона Маска / Грибы управляют роботами
../logs/API_methods.log 2025-03-05 15:03:24,068 INFO Проблема с комментариями к видео № 546 Биооружие Японии / Путин прокатился на козле / Замороженные собаки для одесситов
../logs/API_methods.log 2025-03-05 15:03:24,068 INFO Проблема с комментариями к видео № 545 Похититель миллиарда рублей / Ключи от Телеграма / Тюрьмы в аренду
../logs/API_methods.log 2025-03-05 15:03:24,068 INFO Успешно получили комментарии для 5 видео
../logs/API_methods.log 2025-03-05 15:03:25,076 INFO ФУНКЦИЯ GET_VIDEO_COMMENT!!!
../logs/API_methods.log 2025-03-05 15:03:25,199 INFO Проблема с комментариями к видео № 544 Охота на Дурова / Скандальные помады / Чиновник с голой куклой
../logs/API_methods.log 2025-03-05 15:03:25,199 INFO Проблема с комментариями к видео № 543 Арест Павла Дурова / Прыжок в Шереметьеве / Разумные дома из Нижнего Тагила
../logs/API_methods.log 2025-03-05 15:03:25,200 INFO Проблема с комментариями к видео № 542 Фонтан бесплатной чачи / Ядерная провокация Киева / Пенис великана
../logs/API_methods.log 2025-03-05 15:03:25,200 INFO Проблема с комментариями к видео № 541 Путин отказал Дурову / Секс-рабство в Казахстане / Маска для лица из кала
../logs/API_methods.log 2025-03-05 15:03:25,200 INFO Проблема с комментариями к видео № 540 Парфюм для собак / Засос Макрона / Мышьяк в тампонах
../logs/API_methods.log 2025-03-05 15:03:25,200 INFO Успешно получили комментарии для 5 видео
../logs/API_methods.log 2025-03-05 15:03:26,202 INFO ФУНКЦИЯ GET_VIDEO_COMMENT!!!
../logs/API_methods.log 2025-03-05 15:03:26,307 INFO Проблема с комментариями к видео № 539 Тайна отрубленных ног / Нападение на Курскую область / Собачий серфинг
../logs/API_methods.log 2025-03-05 15:03:26,307 INFO Проблема с комментариями к видео № 538 Эрдоган ударил мальчика / Первый робот-стоматолог / Запрет продажи энергетиков
../logs/API_methods.log 2025-03-05 15:03:26,307 INFO Проблема с комментариями к видео № 537 Конец Ютуба / Обвал курса Биткойна / Трамп поздравил Путина
../logs/API_methods.log 2025-03-05 15:03:26,307 INFO Проблема с комментариями к видео № 536 100 детей Дурова / Слепая Барби / Ребенок с двумя лицами
../logs/API_methods.log 2025-03-05 15:03:26,308 INFO Проблема с комментариями к видео № 535 Оскорбленная статуя / Обзор Доброграда / Дестабилизация Олимпиады
../logs/API_methods.log 2025-03-05 15:03:26,308 INFO Успешно получили комментарии для 5 видео
../logs/API_methods.log 2025-03-05 15:03:27,316 INFO ФУНКЦИЯ GET_VIDEO_COMMENT!!!
../logs/API_methods.log 2025-03-05 15:03:27,430 INFO Проблема с комментариями к видео Артемий Лебедев в рекламе GAC GS3 (2024)
../logs/API_methods.log 2025-03-05 15:03:27,431 INFO Проблема с комментариями к видео № 534 Дело против Инстасамки / Адидас извинился за рекламу / Самый длинный шашлык
../logs/API_methods.log 2025-03-05 15:03:27,431 INFO Проблема с комментариями к видео № 533 Скандальный концерт Глюкозы / Байден — всё / Сбой в работе Микрософта
../logs/API_methods.log 2025-03-05 15:03:27,431 INFO Проблема с комментариями к видео № 532 Лифт в космос / Кардашьян колется лососем / Свинья за рулем
../logs/API_methods.log 2025-03-05 15:03:27,431 INFO Проблема с комментариями к видео № 531 Жесткий тренд ТикТока / Покушение на Трампа / Путин - президент Украины
../logs/API_methods.log 2025-03-05 15:03:27,431 INFO Успешно получили комментарии для 5 видео
../logs/API_methods.log 2025-03-05 15:03:28,434 INFO ФУНКЦИЯ GET_VIDEO_COMMENT!!!
../logs/API_methods.log 2025-03-05 15:03:28,554 INFO Проблема с комментариями к видео № 530 Запрет на вранье / Парящие бегемоты / Самая красивая телочка
../logs/API_methods.log 2025-03-05 15:03:28,554 INFO Проблема с комментариями к видео № 529 Шуба за 100 миллионов / Министр культуры показала сиськи / Расистский скандал в Диснее
../logs/API_methods.log 2025-03-05 15:03:28,555 INFO Проблема с комментариями к видео № 528 Слон убил туристку / Налог на пуканье / Увольнения в Эппл
../logs/API_methods.log 2025-03-05 15:03:28,555 INFO Проблема с комментариями к видео № 527 Z-поэт развел депутатов / Дебаты Байдена и Трампа / Макрон потерял власть
../logs/API_methods.log 2025-03-05 15:03:28,555 INFO Проблема с комментариями к видео № 526 Лукашенко доит коров / Аллигатор сожрал женщину / Самая уродливая собака
../logs/API_methods.log 2025-03-05 15:03:28,555 INFO Успешно получили комментарии для 5 видео
../logs/API_methods.log 2025-03-05 15:03:29,564 INFO ФУНКЦИЯ GET_VIDEO_COMMENT!!!
../logs/API_methods.log 2025-03-05 15:03:29,676 INFO Проблема с комментариями к видео № 525 Касперского запретили в США / Инстасамка отсудила 2 ляма / Договор России и КНДР
../logs/API_methods.log 2025-03-05 15:03:29,676 INFO Проблема с комментариями к видео № 524 Бузову не пустили в школу / Байдена посадят на 25 лет / Мужчина зацементировал свой х**
../logs/API_methods.log 2025-03-05 15:03:29,676 INFO Проблема с комментариями к видео № 523 Массовая драка в Одессе / Илон Маск против Эппла / В Москве упал лифт с людьми
../logs/API_methods.log 2025-03-05 15:03:29,676 INFO Проблема с комментариями к видео № 522 Байден сошел с ума / Акулу вырвало ехидной / Первый музей фекалий
../logs/API_methods.log 2025-03-05 15:03:29,676 INFO Проблема с комментариями к видео № 521 Греф отчитал таксистов / В Твиттере разрешили порнушку / Мизулина vs Бузова
../logs/API_methods.log 2025-03-05 15:03:29,676 INFO Успешно получили комментарии для 5 видео
../logs/API_methods.log 2025-03-05 15:03:30,678 INFO ФУНКЦИЯ GET_VIDEO_COMMENT!!!
../logs/API_methods.log 2025-03-05 15:03:30,823 INFO Проблема с комментариями к видео № 520 Гонка по катанию сыра / Германия узаконила педофилию / Женщина родила на лавке у дома
../logs/API_methods.log 2025-03-05 15:03:30,823 INFO Проблема с комментариями к видео № 519 Дефицит эскортниц / Папа Римский оскорбил геев / Школьниц раздели перед ЕГЭ
../logs/API_methods.log 2025-03-05 15:03:30,823 INFO Проблема с комментариями к видео № 518 Памятник дырке / Политик облизал писсуар / Хакамаде грозит смертная казнь
../logs/API_methods.log 2025-03-05 15:03:30,824 INFO Проблема с комментариями к видео № 517 Германия выслала солдат ВСУ за свастики / Токио объявил войну енотам / Массовое лизание яиц
../logs/API_methods.log 2025-03-05 15:03:30,824 INFO Проблема с комментариями к видео № 516 Европа запрещает русские СМИ / Зеленский потерял легитимность / Запрет на продажу энергетиков
../logs/API_methods.log 2025-03-05 15:03:30,824 INFO Успешно получили комментарии для 5 видео
../logs/API_methods.log 2025-03-05 15:03:31,825 INFO ФУНКЦИЯ GET_VIDEO_COMMENT!!!
../logs/API_methods.log 2025-03-05 15:03:31,942 INFO Проблема с комментариями к видео № 515 Флаг России над Берлином / Кремль поблагодарил Дурова / Тайна гибели президента Ирана
../logs/API_methods.log 2025-03-05 15:03:31,942 INFO Проблема с комментариями к видео № 514 Трансгендеры избили туриста / Эппл извинилась за рекламу / Паразит съел мозг политика
../logs/API_methods.log 2025-03-05 15:03:31,942 INFO Проблема с комментариями к видео № 513 Задержание Греты Тунберг / Отставка Шойгу / Автобус упал в реку
../logs/API_methods.log 2025-03-05 15:03:31,942 INFO Проблема с комментариями к видео Истории про дизайн. Миграция заводов
../logs/API_methods.log 2025-03-05 15:03:31,942 INFO Проблема с комментариями к видео № 512 Секс-скандал в Африке / Мона Лиза переезжает / Вагинальные блестки
../logs/API_methods.log 2025-03-05 15:03:31,942 INFO Успешно получили комментарии для 5 видео
../logs/API_methods.log 2025-03-05 15:03:32,948 INFO ФУНКЦИЯ GET_VIDEO_COMMENT!!!
../logs/API_methods.log 2025-03-05 15:03:33,068 INFO Проблема с комментариями к видео № 511 Памятник букве «Ы» / Инаугурация Путина / Блиновская - банкрот
../logs/API_methods.log 2025-03-05 15:03:33,068 INFO Проблема с комментариями к видео № 510 Собчак осудила Дурова / Нападение козлососа / Фестиваль плачущих детей
../logs/API_methods.log 2025-03-05 15:03:33,068 INFO Проблема с комментариями к видео № 509 Никнейм за 8 миллионов / Робопес с огнеметом / Хлеб из мух
../logs/API_methods.log 2025-03-05 15:03:33,068 INFO Проблема с комментариями к видео № 508 Серийный какальщик / Женщина родила оборотня / Лютого посадили на 8 лет
../logs/API_methods.log 2025-03-05 15:03:33,068 INFO Проблема с комментариями к видео № 507 Чесотка в Бельгии / Подрыв телевышки в Харькове / Павел Дуров и ФБР
../logs/API_methods.log 2025-03-05 15:03:33,068 INFO Успешно получили комментарии для 5 видео
../logs/API_methods.log 2025-03-05 15:03:34,077 INFO ФУНКЦИЯ GET_VIDEO_COMMENT!!!
../logs/API_methods.log 2025-03-05 15:03:34,183 INFO Проблема с комментариями к видео № 506 Джекпот 1,3 миллиарда $$$ / Германия запрещает воскресные вендоматы / «Довлатов» давит людей
../logs/API_methods.log 2025-03-05 15:03:34,183 INFO Проблема с комментариями к видео № 505 Производство косметики Гельтек / Дудю грозит колония / Ошибка пилотов «Аэрофлота»
../logs/API_methods.log 2025-03-05 15:03:34,183 INFO Проблема с комментариями к видео № 504 Байден нюхает детей / Кража золотого унитаза / Штрафы за спам-звонки
../logs/API_methods.log 2025-03-05 15:03:34,183 INFO Проблема с комментариями к видео ЛЕБЕДЕВ о победе Путина, оппозиции, Дуде, Собчак, тюрьмах, смерти Навального и б
../logs/API_methods.log 2025-03-05 15:03:34,183 INFO Проблема с комментариями к видео № 503 Купание Павла Дурова / Марш пустых кастрюль / Доставка с помощью ракет
../logs/API_methods.log 2025-03-05 15:03:34,183 INFO Успешно получили комментарии для 5 видео
../logs/API_methods.log 2025-03-05 15:03:35,186 INFO ФУНКЦИЯ GET_VIDEO_COMMENT!!!
../logs/API_methods.log 2025-03-05 15:03:35,305 INFO Проблема с комментариями к видео № 502 Победа Путина в США / Ледибой поимел туриста / Национализация макарон
../logs/API_methods.log 2025-03-05 15:03:35,305 INFO Проблема с комментариями к видео № 501 Вывоз мигрантов из Парижа / Талибы забивают женщин / Девочка и православный робот
../logs/API_methods.log 2025-03-05 15:03:35,305 INFO Проблема с комментариями к видео Шевелев и Лебедев: конец культуры, оправдание насилия, цензура, любовь к Родине и здоровая психика
../logs/API_methods.log 2025-03-05 15:03:35,306 INFO Проблема с комментариями к видео № 500 Медведев посылает в ж... / Застрявшая в эскалаторе / Коровы-зебры
../logs/API_methods.log 2025-03-05 15:03:35,306 INFO Проблема с комментариями к видео № 499 Теракт в Крокусе / Минус одно ухо / Нашествие медуз
../logs/API_methods.log 2025-03-05 15:03:35,306 INFO Успешно получили комментарии для 5 видео
../logs/API_methods.log 2025-03-05 15:03:36,311 INFO ФУНКЦИЯ GET_VIDEO_COMMENT!!!
../logs/API_methods.log 2025-03-05 15:03:36,423 INFO Проблема с комментариями к видео № 498 Гигантские крысы в Москве / Аэрофлот судится с баром / Найден сын Илона Маска
../logs/API_methods.log 2025-03-05 15:03:36,423 INFO Проблема с комментариями к видео № 497 Секс-комнаты в детских садах / Белгород под обстрелом / Убийство кота Эроса
../logs/API_methods.log 2025-03-05 15:03:36,424 INFO Проблема с комментариями к видео № 496 Духи с ароматом картохи-фри / Байден засосал премьер-министра / EC оштрафовал Эппл
../logs/API_methods.log 2025-03-05 15:03:36,424 INFO Проблема с комментариями к видео № 495 Выборы Путина
../logs/API_methods.log 2025-03-05 15:03:36,424 INFO Проблема с комментариями к видео № 494 Убийство восьми ведьм / Озабоченные жабы / Ботинки-мышеловки
../logs/API_methods.log 2025-03-05 15:03:36,424 INFO Успешно получили комментарии для 5 видео
../logs/API_methods.log 2025-03-05 15:03:37,428 INFO ФУНКЦИЯ GET_VIDEO_COMMENT!!!
../logs/API_methods.log 2025-03-05 15:03:37,542 INFO Проблема с комментариями к видео № 493 Иноагенты без рекламы / Хряк Галкин / Самые большие губы
../logs/API_methods.log 2025-03-05 15:03:37,542 INFO Проблема с комментариями к видео № 492 Латте со вкусом свинины / Путин - «сумасшедший сукин сын» / 68 спичек в носу
../logs/API_methods.log 2025-03-05 15:03:37,542 INFO Проблема с комментариями к видео № 491 Базы ЦРУ на Украине / Одесса возвращается в Россию / Полицейский наказал студенток
../logs/API_methods.log 2025-03-05 15:03:37,542 INFO Проблема с комментариями к видео № 490 Дождь из собачьих фекалий / Легализация каннабиса на Украине / Ограбление банка в Хабаровске
../logs/API_methods.log 2025-03-05 15:03:37,542 INFO Проблема с комментариями к видео № 489 Кризис на Уоллисе и Футуне / Полный захват Авдеевки / Гонки на лопатах
../logs/API_methods.log 2025-03-05 15:03:37,543 INFO Успешно получили комментарии для 5 видео
../logs/API_methods.log 2025-03-05 15:03:38,543 INFO ФУНКЦИЯ GET_VIDEO_COMMENT!!!
../logs/API_methods.log 2025-03-05 15:03:38,647 INFO Проблема с комментариями к видео № 488 Тренд на сосание / Смерть Навального / Нашествие цикад
../logs/API_methods.log 2025-03-05 15:03:38,647 INFO Проблема с комментариями к видео № 487 Черный список блогеров / ИИ подделывает паспорта / Запрет на кинки-вечеринки
../logs/API_methods.log 2025-03-05 15:03:38,647 INFO Проблема с комментариями к видео № 486 Нашествие мух-горбаток / Интервью Такера с Путиным / Трусы Ким Кардашьян
../logs/API_methods.log 2025-03-05 15:03:38,647 INFO Проблема с комментариями к видео № 485 Флейта в промежности / США бомбят Ирак и Сирию / Кота уволили из библиотеки
../logs/API_methods.log 2025-03-05 15:03:38,647 INFO Проблема с комментариями к видео № 484 Собчак унизила Дудя / Сексуальный Христос / Навозная блокада Парижа
../logs/API_methods.log 2025-03-05 15:03:38,647 INFO Успешно получили комментарии для 5 видео
../logs/API_methods.log 2025-03-05 15:03:39,650 INFO ФУНКЦИЯ GET_VIDEO_COMMENT!!!
../logs/API_methods.log 2025-03-05 15:03:39,775 INFO Проблема с комментариями к видео № 483 Крушение Ил-76 / Новая стратегия США по Украине / Экоактивисты испортили Мону Лизу
../logs/API_methods.log 2025-03-05 15:03:39,775 INFO Проблема с комментариями к видео № 482 Тренд «закрывать нос» / Самая богатая кошка в мире / Насильник пукнул в нос жертве
../logs/API_methods.log 2025-03-05 15:03:39,775 INFO Проблема с комментариями к видео № 481 Елену Блиновскую посадили / Проводница РЖД убила кота / Падение джета в Афганистане
../logs/API_methods.log 2025-03-05 15:03:39,775 INFO Проблема с комментариями к видео № 480 Изнасилование в метавселенной / Болезнь Х / Жена подарила мужу любовницу
../logs/API_methods.log 2025-03-05 15:03:39,775 INFO Проблема с комментариями к видео № 479 Арабы поимели Галкина / США остановили помощь Украине / Война в Йемене
../logs/API_methods.log 2025-03-05 15:03:39,775 INFO Успешно получили комментарии для 5 видео
../logs/API_methods.log 2025-03-05 15:03:40,780 INFO ФУНКЦИЯ GET_VIDEO_COMMENT!!!
../logs/API_methods.log 2025-03-05 15:03:40,893 INFO Проблема с комментариями к видео № 478 Столкновение метро в Нью-Йорке / Боинг в полете потерял дверь / Илон Маск — наркоман
../logs/API_methods.log 2025-03-05 15:03:40,893 INFO Проблема с комментариями к видео № 477 В Ульяновске упала Луна / Елка из туалетов / Ютубер умер во время оргии
../logs/API_methods.log 2025-03-05 15:03:40,894 INFO Проблема с комментариями к видео № 476 Удар ВСУ по Белгороду / Школьниц оставили без штанов / Якутский дракон из навоза
../logs/API_methods.log 2025-03-05 15:03:40,894 INFO Проблема с комментариями к видео № 475 Подростка убили за лень / Пожизненное заточение хакера / Санта-Клаус пролетел над Россией
../logs/API_methods.log 2025-03-05 15:03:40,894 INFO Проблема с комментариями к видео № 474 Отмена Киркорова / Байден спел песню «Я русский» / Нашествие Дедов Морозов
../logs/API_methods.log 2025-03-05 15:03:40,894 INFO Успешно получили комментарии для 5 видео
../logs/API_methods.log 2025-03-05 15:03:41,900 INFO ФУНКЦИЯ GET_VIDEO_COMMENT!!!
../logs/API_methods.log 2025-03-05 15:03:42,016 INFO Проблема с комментариями к видео № 473 Голая вечеринка Ивлеевой / Захват посольства Кении в Москве / Кошмар на американских горках
../logs/API_methods.log 2025-03-05 15:03:42,016 INFO Проблема с комментариями к видео № 472 Огнестрел ягодицы на МРТ / Массовая гибель слонов / 12-й пакет санкций
../logs/API_methods.log 2025-03-05 15:03:42,016 INFO Проблема с комментариями к видео № 471 Королева «Автоваза» / Патриарх Кирилл в розыске / Запрет на книги Акунина
../logs/API_methods.log 2025-03-05 15:03:42,016 INFO Проблема с комментариями к видео № 470 Матрас из презервативов / Младенца назвали Чушпаном / Признание Киркорова
../logs/API_methods.log 2025-03-05 15:03:42,016 INFO Проблема с комментариями к видео № 469 Кот загадил Эрмитаж / Ким Чен Ын расплакался / В Киеве затопило метро
../logs/API_methods.log 2025-03-05 15:03:42,016 INFO Успешно получили комментарии для 5 видео
../logs/API_methods.log 2025-03-05 15:03:43,022 INFO ФУНКЦИЯ GET_VIDEO_COMMENT!!!
../logs/API_methods.log 2025-03-05 15:03:43,135 INFO Проблема с комментариями к видео № 468 Вакцина от алкоголизма / 70-летняя женщина родила близнецов / Собака с пятью ногами
../logs/API_methods.log 2025-03-05 15:03:43,135 INFO Проблема с комментариями к видео № 467 Зеленский — мечтатель года / Преследование Л*** и т.д. в России / Уральские чиновники украли елку
../logs/API_methods.log 2025-03-05 15:03:43,135 INFO Проблема с комментариями к видео № 466 Московские робокошки / Блоуджоб на борту Победы / Парашютист без головы
../logs/API_methods.log 2025-03-05 15:03:43,135 INFO Проблема с комментариями к видео № 465 Шарлот поговорил с Зеленским / Юг России смыло ураганом / Первые тампоны для мужчин
../logs/API_methods.log 2025-03-05 15:03:43,135 INFO Проблема с комментариями к видео № 464 Коктейль за 1890 фунтов / Джемперы из человеческих волос / Изгнание котов из МГУ
../logs/API_methods.log 2025-03-05 15:03:43,135 INFO Успешно получили комментарии для 5 видео
../logs/API_methods.log 2025-03-05 15:03:44,139 INFO ФУНКЦИЯ GET_VIDEO_COMMENT!!!
../logs/API_methods.log 2025-03-05 15:03:44,252 INFO Проблема с комментариями к видео № 463 Наемники бегут с Украины / Поврежден череп Путина / Девушка с двумя матками
../logs/API_methods.log 2025-03-05 15:03:44,252 INFO Проблема с комментариями к видео № 462 Голый русский в Паттайе / Опасность чайных пакетиков / Самая одинокая овца
../logs/API_methods.log 2025-03-05 15:03:44,253 INFO Проблема с комментариями к видео № 461 Налог на дождевую воду / Запад забил на Киев / Пересадка глаза
../logs/API_methods.log 2025-03-05 15:03:44,253 INFO Проблема с комментариями к видео № 460 Суд в стриптиз-баре / Канье Уэст требует целовать Гитлера / Очень плохая учительница из Челябинска
../logs/API_methods.log 2025-03-05 15:03:44,253 INFO Проблема с комментариями к видео № 459 Моргенштерн обсуждает Дурова / Обезьяны похитили девочку / Нашествие пенисов в Ебурге
../logs/API_methods.log 2025-03-05 15:03:44,253 INFO Успешно получили комментарии для 5 видео
../logs/API_methods.log 2025-03-05 15:03:45,258 INFO ФУНКЦИЯ GET_VIDEO_COMMENT!!!
../logs/API_methods.log 2025-03-05 15:03:45,370 INFO Проблема с комментариями к видео № 458 Бунты в Панаме / Обезьяна сделала туристу пенилинкцию / Кардашьян показала соски
../logs/API_methods.log 2025-03-05 15:03:45,370 INFO Проблема с комментариями к видео № 457 Нападение на Анатолия Шария / Охота на евреев в Дагестане / Вакцинация от кокаина
../logs/API_methods.log 2025-03-05 15:03:45,370 INFO Проблема с комментариями к видео № 456 Голый Дуров / Кошка с двумя носами / Торт с ядом для военных
../logs/API_methods.log 2025-03-05 15:03:45,371 INFO Проблема с комментариями к видео № 455 Отмена Греты Тунберг / Взрыв больницы в Газе / Анекдот про младенцев
../logs/API_methods.log 2025-03-05 15:03:45,371 INFO Проблема с комментариями к видео № 454 Кенгуру пристроилось к собаке / Разгерметизация МКС / Финляндия конфискует русские дома
../logs/API_methods.log 2025-03-05 15:03:45,371 INFO Успешно получили комментарии для 5 видео
../logs/API_methods.log 2025-03-05 15:03:46,378 INFO ФУНКЦИЯ GET_VIDEO_COMMENT!!!
../logs/API_methods.log 2025-03-05 15:03:46,484 INFO Проблема с комментариями к видео № 453 День без лифчика / Провал польских властей / Гоблин против Галкина
../logs/API_methods.log 2025-03-05 15:03:46,484 INFO Проблема с комментариями к видео № 452 Извращенец в метро / Нашествие клопов во Франции / Трусы за полмиллиона
../logs/API_methods.log 2025-03-05 15:03:46,484 INFO Проблема с комментариями к видео № 451 Петарда в п***де / Кока-Кола торгует детьми / Война в Израиле
../logs/API_methods.log 2025-03-05 15:03:46,485 INFO Проблема с комментариями к видео № 450 Конец британских поездов / Спасение пениса омича / США остались без панд
../logs/API_methods.log 2025-03-05 15:03:46,485 INFO Проблема с комментариями к видео № 449 Марьяна Ро продала трусы / Кличко отказался умирать / Конец рынка НФТ
../logs/API_methods.log 2025-03-05 15:03:46,485 INFO Успешно получили комментарии для 5 видео
../logs/API_methods.log 2025-03-05 15:03:47,495 INFO ФУНКЦИЯ GET_VIDEO_COMMENT!!!
../logs/API_methods.log 2025-03-05 15:03:47,610 INFO Проблема с комментариями к видео № 448 Памятник доярке / Грузовик с мохнатками / США вернули Ирану $$$
../logs/API_methods.log 2025-03-05 15:03:47,611 INFO Проблема с комментариями к видео № 447 Удар по Севастополю / Переводчик с петушиного / Удар по Одессе
../logs/API_methods.log 2025-03-05 15:03:47,611 INFO Проблема с комментариями к видео № 446 Илон Маск украл козла / Польша против Украины / Побег крокодилов в Китае
../logs/API_methods.log 2025-03-05 15:03:47,611 INFO Проблема с комментариями к видео № 445 Ким Чен Ын в России / Обострение ситуации в Карабахе / Чипсина убила подростка
../logs/API_methods.log 2025-03-05 15:03:47,611 INFO Проблема с комментариями к видео № 444 Первое зачатие человека в космосе / Депортация Панина в Россию / Москвич отрезал себе ***
../logs/API_methods.log 2025-03-05 15:03:47,611 INFO Успешно получили комментарии для 5 видео
../logs/API_methods.log 2025-03-05 15:03:48,618 INFO ФУНКЦИЯ GET_VIDEO_COMMENT!!!
../logs/API_methods.log 2025-03-05 15:03:48,731 INFO Проблема с комментариями к видео № 443 Понос на борту самолета / Даня Милохин сбежал из России / 15-й айфон
../logs/API_methods.log 2025-03-05 15:03:48,731 INFO Проблема с комментариями к видео № 442 Дефицит шашлыка в Белоруссии / Встреча Путина и Эрдогана / Десять новых стран в ЕС
../logs/API_methods.log 2025-03-05 15:03:48,731 INFO Проблема с комментариями к видео Реклама ВК Видео
../logs/API_methods.log 2025-03-05 15:03:48,731 INFO Проблема с комментариями к видео № 441 Атака Пскова / Казнь за пост в Твиттере / Бернинг Мен утонул в грязи
../logs/API_methods.log 2025-03-05 15:03:48,731 INFO Проблема с комментариями к видео № 440 Козы держат в страхе Бутово / Священник **** на пляже / Илон Маск звонит Путину
../logs/API_methods.log 2025-03-05 15:03:48,732 INFO Успешно получили комментарии для 5 видео
../logs/API_methods.log 2025-03-05 15:03:49,733 INFO ФУНКЦИЯ GET_VIDEO_COMMENT!!!
../logs/API_methods.log 2025-03-05 15:03:49,848 INFO Проблема с комментариями к видео № 439 Киев осудил Папу Римского / Пересадка матки / Кацу вынесли приговор
../logs/API_methods.log 2025-03-05 15:03:49,848 INFO Проблема с комментариями к видео № 438 Конец Пригожина / Пластик из мух / Гонка тираннозавров
../logs/API_methods.log 2025-03-05 15:03:49,848 INFO Проблема с комментариями к видео № 437 Морген показал трусы своей телки / Крушение миссии «Луна-25» / Смертельная экскурсия в Москве
../logs/API_methods.log 2025-03-05 15:03:49,848 INFO Проблема с комментариями к видео № 436 Африканская деревня в Твери / Акула напала на украинку-русофобку / Мерседес отключает Россию
../logs/API_methods.log 2025-03-05 15:03:49,848 INFO Проблема с комментариями к видео № 435 Стриптиз на детской площадке / Россия на Луне / Оксимирон отлизал Мизулину
../logs/API_methods.log 2025-03-05 15:03:49,848 INFO Успешно получили комментарии для 5 видео
../logs/API_methods.log 2025-03-05 15:03:50,856 INFO ФУНКЦИЯ GET_VIDEO_COMMENT!!!
../logs/API_methods.log 2025-03-05 15:03:51,026 INFO Проблема с комментариями к видео № 434 Исчезновение Венеции / Меган Маркл кинула принца / Самая громкая отрыжка
../logs/API_methods.log 2025-03-05 15:03:51,026 INFO Проблема с комментариями к видео № 433 Украина поссорилась с Польшей / Навальный сел на 19 лет / Китай запретил экспорт дронов
../logs/API_methods.log 2025-03-05 15:03:51,026 INFO Проблема с комментариями к видео № 432 Рыбы-пенисы / Богохульство в Мавритании / США обнаружили пришельцев
../logs/API_methods.log 2025-03-05 15:03:51,026 INFO Проблема с комментариями к видео № 431 Атака на Москву-Сити / Пьяный священник устроил ДТП / У Хьюстона проблемы
../logs/API_methods.log 2025-03-05 15:03:51,027 INFO Проблема с комментариями к видео № 430 Атака чупакабры / Илон Маск пуком накачал колесо / Елену Исинбаеву отменили
../logs/API_methods.log 2025-03-05 15:03:51,027 INFO Успешно получили комментарии для 5 видео
../logs/API_methods.log 2025-03-05 15:03:52,028 INFO ФУНКЦИЯ GET_VIDEO_COMMENT!!!
../logs/API_methods.log 2025-03-05 15:03:52,139 INFO Проблема с комментариями к видео № 429 Домогательства в Макдоналдсе / Мощный удар по Украине / Блогерша осквернила Родину-мать
../logs/API_methods.log 2025-03-05 15:03:52,139 INFO Проблема с комментариями к видео № 428 Пляжи США тонут в экскрементах / Маск и Цукенберг меряются членами / В России запретили смену пола
../logs/API_methods.log 2025-03-05 15:03:52,139 INFO Проблема с комментариями к видео № 427 Покушение на Симоньян и Собчак / Атака на Крымский мост / Байден покусал ребенка
../logs/API_methods.log 2025-03-05 15:03:52,139 INFO Проблема с комментариями к видео №426 Соревнования по огуречному хрусту / В Тбилиси разнесли гей-парад / Паша Техник задержан за татухи
../logs/API_methods.log 2025-03-05 15:03:52,139 INFO Проблема с комментариями к видео № 425 Пригожину вернули миллиарды / Деликатный отжим квартиры в Киеве / Отключение интернета в России
../logs/API_methods.log 2025-03-05 15:03:52,139 INFO Успешно получили комментарии для 5 видео
../logs/API_methods.log 2025-03-05 15:03:53,145 INFO ФУНКЦИЯ GET_VIDEO_COMMENT!!!
../logs/API_methods.log 2025-03-05 15:03:53,265 INFO Проблема с комментариями к видео № 424 Нашествие змей в Москве / Крокодиловый рамен / Зеленский легализовал каннабис
../logs/API_methods.log 2025-03-05 15:03:53,265 INFO Проблема с комментариями к видео № 423 Женщина убила водителя Убера / Израиль начинает новую войну / Первый чеченский спутник
../logs/API_methods.log 2025-03-05 15:03:53,265 INFO Проблема с комментариями к видео № 422 Старбакс против ЛГБТ / Илон Маск VS Марк Цукерберг / В Каире сносят «Город мертвых»
../logs/API_methods.log 2025-03-05 15:03:53,265 INFO Проблема с комментариями к видео № 421 Гибель батискафа «Титан» / Мятеж ЧВК «Вагнер» / Любовь Соболь сошла с ума
../logs/API_methods.log 2025-03-05 15:03:53,265 INFO Проблема с комментариями к видео № 420 Китай против Израиля / Гарвард торгует человечиной / Свержение Лукашенко
../logs/API_methods.log 2025-03-05 15:03:53,266 INFO Успешно получили комментарии для 5 видео
../logs/API_methods.log 2025-03-05 15:03:54,274 INFO ФУНКЦИЯ GET_VIDEO_COMMENT!!!
../logs/API_methods.log 2025-03-05 15:03:54,389 INFO Проблема с комментариями к видео № 419 Бойкот печенья Орео / Контрнаступление Украины / Лепс и Басков платят лям за каждый танк
../logs/API_methods.log 2025-03-05 15:03:54,389 INFO Проблема с комментариями к видео № 418: Падение НЛО / Страна без кроксов / Запрет на самоубийство
../logs/API_methods.log 2025-03-05 15:03:54,389 INFO Проблема с комментариями к видео № 417: Бекхэм перекупил Месси / Забастовка Греты Тумберг / Акула сожрала туриста
../logs/API_methods.log 2025-03-05 15:03:54,389 INFO Проблема с комментариями к видео № 416: Челлендж убил тиктокера / Смерч в Самаре / Древние небинарные люди
../logs/API_methods.log 2025-03-05 15:03:54,389 INFO Проблема с комментариями к видео № 415: Израиль послал Пугачеву / Мужчина родил! / Разрушение Каховской ГЭС
../logs/API_methods.log 2025-03-05 15:03:54,389 INFO Успешно получили комментарии для 5 видео
../logs/API_methods.log 2025-03-05 15:03:55,394 INFO ФУНКЦИЯ GET_VIDEO_COMMENT!!!
../logs/API_methods.log 2025-03-05 15:03:55,508 INFO Проблема с комментариями к видео № 414: Ракета Симача / Пчелы закусали инвалида / Гроб из грибов
../logs/API_methods.log 2025-03-05 15:03:55,508 INFO Проблема с комментариями к видео № 413: Атака дронов на Москву / Скандальное интервью Пригожина / Рабство в Швейцарии
../logs/API_methods.log 2025-03-05 15:03:55,508 INFO Проблема с комментариями к видео № 412: Самострел в тире / Мужик ***** козленка / Кофе на грудном молоке
../logs/API_methods.log 2025-03-05 15:03:55,508 INFO Проблема с комментариями к видео № 411: Контрабандная палестинская сперма / Взятие Бахмута / ЦРУ вербует русских
../logs/API_methods.log 2025-03-05 15:03:55,508 INFO Проблема с комментариями к видео № 410: Иранцы продают свои органы / В Гаити убито 600 человек / Исчезновение Лукашенко
../logs/API_methods.log 2025-03-05 15:03:55,509 INFO Успешно получили комментарии для 5 видео
../logs/API_methods.log 2025-03-05 15:03:56,515 INFO ФУНКЦИЯ GET_VIDEO_COMMENT!!!
../logs/API_methods.log 2025-03-05 15:03:56,612 INFO Проблема с комментариями к видео № 409: Ютубер разбил самолет / Прямые перелеты в Грузию / Зеленскому запретили выступать
../logs/API_methods.log 2025-03-05 15:03:56,612 INFO Проблема с комментариями к видео № 408: Индия наехала на Киев / Детский труд в Макдаке / Саудиты приветствуют ЛГБТ и т.д.
../logs/API_methods.log 2025-03-05 15:03:56,612 INFO Проблема с комментариями к видео № 407: Сбер вернулся в Крым / Покушение на Прилепина / Пригожин наехал на Минобороны
../logs/API_methods.log 2025-03-05 15:03:56,612 INFO Проблема с комментариями к видео Замок Пугачевой стал крематорием / Атака дронов на Кремль! / Трансплантация фекалий
../logs/API_methods.log 2025-03-05 15:03:56,612 INFO Проблема с комментариями к видео Путин депортирует украинцев / Фаллический айсберг / Тиндер уходит из России
../logs/API_methods.log 2025-03-05 15:03:56,612 INFO Успешно получили комментарии для 5 видео
../logs/API_methods.log 2025-03-05 15:03:57,614 INFO ФУНКЦИЯ GET_VIDEO_COMMENT!!!
../logs/API_methods.log 2025-03-05 15:03:57,727 INFO Проблема с комментариями к видео Арест Блиновской / Профессор взорвал синагогу / Барби - даун
../logs/API_methods.log 2025-03-05 15:03:57,728 INFO Проблема с комментариями к видео Атака флота в Крыму / Летающая корова убила мужчину / Павел Дуров обнищал
../logs/API_methods.log 2025-03-05 15:03:57,728 INFO Проблема с комментариями к видео Смерть Пугачевой / Белоруссия кинула Венесуэлу / Депутат пописал на стену
../logs/API_methods.log 2025-03-05 15:03:57,728 INFO Проблема с комментариями к видео Клопы сожрали мужчину / У дедушки рак / Переворот в Судане
../logs/API_methods.log 2025-03-05 15:03:57,728 INFO Проблема с комментариями к видео Трамп сел на 136 лет / От***л пенсионерке за 200 млн / Слоны-разрушители
../logs/API_methods.log 2025-03-05 15:03:57,728 INFO Успешно получили комментарии для 5 видео
../logs/API_methods.log 2025-03-05 15:03:58,736 INFO ФУНКЦИЯ GET_VIDEO_COMMENT!!!
../logs/API_methods.log 2025-03-05 15:03:58,857 INFO Проблема с комментариями к видео Суд над «ЕбиДоеби» / Онлайн-призыв / Полный запрет вейпов
../logs/API_methods.log 2025-03-05 15:03:58,858 INFO Проблема с комментариями к видео Трах тараканов / Бомбежка Израиля / МТС потеряло яйцо
../logs/API_methods.log 2025-03-05 15:03:58,858 INFO Проблема с комментариями к видео Последний фильм Тарантино / Убийство Владлена Татарского / Фрикаделька из мяса мамонта
../logs/API_methods.log 2025-03-05 15:03:58,858 INFO Проблема с комментариями к видео Стерилизация уйгуров / Секс-куклы для собак / Борьба за власть в КНДР
../logs/API_methods.log 2025-03-05 15:03:58,858 INFO Проблема с комментариями к видео Похороны Греты Тунберг / Варламов иноагент / Ядерное оружие в Беларуси
../logs/API_methods.log 2025-03-05 15:03:58,858 INFO Успешно получили комментарии для 5 видео
../logs/API_methods.log 2025-03-05 15:03:59,867 INFO ФУНКЦИЯ GET_VIDEO_COMMENT!!!
../logs/API_methods.log 2025-03-05 15:03:59,990 INFO Проблема с комментариями к видео Ядерные отходы Японии / США депортируют русских / Путин в Донбассе
../logs/API_methods.log 2025-03-05 15:03:59,995 INFO Проблема с комментариями к видео Огнетушитель в вечном огне / Арест Путина / Тонны мусора в Париже
../logs/API_methods.log 2025-03-05 15:03:59,995 INFO Проблема с комментариями к видео Крах американских банков / Совы - инопланетяне / Адъ в Израиле
../logs/API_methods.log 2025-03-05 15:03:59,995 INFO Проблема с комментариями к видео Протесты в Грузии / Навальный получил «Оскар» / Черная касса Собянина
../logs/API_methods.log 2025-03-05 15:03:59,995 INFO Проблема с комментариями к видео Киев против Луи Виттона / Смена власти в России / Принцесса с ДЦП
../logs/API_methods.log 2025-03-05 15:03:59,995 INFO Успешно получили комментарии для 5 видео
../logs/API_methods.log 2025-03-05 15:04:01,002 INFO ФУНКЦИЯ GET_VIDEO_COMMENT!!!
../logs/API_methods.log 2025-03-05 15:04:01,110 INFO Проблема с комментариями к видео Диверсанты в Брянске / США запрещают ТикТок / Обыск у Лерчека
../logs/API_methods.log 2025-03-05 15:04:01,110 INFO Проблема с комментариями к видео Истории про дизайн. Без креста
../logs/API_methods.log 2025-03-05 15:04:01,110 INFO Проблема с комментариями к видео Истории про дизайн. Подвиг Самсона
../logs/API_methods.log 2025-03-05 15:04:01,110 INFO Проблема с комментариями к видео Эпидемия сифилиса в США / Мировой рекорд селфи / Канадские суперсвиньи
../logs/API_methods.log 2025-03-05 15:04:01,111 INFO Проблема с комментариями к видео Распад России / Тайна ЧВК «Рёдан» / Вторжение в Приднестровье
../logs/API_methods.log 2025-03-05 15:04:01,111 INFO Успешно получили комментарии для 5 видео
../logs/API_methods.log 2025-03-05 15:04:02,119 INFO ФУНКЦИЯ GET_VIDEO_COMMENT!!!
../logs/API_methods.log 2025-03-05 15:04:02,229 INFO Проблема с комментариями к видео Апокалипсис в Огайо / Курица - убийца / Деменция Брюса Уиллиса
../logs/API_methods.log 2025-03-05 15:04:02,229 INFO Проблема с комментариями к видео Варламов потерял стыд / Послание Путина / Менструальный отпуск
../logs/API_methods.log 2025-03-05 15:04:02,230 INFO Проблема с комментариями к видео Орден Путина и Зеленского / Захват самолета в Индонезии / Ядерная зима
../logs/API_methods.log 2025-03-05 15:04:02,230 INFO Проблема с комментариями к видео Земфира иноагент / Сатья избил женщину / НЛО в Америке
../logs/API_methods.log 2025-03-05 15:04:02,230 INFO Проблема с комментариями к видео Украина вступает в ЕС / Воскрешение птицы Додо / Арбузы в Антарктиде
../logs/API_methods.log 2025-03-05 15:04:02,230 INFO Успешно получили комментарии для 5 видео
../logs/API_methods.log 2025-03-05 15:04:03,237 INFO ФУНКЦИЯ GET_VIDEO_COMMENT!!!
../logs/API_methods.log 2025-03-05 15:04:03,360 INFO Проблема с комментариями к видео Метеорит в Красноярске / Мощное землетрясение в Турции / Ленина украли из мавзолея
../logs/API_methods.log 2025-03-05 15:04:03,360 INFO Проблема с комментариями к видео Смартфон от Кока-Колы / Навального заражают на зоне / Муравьи определяют рак
../logs/API_methods.log 2025-03-05 15:04:03,360 INFO Проблема с комментариями к видео Проститутка задохнулась презервативом / Порка в кадетской школе / Монеточка — иноагент
../logs/API_methods.log 2025-03-05 15:04:03,360 INFO Проблема с комментариями к видео Трибунал для Путина / Касио наживается на Шакире / Индия переросла Китай
../logs/API_methods.log 2025-03-05 15:04:03,360 INFO Проблема с комментариями к видео Скандальное интервью Дудя / Зачем Украине танки? / ПВО в центре Москвы
../logs/API_methods.log 2025-03-05 15:04:03,360 INFO Успешно получили комментарии для 5 видео
../logs/API_methods.log 2025-03-05 15:04:04,369 INFO ФУНКЦИЯ GET_VIDEO_COMMENT!!!
../logs/API_methods.log 2025-03-05 15:04:04,483 INFO Проблема с комментариями к видео Взрыв газопровода в Литве / Кража в Белом доме / Баленсиага 2.0
../logs/API_methods.log 2025-03-05 15:04:04,483 INFO Проблема с комментариями к видео Истории про дизайн. Триколор
../logs/API_methods.log 2025-03-05 15:04:04,483 INFO Проблема с комментариями к видео Первый робот-адвокат / Бомбежка в Днепре / Крушение самолета в Непале
../logs/API_methods.log 2025-03-05 15:04:04,483 INFO Проблема с комментариями к видео Греция строит забор с Турцией / В Москве найдена мумия в стрингах / Енот - курсант
../logs/API_methods.log 2025-03-05 15:04:04,483 INFO Проблема с комментариями к видео Зеленский vs Петросян & Галустян / В США казнили трансгендера / Литл Биг надругался над крестом
../logs/API_methods.log 2025-03-05 15:04:04,483 INFO Успешно получили комментарии для 5 видео
../logs/API_methods.log 2025-03-05 15:04:05,490 INFO ФУНКЦИЯ GET_VIDEO_COMMENT!!!
../logs/API_methods.log 2025-03-05 15:04:05,591 INFO Проблема с комментариями к видео Зеленский хвастается терактами / Эппл обвинили в расизме / Кремлевские тиктокеры
../logs/API_methods.log 2025-03-05 15:04:05,591 INFO Проблема с комментариями к видео РПЦ посылает в пустыню / Подписка на кошек / Символ 2023 из навоза
../logs/API_methods.log 2025-03-05 15:04:05,591 INFO Проблема с комментариями к видео В Германии сожгли турка / Роботы-пылесосы сливают нюдсы / Штаб Навального в даркнете
../logs/API_methods.log 2025-03-05 15:04:05,591 INFO Проблема с комментариями к видео Даня Милохин VS Первый канал / Грузия блокирует счета россиян / Москвичи жили 15 лет с трупом
../logs/API_methods.log 2025-03-05 15:04:05,591 INFO Проблема с комментариями к видео Нашествие акул / 114 тысяч $$$ за джинсы / Токсичный Путин
../logs/API_methods.log 2025-03-05 15:04:05,591 INFO Успешно получили комментарии для 5 видео
../logs/API_methods.log 2025-03-05 15:04:06,597 INFO ФУНКЦИЯ GET_VIDEO_COMMENT!!!
../logs/API_methods.log 2025-03-05 15:04:06,705 INFO Проблема с комментариями к видео Ватикан извинился перед Чечней / Бой Индии и Китая на палках / Эпичный финал ЧМ-2022
../logs/API_methods.log 2025-03-05 15:04:06,705 INFO Проблема с комментариями к видео Трехпалая лошадь / Роналду продался арабам / 21 год тюрьмы за Леди Гагу
../logs/API_methods.log 2025-03-05 15:04:06,705 INFO Проблема с комментариями к видео Госпереворот в Германии / Эвакуация Путина / Мировая премьера Аватара
../logs/API_methods.log 2025-03-05 15:04:06,705 INFO Проблема с комментариями к видео Тюрьма за секас в Индонезии / Сноуден получил паспорт РФ / Лепс избил петербуржца
../logs/API_methods.log 2025-03-05 15:04:06,705 INFO Проблема с комментариями к видео Закрытие телеканала До///дь / Жосткая судьба блогера Некоглая / Мужчина прострелил себе ***
../logs/API_methods.log 2025-03-05 15:04:06,705 INFO Успешно получили комментарии для 5 видео
../logs/API_methods.log 2025-03-05 15:04:07,712 INFO ФУНКЦИЯ GET_VIDEO_COMMENT!!!
../logs/API_methods.log 2025-03-05 15:04:07,823 INFO Проблема с комментариями к видео Инопланетная одежда адидаса / Маск судится с украинцами / Найдена старейшая в мире записка
../logs/API_methods.log 2025-03-05 15:04:07,823 INFO Проблема с комментариями к видео Загадка взрывающегося сортира / Скандальный трек Бузовой / Война НАТО с Россией
../logs/API_methods.log 2025-03-05 15:04:07,823 INFO Проблема с комментариями к видео Слоны — алкоголики / Крах биткойна / Швеция меняет конституцию
../logs/API_methods.log 2025-03-05 15:04:07,824 INFO Проблема с комментариями к видео Илон Маск поставил ультиматум / «Репортаж из вселенной секонд-хенда» / Стрельба в гей-клубе
../logs/API_methods.log 2025-03-05 15:04:07,824 INFO Проблема с комментариями к видео США отменили рабство / Джекпот на 2 миллиарда / Карла III забросали яйцами
../logs/API_methods.log 2025-03-05 15:04:07,824 INFO Успешно получили комментарии для 5 видео
../logs/API_methods.log 2025-03-05 15:04:08,826 INFO ФУНКЦИЯ GET_VIDEO_COMMENT!!!
../logs/API_methods.log 2025-03-05 15:04:08,947 INFO Проблема с комментариями к видео Путана откусила *** полицейскому / Сдача Херсона / Мизулина депортировала Некоглая
../logs/API_methods.log 2025-03-05 15:04:08,947 INFO Проблема с комментариями к видео Конкурс по одеванию покойников / Рыбы — наркоманы / Экологи убили велосипедистку
../logs/API_methods.log 2025-03-05 15:04:08,947 INFO Проблема с комментариями к видео Российские солдаты питаются кенгуру / Мобилизованные устроили бунт / Отмена визового режима в РФ
../logs/API_methods.log 2025-03-05 15:04:08,947 INFO Проблема с комментариями к видео Человек не мылся 50 лет / Британские голуби-зомби / Питон съел женщину
../logs/API_methods.log 2025-03-05 15:04:08,948 INFO Проблема с комментариями к видео Смертельная давка в Сеуле / Собчак бежала из России / Тиньков отказался от гражданства РФ
../logs/API_methods.log 2025-03-05 15:04:08,948 INFO Успешно получили комментарии для 5 видео
../logs/API_methods.log 2025-03-05 15:04:09,952 INFO ФУНКЦИЯ GET_VIDEO_COMMENT!!!
../logs/API_methods.log 2025-03-05 15:04:10,062 INFO Проблема с комментариями к видео Провокация с «грязной бомбой» / Черная дыра выплюнула звезду / Восстание зомби-косуль
../logs/API_methods.log 2025-03-05 15:04:10,062 INFO Проблема с комментариями к видео Маск высмеял Каспарова / Салат-латук победил Лиз Трасс / Кевин Спейси оправдан
../logs/API_methods.log 2025-03-05 15:04:10,062 INFO Проблема с комментариями к видео Похороны Аллы Пугачевой / Блокаторы полового созревания / Самый высокий кот мира
../logs/API_methods.log 2025-03-05 15:04:10,062 INFO Проблема с комментариями к видео Завершение мобилизации / Осквернение картины Ван Гога / Авиакатастрофа в Ейске
../logs/API_methods.log 2025-03-05 15:04:10,062 INFO Проблема с комментариями к видео Захват мэрии Парижа / Канье Уэста забанили везде / Школьник подорвался на кофемолке
../logs/API_methods.log 2025-03-05 15:04:10,063 INFO Успешно получили комментарии для 5 видео
../logs/API_methods.log 2025-03-05 15:04:11,072 INFO ФУНКЦИЯ GET_VIDEO_COMMENT!!!
../logs/API_methods.log 2025-03-05 15:04:11,174 INFO Проблема с комментариями к видео Дисней удалил все мультики / Взрыв Крымского моста / Отмена новогодних праздников
../logs/API_methods.log 2025-03-05 15:04:11,174 INFO Проблема с комментариями к видео Истории про дизайн. Триколор - тизер
../logs/API_methods.log 2025-03-05 15:04:11,174 INFO Проблема с комментариями к видео Кастрация газеты Коммерсантъ // Почему диктаторы любят Вотсап // ВИЧ - это отмывание бабла
../logs/API_methods.log 2025-03-05 15:04:11,175 INFO Проблема с комментариями к видео Грузия вступает в НАТО // Покрас Лампас остался без креста // Россия и Белоруссия объединяются?
../logs/API_methods.log 2025-03-05 15:04:11,175 INFO Проблема с комментариями к видео Старица
../logs/API_methods.log 2025-03-05 15:04:11,175 INFO Успешно получили комментарии для 5 видео
../logs/API_methods.log 2025-03-05 15:04:12,183 INFO ФУНКЦИЯ GET_VIDEO_COMMENT!!!
../logs/API_methods.log 2025-03-05 15:04:12,300 INFO Проблема с комментариями к видео Жители Саратова требуют самосуд // 8 миллиардов $$$ за сиськи мужчине
../logs/API_methods.log 2025-03-05 15:04:12,300 INFO Проблема с комментариями к видео Изнасилование в Анапе / Состарился ради пенсии / Трамп против урагана
../logs/API_methods.log 2025-03-05 15:04:12,300 INFO Проблема с комментариями к видео Деанон преступников в масках? // «Однажды в Голливуде» не покажут в Китае // Порно на НТВ
../logs/API_methods.log 2025-03-05 15:04:12,300 INFO Проблема с комментариями к видео Швеция - большая поездка по всей стране
../logs/API_methods.log 2025-03-05 15:04:12,300 INFO Проблема с комментариями к видео Школьный БДСМ-выпускной // Китай проверяет переписки туристов // Бабы скачут
../logs/API_methods.log 2025-03-05 15:04:12,300 INFO Успешно получили комментарии для 5 видео
../logs/API_methods.log 2025-03-05 15:04:13,309 INFO ФУНКЦИЯ GET_VIDEO_COMMENT!!!
../logs/API_methods.log 2025-03-05 15:04:13,424 INFO Проблема с комментариями к видео Сколько зарабатывает Михалков? // Дуров праноед // Продукты в кредит и ароматизация вагонов РЖД
../logs/API_methods.log 2025-03-05 15:04:13,425 INFO Проблема с комментариями к видео Саудовская Аравия — большая поездка по всей стране
../logs/API_methods.log 2025-03-05 15:04:13,425 INFO Проблема с комментариями к видео МексЭтноЭксп. День 7. Ночь на кладбище. Гвадалахара
../logs/API_methods.log 2025-03-05 15:04:13,425 INFO Проблема с комментариями к видео Война за сквер в Екатеринбурге // Логотип для группировки Ленинград // Что делать после смерти
../logs/API_methods.log 2025-03-05 15:04:13,425 INFO Проблема с комментариями к видео Нападение на здание ФСБ на Лубянке // «Загар для промежности» // Регистрация брака трансгендеров
../logs/API_methods.log 2025-03-05 15:04:13,425 INFO Успешно получили комментарии для 5 видео
../logs/API_methods.log 2025-03-05 15:04:14,435 INFO ФУНКЦИЯ GET_VIDEO_COMMENT!!!
../logs/API_methods.log 2025-03-05 15:04:14,590 INFO Проблема с комментариями к видео ССС № 1 / Кто должен опускать стульчак? / Чистить ли зубы после водки?
../logs/API_methods.log 2025-03-05 15:04:14,590 INFO Проблема с комментариями к видео На МКС сломались все туалеты // Джони Айв покинул Эппл // Елизавета II больше не королева?
../logs/API_methods.log 2025-03-05 15:04:14,590 INFO Проблема с комментариями к видео 15 лет со дня теракта в Беслане / 5 лет колонии за твит / Зеленский говорит по-русски с собаками
../logs/API_methods.log 2025-03-05 15:04:14,590 INFO Проблема с комментариями к видео Запретили лететь в Грузию // Дело серийного отравителя // В чем виноваты сестры Хачатурян?
../logs/API_methods.log 2025-03-05 15:04:14,590 INFO Проблема с комментариями к видео Дедовщина в Забайкалье // Ликвидации лидера ИГ // Телеграм разблокировали
../logs/API_methods.log 2025-03-05 15:04:14,590 INFO Успешно получили комментарии для 5 видео
../logs/API_methods.log 2025-03-05 15:04:15,595 INFO ФУНКЦИЯ GET_VIDEO_COMMENT!!!
../logs/API_methods.log 2025-03-05 15:04:15,697 INFO Проблема с комментариями к видео МексЭтноЭксп. День 17. Пуэбла и финал!
../logs/API_methods.log 2025-03-05 15:04:15,697 INFO Проблема с комментариями к видео Макдак выпускает свой мерч // Налоги для самозанятых // Новый Джеймс Бонд - телочка
../logs/API_methods.log 2025-03-05 15:04:15,698 INFO Проблема с комментариями к видео МексЭтноЭксп. День 14. Поезд в Медный каньон
../logs/API_methods.log 2025-03-05 15:04:15,698 INFO Проблема с комментариями к видео МексЭтноЭксп. День 2. Центральный рынок. Сочимилько
../logs/API_methods.log 2025-03-05 15:04:15,698 INFO Проблема с комментариями к видео МексЭтноЭксп. День 5. Пацкуаро
../logs/API_methods.log 2025-03-05 15:04:15,698 INFO Успешно получили комментарии для 5 видео
../logs/API_methods.log 2025-03-05 15:04:16,702 INFO ФУНКЦИЯ GET_VIDEO_COMMENT!!!
../logs/API_methods.log 2025-03-05 15:04:16,810 INFO Проблема с комментариями к видео МексЭтноЭксп. День 16. Монтеррей и порция лайфхаков
../logs/API_methods.log 2025-03-05 15:04:16,811 INFO Проблема с комментариями к видео Робот Федор на МКС // Преступление в космосе //  Возрождение «Матрицы»
../logs/API_methods.log 2025-03-05 15:04:16,811 INFO Проблема с комментариями к видео Женский выпуск: Бьюти-скандал с косметикой Кайли Дженнер // Принц Уильям - изменщик
../logs/API_methods.log 2025-03-05 15:04:16,811 INFO Проблема с комментариями к видео МексЭтноЭксп. День 6. Остров Ханицио // Сиськи, письки и пиписьки
../logs/API_methods.log 2025-03-05 15:04:16,811 INFO Проблема с комментариями к видео Норвегия. Свольвер, Лофотены, Будё, Рёрус
../logs/API_methods.log 2025-03-05 15:04:16,811 INFO Успешно получили комментарии для 5 видео
../logs/API_methods.log 2025-03-05 15:04:17,815 INFO ФУНКЦИЯ GET_VIDEO_COMMENT!!!
../logs/API_methods.log 2025-03-05 15:04:17,945 INFO Проблема с комментариями к видео Мадейра
../logs/API_methods.log 2025-03-05 15:04:17,945 INFO Проблема с комментариями к видео Логотип группировки "Ленинград"
../logs/API_methods.log 2025-03-05 15:04:17,945 INFO Проблема с комментариями к видео Инстаграм скроет лайки // Стартап Илона Маска // Полуголые люди варят сыр
../logs/API_methods.log 2025-03-05 15:04:17,945 INFO Проблема с комментариями к видео Нейросети раздевают женщин // Аварийная посадка АН-24 // Гоголь скул на тавриде
../logs/API_methods.log 2025-03-05 15:04:17,945 INFO Проблема с комментариями к видео Мишель Платини поимел УЕФА // С цыганами шутки плохи // Майл.ру поспорили с Билайн
../logs/API_methods.log 2025-03-05 15:04:17,945 INFO Успешно получили комментарии для 5 видео
../logs/API_methods.log 2025-03-05 15:04:18,954 INFO ФУНКЦИЯ GET_VIDEO_COMMENT!!!
../logs/API_methods.log 2025-03-05 15:04:19,074 INFO Проблема с комментариями к видео Германия. Любек, Висмар, Росток
../logs/API_methods.log 2025-03-05 15:04:19,074 INFO Проблема с комментариями к видео Бэдкомедиан ждет суд // Активисты «Лев Против» творят беспредел // Инстаграм злоупотребляет властью
../logs/API_methods.log 2025-03-05 15:04:19,074 INFO Проблема с комментариями к видео Китайские шорты Тимати // Эпл убил Айтюнс // Лечим энцефалит гомеопатией
../logs/API_methods.log 2025-03-05 15:04:19,075 INFO Проблема с комментариями к видео Голунов в суде // К Панину больше ни ногой // Алибасов при смерти // Россия 9:0 Сан-Марино
../logs/API_methods.log 2025-03-05 15:04:19,075 INFO Проблема с комментариями к видео Комиксы для убогих // Отмена школьных экзаменов // Фашисты возвращаются
../logs/API_methods.log 2025-03-05 15:04:19,075 INFO Успешно получили комментарии для 5 видео
../logs/API_methods.log 2025-03-05 15:04:20,083 INFO ФУНКЦИЯ GET_VIDEO_COMMENT!!!
../logs/API_methods.log 2025-03-05 15:04:20,187 INFO Проблема с комментариями к видео МексЭтноЭксп. День 12. Хальпан-де-Серра, Хилитла, Сан-Луис-Потоси, Костя Журавлев
../logs/API_methods.log 2025-03-05 15:04:20,188 INFO Проблема с комментариями к видео Манипуляции людьми через Ютюб // Электромобиль «Калашников» // Детский труд в Китае
../logs/API_methods.log 2025-03-05 15:04:20,188 INFO Проблема с комментариями к видео Потоп в Венеции // Руки-базуки из вазелина? // «Нацистский» астероид НАСА
../logs/API_methods.log 2025-03-05 15:04:20,188 INFO Проблема с комментариями к видео Новые правила призыва в армию // Колдовство по СМС // Павел Дуров раздает ключи от криптовалюты
../logs/API_methods.log 2025-03-05 15:04:20,188 INFO Проблема с комментариями к видео Сибирь горит! / Зачем нужны митинги? / Смертельный луч ФСБ
../logs/API_methods.log 2025-03-05 15:04:20,188 INFO Успешно получили комментарии для 5 видео
../logs/API_methods.log 2025-03-05 15:04:21,196 INFO ФУНКЦИЯ GET_VIDEO_COMMENT!!!
../logs/API_methods.log 2025-03-05 15:04:21,311 INFO Проблема с комментариями к видео Айфон 11 - шедевр или дерьмо? //  За что убили Михаила Круга? //  Россию отстранили от Олимпиады
../logs/API_methods.log 2025-03-05 15:04:21,311 INFO Проблема с комментариями к видео Профессор расчленил любовницу // Трамп на параде победы в Москве
../logs/API_methods.log 2025-03-05 15:04:21,311 INFO Проблема с комментариями к видео Кто стал человеком года? //  «Слуга народа» снят с эфира // Рамблер напал на Энжин-Икс
../logs/API_methods.log 2025-03-05 15:04:21,312 INFO Проблема с комментариями к видео Чудо на кукурузном поле // Новая ядерная катастрофа // Дизайн для Руслана Усачева
../logs/API_methods.log 2025-03-05 15:04:21,312 INFO Проблема с комментариями к видео В Лондоне обезвредили террориста // Закон о домашнем насилии // Эппл уйдет из России?
../logs/API_methods.log 2025-03-05 15:04:21,312 INFO Успешно получили комментарии для 5 видео
../logs/API_methods.log 2025-03-05 15:04:22,317 INFO ФУНКЦИЯ GET_VIDEO_COMMENT!!!
../logs/API_methods.log 2025-03-05 15:04:22,444 INFO Проблема с комментариями к видео Как заработать на глупости фанатов?! // Выполнил трендовый челлендж // Самый богатый холостяк
../logs/API_methods.log 2025-03-05 15:04:22,444 INFO Проблема с комментариями к видео Умер Юрий Лужков // Девочка-маугли найдена в московской больнице // Егору Жукову дали 3 года
../logs/API_methods.log 2025-03-05 15:04:22,444 INFO Проблема с комментариями к видео Путин прокатился по МЦД // Виртуальная реальность для коров // Зеленский требует унитазы обратно
../logs/API_methods.log 2025-03-05 15:04:22,444 INFO Проблема с комментариями к видео Зачем штурмовать «Зону 51»? // Гугл следит за тобой // Выстрел в окно из гранатомета
../logs/API_methods.log 2025-03-05 15:04:22,444 INFO Проблема с комментариями к видео Финляндия. Большая новогодняя поездка в январе 2016
../logs/API_methods.log 2025-03-05 15:04:22,444 INFO Успешно получили комментарии для 5 видео
../logs/API_methods.log 2025-03-05 15:04:23,451 INFO ФУНКЦИЯ GET_VIDEO_COMMENT!!!
../logs/API_methods.log 2025-03-05 15:04:23,566 INFO Проблема с комментариями к видео Грузинский журналист перешел все границы // Эл’ван судится с Блэк Стар // Она утонула
../logs/API_methods.log 2025-03-05 15:04:23,566 INFO Проблема с комментариями к видео Лебедев в «списке Путина» // «Инстаграм» отменил «лайки» // Солдата «бросили» умирать в лесу
../logs/API_methods.log 2025-03-05 15:04:23,567 INFO Проблема с комментариями к видео Женщины глупее мужчин?! // Дезинформация об окружении Путина // ФейсАпп челлендж
../logs/API_methods.log 2025-03-05 15:04:23,567 INFO Проблема с комментариями к видео Брянск в октябре 2015
../logs/API_methods.log 2025-03-05 15:04:23,567 INFO Проблема с комментариями к видео Алиса и Артемий Лебедев играют в города
../logs/API_methods.log 2025-03-05 15:04:23,567 INFO Успешно получили комментарии для 5 видео
../logs/API_methods.log 2025-03-05 15:04:24,571 INFO ФУНКЦИЯ GET_VIDEO_COMMENT!!!
../logs/API_methods.log 2025-03-05 15:04:24,685 INFO Проблема с комментариями к видео Санкт-Петербург в ноябре 2015
../logs/API_methods.log 2025-03-05 15:04:24,686 INFO Проблема с комментариями к видео Джокер — шедевр? // Авиакатастрофа подо Львовом // Сбербанк слил данные о клиентах
../logs/API_methods.log 2025-03-05 15:04:24,686 INFO Проблема с комментариями к видео МексЭтноЭксп. День 15. Медный каньон и переезд в Чиуауа
../logs/API_methods.log 2025-03-05 15:04:24,686 INFO Проблема с комментариями к видео Россия увеличила ввоз пластикового мусора / Почему Путин платит наличными?!
../logs/API_methods.log 2025-03-05 15:04:24,686 INFO Проблема с комментариями к видео МексЭтноЭксп. День 1. Парад скелетов
../logs/API_methods.log 2025-03-05 15:04:24,686 INFO Успешно получили комментарии для 5 видео
../logs/API_methods.log 2025-03-05 15:04:25,693 INFO ФУНКЦИЯ GET_VIDEO_COMMENT!!!
../logs/API_methods.log 2025-03-05 15:04:25,815 INFO Проблема с комментариями к видео 7-летний ребенок меняет пол // Сатанизм в творчестве Егора Крида // Орел разорил ученых
../logs/API_methods.log 2025-03-05 15:04:25,815 INFO Проблема с комментариями к видео Хибины: небольшая поездка в Кировск и Апатиты
../logs/API_methods.log 2025-03-05 15:04:25,815 INFO Проблема с комментариями к видео Артемий Лебедев поджог военкомат / Уничтожение Северного потока / ВКонтакте удалили из Апстора
../logs/API_methods.log 2025-03-05 15:04:25,815 INFO Проблема с комментариями к видео Чипсы со вкусом в*гины / Турция — новая помойка ЕС / Шахматист с ан*льной шпаргалкой
../logs/API_methods.log 2025-03-05 15:04:25,815 INFO Проблема с комментариями к видео Илон Маск расшифровался / «Лев Против» сбежал из России / Россия присоединила новые территории
../logs/API_methods.log 2025-03-05 15:04:25,815 INFO Успешно получили комментарии для 5 видео
../logs/API_methods.log 2025-03-05 15:04:26,816 INFO ФУНКЦИЯ GET_VIDEO_COMMENT!!!
../logs/API_methods.log 2025-03-05 15:04:26,939 INFO Проблема с комментариями к видео ЦРУ воскрешает мамонтов / Россиянка засунула в себя топор / Фальшивые яйца Усманова
../logs/API_methods.log 2025-03-05 15:04:26,939 INFO Проблема с комментариями к видео Подписка на подогрев жопы / Вторжение Китая в Россию / Пожары в Европе
../logs/API_methods.log 2025-03-05 15:04:26,939 INFO Проблема с комментариями к видео Уссурийцы тонут в г*вне / Русских лишили шенгена / Копия Луны у Дубае
../logs/API_methods.log 2025-03-05 15:04:26,939 INFO Проблема с комментариями к видео Англичанки массово идут в эскорт / Теплица с коноплей на МКС / Афганистан меняет изюм на нефть
../logs/API_methods.log 2025-03-05 15:04:26,940 INFO Проблема с комментариями к видео Зоосексуализм / Зеленский обстрелял Донецк / Прилучный при всех раздел Зепюр
../logs/API_methods.log 2025-03-05 15:04:26,940 INFO Успешно получили комментарии для 5 видео
../logs/API_methods.log 2025-03-05 15:04:27,942 INFO ФУНКЦИЯ GET_VIDEO_COMMENT!!!
../logs/API_methods.log 2025-03-05 15:04:28,055 INFO Проблема с комментариями к видео Всеобщая мобилизация! / Алла Пугачева — иноагент / Домогательства на похоронах королевы
../logs/API_methods.log 2025-03-05 15:04:28,055 INFO Проблема с комментариями к видео Бузова показала лобок / Умерла королева Елизавета II / Древнеримский фаллос
../logs/API_methods.log 2025-03-05 15:04:28,055 INFO Проблема с комментариями к видео Путин стал императором / Петербуржец утопил любимую / НАТО забирает Калининград
../logs/API_methods.log 2025-03-05 15:04:28,055 INFO Проблема с комментариями к видео Поражение России в Харькове / Шнур учинил скандал / Монеточка в розыске
../logs/API_methods.log 2025-03-05 15:04:28,055 INFO Проблема с комментариями к видео Презервативы с кайфом / Раскрыты тайны городского хозяйства Москвы / Удар по Одессе
../logs/API_methods.log 2025-03-05 15:04:28,055 INFO Успешно получили комментарии для 5 видео
../logs/API_methods.log 2025-03-05 15:04:29,063 INFO ФУНКЦИЯ GET_VIDEO_COMMENT!!!
../logs/API_methods.log 2025-03-05 15:04:29,172 INFO Проблема с комментариями к видео Возвращение Пугачевой / Школьник продал друзей в неволю / Россияне написали 150 тыс. доносов
../logs/API_methods.log 2025-03-05 15:04:29,173 INFO Проблема с комментариями к видео Почка за Айфон / Байден вводит санкции против меня! / Венгрия больше не демократия
../logs/API_methods.log 2025-03-05 15:04:29,173 INFO Проблема с комментариями к видео Омолаживающие фекалии / Мэр женился на крокодиле / Запрет на секс в Катаре
../logs/API_methods.log 2025-03-05 15:04:29,173 INFO Проблема с комментариями к видео Пиксаровский гей-поцелуй / 80% британцев мигрируют в Россию / Слив дневника дочери Байдена
../logs/API_methods.log 2025-03-05 15:04:29,173 INFO Проблема с комментариями к видео Кострома дышит дерьмом / Илон Маск послал Твиттер / Россиянин застрял в диване
../logs/API_methods.log 2025-03-05 15:04:29,173 INFO Успешно получили комментарии для 5 видео
../logs/API_methods.log 2025-03-05 15:04:30,182 INFO ФУНКЦИЯ GET_VIDEO_COMMENT!!!
../logs/API_methods.log 2025-03-05 15:04:30,300 INFO Проблема с комментариями к видео ПЕРЕЗАЛИВ: Ученые научились дышать через ж*** / Мужчина погасил ипотеку онан*змом
../logs/API_methods.log 2025-03-05 15:04:30,300 INFO Проблема с комментариями к видео Международный месяц мастурбации / Нападение на Мону Лизу / Индианка женилась на себе
../logs/API_methods.log 2025-03-05 15:04:30,300 INFO Проблема с комментариями к видео Секретные документы Трампа / Автопилот Теслы сбивает детей / Навальный создал профсоюз
../logs/API_methods.log 2025-03-05 15:04:30,300 INFO Проблема с комментариями к видео Галкина закидали яйцами / Самарский футболист-козел / Тимати купил Старбакс
../logs/API_methods.log 2025-03-05 15:04:30,300 INFO Проблема с комментариями к видео Правда о биолабораториях / Индия оказалась в эпицентре скандала/ Скандальный ребрендинг Макдональдса
../logs/API_methods.log 2025-03-05 15:04:30,300 INFO Успешно получили комментарии для 5 видео
../logs/API_methods.log 2025-03-05 15:04:31,310 INFO ФУНКЦИЯ GET_VIDEO_COMMENT!!!
../logs/API_methods.log 2025-03-05 15:04:31,420 INFO Проблема с комментариями к видео ДНР и Украина. 48 часов челлендж
../logs/API_methods.log 2025-03-05 15:04:31,420 INFO Проблема с комментариями к видео Почему сгорел Суперджет // Задержали с пустым плакатом // Изоляция рунета и отсутствие мозгов
../logs/API_methods.log 2025-03-05 15:04:31,420 INFO Проблема с комментариями к видео В жопу власть // Цирк на Украине // Кокорин и Мамаев воспитывают заключенных (:::Пилот:::)
../logs/API_methods.log 2025-03-05 15:04:31,420 INFO Проблема с комментариями к видео Рыба - главный враг человечества / Крыса из унитаза откусила попу ребенку / Умер после обрезания
../logs/API_methods.log 2025-03-05 15:04:31,420 INFO Проблема с комментариями к видео Легализация интернет-браков / Секс-игрушки для коров / Комар поймал вора
../logs/API_methods.log 2025-03-05 15:04:31,420 INFO Успешно получили комментарии для 5 видео
../logs/API_methods.log 2025-03-05 15:04:32,425 INFO ФУНКЦИЯ GET_VIDEO_COMMENT!!!
../logs/API_methods.log 2025-03-05 15:04:32,539 INFO Проблема с комментариями к видео Россиянка застряла в мусоропроводе / Галкина вздрючили по полной / Россия запретила японцам рыбачить
../logs/API_methods.log 2025-03-05 15:04:32,540 INFO Проблема с комментариями к видео «Русский салат» в НАТО / Капитуляция Зеленского / Беспилотный «КАМАЗ»
../logs/API_methods.log 2025-03-05 15:04:32,540 INFO Проблема с комментариями к видео Убийство Дарьи Дугиной / Полная остановка «Северного потока» / США одобрили атаку Крыма
../logs/API_methods.log 2025-03-05 15:04:32,540 INFO Проблема с комментариями к видео Макрон обиделся на Африку / Третья мировая война / Папа Римский отрекся от престола
../logs/API_methods.log 2025-03-05 15:04:32,540 INFO Проблема с комментариями к видео День полярного жирафа / Англичане, которые кровоточат / Гендерно-нейтральная Жанна д'Арк
../logs/API_methods.log 2025-03-05 15:04:32,540 INFO Успешно получили комментарии для 5 видео
../logs/API_methods.log 2025-03-05 15:04:33,542 INFO ФУНКЦИЯ GET_VIDEO_COMMENT!!!
../logs/API_methods.log 2025-03-05 15:04:33,661 INFO Проблема с комментариями к видео Кит съел двух женщин / Гей-связь Галкина и Зеленского / Диагноз по дикпику
../logs/API_methods.log 2025-03-05 15:04:33,662 INFO Проблема с комментариями к видео Дикая езда на матрасе в Крыму / Жительница Аляски обезвредила опоссума / Росгвардия выпустила ЛЕГО
../logs/API_methods.log 2025-03-05 15:04:33,662 INFO Проблема с комментариями к видео Мука из сверчков / Папа Римский унизил Патриарха Кирилла / Моргенштерна признали иноагентом
../logs/API_methods.log 2025-03-05 15:04:33,662 INFO Проблема с комментариями к видео Фекальный фонтан / Россиянам запретили смывать втулку в унитаз / В США помиловали салемскую ведьму
../logs/API_methods.log 2025-03-05 15:04:33,662 INFO Проблема с комментариями к видео В России отменили коронавирус / Англичане захватывают особняки олигархов / Блокировка Инстаграма
../logs/API_methods.log 2025-03-05 15:04:33,662 INFO Успешно получили комментарии для 5 видео
../logs/API_methods.log 2025-03-05 15:04:34,669 INFO ФУНКЦИЯ GET_VIDEO_COMMENT!!!
../logs/API_methods.log 2025-03-05 15:04:34,791 INFO Проблема с комментариями к видео Украина просрала свой спутник / РПЦ против секс-шопов / Девочка упала с 22-го этажа
../logs/API_methods.log 2025-03-05 15:04:34,792 INFO Проблема с комментариями к видео Раскрыта тайна буквы Z / Мордобой на премии Оскар / Русский газ за русские рубли
../logs/API_methods.log 2025-03-05 15:04:34,792 INFO Проблема с комментариями к видео Бизнес-линч в прямом эфире
../logs/API_methods.log 2025-03-05 15:04:34,792 INFO Проблема с комментариями к видео Мир без презервативов / Джоли попала под воздушную тревогу / Херсонская область стала Россией
../logs/API_methods.log 2025-03-05 15:04:34,792 INFO Проблема с комментариями к видео Тайна затопленного крейсера «Москва» / Дудя признали иноагентом / Позор на концерте Нурлана Сабурова
../logs/API_methods.log 2025-03-05 15:04:34,792 INFO Успешно получили комментарии для 5 видео
../logs/API_methods.log 2025-03-05 15:04:35,797 INFO ФУНКЦИЯ GET_VIDEO_COMMENT!!!
../logs/API_methods.log 2025-03-05 15:04:35,912 INFO Проблема с комментариями к видео Огуречный кризис в Британии / Волочкова нассала под елкой / Найден самый скучный человек
../logs/API_methods.log 2025-03-05 15:04:35,912 INFO Проблема с комментариями к видео Идиоты в правительстве Великобритании / Умер Путин 😥 / Нашествие мокриц в Австралии
../logs/API_methods.log 2025-03-05 15:04:35,912 INFO Проблема с комментариями к видео Гигантский палтус / Пьяные олени кошмарят жителей / Арестован глава секты пожирателей 💩
../logs/API_methods.log 2025-03-05 15:04:35,912 INFO Проблема с комментариями к видео Нереальный спрос на украинское порно / Украинские военные сдают «Азовсталь» / Новые Барби
../logs/API_methods.log 2025-03-05 15:04:35,912 INFO Проблема с комментариями к видео Немкам разрешили плавать топлесс / Коровы подсели на колу / Полицейский в мечети показывал член
../logs/API_methods.log 2025-03-05 15:04:35,912 INFO Успешно получили комментарии для 5 видео
../logs/API_methods.log 2025-03-05 15:04:36,916 INFO ФУНКЦИЯ GET_VIDEO_COMMENT!!!
../logs/API_methods.log 2025-03-05 15:04:37,033 INFO Проблема с комментариями к видео Закон о менструальном достоинстве / Учитель года показывал член / Смертельный баттл рэперов
../logs/API_methods.log 2025-03-05 15:04:37,034 INFO Проблема с комментариями к видео Теракты в Приднестровье / Прощай, Тинькофф! / Москвича оштрафовали за сине-желтую обувь
../logs/API_methods.log 2025-03-05 15:04:37,034 INFO Проблема с комментариями к видео Артемий Лебедев - бизнес-линч в прямом эфире
../logs/API_methods.log 2025-03-05 15:04:37,034 INFO Проблема с комментариями к видео Артемий Лебедев - бизнес-линч в прямом эфире
../logs/API_methods.log 2025-03-05 15:04:37,034 INFO Проблема с комментариями к видео Грибы научились разговаривать / Найдены штаны 3000-летней давности / Дровосеки отжали лося у медведя
../logs/API_methods.log 2025-03-05 15:04:37,034 INFO Успешно получили комментарии для 5 видео
../logs/API_methods.log 2025-03-05 15:04:38,039 INFO ФУНКЦИЯ GET_VIDEO_COMMENT!!!
../logs/API_methods.log 2025-03-05 15:04:38,151 INFO Проблема с комментариями к видео Бизнес-линч в прямом эфире
../logs/API_methods.log 2025-03-05 15:04:38,151 INFO Проблема с комментариями к видео Менструальные отпуска / Что общего у Сникерса и члена? / Навальный публикует расстрельные списки
../logs/API_methods.log 2025-03-05 15:04:38,152 INFO Проблема с комментариями к видео Резня в Буче / Школьнику выбрили на голове букву Z / Европейцы замерзнут назло России
../logs/API_methods.log 2025-03-05 15:04:38,152 INFO Проблема с комментариями к видео Попизделки — час общения с любимыми зрителями
../logs/API_methods.log 2025-03-05 15:04:38,152 INFO Проблема с комментариями к видео В Китае упал пассажирский Боинг / Навального приговорили к 9 годам / Илон Маск поменял имя на Илону
../logs/API_methods.log 2025-03-05 15:04:38,152 INFO Успешно получили комментарии для 5 видео
../logs/API_methods.log 2025-03-05 15:04:39,162 INFO ФУНКЦИЯ GET_VIDEO_COMMENT!!!
../logs/API_methods.log 2025-03-05 15:04:39,327 INFO Проблема с комментариями к видео В ЕС обучают детей химическому сексу / Преступник притворился собакой / Редкие цветы-пенисы
../logs/API_methods.log 2025-03-05 15:04:39,327 INFO Проблема с комментариями к видео В учебниках появился клитор / Первый в мире памятник проститутке / Мясо заменят насекомыми /+Украина
../logs/API_methods.log 2025-03-05 15:04:39,328 INFO Проблема с комментариями к видео Британцы предлагают украинкам жилье за секс / Сочинцы отхеппибездили НАТО / Возвращение Хованского
../logs/API_methods.log 2025-03-05 15:04:39,328 INFO Проблема с комментариями к видео Нашествие крыс в Питере / Две женщины в тюрьме забеременели от третьей / На Байдена насрала птица
../logs/API_methods.log 2025-03-05 15:04:39,328 INFO Проблема с комментариями к видео Билл Гейтс атаковал Илона Маска / Слон — убийца крокодилов / В России кончился силикон для жоп
../logs/API_methods.log 2025-03-05 15:04:39,328 INFO Успешно получили комментарии для 5 видео
../logs/API_methods.log 2025-03-05 15:04:40,336 INFO ФУНКЦИЯ GET_VIDEO_COMMENT!!!
../logs/API_methods.log 2025-03-05 15:04:40,442 INFO Проблема с комментариями к видео Медведь и еж
../logs/API_methods.log 2025-03-05 15:04:40,442 INFO Проблема с комментариями к видео Полоски BMW.
../logs/API_methods.log 2025-03-05 15:04:40,442 INFO Проблема с комментариями к видео Навальный в коме / Смарт-ружье Калашникова  / Белоруссия и Россия снимают ограничения
../logs/API_methods.log 2025-03-05 15:04:40,442 INFO Проблема с комментариями к видео Битва Зелимхана и Коваленко / Протесты в Хабаровске / Канье Уэст баллотируется в президенты
../logs/API_methods.log 2025-03-05 15:04:40,442 INFO Проблема с комментариями к видео Помилование Елизаветы II / Преступная группировка Саркози / Родину-мать хотели взорвать
../logs/API_methods.log 2025-03-05 15:04:40,443 INFO Успешно получили комментарии для 5 видео
../logs/API_methods.log 2025-03-05 15:04:41,448 INFO ФУНКЦИЯ GET_VIDEO_COMMENT!!!
../logs/API_methods.log 2025-03-05 15:04:41,588 INFO Проблема с комментариями к видео Шокирующее признание Моргенштерна / Оргазм против насморка / Разгром нудистов в Испании
../logs/API_methods.log 2025-03-05 15:04:41,588 INFO Проблема с комментариями к видео 15 лет тюрьмы за фейки / Все о разработке ядерного оружия на Украине / В Москве перевернулся автозак
../logs/API_methods.log 2025-03-05 15:04:41,588 INFO Проблема с комментариями к видео Россию забанил весь мир / ЕС лишил россиян шопинга в Милане / Украинский матрос отомстил олигарху
../logs/API_methods.log 2025-03-05 15:04:41,588 INFO Проблема с комментариями к видео Байден или Трамп / Вторая волна коронавируса / Ресторан будущего Бургер Кинг
../logs/API_methods.log 2025-03-05 15:04:41,589 INFO Проблема с комментариями к видео Сочи
../logs/API_methods.log 2025-03-05 15:04:41,589 INFO Успешно получили комментарии для 5 видео
../logs/API_methods.log 2025-03-05 15:04:42,597 INFO ФУНКЦИЯ GET_VIDEO_COMMENT!!!
../logs/API_methods.log 2025-03-05 15:04:42,709 INFO Проблема с комментариями к видео Китай вводит санкции против США /Полмиллиарда баксов превратились в пепел /Отменили премьеру Бэтмена
../logs/API_methods.log 2025-03-05 15:04:42,709 INFO Проблема с комментариями к видео Массовая казнь в Саудовской Аравии / Чайковский запрещен в Уэльсе / Суд послал Свинку Пеппу
../logs/API_methods.log 2025-03-05 15:04:42,710 INFO Проблема с комментариями к видео Россиянка провалилась с унитазом / Электронные татуировки / Задержана кошка-наркокурьер
../logs/API_methods.log 2025-03-05 15:04:42,710 INFO Проблема с комментариями к видео Миллион рублей за кота-экстрасенса / Президент заснул на переговорах / Реклама из космоса
../logs/API_methods.log 2025-03-05 15:04:42,710 INFO Проблема с комментариями к видео Артемий Лебедев - бизнес-линч в прямом эфире
../logs/API_methods.log 2025-03-05 15:04:42,710 INFO Успешно получили комментарии для 5 видео
../logs/API_methods.log 2025-03-05 15:04:43,716 INFO ФУНКЦИЯ GET_VIDEO_COMMENT!!!
../logs/API_methods.log 2025-03-05 15:04:43,884 INFO Проблема с комментариями к видео 61-летняя женщина родила свою внучку / Революция в Казахстане / Актриса продает свои пуки в банках
../logs/API_methods.log 2025-03-05 15:04:43,885 INFO Проблема с комментариями к видео Волочкова устроила пьяный дебош / Владимир Зеленский VS. Артемий Лебедев / В России запретили крипту
../logs/API_methods.log 2025-03-05 15:04:43,885 INFO Проблема с комментариями к видео ДНК индейцев извлекли из вшей / Вся правда о переговорах России и США / Павел Дуров — самый богатый
../logs/API_methods.log 2025-03-05 15:04:43,885 INFO Проблема с комментариями к видео Пастырь из Лимпопо пердит на прихожан / 12.400 евро за плевок в Путина / В ЗАГсах запретили смеяться
../logs/API_methods.log 2025-03-05 15:04:43,885 INFO Проблема с комментариями к видео Таракан прожил три дня в ухе / В Большом театре е*ут с 14 лет / В Питере убрали московские фекалии
../logs/API_methods.log 2025-03-05 15:04:43,885 INFO Успешно получили комментарии для 5 видео
../logs/API_methods.log 2025-03-05 15:04:44,890 INFO ФУНКЦИЯ GET_VIDEO_COMMENT!!!
../logs/API_methods.log 2025-03-05 15:04:45,002 INFO Проблема с комментариями к видео Подробности отравления Навального / Протесты в Берлине  / Нападение на Егора Жукова
../logs/API_methods.log 2025-03-05 15:04:45,003 INFO Проблема с комментариями к видео Мета потеряла 200 млрд $$$ за один день / Мегасрач Собчак и Шнура / Сурки проспали День сурка
../logs/API_methods.log 2025-03-05 15:04:45,003 INFO Проблема с комментариями к видео Война!!! / Путин признал ДНР и ЛНР / Финский лыжник отморозил пенис
../logs/API_methods.log 2025-03-05 15:04:45,003 INFO Проблема с комментариями к видео У американца уменьшился пенис / В Испании отдают долги минетом / На Украине запретили русский язык
../logs/API_methods.log 2025-03-05 15:04:45,003 INFO Проблема с комментариями к видео Прослушка звонков в Телеграме / Человечество переезжает в метавселенную / Россия начинает войну
../logs/API_methods.log 2025-03-05 15:04:45,003 INFO Успешно получили комментарии для 5 видео
../logs/API_methods.log 2025-03-05 15:04:46,009 INFO ФУНКЦИЯ GET_VIDEO_COMMENT!!!
../logs/API_methods.log 2025-03-05 15:04:46,196 INFO Проблема с комментариями к видео Собчак и Скопинский маньяк / Где сейчас Навальный? / Путин вызвал на дебаты Байдена
../logs/API_methods.log 2025-03-05 15:04:46,196 INFO Проблема с комментариями к видео В Испании помиловали сотни ведьм / Революция в Канаде / Женщина бросила ребенка к медведю
../logs/API_methods.log 2025-03-05 15:04:46,196 INFO Проблема с комментариями к видео Адидас показал голые сиськи / Священник 20 лет крестил неправильно / В Томске продают девственность
../logs/API_methods.log 2025-03-05 15:04:46,196 INFO Проблема с комментариями к видео Утечка Фейсбука / Смертельная вечеринка / Кража Гоголя
../logs/API_methods.log 2025-03-05 15:04:46,197 INFO Проблема с комментариями к видео Уроки Ислама в Германии / У Леди Гаги похитили собак / Уголовка за оскорбление ветеранов
../logs/API_methods.log 2025-03-05 15:04:46,197 INFO Успешно получили комментарии для 5 видео
../logs/API_methods.log 2025-03-05 15:04:47,205 INFO ФУНКЦИЯ GET_VIDEO_COMMENT!!!
../logs/API_methods.log 2025-03-05 15:04:47,323 INFO Проблема с комментариями к видео Разбился украинский боинг // Третья мировая война // Австралия сгорела
../logs/API_methods.log 2025-03-05 15:04:47,323 INFO Проблема с комментариями к видео Лазерная реклама из космоса / Ютуб создал аналог Тик-тока / Папа римский благословил на секс
../logs/API_methods.log 2025-03-05 15:04:47,323 INFO Проблема с комментариями к видео Навальный не задекларировал любовницу / Трампа пытались отравить / Тесака больше нет
../logs/API_methods.log 2025-03-05 15:04:47,323 INFO Проблема с комментариями к видео Сверхзвуковой пассажирский самолет / Роспись ракет в гжель и хохлому / Девушка продала душу дьяволу
../logs/API_methods.log 2025-03-05 15:04:47,323 INFO Проблема с комментариями к видео Билл Гейтс испортил воздух/ Бузову выгнали из МХАТа/ Отец в тюрьме за то, что не называет дочь сыном
../logs/API_methods.log 2025-03-05 15:04:47,323 INFO Успешно получили комментарии для 5 видео
../logs/API_methods.log 2025-03-05 15:04:48,327 INFO ФУНКЦИЯ GET_VIDEO_COMMENT!!!
../logs/API_methods.log 2025-03-05 15:04:48,445 INFO Проблема с комментариями к видео Жириновский раздает деньги // Минирования в Москве // Ликвидация Киевского патриархата
../logs/API_methods.log 2025-03-05 15:04:48,445 INFO Проблема с комментариями к видео Затык Суэцкого канала / Олимпийский огонь погас / Коррупция Ивана Жданова
../logs/API_methods.log 2025-03-05 15:04:48,445 INFO Проблема с комментариями к видео Китай скрыл факты о коронавирусе? / Электрические маршрутки Теслы / Россия выходит из карантина
../logs/API_methods.log 2025-03-05 15:04:48,445 INFO Проблема с комментариями к видео Кто такая Мария Певчих? / Война Армении и Азербайджана / Вторая волна КОВИД-19
../logs/API_methods.log 2025-03-05 15:04:48,445 INFO Проблема с комментариями к видео МексЭтноЭксп. День 13. Перелеты и наркокладбища Кулиакана
../logs/API_methods.log 2025-03-05 15:04:48,445 INFO Успешно получили комментарии для 5 видео
../logs/API_methods.log 2025-03-05 15:04:49,449 INFO ФУНКЦИЯ GET_VIDEO_COMMENT!!!
../logs/API_methods.log 2025-03-05 15:04:49,579 INFO Проблема с комментариями к видео Лекарство для слепых / Трамп рассказал о «супер-пупер ракете» / Открытие границ и авиасообщения
../logs/API_methods.log 2025-03-05 15:04:49,579 INFO Проблема с комментариями к видео Енисей
../logs/API_methods.log 2025-03-05 15:04:49,580 INFO Проблема с комментариями к видео Псков
../logs/API_methods.log 2025-03-05 15:04:49,580 INFO Проблема с комментариями к видео Пожар в Екатеринбурге / Свобода слова в Америке / Шаурма от Сталина
../logs/API_methods.log 2025-03-05 15:04:49,580 INFO Проблема с комментариями к видео МексЭтноЭксп — вспомнить всё
../logs/API_methods.log 2025-03-05 15:04:49,580 INFO Успешно получили комментарии для 5 видео
../logs/API_methods.log 2025-03-05 15:04:50,587 INFO ФУНКЦИЯ GET_VIDEO_COMMENT!!!
../logs/API_methods.log 2025-03-05 15:04:50,724 INFO Проблема с комментариями к видео Хованский стал помощником депутата // Убер доставляет еду дронами // Криптовалюта Фейсбука - Либра
../logs/API_methods.log 2025-03-05 15:04:50,724 INFO Проблема с комментариями к видео Жуткая стрельба в Казанской школе / Отравитель Навального найден в лесу / Эфир пробивает потолок
../logs/API_methods.log 2025-03-05 15:04:50,724 INFO Проблема с комментариями к видео Азовское море превратилось в кисель / Ди Каприо спасает Якутию от пожаров? / Смертельный пердеж
../logs/API_methods.log 2025-03-05 15:04:50,724 INFO Проблема с комментариями к видео Санкт-Петербург
../logs/API_methods.log 2025-03-05 15:04:50,724 INFO Проблема с комментариями к видео Собчак и смертельное ДТП / Нобелевская премия - журналисту из России / Москвичка разбила 7 машин
../logs/API_methods.log 2025-03-05 15:04:50,724 INFO Успешно получили комментарии для 5 видео
../logs/API_methods.log 2025-03-05 15:04:51,728 INFO ФУНКЦИЯ GET_VIDEO_COMMENT!!!
../logs/API_methods.log 2025-03-05 15:04:51,869 INFO Проблема с комментариями к видео Заделал яму - получи п***ы // 404 логотипа ВКонтакте
../logs/API_methods.log 2025-03-05 15:04:51,870 INFO Проблема с комментариями к видео Эвенкия
../logs/API_methods.log 2025-03-05 15:04:51,870 INFO Проблема с комментариями к видео Первый российский политик-трансгендер / Певица нассала на фаната / Мигранты берут польскую границу
../logs/API_methods.log 2025-03-05 15:04:51,870 INFO Проблема с комментариями к видео Отряд Путина против Поп-ит / Секретный анализ Навального / Выстрел в голову на Красной Площади
../logs/API_methods.log 2025-03-05 15:04:51,870 INFO Проблема с комментариями к видео Ученые вырастили мозг с глазами / Якутские гусеницы едят пластик / 15 миллионов забыли на улице
../logs/API_methods.log 2025-03-05 15:04:51,870 INFO Успешно получили комментарии для 5 видео
../logs/API_methods.log 2025-03-05 15:04:52,873 INFO ФУНКЦИЯ GET_VIDEO_COMMENT!!!
../logs/API_methods.log 2025-03-05 15:04:52,982 INFO Проблема с комментариями к видео Навальный — проект спецслужб? / Олимпиада без зрителей / Легализация эвтаназии в Испании
../logs/API_methods.log 2025-03-05 15:04:52,982 INFO Проблема с комментариями к видео Самоподжог у дома правительства / Смертельная уборка снега / Тетрадь смерти запретили в РФ
../logs/API_methods.log 2025-03-05 15:04:52,982 INFO Проблема с комментариями к видео Жестокая судьба Ютуб-пранкера / Стульчак от унитаза Гитлера / Клубхаус — тренд Илона Маска
../logs/API_methods.log 2025-03-05 15:04:52,983 INFO Проблема с комментариями к видео Европа против Телеграма / Следственный комитет за святые мощи / Китай против пива
../logs/API_methods.log 2025-03-05 15:04:52,983 INFO Проблема с комментариями к видео Возвращение Навального / Переводчик для собак / Рукоблудство в такси
../logs/API_methods.log 2025-03-05 15:04:52,983 INFO Успешно получили комментарии для 5 видео
../logs/API_methods.log 2025-03-05 15:04:53,988 INFO ФУНКЦИЯ GET_VIDEO_COMMENT!!!
../logs/API_methods.log 2025-03-05 15:04:54,101 INFO Проблема с комментариями к видео Останкино выгоняет студентов / Болдуин застрелил оператора / Марину Вульф из шоу Наливкина посади
../logs/API_methods.log 2025-03-05 15:04:54,102 INFO Проблема с комментариями к видео База собачьих фекалий / Гигантские золотые рыбки / На работу — без хиджаба
../logs/API_methods.log 2025-03-05 15:04:54,102 INFO Проблема с комментариями к видео Дроны-камикадзе / Срыв сделки Яндекса и Тинькова / Принудительная стерилизация в Екатеринбурге
../logs/API_methods.log 2025-03-05 15:04:54,102 INFO Проблема с комментариями к видео В стрингах на фоне храма / Куаркод для Гитлера / Сперма непривитых подорожала на 21 000 %
../logs/API_methods.log 2025-03-05 15:04:54,102 INFO Проблема с комментариями к видео Масочный режим — смертелен? / Захват Лондона / Оскар 2021
../logs/API_methods.log 2025-03-05 15:04:54,102 INFO Успешно получили комментарии для 5 видео
../logs/API_methods.log 2025-03-05 15:04:55,108 INFO ФУНКЦИЯ GET_VIDEO_COMMENT!!!
../logs/API_methods.log 2025-03-05 15:04:55,266 INFO Проблема с комментариями к видео Гомофобный Убер / Тесла против танка / Смерть миллионов пчел
../logs/API_methods.log 2025-03-05 15:04:55,266 INFO Проблема с комментариями к видео Ароматизация воздуха в метро / Кадыров — не шайтан / Роботизированный третий глаз
../logs/API_methods.log 2025-03-05 15:04:55,266 INFO Проблема с комментариями к видео Инстаграм следит за сообщениями / Мать бросила детей в лесу / Джину Карано выгнали из Мандалорца
../logs/API_methods.log 2025-03-05 15:04:55,266 INFO Проблема с комментариями к видео Десятиметровая какашка в центре Москвы / Значение цветов российского флага / Первый ябломобиль
../logs/API_methods.log 2025-03-05 15:04:55,267 INFO Проблема с комментариями к видео Прототип консоли КФС / Взятки за участие в голосовании / Презентация Плейстейшн 5
../logs/API_methods.log 2025-03-05 15:04:55,267 INFO Успешно получили комментарии для 5 видео
../logs/API_methods.log 2025-03-05 15:04:56,273 INFO ФУНКЦИЯ GET_VIDEO_COMMENT!!!
../logs/API_methods.log 2025-03-05 15:04:56,394 INFO Проблема с комментариями к видео Лекция в Майнкрафте // Олимпийские игры в Японии перенесут на год // КИВИ закроет «Рокетбанк»
../logs/API_methods.log 2025-03-05 15:04:56,395 INFO Проблема с комментариями к видео Дело против Соболь / Монетизация Телеграма / Коронавирус на Антарктиде
../logs/API_methods.log 2025-03-05 15:04:56,395 INFO Проблема с комментариями к видео Талибан приедет в Москву / Министр культуры *%}^+€ / Твиттер ноет про ограничения
../logs/API_methods.log 2025-03-05 15:04:56,395 INFO Проблема с комментариями к видео Убийство президента Гаити / Кровавый День независимости в США / Талибан дал гарантии Москве
../logs/API_methods.log 2025-03-05 15:04:56,395 INFO Проблема с комментариями к видео Белорусская бегунья сбегает от режима / Таракан на Олимпийских играх / Гигантский оползень в Индии
../logs/API_methods.log 2025-03-05 15:04:56,395 INFO Успешно получили комментарии для 5 видео
../logs/API_methods.log 2025-03-05 15:04:57,402 INFO ФУНКЦИЯ GET_VIDEO_COMMENT!!!
../logs/API_methods.log 2025-03-05 15:04:57,517 INFO Проблема с комментариями к видео Штурм Капитолия в США / Вечный новогодний рейв / УАЗ будущего
../logs/API_methods.log 2025-03-05 15:04:57,518 INFO Проблема с комментариями к видео Зеленский возвращает Крым / Тульский пряник-спасатель / Девятилетняя девочка поступает в МГУ
../logs/API_methods.log 2025-03-05 15:04:57,518 INFO Проблема с комментариями к видео Испания. Круг по стране
../logs/API_methods.log 2025-03-05 15:04:57,518 INFO Проблема с комментариями к видео Ковидный апокалипсис / Усачев: «Пора валить из России»/ Английский военный корабль прогнали из Крыма
../logs/API_methods.log 2025-03-05 15:04:57,518 INFO Проблема с комментариями к видео Север Италии
../logs/API_methods.log 2025-03-05 15:04:57,518 INFO Успешно получили комментарии для 5 видео
../logs/API_methods.log 2025-03-05 15:04:58,520 INFO ФУНКЦИЯ GET_VIDEO_COMMENT!!!
../logs/API_methods.log 2025-03-05 15:04:58,633 INFO Проблема с комментариями к видео Шведы назвали ребенка В. Путиным / Конец какашкалипсиса / В Америке воскрешают мамонтов
../logs/API_methods.log 2025-03-05 15:04:58,634 INFO Проблема с комментариями к видео Фейсбук против хохломы / Вся правда о Мишленовских ресторанах / Первые безопасные вибраторы
../logs/API_methods.log 2025-03-05 15:04:58,634 INFO Проблема с комментариями к видео Электропощечины на стриме / Мужчина упал анусом на боеприпас / Тиктокера посадили за снежки
../logs/API_methods.log 2025-03-05 15:04:58,634 INFO Проблема с комментариями к видео Эбола возвращается / Анатолия Шария обвинили в госизмене / Маск позвал Путина в Клабхаус
../logs/API_methods.log 2025-03-05 15:04:58,634 INFO Проблема с комментариями к видео Тарту
../logs/API_methods.log 2025-03-05 15:04:58,634 INFO Успешно получили комментарии для 5 видео
../logs/API_methods.log 2025-03-05 15:04:59,640 INFO ФУНКЦИЯ GET_VIDEO_COMMENT!!!
../logs/API_methods.log 2025-03-05 15:04:59,794 INFO Проблема с комментариями к видео Электрические мотоциклы / Обзор вибраторов / Бесконечный карантин
../logs/API_methods.log 2025-03-05 15:04:59,794 INFO Проблема с комментариями к видео ФСБ охотится на Лебедева? / Эппл показали новинки / Пожары в Сан-Франциско
../logs/API_methods.log 2025-03-05 15:04:59,794 INFO Проблема с комментариями к видео Бесплатное порно на зараженном лайнере / Анонимный интернет Дурова /Зачем видеокамеры у гинекологов?
../logs/API_methods.log 2025-03-05 15:04:59,794 INFO Проблема с комментариями к видео Дело Юлии Цветковой / Нейросеть заменила дизайнера / Дорога из Воронежа до Марса
../logs/API_methods.log 2025-03-05 15:04:59,795 INFO Проблема с комментариями к видео Приложение для «слежки» / Патриарх Кирилл проехал с иконой против коронавируса / Арестован Иисус
../logs/API_methods.log 2025-03-05 15:04:59,795 INFO Успешно получили комментарии для 5 видео
../logs/API_methods.log 2025-03-05 15:05:00,803 INFO ФУНКЦИЯ GET_VIDEO_COMMENT!!!
../logs/API_methods.log 2025-03-05 15:05:00,930 INFO Проблема с комментариями к видео Бизнес-линч в прямом эфире
../logs/API_methods.log 2025-03-05 15:05:00,930 INFO Проблема с комментариями к видео Китайский коронавирус мутировал // Долгополов тайно покинул Россию // Коби Брайант погиб
../logs/API_methods.log 2025-03-05 15:05:00,930 INFO Проблема с комментариями к видео Медсестра в бикини / Аэробус А320 разбился в Пакистане  / «Лев Против» за нищету в России
../logs/API_methods.log 2025-03-05 15:05:00,931 INFO Проблема с комментариями к видео Бизнес-линч в прямом эфире
../logs/API_methods.log 2025-03-05 15:05:00,931 INFO Проблема с комментариями к видео Бизнес-линч в прямом эфире
../logs/API_methods.log 2025-03-05 15:05:00,931 INFO Успешно получили комментарии для 5 видео
../logs/API_methods.log 2025-03-05 15:05:01,934 INFO ФУНКЦИЯ GET_VIDEO_COMMENT!!!
../logs/API_methods.log 2025-03-05 15:05:02,067 INFO Проблема с комментариями к видео ВОЗ объявила о пандемии // Что пьют москвичи? // Страны Евросоюза закрывают границы из-за вируса
../logs/API_methods.log 2025-03-05 15:05:02,067 INFO Проблема с комментариями к видео Антикарантинная вечеринка / Бунт против Трампа? / Рогозин и Маск поспорили в Твиттере
../logs/API_methods.log 2025-03-05 15:05:02,068 INFO Проблема с комментариями к видео Поправки к конституции — обман? / Собаки могут чуять зараженных КОВИД-19 / Цифровой паспорт
../logs/API_methods.log 2025-03-05 15:05:02,068 INFO Проблема с комментариями к видео Коронавирусный Санта-Клаус / Дело об отмывании денег мафии / Исцеление Олега Тинькова
../logs/API_methods.log 2025-03-05 15:05:02,068 INFO Проблема с комментариями к видео Литвин сжег Мерседес / Перемирие Армении и Азербайджана / Сосиски на Вечном огне
../logs/API_methods.log 2025-03-05 15:05:02,068 INFO Успешно получили комментарии для 5 видео
../logs/API_methods.log 2025-03-05 15:05:03,070 INFO ФУНКЦИЯ GET_VIDEO_COMMENT!!!
../logs/API_methods.log 2025-03-05 15:05:03,212 INFO Проблема с комментариями к видео Арест Навального / Блокировка поясов верности / Город без дорог и машин
../logs/API_methods.log 2025-03-05 15:05:03,212 INFO Проблема с комментариями к видео Бизнес-линч в прямом эфире
../logs/API_methods.log 2025-03-05 15:05:03,212 INFO Проблема с комментариями к видео МексЭтноЭксп. День 8. Пробуем мексиканские напитки и сладости
../logs/API_methods.log 2025-03-05 15:05:03,213 INFO Проблема с комментариями к видео В Израиле раздают деньги / Террорист захватил заложников в Луцке / Бордель на Алтае
../logs/API_methods.log 2025-03-05 15:05:03,213 INFO Проблема с комментариями к видео Свечи с запахом вагины / О Навальном и протестах / Новая вакцина ЭпиВакКорона
../logs/API_methods.log 2025-03-05 15:05:03,213 INFO Успешно получили комментарии для 5 видео
../logs/API_methods.log 2025-03-05 15:05:04,218 INFO ФУНКЦИЯ GET_VIDEO_COMMENT!!!
../logs/API_methods.log 2025-03-05 15:05:04,357 INFO Проблема с комментариями к видео Моргенштерн продался кремлю / Правда о кремниевой долине от Павла Дурова / Снесли «Дом-2»
../logs/API_methods.log 2025-03-05 15:05:04,358 INFO Проблема с комментариями к видео Новые офисы Альфа-Банка / Я/Мы Дзюба / Победа Джо Байдена
../logs/API_methods.log 2025-03-05 15:05:04,358 INFO Проблема с комментариями к видео Терроризм в Фейсбуке / Небесные пончики / Летающий смартфон
../logs/API_methods.log 2025-03-05 15:05:04,358 INFO Проблема с комментариями к видео Эвакуация россиян из Ухани // Обрушение комплекса «Петербургский»  // Гугл продает пользователей
../logs/API_methods.log 2025-03-05 15:05:04,358 INFO Проблема с комментариями к видео Гей-парад в США / Всемирный интернет Илона Маска / Лего из мусора
../logs/API_methods.log 2025-03-05 15:05:04,358 INFO Успешно получили комментарии для 5 видео
../logs/API_methods.log 2025-03-05 15:05:05,365 INFO ФУНКЦИЯ GET_VIDEO_COMMENT!!!
../logs/API_methods.log 2025-03-05 15:05:05,520 INFO Проблема с комментариями к видео Принудительная вакцинация / Шоссе в Калифорнии засыпало деньгами / Унитаз из памятника Ленину
../logs/API_methods.log 2025-03-05 15:05:05,520 INFO Проблема с комментариями к видео Санта-Клаус застрял в линиях электропередачи / Гендерное равенство на Украине / Электромобиль Эппл
../logs/API_methods.log 2025-03-05 15:05:05,520 INFO Проблема с комментариями к видео Спутница для полета на Луну // Поезд опоздал на два часа из-за верблюда // Новые оценки в аттестате
../logs/API_methods.log 2025-03-05 15:05:05,520 INFO Проблема с комментариями к видео Работорговля одноклассниками / Навальный умирает? / Обезьяны-аферисты
../logs/API_methods.log 2025-03-05 15:05:05,520 INFO Проблема с комментариями к видео Смертельные приседания / Банды Латинской Америки / Компостирование людей
../logs/API_methods.log 2025-03-05 15:05:05,520 INFO Успешно получили комментарии для 5 видео
../logs/API_methods.log 2025-03-05 15:05:06,529 INFO ФУНКЦИЯ GET_VIDEO_COMMENT!!!
../logs/API_methods.log 2025-03-05 15:05:06,653 INFO Проблема с комментариями к видео Странные сутки на Венере / Неонацисты на Украине / Замороженные пенисы
../logs/API_methods.log 2025-03-05 15:05:06,653 INFO Проблема с комментариями к видео Лукашенко планирует бегство в Россию? / Трамп против ТикТока  / Кредиты по биометрии
../logs/API_methods.log 2025-03-05 15:05:06,653 INFO Проблема с комментариями к видео Затопленный город / Навальный против Пескова / Доступ в интернет через березу
../logs/API_methods.log 2025-03-05 15:05:06,653 INFO Проблема с комментариями к видео Девушки выцарапали имена на фреске Рафаэля / Порно во время коронавируса / Покемон Гоу на карантине
../logs/API_methods.log 2025-03-05 15:05:06,653 INFO Проблема с комментариями к видео Одичавшие коровы Чернобыля / Трампа кинули адвокаты / Космическая вагина
../logs/API_methods.log 2025-03-05 15:05:06,653 INFO Успешно получили комментарии для 5 видео
../logs/API_methods.log 2025-03-05 15:05:07,657 INFO ФУНКЦИЯ GET_VIDEO_COMMENT!!!
../logs/API_methods.log 2025-03-05 15:05:07,775 INFO Проблема с комментариями к видео Принудительное исцеление шамана / Эвтаназия в Латвии / Метавселенная Цукерберга
../logs/API_methods.log 2025-03-05 15:05:07,775 INFO Проблема с комментариями к видео В США запретили балалайки / Лекции по математике на Порнхабе / Драки на заправках в Великобритании
../logs/API_methods.log 2025-03-05 15:05:07,775 INFO Проблема с комментариями к видео Приемная разведчиков в даркнете / Митинг в поддержку Навального / Убер доставляет каннабис
../logs/API_methods.log 2025-03-05 15:05:07,775 INFO Проблема с комментариями к видео Деторождение разрушает климат / Монета в 1 триллион долларов / В Японии всплыли корабли-призраки
../logs/API_methods.log 2025-03-05 15:05:07,775 INFO Проблема с комментариями к видео Тигры из навоза / Суд запретил «Мемориал» / Урок открывания шампанского саблей
../logs/API_methods.log 2025-03-05 15:05:07,775 INFO Успешно получили комментарии для 5 видео
../logs/API_methods.log 2025-03-05 15:05:08,781 INFO ФУНКЦИЯ GET_VIDEO_COMMENT!!!
../logs/API_methods.log 2025-03-05 15:05:08,895 INFO Проблема с комментариями к видео Москвич нассал на портрет ветерана / Санта Клаус — гей? / Моргенштерн сбежал из России
../logs/API_methods.log 2025-03-05 15:05:08,896 INFO Проблема с комментариями к видео Беспредел в Косове / В США потребовали вернуть рабство / Трагедия на Эльбрусе
../logs/API_methods.log 2025-03-05 15:05:08,896 INFO Проблема с комментариями к видео Французский суд послал Навального / Китаец сжег жену в тиктоке / Фейсбук нагнули на 26 лямов
../logs/API_methods.log 2025-03-05 15:05:08,896 INFO Проблема с комментариями к видео Мужское государство терроризирует рестораны / Депортация Мирзализаде / Датчики на ноге у школьников
../logs/API_methods.log 2025-03-05 15:05:08,896 INFO Проблема с комментариями к видео Ивангай против Дудя / Запрет на очереди / Билл Гейтс развелся с женой
../logs/API_methods.log 2025-03-05 15:05:08,896 INFO Успешно получили комментарии для 5 видео
../logs/API_methods.log 2025-03-05 15:05:09,905 INFO ФУНКЦИЯ GET_VIDEO_COMMENT!!!
../logs/API_methods.log 2025-03-05 15:05:10,041 INFO Проблема с комментариями к видео Новый всемирный потоп / Татуировки с подсветкой / Ковидобесие все сильнее
../logs/API_methods.log 2025-03-05 15:05:10,041 INFO Проблема с комментариями к видео Оксимирон ответил бывшей / Байден напердел при герцогине / Первый супермакет мусора
../logs/API_methods.log 2025-03-05 15:05:10,041 INFO Проблема с комментариями к видео Паника в аэропорту Кабула / Вся правда про лесные пожары / Кота привлекли свидетелем
../logs/API_methods.log 2025-03-05 15:05:10,042 INFO Проблема с комментариями к видео Выставка трупов / Кроссовки Сатаны / Билл Гейтс убивает людей?
../logs/API_methods.log 2025-03-05 15:05:10,042 INFO Проблема с комментариями к видео Гендерно-нейтральный язык / Несовершеннолетние на линии хаоса / Взлет цен красной икры
../logs/API_methods.log 2025-03-05 15:05:10,042 INFO Успешно получили комментарии для 5 видео
../logs/API_methods.log 2025-03-05 15:05:11,044 INFO ФУНКЦИЯ GET_VIDEO_COMMENT!!!
../logs/API_methods.log 2025-03-05 15:05:11,192 INFO Проблема с комментариями к видео В Германии горят электробусы / Плазма против коровьих ссак / Миллион баксов за улитку
../logs/API_methods.log 2025-03-05 15:05:11,193 INFO Проблема с комментариями к видео Фейсбук обозвал чернокожих приматами / Жуткая израильская история / Эдвард Сноуден выходит на связь
../logs/API_methods.log 2025-03-05 15:05:11,193 INFO Проблема с комментариями к видео В Калифорнии отменяют плохие оценки / Насильник заявил, что он — женщина / Подкожные чипы в Швеции
../logs/API_methods.log 2025-03-05 15:05:11,193 INFO Проблема с комментариями к видео Жирофобная кофейня в Лондоне / Гигантская моль и кроссовки ПС5 / Слава КПСС — чиновник
../logs/API_methods.log 2025-03-05 15:05:11,193 INFO Проблема с комментариями к видео Немецкое гражданство Навальной / ФАС напал на клип Моргенштерна / Штурм Зеленского
../logs/API_methods.log 2025-03-05 15:05:11,194 INFO Успешно получили комментарии для 5 видео
../logs/API_methods.log 2025-03-05 15:05:12,201 INFO ФУНКЦИЯ GET_VIDEO_COMMENT!!!
../logs/API_methods.log 2025-03-05 15:05:12,333 INFO Проблема с комментариями к видео Джоан Роулинг обнулили / Сын расфасовал отца / Студенты перепутали водку с незамерзайкой
../logs/API_methods.log 2025-03-05 15:05:12,333 INFO Проблема с комментариями к видео Баба прогнала детей-аутистов с детской площадки / Смерть после вакцинации / Вспышка чумы в США
../logs/API_methods.log 2025-03-05 15:05:12,333 INFO Проблема с комментариями к видео Гуф в психбольнице / Прочистка туалетов за $400000 / Попытка изобрести «ожерелье от коронавируса»
../logs/API_methods.log 2025-03-05 15:05:12,333 INFO Проблема с комментариями к видео Животные болеют коронавирусом? / В Москве оштрафовали женщину-инвалида / Отмена ЕГЭ по математике
../logs/API_methods.log 2025-03-05 15:05:12,333 INFO Проблема с комментариями к видео Путина заразили коронавирусом? // Россия уходит на карантин // Евровидение-2020 может пройти онлайн
../logs/API_methods.log 2025-03-05 15:05:12,333 INFO Успешно получили комментарии для 5 видео
../logs/API_methods.log 2025-03-05 15:05:13,336 INFO ФУНКЦИЯ GET_VIDEO_COMMENT!!!
../logs/API_methods.log 2025-03-05 15:05:13,513 INFO Проблема с комментариями к видео Танцующий Обама без маски / Египетское топливо из жожоба / Ксения Собчак vs Вероника Степанова
../logs/API_methods.log 2025-03-05 15:05:13,513 INFO Проблема с комментариями к видео Китовые пенисы / Ядерный взрыв в Иране / Тюремный контактный зоопарк
../logs/API_methods.log 2025-03-05 15:05:13,513 INFO Проблема с комментариями к видео Первый в мире факультет Тикток / Тиньков ошибся в 3333 раза / Минет на Красной площади
../logs/API_methods.log 2025-03-05 15:05:13,514 INFO Проблема с комментариями к видео Италия. Несколько незаезженных мест
../logs/API_methods.log 2025-03-05 15:05:13,514 INFO Проблема с комментариями к видео Фигуранты дела «Сети» получили срок // ЦРУ полвека прослушивает весь мир // Немцов — не герой?!
../logs/API_methods.log 2025-03-05 15:05:13,514 INFO Успешно получили комментарии для 5 видео
../logs/API_methods.log 2025-03-05 15:05:14,515 INFO ФУНКЦИЯ GET_VIDEO_COMMENT!!!
../logs/API_methods.log 2025-03-05 15:05:14,661 INFO Проблема с комментариями к видео Ютуб без дизлайков / Новый логотип Яндекса / Мальчик с тремя &#ями
../logs/API_methods.log 2025-03-05 15:05:14,661 INFO Проблема с комментариями к видео Конфликт Израиля и Палестины / Отмена ЕГЭ / Твиттер временно прощен
../logs/API_methods.log 2025-03-05 15:05:14,661 INFO Проблема с комментариями к видео Навального отравил Путин / Экологическая катастрофа на Камчатке / Трамп заразился коронавирусом
../logs/API_methods.log 2025-03-05 15:05:14,662 INFO Проблема с комментариями к видео Краснодар — экскурсия по городу
../logs/API_methods.log 2025-03-05 15:05:14,662 INFO Проблема с комментариями к видео Баленсиага — расисты?/В Амстердаме запретили выходить на балконы/Подросток засунул кабель себе в пи
../logs/API_methods.log 2025-03-05 15:05:14,662 INFO Успешно получили комментарии для 5 видео
../logs/API_methods.log 2025-03-05 15:05:15,665 INFO ФУНКЦИЯ GET_VIDEO_COMMENT!!!
../logs/API_methods.log 2025-03-05 15:05:15,820 INFO Проблема с комментариями к видео Навальный в тюрьме / Бриллиантовый лоб / Школьные инвестиции в биткоин
../logs/API_methods.log 2025-03-05 15:05:15,820 INFO Проблема с комментариями к видео Россия сбила собственный спутник / Девушку из ТикТока жестко прессуют / Эппл засудили за шмон
../logs/API_methods.log 2025-03-05 15:05:15,820 INFO Проблема с комментариями к видео В Конго сожгли восемь ведьм / Студентку раздели на кастинге / Свиней трудоустроили в аэропорту
../logs/API_methods.log 2025-03-05 15:05:15,821 INFO Проблема с комментариями к видео Дети вредны для Земли / Курпатов отправил любовника в СИЗО / «Яйца Моцарта» на грани банкротства
../logs/API_methods.log 2025-03-05 15:05:15,821 INFO Проблема с комментариями к видео Я проиграл лям / ВкусВилл отменяет однополую пару / Золотой КУАР-код
../logs/API_methods.log 2025-03-05 15:05:15,821 INFO Успешно получили комментарии для 5 видео
../logs/API_methods.log 2025-03-05 15:05:16,827 INFO ФУНКЦИЯ GET_VIDEO_COMMENT!!!
../logs/API_methods.log 2025-03-05 15:05:16,945 INFO Проблема с комментариями к видео Ученик возразил Путину / Ежик одновременно чихнул и пукнул / Черепно-мозговая травма Зеленского
../logs/API_methods.log 2025-03-05 15:05:16,945 INFO Проблема с комментариями к видео Мортал Комбат в кино / Сексизм в Амазоне / Приговор трэш-стримеру
../logs/API_methods.log 2025-03-05 15:05:16,946 INFO Проблема с комментариями к видео Анадырь
../logs/API_methods.log 2025-03-05 15:05:16,946 INFO Проблема с комментариями к видео Государство покупает ВК / Ученые создали биороботов из лягушек / Кокаин в британском парламенте
../logs/API_methods.log 2025-03-05 15:05:16,946 INFO Проблема с комментариями к видео СевМорПуть
../logs/API_methods.log 2025-03-05 15:05:16,946 INFO Успешно получили комментарии для 5 видео
../logs/API_methods.log 2025-03-05 15:05:17,951 INFO ФУНКЦИЯ GET_VIDEO_COMMENT!!!
../logs/API_methods.log 2025-03-05 15:05:18,064 INFO Проблема с комментариями к видео Виртуальные кроссы / Убегающего от пчел бразильца съели пираньи / Собчак грозит два года тюрьмы
../logs/API_methods.log 2025-03-05 15:05:18,065 INFO Проблема с комментариями к видео Туалет на колесах / Депортация цыган / +Новый океан
../logs/API_methods.log 2025-03-05 15:05:18,065 INFO Проблема с комментариями к видео Илон Маск построит свой город / Китайцы анально карают Японцев / Блокировка Твиттера в России
../logs/API_methods.log 2025-03-05 15:05:18,065 INFO Проблема с комментариями к видео Байден требует освобождения Навального / Илон Маск вживляет чипы в мозг / Дуров прогнулся под Эппл
../logs/API_methods.log 2025-03-05 15:05:18,065 INFO Проблема с комментариями к видео Ребрендинг ЦРУ / Вакцина Спутник V / Новый поход Якутского шамана
../logs/API_methods.log 2025-03-05 15:05:18,065 INFO Успешно получили комментарии для 5 видео
../logs/API_methods.log 2025-03-05 15:05:19,073 INFO ФУНКЦИЯ GET_VIDEO_COMMENT!!!
../logs/API_methods.log 2025-03-05 15:05:19,175 INFO Проблема с комментариями к видео Безос полетел в космос / Европа ушла под воду / Крысы едят Теслу
../logs/API_methods.log 2025-03-05 15:05:19,175 INFO Проблема с комментариями к видео Новозеландцам разрешили оргии / Адидас отказался от своего названия / Обезьяны убили 250 собак
../logs/API_methods.log 2025-03-05 15:05:19,175 INFO Проблема с комментариями к видео Мэр запретил снегу выпадать / Женщина покормила кота грудью / Во Франции вакцинируют устриц
../logs/API_methods.log 2025-03-05 15:05:19,175 INFO Проблема с комментариями к видео Страшный заговор Билла Гейтса / Астронавты с инвалидностью / Эмодзи с бородатыми женщинами
../logs/API_methods.log 2025-03-05 15:05:19,175 INFO Проблема с комментариями к видео Неисправный автомат Зеленского / Двигатель рассыпался в полете / Бабуля увела парня дочки
../logs/API_methods.log 2025-03-05 15:05:19,176 INFO Успешно получили комментарии для 5 видео
../logs/API_methods.log 2025-03-05 15:05:20,185 INFO ФУНКЦИЯ GET_VIDEO_COMMENT!!!
../logs/API_methods.log 2025-03-05 15:05:20,298 INFO Проблема с комментариями к видео Билл Гейтс готовится вживлять всем чипы / Михалков поехал кукухой / Зачем чиновники поджигают леса?
../logs/API_methods.log 2025-03-05 15:05:20,298 INFO Проблема с комментариями к видео Радуга под запретом / Переписка Олега Соколова и Ещенко / Вспышка бубонной чумы
../logs/API_methods.log 2025-03-05 15:05:20,298 INFO Проблема с комментариями к видео Мать поговорила с умершей дочерью / Прокурор закопал жену в огороде / Cбежал от полиции по льду
../logs/API_methods.log 2025-03-05 15:05:20,298 INFO Проблема с комментариями к видео Путин будет править вечно? / Расовые протесты в США / ДТП с участием Михаила Ефремова
../logs/API_methods.log 2025-03-05 15:05:20,298 INFO Проблема с комментариями к видео Виртуальные митинги / Нефть с отрицательной ценой / Война Уткина и Соловьева
../logs/API_methods.log 2025-03-05 15:05:20,298 INFO Успешно получили комментарии для 5 видео
../logs/API_methods.log 2025-03-05 15:05:21,306 INFO ФУНКЦИЯ GET_VIDEO_COMMENT!!!
../logs/API_methods.log 2025-03-05 15:05:21,433 INFO Проблема с комментариями к видео Отставка правительства России // Фейковый университет США // Петиция за лишение Урганта гражданства
../logs/API_methods.log 2025-03-05 15:05:21,433 INFO Проблема с комментариями к видео Фекальная трансплантация / Покушение на Навального  / Нетфликс облажался
../logs/API_methods.log 2025-03-05 15:05:21,433 INFO Проблема с комментариями к видео ***анных девушек оштрафовали / Окончание периода нерабочих дней / Имя сына Илона Маска
../logs/API_methods.log 2025-03-05 15:05:21,433 INFO Проблема с комментариями к видео Презентация новинок Эппла / Игумен захватил женский монастырь / Дезинфекционный тоннель Путина
../logs/API_methods.log 2025-03-05 15:05:21,434 INFO Проблема с комментариями к видео Геймеры уничтожат КОВИД-19 / Свадьба по интернету / Отсрочка для церкви по коммунальным платежам
../logs/API_methods.log 2025-03-05 15:05:21,434 INFO Успешно получили комментарии для 5 видео
../logs/API_methods.log 2025-03-05 15:05:22,438 INFO ФУНКЦИЯ GET_VIDEO_COMMENT!!!
../logs/API_methods.log 2025-03-05 15:05:22,555 INFO Проблема с комментариями к видео Украина арестовала российские самолеты / Птичий грипп в Дании / В России заблокируют Ютуб
../logs/API_methods.log 2025-03-05 15:05:22,555 INFO Проблема с комментариями к видео Глухой подал в суд на Порнхаб // Аэротакси Порше с вертикальным взлетом // Девственность за 1,2 млн
../logs/API_methods.log 2025-03-05 15:05:22,556 INFO Проблема с комментариями к видео Артемий Лебедев — бизнес-линч на тему путешествий по России
../logs/API_methods.log 2025-03-05 15:05:22,556 INFO Проблема с комментариями к видео Гигантские осы в Великобритании / Новый слоган КФС / Дискриминация в Макдональдсе
../logs/API_methods.log 2025-03-05 15:05:22,556 INFO Проблема с комментариями к видео Дания. Оденсе, Кристиансфельд
../logs/API_methods.log 2025-03-05 15:05:22,556 INFO Успешно получили комментарии для 5 видео
../logs/API_methods.log 2025-03-05 15:05:23,559 INFO ФУНКЦИЯ GET_VIDEO_COMMENT!!!
../logs/API_methods.log 2025-03-05 15:05:23,673 INFO Проблема с комментариями к видео Третья дочь Путина / Эппл подкупает полицию техникой / В Сапсанах появятся купе
../logs/API_methods.log 2025-03-05 15:05:23,673 INFO Проблема с комментариями к видео Патриарх — дьявол? / Кабинет-двойник Путина / Китай переезжает на Луну
../logs/API_methods.log 2025-03-05 15:05:23,673 INFO Проблема с комментариями к видео Литва
../logs/API_methods.log 2025-03-05 15:05:23,673 INFO Проблема с комментариями к видео Калуга
../logs/API_methods.log 2025-03-05 15:05:23,673 INFO Проблема с комментариями к видео Наковыренный изюм из монтажа
../logs/API_methods.log 2025-03-05 15:05:23,673 INFO Успешно получили комментарии для 5 видео
../logs/API_methods.log 2025-03-05 15:05:24,680 INFO ФУНКЦИЯ GET_VIDEO_COMMENT!!!
../logs/API_methods.log 2025-03-05 15:05:24,797 INFO Проблема с комментариями к видео Киев
../logs/API_methods.log 2025-03-05 15:05:24,797 INFO Проблема с комментариями к видео Артемий Лебедев в рекламе Яндекса (2000)
../logs/API_methods.log 2025-03-05 15:05:24,797 INFO Проблема с комментариями к видео В Бейруте взорвалась селитра / Суд Понасенкова и Лебедева  / Нашествие гигантских слизней в Таллине
../logs/API_methods.log 2025-03-05 15:05:24,797 INFO Проблема с комментариями к видео Выборы в США / Теракт в центре Вены / Лебедева выкинули в мусорку
../logs/API_methods.log 2025-03-05 15:05:24,797 INFO Проблема с комментариями к видео Трамп одобрил кибератаку / Как остановить Эппл и Гугл? / Профессора растворили в кислоте
../logs/API_methods.log 2025-03-05 15:05:24,797 INFO Успешно получили комментарии для 5 видео
../logs/API_methods.log 2025-03-05 15:05:25,803 INFO ФУНКЦИЯ GET_VIDEO_COMMENT!!!
../logs/API_methods.log 2025-03-05 15:05:25,914 INFO Проблема с комментариями к видео Трамп присвоил ресурсы Галактики / Назвали ребенка в честь КОВИД-19 / В Грузии ввели «сухой закон»
../logs/API_methods.log 2025-03-05 15:05:25,914 INFO Проблема с комментариями к видео Охранный дрон Амазона / Уборщица выиграла выборы / Крабовый бизнес Ксении Собчак
../logs/API_methods.log 2025-03-05 15:05:25,914 INFO Проблема с комментариями к видео Трэвис Скотт дал концерт в Фортнайте / Продление нерабочих дней / Вакцина от коронавируса
../logs/API_methods.log 2025-03-05 15:05:25,914 INFO Проблема с комментариями к видео МексЭтноЭксп. Часть III. Ответы на вопросы зрителей
../logs/API_methods.log 2025-03-05 15:05:25,915 INFO Проблема с комментариями к видео Пожары в зоне отчуждения / Пропускной режим в Москве / В США объявили режим стихийного бедствия
../logs/API_methods.log 2025-03-05 15:05:25,915 INFO Успешно получили комментарии для 5 видео
../logs/API_methods.log 2025-03-05 15:05:26,924 INFO ФУНКЦИЯ GET_VIDEO_COMMENT!!!
../logs/API_methods.log 2025-03-05 15:05:27,035 INFO Проблема с комментариями к видео Вакцина от Ковида по блату / Утюги с прослушкой / Яд не справился с Навальным
../logs/API_methods.log 2025-03-05 15:05:27,036 INFO Проблема с комментариями к видео Полицейское государство Микрософта / Смертная казнь в США / Пьяный эфир Бузовой
../logs/API_methods.log 2025-03-05 15:05:27,036 INFO Проблема с комментариями к видео Оренбург — большой обзор города
../logs/API_methods.log 2025-03-05 15:05:27,036 INFO Проблема с комментариями к видео Мистический хайп / Пердеж на слушании выборов / Ребенок года по версии Тайм
../logs/API_methods.log 2025-03-05 15:05:27,036 INFO Проблема с комментариями к видео Маэстро Понасенков подает в суд / Новая вакцина против коронавируса / Самое идиотское решение Путина
../logs/API_methods.log 2025-03-05 15:05:27,036 INFO Успешно получили комментарии для 5 видео
../logs/API_methods.log 2025-03-05 15:05:28,042 INFO ФУНКЦИЯ GET_VIDEO_COMMENT!!!
../logs/API_methods.log 2025-03-05 15:05:28,311 INFO Проблема с комментариями к видео Награды и премии: Оскар 2020 / Стрельба в торговом центре Таиланда  / Анестезиолог убивает ветеранов
../logs/API_methods.log 2025-03-05 15:05:28,312 INFO Проблема с комментариями к видео МексЭтноЭксп. Часть I. Ответы на вопросы зрителей. (Перезалив без косяков)
../logs/API_methods.log 2025-03-05 15:05:28,312 INFO Проблема с комментариями к видео Баттл билбордов в Тольятти / Беспорядки в Вашингтоне / Новое изобретение Илона Маска
../logs/API_methods.log 2025-03-05 15:05:28,312 INFO Проблема с комментариями к видео Какой ты диван? / Эппл выпустит круглые Виар-очки  / «Изоляция» медсестер в морге
../logs/API_methods.log 2025-03-05 15:05:28,312 INFO Проблема с комментариями к видео Пожары в Калифорнии / В Симферополе кончилась вода / Слизни гиганты в Ленобласти
../logs/API_methods.log 2025-03-05 15:05:28,312 INFO Успешно получили комментарии для 5 видео
../logs/API_methods.log 2025-03-05 15:05:29,321 INFO ФУНКЦИЯ GET_VIDEO_COMMENT!!!
../logs/API_methods.log 2025-03-05 15:05:29,436 INFO Проблема с комментариями к видео Хабиб завершил карьеру / Компромат сына Байдена / Пингвины-геи украли яйцо
../logs/API_methods.log 2025-03-05 15:05:29,436 INFO Проблема с комментариями к видео Настя Ивлеева села за руль после шампанского / Беспорядки в США / Газета «Ведомости» развалилась
../logs/API_methods.log 2025-03-05 15:05:29,436 INFO Проблема с комментариями к видео Мавритания — большая поездка по всей стране
../logs/API_methods.log 2025-03-05 15:05:29,436 INFO Проблема с комментариями к видео Трансгендеры захватят мир? / Акции Теслы бьют рекорды / Китовая рвота
../logs/API_methods.log 2025-03-05 15:05:29,436 INFO Проблема с комментариями к видео Спецвыпуск. Ядовитые трусы Навального / Эксклюзивное расследование
../logs/API_methods.log 2025-03-05 15:05:29,436 INFO Успешно получили комментарии для 5 видео
../logs/API_methods.log 2025-03-05 15:05:30,443 INFO ФУНКЦИЯ GET_VIDEO_COMMENT!!!
../logs/API_methods.log 2025-03-05 15:05:30,550 INFO Проблема с комментариями к видео Латвия
../logs/API_methods.log 2025-03-05 15:05:30,550 INFO Проблема с комментариями к видео В США закрывают Тик-Ток / Убитый Энди Картрайт  / Возобновление авиасообщения из России
../logs/API_methods.log 2025-03-05 15:05:30,550 INFO Проблема с комментариями к видео Подробности крушения украинского Боинга // Загадочный китайский вирус // Переговоры по Ливии
../logs/API_methods.log 2025-03-05 15:05:30,550 INFO Проблема с комментариями к видео Секс-вечеринка для олдов / 12-й Айфон / Радужный флаг на здании ФСБ
../logs/API_methods.log 2025-03-05 15:05:30,550 INFO Проблема с комментариями к видео Джо Байден — человек года / Отравление Навального 2.0 / Порнхаб запретили?
../logs/API_methods.log 2025-03-05 15:05:30,551 INFO Успешно получили комментарии для 5 видео
../logs/API_methods.log 2025-03-05 15:05:31,556 INFO ФУНКЦИЯ GET_VIDEO_COMMENT!!!
../logs/API_methods.log 2025-03-05 15:05:31,669 INFO Проблема с комментариями к видео Навальный вышел из комы / Похищение Марии Колесниковой  / Курьер подкатил к клиентке
../logs/API_methods.log 2025-03-05 15:05:31,669 INFO Проблема с комментариями к видео В Японии объявили режим ЧС / Выпускников школ не станут призывать в армию / Онлайн-кладбища
../logs/API_methods.log 2025-03-05 15:05:31,670 INFO Проблема с комментариями к видео Собчак лишают рекламных контрактов / Серебренникова осудили? / Двойной голос за поправки
../logs/API_methods.log 2025-03-05 15:05:31,670 INFO Проблема с комментариями к видео Тайное оплодотворение / Сексуальный лук / Памятник клещу Валере
../logs/API_methods.log 2025-03-05 15:05:31,670 INFO Проблема с комментариями к видео Справедливость для Джонни Деппа // Новые жертвы коронавируса // Олега Соколова признали вменяемым
../logs/API_methods.log 2025-03-05 15:05:31,670 INFO Успешно получили комментарии для 5 видео
../logs/API_methods.log 2025-03-05 15:05:32,676 INFO ФУНКЦИЯ GET_VIDEO_COMMENT!!!
../logs/API_methods.log 2025-03-05 15:05:32,790 INFO Проблема с комментариями к видео Елизавету II хотят свергнуть? / Тик-Ток против ЛГБТ / Нобелевская премия для Навального?
../logs/API_methods.log 2025-03-05 15:05:32,791 INFO Проблема с комментариями к видео Адово царство на Патриарших прудах / В США появился 51-й штат / Космический туалет Илона Маска
../logs/API_methods.log 2025-03-05 15:05:32,791 INFO Проблема с комментариями к видео Президентские выборы по почте / Дроны следят за нарушителями самоизоляции / Убийственный субботник
../logs/API_methods.log 2025-03-05 15:05:32,791 INFO Проблема с комментариями к видео Артемий Лебедев. Человек.doc
../logs/API_methods.log 2025-03-05 15:05:32,791 INFO Проблема с комментариями к видео Флешмоб в поддержку Павла Устинова / Закрытие счета «Матерей Беслана» / Очереди за айФонами
../logs/API_methods.log 2025-03-05 15:05:32,791 INFO Успешно получили комментарии для 5 видео
../logs/API_methods.log 2025-03-05 15:05:33,799 INFO ФУНКЦИЯ GET_VIDEO_COMMENT!!!
../logs/API_methods.log 2025-03-05 15:05:33,932 INFO Проблема с комментариями к видео Краснодар — от конфетки до туалетки
../logs/API_methods.log 2025-03-05 15:05:33,932 INFO Проблема с комментариями к видео Бизнес-линч в прямом эфире
../logs/API_methods.log 2025-03-05 15:05:33,932 INFO Проблема с комментариями к видео Бизнес-линч в прямом эфире
../logs/API_methods.log 2025-03-05 15:05:33,932 INFO Проблема с комментариями к видео Барыга победил на выборах / Житель Армавира убил свою девушку / Лошадь откусила нос
../logs/API_methods.log 2025-03-05 15:05:33,932 INFO Проблема с комментариями к видео Изобретатель вживил в робота сознание / Шведские вороны собирают окурки / Альпака в московском метро
../logs/API_methods.log 2025-03-05 15:05:33,932 INFO Успешно получили комментарии для 5 видео
../logs/API_methods.log 2025-03-05 15:05:34,939 INFO ФУНКЦИЯ GET_VIDEO_COMMENT!!!
../logs/API_methods.log 2025-03-05 15:05:35,059 INFO Проблема с комментариями к видео Афон — монашеское государство
../logs/API_methods.log 2025-03-05 15:05:35,059 INFO Проблема с комментариями к видео ДНР и ЛНР. Большая поездка по непризнанным государствам.
../logs/API_methods.log 2025-03-05 15:05:35,059 INFO Проблема с комментариями к видео Сахрави — страна, куда вы никогда не попадете
../logs/API_methods.log 2025-03-05 15:05:35,059 INFO Проблема с комментариями к видео Как отмывают революционеров
../logs/API_methods.log 2025-03-05 15:05:35,059 INFO Проблема с комментариями к видео Как в израильской гостинице заматывают кран с пивом на ночь
../logs/API_methods.log 2025-03-05 15:05:35,059 INFO Успешно получили комментарии для 5 видео
../logs/API_methods.log 2025-03-05 15:05:36,066 INFO ФУНКЦИЯ GET_VIDEO_COMMENT!!!
../logs/API_methods.log 2025-03-05 15:05:36,200 INFO Проблема с комментариями к видео Схема московского метро
../logs/API_methods.log 2025-03-05 15:05:36,200 INFO Проблема с комментариями к видео Студия без Лебедева
../logs/API_methods.log 2025-03-05 15:05:36,200 INFO Проблема с комментариями к видео Знак рубля
../logs/API_methods.log 2025-03-05 15:05:36,201 INFO Проблема с комментариями к видео Пешеходный переход в Москве
../logs/API_methods.log 2025-03-05 15:05:36,201 INFO Проблема с комментариями к видео УикендЭтноЭксп на Тойоте часть IV. Едем в Ярославль. Пятница
../logs/API_methods.log 2025-03-05 15:05:36,201 INFO Успешно получили комментарии для 5 видео
../logs/API_methods.log 2025-03-05 15:05:37,207 INFO ФУНКЦИЯ GET_VIDEO_COMMENT!!!
../logs/API_methods.log 2025-03-05 15:05:37,319 INFO Проблема с комментариями к видео 2-й УикендЭтноЭксп на Тойоте. Клип III. Тверь
../logs/API_methods.log 2025-03-05 15:05:37,320 INFO Проблема с комментариями к видео УикендЭтноЭксп на Тойоте III. Маунтинбайк в Калуге
../logs/API_methods.log 2025-03-05 15:05:37,320 INFO Проблема с комментариями к видео УикендЭтноЭксп на Тойоте II. Клип I. Передоз
../logs/API_methods.log 2025-03-05 15:05:37,320 INFO Проблема с комментариями к видео УикендЭтноЭксп на Тойоте. Э6: Д1. Рэп
../logs/API_methods.log 2025-03-05 15:05:37,320 INFO Проблема с комментариями к видео Метро в Токио
../logs/API_methods.log 2025-03-05 15:05:37,320 INFO Успешно получили комментарии для 5 видео
../logs/API_methods.log 2025-03-05 15:05:38,326 INFO ФУНКЦИЯ GET_VIDEO_COMMENT!!!
../logs/API_methods.log 2025-03-05 15:05:38,462 INFO Проблема с комментариями к видео Проверка - хорошо ли автомат надел капсулу на шампанское
../logs/API_methods.log 2025-03-05 15:05:38,462 INFO Проблема с комментариями к видео Артемий Лебедев в рекламе Билайна (2012)
../logs/API_methods.log 2025-03-05 15:05:38,462 INFO Проблема с комментариями к видео Мост-паром в Бильбао
../logs/API_methods.log 2025-03-05 15:05:38,462 INFO Проблема с комментариями к видео Фристайл про анпакинг Уанплюса-5 (УикендЭтноЭксп на Тойоте часть IV)
../logs/API_methods.log 2025-03-05 15:05:38,463 INFO Проблема с комментариями к видео УикендЭтноЭксп на Тойоте III. Тула. Суббота
../logs/API_methods.log 2025-03-05 15:05:38,463 INFO Успешно получили комментарии для 5 видео
../logs/API_methods.log 2025-03-05 15:05:39,468 INFO ФУНКЦИЯ GET_VIDEO_COMMENT!!!
../logs/API_methods.log 2025-03-05 15:05:39,584 INFO Проблема с комментариями к видео УикендЭтноЭксп на Тойоте. Клип II. Рэп - это просто
../logs/API_methods.log 2025-03-05 15:05:39,585 INFO Проблема с комментариями к видео УикендЭтноЭксп на Тойоте III. Воскресенье. Слэклайн.
../logs/API_methods.log 2025-03-05 15:05:39,585 INFO Проблема с комментариями к видео УикендЭтноЭксп на Тойоте. Понедельник. Финал
../logs/API_methods.log 2025-03-05 15:05:39,585 INFO Проблема с комментариями к видео Диета Лебедева
../logs/API_methods.log 2025-03-05 15:05:39,585 INFO Проблема с комментариями к видео УикендЭтноЭксп на Тойоте. Э6 : Д4. Сергиев Посад
../logs/API_methods.log 2025-03-05 15:05:39,585 INFO Успешно получили комментарии для 5 видео
../logs/API_methods.log 2025-03-05 15:05:40,586 INFO ФУНКЦИЯ GET_VIDEO_COMMENT!!!
../logs/API_methods.log 2025-03-05 15:05:40,698 INFO Проблема с комментариями к видео УикендЭтноЭксп на Тойоте часть IV. Кострома. Воскресенье
../logs/API_methods.log 2025-03-05 15:05:40,698 INFO Проблема с комментариями к видео Музыка на 1905
../logs/API_methods.log 2025-03-05 15:05:40,698 INFO Проблема с комментариями к видео УикендЭтноЭксп на Тойоте. Э6 : Д3. Рэп
../logs/API_methods.log 2025-03-05 15:05:40,698 INFO Проблема с комментариями к видео Выделенная велодорожка в Москве
../logs/API_methods.log 2025-03-05 15:05:40,698 INFO Проблема с комментариями к видео Тактильно-звуковая мнемосхема в Краснодаре
../logs/API_methods.log 2025-03-05 15:05:40,698 INFO Успешно получили комментарии для 5 видео
../logs/API_methods.log 2025-03-05 15:05:41,703 INFO ФУНКЦИЯ GET_VIDEO_COMMENT!!!
../logs/API_methods.log 2025-03-05 15:05:41,828 INFO Проблема с комментариями к видео Аудио-реклама
../logs/API_methods.log 2025-03-05 15:05:41,828 INFO Проблема с комментариями к видео Про дизайн вертолета
../logs/API_methods.log 2025-03-05 15:05:41,828 INFO Проблема с комментариями к видео УикендЭтноЭксп на Тойоте. Клип III. Любитель острых ощущений
../logs/API_methods.log 2025-03-05 15:05:41,828 INFO Проблема с комментариями к видео Охуенная детская площадка в Сантандере
../logs/API_methods.log 2025-03-05 15:05:41,829 INFO Проблема с комментариями к видео Парковка в Виктории
../logs/API_methods.log 2025-03-05 15:05:41,829 INFO Успешно получили комментарии для 5 видео
../logs/API_methods.log 2025-03-05 15:05:42,836 INFO ФУНКЦИЯ GET_VIDEO_COMMENT!!!
../logs/API_methods.log 2025-03-05 15:05:42,959 INFO Проблема с комментариями к видео УикендЭтноЭксп на Тойоте. Коломна и Зарайск. Суббота
../logs/API_methods.log 2025-03-05 15:05:42,959 INFO Проблема с комментариями к видео Принципы студии
../logs/API_methods.log 2025-03-05 15:05:42,959 INFO Проблема с комментариями к видео УикендЭтноЭксп. Коломна. Первый рэп. Даун... шифтинг
../logs/API_methods.log 2025-03-05 15:05:42,959 INFO Проблема с комментариями к видео Съемка старья
../logs/API_methods.log 2025-03-05 15:05:42,959 INFO Проблема с комментариями к видео Подбор сотрудников, он же поиск людей
../logs/API_methods.log 2025-03-05 15:05:42,959 INFO Успешно получили комментарии для 5 видео
../logs/API_methods.log 2025-03-05 15:05:43,963 INFO ФУНКЦИЯ GET_VIDEO_COMMENT!!!
../logs/API_methods.log 2025-03-05 15:05:44,094 INFO Проблема с комментариями к видео Первые русские сайты
../logs/API_methods.log 2025-03-05 15:05:44,095 INFO Проблема с комментариями к видео Колхозная лошара
../logs/API_methods.log 2025-03-05 15:05:44,095 INFO Проблема с комментариями к видео Арт-директор
../logs/API_methods.log 2025-03-05 15:05:44,095 INFO Проблема с комментариями к видео Двери в метро
../logs/API_methods.log 2025-03-05 15:05:44,095 INFO Проблема с комментариями к видео Самый большой флюгер в Москве
../logs/API_methods.log 2025-03-05 15:05:44,095 INFO Успешно получили комментарии для 5 видео
../logs/API_methods.log 2025-03-05 15:05:45,101 INFO ФУНКЦИЯ GET_VIDEO_COMMENT!!!
../logs/API_methods.log 2025-03-05 15:05:45,220 INFO Проблема с комментариями к видео Поезд "Москва"
../logs/API_methods.log 2025-03-05 15:05:45,220 INFO Проблема с комментариями к видео Освежение улиц в Москве
../logs/API_methods.log 2025-03-05 15:05:45,220 INFO Проблема с комментариями к видео 1995
../logs/API_methods.log 2025-03-05 15:05:45,220 INFO Проблема с комментариями к видео УикендЭтноЭксп на Тойоте. Э6: Д2. Рэп
../logs/API_methods.log 2025-03-05 15:05:45,221 INFO Проблема с комментариями к видео КатарЭтноЭксп. Ответы на вопросы
../logs/API_methods.log 2025-03-05 15:05:45,221 INFO Успешно получили комментарии для 5 видео
../logs/API_methods.log 2025-03-05 15:05:46,228 INFO ФУНКЦИЯ GET_VIDEO_COMMENT!!!
../logs/API_methods.log 2025-03-05 15:05:46,338 INFO Проблема с комментариями к видео УикендЭтноЭксп на Тойоте. Коломна. Пятница
../logs/API_methods.log 2025-03-05 15:05:46,338 INFO Проблема с комментариями к видео УикендЭтноЭксп на Тойоте. Э6: Д2. Сноуборд
../logs/API_methods.log 2025-03-05 15:05:46,338 INFO Проблема с комментариями к видео 2-й УикендЭтноЭксп на Тойоте. Мегаролик
../logs/API_methods.log 2025-03-05 15:05:46,339 INFO Проблема с комментариями к видео 2-й УикендЭтноЭксп на Тойоте. Клип IV. Финал
../logs/API_methods.log 2025-03-05 15:05:46,339 INFO Проблема с комментариями к видео Городской дизайн
../logs/API_methods.log 2025-03-05 15:05:46,339 INFO Успешно получили комментарии для 5 видео
../logs/API_methods.log 2025-03-05 15:05:47,343 INFO ФУНКЦИЯ GET_VIDEO_COMMENT!!!
../logs/API_methods.log 2025-03-05 15:05:47,506 INFO Проблема с комментариями к видео УикендЭтноЭксп на Тойоте II. Конаково. Суббота
../logs/API_methods.log 2025-03-05 15:05:47,506 INFO Проблема с комментариями к видео Фристайл на стадионе (УикендЭтноЭксп на Тойоте часть IV)
../logs/API_methods.log 2025-03-05 15:05:47,506 INFO Проблема с комментариями к видео УикендЭтноЭксп на Тойоте. Машина четвертая. Приус
../logs/API_methods.log 2025-03-05 15:05:47,506 INFO Проблема с комментариями к видео Фристайл (УикендЭтноЭксп на Тойоте III. Клип IV)
../logs/API_methods.log 2025-03-05 15:05:47,506 INFO Проблема с комментариями к видео УикендЭтноЭксп на Тойоте. Клип IV. Узнай свой предел
../logs/API_methods.log 2025-03-05 15:05:47,506 INFO Успешно получили комментарии для 5 видео
../logs/API_methods.log 2025-03-05 15:05:48,514 INFO ФУНКЦИЯ GET_VIDEO_COMMENT!!!
../logs/API_methods.log 2025-03-05 15:05:48,644 INFO Проблема с комментариями к видео УикендЭтноЭксп на Тойоте II. Клип II. Превозмогание
../logs/API_methods.log 2025-03-05 15:05:48,645 INFO Проблема с комментариями к видео Псевдоветераны на Пушкинской
../logs/API_methods.log 2025-03-05 15:05:48,645 INFO Проблема с комментариями к видео УикендЭтноЭксп на Тойоте. Поездка первая. Итоговый ролик
../logs/API_methods.log 2025-03-05 15:05:48,645 INFO Проблема с комментариями к видео УикендЭтноЭксп на Тойоте V. День 4. Фикус
../logs/API_methods.log 2025-03-05 15:05:48,645 INFO Проблема с комментариями к видео Как делают пряники
../logs/API_methods.log 2025-03-05 15:05:48,645 INFO Успешно получили комментарии для 5 видео
../logs/API_methods.log 2025-03-05 15:05:49,650 INFO ФУНКЦИЯ GET_VIDEO_COMMENT!!!
../logs/API_methods.log 2025-03-05 15:05:49,773 INFO Проблема с комментариями к видео УикендЭтноЭксп на Тойоте: Ответы на вопросы
../logs/API_methods.log 2025-03-05 15:05:49,773 INFO Проблема с комментариями к видео Про неуспех
../logs/API_methods.log 2025-03-05 15:05:49,773 INFO Проблема с комментариями к видео Промдизайн
../logs/API_methods.log 2025-03-05 15:05:49,774 INFO Проблема с комментариями к видео УикендЭтноЭксп на Тойоте часть IV. Кострома. Понедельник и Беймджампинг
../logs/API_methods.log 2025-03-05 15:05:49,774 INFO Проблема с комментариями к видео Большое интервью с Артемием Лебедевым на тему дизайна сайта ya.ru
../logs/API_methods.log 2025-03-05 15:05:49,774 INFO Успешно получили комментарии для 5 видео
../logs/API_methods.log 2025-03-05 15:05:50,782 INFO ФУНКЦИЯ GET_VIDEO_COMMENT!!!
../logs/API_methods.log 2025-03-05 15:05:50,920 INFO Проблема с комментариями к видео УикендЭтноЭксп на Тойоте. Воскресенье. Мотофристайл с Колесниковым
../logs/API_methods.log 2025-03-05 15:05:50,920 INFO Проблема с комментариями к видео УикендЭтноЭксп на Тойоте. Машина первая. Хайлюкс
../logs/API_methods.log 2025-03-05 15:05:50,920 INFO Проблема с комментариями к видео Сноуборд и трюки
../logs/API_methods.log 2025-03-05 15:05:50,920 INFO Проблема с комментариями к видео УикендЭтноЭксп на Тойоте часть IV. Ярославль. Суббота
../logs/API_methods.log 2025-03-05 15:05:50,920 INFO Проблема с комментариями к видео Как в Тель-Авиве собирают строительные леса
../logs/API_methods.log 2025-03-05 15:05:50,920 INFO Успешно получили комментарии для 5 видео
../logs/API_methods.log 2025-03-05 15:05:51,928 INFO ФУНКЦИЯ GET_VIDEO_COMMENT!!!
../logs/API_methods.log 2025-03-05 15:05:52,047 INFO Проблема с комментариями к видео Как ткут вологодские кружева
../logs/API_methods.log 2025-03-05 15:05:52,047 INFO Проблема с комментариями к видео Ловля рыбы на дамбе Джебель Аулия в Судане
../logs/API_methods.log 2025-03-05 15:05:52,047 INFO Проблема с комментариями к видео Голый Борис Джонсон / Испанцы отобрали детей у россиянки / Протесты в Праге
../logs/API_methods.log 2025-03-05 15:05:52,048 INFO Проблема с комментариями к видео МексЭтноЭксп. Часть II. Ответы на вопросы зрителей
../logs/API_methods.log 2025-03-05 15:05:52,048 INFO Проблема с комментариями к видео Стрелок из Благовещенска // Аэрофлот против котиков // Чиполлино запретили к показу
../logs/API_methods.log 2025-03-05 15:05:52,048 INFO Успешно получили комментарии для 5 видео
../logs/API_methods.log 2025-03-05 15:05:53,054 INFO ФУНКЦИЯ GET_VIDEO_COMMENT!!!
../logs/API_methods.log 2025-03-05 15:05:53,168 INFO Проблема с комментариями к видео Криптовалюту Павла Дурова приостановили // Кроссовки со святой водой // Протест игроков Близзард
../logs/API_methods.log 2025-03-05 15:05:53,168 INFO Проблема с комментариями к видео УикендЭтноЭксп на Тойоте. Э6: Д1. Выезд из Москвы
../logs/API_methods.log 2025-03-05 15:05:53,168 INFO Проблема с комментариями к видео УикендЭтноЭксп на Тойоте. Э6: Д3. Лепота и Талдом
../logs/API_methods.log 2025-03-05 15:05:53,168 INFO Проблема с комментариями к видео Бизнес-линч в прямом эфире
../logs/API_methods.log 2025-03-05 15:05:53,168 INFO Проблема с комментариями к видео Мужчина отрезал себе пенис / Путин чпонькнул в прямом эфире / Кот прожил 52 дня без еды
../logs/API_methods.log 2025-03-05 15:05:53,169 INFO Успешно получили комментарии для 5 видео
../logs/API_methods.log 2025-03-05 15:05:54,178 INFO ФУНКЦИЯ GET_VIDEO_COMMENT!!!
../logs/API_methods.log 2025-03-05 15:05:54,292 INFO Проблема с комментариями к видео УикендЭтноЭксп на Тойоте V. День 3. Калуга
../logs/API_methods.log 2025-03-05 15:05:54,292 INFO Проблема с комментариями к видео Про успех
../logs/API_methods.log 2025-03-05 15:05:54,292 INFO Проблема с комментариями к видео ЛОМАЕМ НОВЫЙ ТЕЛЕФОН ЗА 500К РУБЛЕЙ. JEEP ВСЁ.
../logs/API_methods.log 2025-03-05 15:05:54,293 INFO Проблема с комментариями к видео ФУНДАМЕНТ ОТЕЧЕСТВЕННОГО АВТОСПОРТА. ПОДГОТОВЛЕННАЯ ЖИГА.
../logs/API_methods.log 2025-03-05 15:05:54,293 INFO Проблема с комментариями к видео МЫ СНОВА ПЕРЕВОРАЧИВАЕМ И ТОПИМ ВЕЗДЕХОД. DOZER.
../logs/API_methods.log 2025-03-05 15:05:54,293 INFO Успешно получили комментарии для 5 видео
../logs/API_methods.log 2025-03-05 15:05:55,299 INFO ФУНКЦИЯ GET_VIDEO_COMMENT!!!
../logs/API_methods.log 2025-03-05 15:05:55,408 INFO Проблема с комментариями к видео НИВА СНОВА ДОКАЗАЛА ЧТО ОНА МОЖЕТ ВСЁ. ПРОСТОЙ ДРИФТ КОНФИГ.
../logs/API_methods.log 2025-03-05 15:05:55,408 INFO Проблема с комментариями к видео СТАРАЯ ШКОЛА АВТОМОБИЛЕСТРОЕНИЯ. SUZUKI FRONX.
../logs/API_methods.log 2025-03-05 15:05:55,408 INFO Проблема с комментариями к видео Я КУПИЛ САМЫЙ СТРАШНЫЙ АВТОМОБИЛЬ В МИРЕ. Fiat Multipla.
../logs/API_methods.log 2025-03-05 15:05:55,408 INFO Проблема с комментариями к видео КУПИЛ ТО, ЧЕГО ТАК БОЯЛСЯ
../logs/API_methods.log 2025-03-05 15:05:55,408 INFO Проблема с комментариями к видео ОКАЗИЯ. НАШЛИ СПУСТЯ 7 ЛЕТ. СУДЬБА ПРОЕКТА.
../logs/API_methods.log 2025-03-05 15:05:55,408 INFO Успешно получили комментарии для 5 видео
../logs/API_methods.log 2025-03-05 15:05:56,414 INFO ФУНКЦИЯ GET_VIDEO_COMMENT!!!
../logs/API_methods.log 2025-03-05 15:05:56,525 INFO Проблема с комментариями к видео НАСТОЯЩИЙ ЯПОНЕЦ* НА ГАРАНТИИ* SUZUKI S-CROSS
../logs/API_methods.log 2025-03-05 15:05:56,525 INFO Проблема с комментариями к видео ЭЛЕКТРИЧЕСТВО НА ХУТОРЕ. МИЦУОКА РВЕТ, МЕЧЕТ И ДРИФТИТ.
../logs/API_methods.log 2025-03-05 15:05:56,525 INFO Проблема с комментариями к видео САМЫЙ ДИКИЙ BAJAJ PHEV ДЛЯ ДРИФТА !!!
../logs/API_methods.log 2025-03-05 15:05:56,526 INFO Проблема с комментариями к видео ЗАВИСАЕМ ЗА РАБОТОЙ В ГАРАЖЕ МЕЧТЫ.
../logs/API_methods.log 2025-03-05 15:05:56,526 INFO Проблема с комментариями к видео MATIZ ГИБРИД ПОЛНЫЙ ПРИВОД 100 СИЛ СВОИМИ РУКАМИ
../logs/API_methods.log 2025-03-05 15:05:56,526 INFO Успешно получили комментарии для 5 видео
../logs/API_methods.log 2025-03-05 15:05:57,536 INFO ФУНКЦИЯ GET_VIDEO_COMMENT!!!
../logs/API_methods.log 2025-03-05 15:05:57,654 INFO Проблема с комментариями к видео ТЮНИНГ НИВЫ БЕЗ 12.5.1. БУДЕТ СЛОЖНО.
../logs/API_methods.log 2025-03-05 15:05:57,654 INFO Проблема с комментариями к видео Я КИДАЮ ЛОМ 2025
../logs/API_methods.log 2025-03-05 15:05:57,654 INFO Проблема с комментариями к видео S КЛАСС НА ШЕСНАРЕ ВАЛИТ БОКОМ. ФИНАЛ ПРОЕКТА.
../logs/API_methods.log 2025-03-05 15:05:57,655 INFO Проблема с комментариями к видео ГРОБИМ ХИТ ПРОДАЖ JETOUR T2 НА ДЛИТЕЛЬНОМ ТЕСТЕ.
../logs/API_methods.log 2025-03-05 15:05:57,655 INFO Проблема с комментариями к видео 10 МЕСЯЦЕВ РЕМОНТА И ФРОНТЕРА ГОТОВА !!!
../logs/API_methods.log 2025-03-05 15:05:57,655 INFO Успешно получили комментарии для 5 видео
../logs/API_methods.log 2025-03-05 15:05:58,664 INFO ФУНКЦИЯ GET_VIDEO_COMMENT!!!
../logs/API_methods.log 2025-03-05 15:05:58,786 INFO Проблема с комментариями к видео ГЕЛИК ИЗ GTA ЗА 12 МИЛЛИОНОВ. TANK 700 EDITION ONE.
../logs/API_methods.log 2025-03-05 15:05:58,787 INFO Проблема с комментариями к видео ВСЕ ГОВОРЯТ МЕНЯЙ RANGE ROVER НА Li 9. А МОЖЕТ И ПРАВДА ?
../logs/API_methods.log 2025-03-05 15:05:58,787 INFO Проблема с комментариями к видео Вездеходы Venom
../logs/API_methods.log 2025-03-05 15:05:58,787 INFO Проблема с комментариями к видео САМЫЙ РЕДКИЙ КОНФИГ BMW. 500 СИЛ И ЗАНИЖЕНИЕ СВОИМИ РУКАМИ БЕЗ 12.5.1
../logs/API_methods.log 2025-03-05 15:05:58,787 INFO Проблема с комментариями к видео MERCEDES S150i ТУРБОШЕСНАРЬ В S КЛАСС.
../logs/API_methods.log 2025-03-05 15:05:58,787 INFO Успешно получили комментарии для 5 видео
../logs/API_methods.log 2025-03-05 15:05:59,795 INFO ФУНКЦИЯ GET_VIDEO_COMMENT!!!
../logs/API_methods.log 2025-03-05 15:05:59,912 INFO Проблема с комментариями к видео 700 ЛОШАДЕЙ ПЕРВОБЫТНОГО СТРАХА. RAM TRX.
../logs/API_methods.log 2025-03-05 15:05:59,912 INFO Проблема с комментариями к видео МЕРСЕДЕС ИЗ МЕМОВ. S КЛАСС ЗА 340 ТЫСЯЧ. ПОСЛЕДНИЙ ПОЛЁТ V8.
../logs/API_methods.log 2025-03-05 15:05:59,912 INFO Проблема с комментариями к видео НА ХУТОРЕ НОВЫЙ МОСТ. И ШАШЛЫНДОС.
../logs/API_methods.log 2025-03-05 15:05:59,912 INFO Проблема с комментариями к видео САМОЕ ДОРОГОЕ BMW. ROLLS-ROYCE CULLINAN.
../logs/API_methods.log 2025-03-05 15:05:59,912 INFO Проблема с комментариями к видео МИТСУОКА ВЕРНУЛАСЬ, ЭЛЕКТРОГИДРОЦИКЛ ИЗ ПОМОЙКИ. МАКСИМАЛЬНАЯ СКОРОСТЬ.
../logs/API_methods.log 2025-03-05 15:05:59,912 INFO Успешно получили комментарии для 5 видео
../logs/API_methods.log 2025-03-05 15:06:00,920 INFO ФУНКЦИЯ GET_VIDEO_COMMENT!!!
../logs/API_methods.log 2025-03-05 15:06:01,051 INFO Проблема с комментариями к видео БОРОЛИСЬ С ГНИЛЬЮ НА НОВОМ КУЗОВЕ, А ПОТОМ МОТОР ....
../logs/API_methods.log 2025-03-05 15:06:01,051 INFO Проблема с комментариями к видео ВАЗ 2115 НА ДВУХ МОТОРАХ. 200 СИЛ ПОЛНЫЙ ПРИВОД. СВОИМИ РУКАМИ.
../logs/API_methods.log 2025-03-05 15:06:01,052 INFO Проблема с комментариями к видео МАЛЯРКА ЗА МИЛЛИОН НЕ ПОМОГЛА И ОПЕЛЬ СРАЗУ ГНИЁТ.
../logs/API_methods.log 2025-03-05 15:06:01,052 INFO Проблема с комментариями к видео НАСТАЛА МОЯ ОЧЕРЕДЬ. НОВЫЙ ГЕЛИК G63.
../logs/API_methods.log 2025-03-05 15:06:01,052 INFO Проблема с комментариями к видео МИЛЛИОН + ЗА МАЛЯРКУ СТАРОГО ОПЕЛЯ. БЛЕСТЯЩЕ, НО ОЧЕНЬ ДОРОГО.
../logs/API_methods.log 2025-03-05 15:06:01,052 INFO Успешно получили комментарии для 5 видео
../logs/API_methods.log 2025-03-05 15:06:02,059 INFO ФУНКЦИЯ GET_VIDEO_COMMENT!!!
../logs/API_methods.log 2025-03-05 15:06:02,222 INFO Проблема с комментариями к видео НОВАЯ ТАВРИЯ NOVA. 20 ЛЕТ В ГАРАЖЕ.
../logs/API_methods.log 2025-03-05 15:06:02,223 INFO Проблема с комментариями к видео НОВАЯ LADA AURA. УДИВИТЕЛЬНЫЙ "ПРЕМИУМ".
../logs/API_methods.log 2025-03-05 15:06:02,223 INFO Проблема с комментариями к видео НИКОГДА. НЕЛЬЗЯ. РЕСТАВРИРОВАТЬ. ОПЕЛЬ. ЧАСТЬ 1.
../logs/API_methods.log 2025-03-05 15:06:02,223 INFO Проблема с комментариями к видео ИСКАЛИ НЕМЦА ЗА СОТКУ А НАШЛИ ИРАНСКУЮ "БОМБУ" !!!!!
../logs/API_methods.log 2025-03-05 15:06:02,223 INFO Проблема с комментариями к видео ВПИСКА БЛОГЕРОВ НА ХУТОРЕ В БЫТОВКЕ. МАТИЗ ВЕРНУЛИ В СТОК, НО ....
../logs/API_methods.log 2025-03-05 15:06:02,223 INFO Успешно получили комментарии для 5 видео
../logs/API_methods.log 2025-03-05 15:06:03,230 INFO ФУНКЦИЯ GET_VIDEO_COMMENT!!!
../logs/API_methods.log 2025-03-05 15:06:03,344 INFO Проблема с комментариями к видео МАШИНА ДЛЯ ЛЮДЕЙ БЕЗ ДЕНЕГ. И БЕЗ КОМПЛЕКСОВ. BAJAJ QUTE.
../logs/API_methods.log 2025-03-05 15:06:03,344 INFO Проблема с комментариями к видео БНВ ПОЗАДИ ТЕБЯ
../logs/API_methods.log 2025-03-05 15:06:03,344 INFO Проблема с комментариями к видео МИРОВОЙ РЕКОРД СКОРОСТИ НА МУСОРНОМ БАКЕ
../logs/API_methods.log 2025-03-05 15:06:03,344 INFO Проблема с комментариями к видео ЛИАЗ ЧИНИТСЯ. ШИШИГА НА ГУСЕНИЦАХ СТРОИТСЯ И ИСПЫТЫВАЕТСЯ.
../logs/API_methods.log 2025-03-05 15:06:03,344 INFO Проблема с комментариями к видео ТУРБОМАТИЗ ПРОТИВ ВСЕХ. ФИНАЛ ПРОЕКТА.
../logs/API_methods.log 2025-03-05 15:06:03,344 INFO Успешно получили комментарии для 5 видео
../logs/API_methods.log 2025-03-05 15:06:04,351 INFO ФУНКЦИЯ GET_VIDEO_COMMENT!!!
../logs/API_methods.log 2025-03-05 15:06:04,474 INFO Проблема с комментариями к видео УНИЧТОЖАЕМ КОРОБКУ В ЖЕСТКОМ ТЕСТЕ JAECOO J8.
../logs/API_methods.log 2025-03-05 15:06:04,474 INFO Проблема с комментариями к видео МНОГО МАШИНЫ ЗА АДЕКВАТНЫЕ ДЕНЬГИ. PEUGEOT 406 ЗА 130К РУБЛЕЙ.
../logs/API_methods.log 2025-03-05 15:06:04,474 INFO Проблема с комментариями к видео ЧТО ВАС ЖДЁТ С JEEP WRANGLER ЧЕРЕЗ ПЯТЬ ЛЕТ  ВЛАДЕНИЯ.
../logs/API_methods.log 2025-03-05 15:06:04,474 INFO Проблема с комментариями к видео Я ЕЗЖУ НА ЧАЙКЕ КАЖДЫЙ ДЕНЬ И КАЙФУЮ.
../logs/API_methods.log 2025-03-05 15:06:04,474 INFO Проблема с комментариями к видео БОЛЬ СТРАДАНИЕ УПОРСТВО И ПОБЕДА !!! МАТИЗ 200 СИЛ.
../logs/API_methods.log 2025-03-05 15:06:04,474 INFO Успешно получили комментарии для 5 видео
../logs/API_methods.log 2025-03-05 15:06:05,480 INFO ФУНКЦИЯ GET_VIDEO_COMMENT!!!
../logs/API_methods.log 2025-03-05 15:06:05,605 INFO Проблема с комментариями к видео ДЛИННЫЙ, ПРОХОДИМЫЙ И НЕ ПРОХОДИМЫЙ JEEP GLADIATOR.
../logs/API_methods.log 2025-03-05 15:06:05,605 INFO Проблема с комментариями к видео ДЕЛАЕМ СРАЗУ ВСЕ ПРОЕКТЫ. МОСКВА. ОБЗВОН ПОБЕДИТЕЛЕЙ.
../logs/API_methods.log 2025-03-05 15:06:05,605 INFO Проблема с комментариями к видео МЫ ПРОЕХАЛИ 180 ТЫСЯЧ КМ НА ОКТАВИИ И ОНА СГНИЛА ...
../logs/API_methods.log 2025-03-05 15:06:05,605 INFO Проблема с комментариями к видео ОПРЕДЕЛЯЕМ ПОБЕДИТЕЛЕЙ ПО ВЕСТАМ И НИВЕ
../logs/API_methods.log 2025-03-05 15:06:05,605 INFO Проблема с комментариями к видео Тест стрим из Гаража
../logs/API_methods.log 2025-03-05 15:06:05,605 INFO Успешно получили комментарии для 5 видео
../logs/API_methods.log 2025-03-05 15:06:06,614 INFO ФУНКЦИЯ GET_VIDEO_COMMENT!!!
../logs/API_methods.log 2025-03-05 15:06:06,723 INFO Проблема с комментариями к видео МАТИЗ 200 СИЛ. МЫ БОРОЛИСЬ ДО КОНЦА, НО....
../logs/API_methods.log 2025-03-05 15:06:06,724 INFO Проблема с комментариями к видео ВОТ ПОЧЕМУ Я ПЕРЕЕХАЛ В ОБЛАСТЬ И БОЛЬШЕ НЕ ВЕРНУСЬ В ГОРОД.
../logs/API_methods.log 2025-03-05 15:06:06,724 INFO Проблема с комментариями к видео И Я ПОЗНАЛ СОВЕРШЕНСТВО. 911 turbo S
../logs/API_methods.log 2025-03-05 15:06:06,724 INFO Проблема с комментариями к видео НАМ ВСЕМ ОПЯТЬ ХАНА. ЮТУБ ОПЯТЬ ЗАКРЫВАЮТ.
../logs/API_methods.log 2025-03-05 15:06:06,724 INFO Проблема с комментариями к видео НАМ ЗАВЕЗЛИ ФУРУ ДИЗАЙНА. ОПЯТЬ. JAECOO J7.
../logs/API_methods.log 2025-03-05 15:06:06,724 INFO Успешно получили комментарии для 5 видео
../logs/API_methods.log 2025-03-05 15:06:07,725 INFO ФУНКЦИЯ GET_VIDEO_COMMENT!!!
../logs/API_methods.log 2025-03-05 15:06:07,841 INFO Проблема с комментариями к видео [AcademeG] МЫ НА ПОРОГЕ ОГРОМНЫХ ПРОБЛЕМ. AUDI A8 W12
../logs/API_methods.log 2025-03-05 15:06:07,841 INFO Проблема с комментариями к видео В самое сердце Хибин, зимой на Bentley Ultratank.
../logs/API_methods.log 2025-03-05 15:06:07,841 INFO Проблема с комментариями к видео Granta sport с новым мотором. Едем максималку на льду.
../logs/API_methods.log 2025-03-05 15:06:07,841 INFO Проблема с комментариями к видео Самый беспонтовый мерседес за 140 тысяч рублей
../logs/API_methods.log 2025-03-05 15:06:07,842 INFO Проблема с комментариями к видео 200 сил из мотора от нового Москвича.
../logs/API_methods.log 2025-03-05 15:06:07,842 INFO Успешно получили комментарии для 5 видео
../logs/API_methods.log 2025-03-05 15:06:08,846 INFO ФУНКЦИЯ GET_VIDEO_COMMENT!!!
../logs/API_methods.log 2025-03-05 15:06:09,176 INFO Проблема с комментариями к видео Альфард нам больше не нужен, у нас есть GAC GN8
../logs/API_methods.log 2025-03-05 15:06:09,176 INFO Проблема с комментариями к видео БМП взрывает лед, лось и ultratank на оффроуд маршруте
../logs/API_methods.log 2025-03-05 15:06:09,177 INFO Проблема с комментариями к видео Их всего 100 штук. ГАЗ Атаман
../logs/API_methods.log 2025-03-05 15:06:09,177 INFO Проблема с комментариями к видео Он вам не Москвич. JAC JS6
../logs/API_methods.log 2025-03-05 15:06:09,177 INFO Проблема с комментариями к видео Очень мощный оффроуд. БМП, Volvo bw-202 ЛОСЬ И Ultratank
../logs/API_methods.log 2025-03-05 15:06:09,177 INFO Успешно получили комментарии для 5 видео
../logs/API_methods.log 2025-03-05 15:06:10,186 INFO ФУНКЦИЯ GET_VIDEO_COMMENT!!!
../logs/API_methods.log 2025-03-05 15:06:10,318 INFO Проблема с комментариями к видео Электроснегоход и снегоход гибрид. Жесткий тест.
../logs/API_methods.log 2025-03-05 15:06:10,319 INFO Проблема с комментариями к видео Новые гусеницы, которые едут везде. Bentley Ultratank.
../logs/API_methods.log 2025-03-05 15:06:10,319 INFO Проблема с комментариями к видео Зачем Мохав, когда есть GAC GS8 ?
../logs/API_methods.log 2025-03-05 15:06:10,319 INFO Проблема с комментариями к видео Наша ENEVA. Первый подробный тест драйв.
../logs/API_methods.log 2025-03-05 15:06:10,319 INFO Проблема с комментариями к видео Hyundai Palisade. Самый американский кореец
../logs/API_methods.log 2025-03-05 15:06:10,319 INFO Успешно получили комментарии для 5 видео
../logs/API_methods.log 2025-03-05 15:06:11,324 INFO ФУНКЦИЯ GET_VIDEO_COMMENT!!!
../logs/API_methods.log 2025-03-05 15:06:11,439 INFO Проблема с комментариями к видео Новая семерка BMW. Будущее в которое лучше не попадать.
../logs/API_methods.log 2025-03-05 15:06:11,439 INFO Проблема с комментариями к видео Легенда, которую ты не узнаешь без гугла. Renault Twingo.
../logs/API_methods.log 2025-03-05 15:06:11,440 INFO Проблема с комментариями к видео Огромный подъемник в гараж, аэролодка пострадала, чудеса маркетинга
../logs/API_methods.log 2025-03-05 15:06:11,440 INFO Проблема с комментариями к видео Кому нужен новый Москвич? E-NEVA? Отечественный V8?
../logs/API_methods.log 2025-03-05 15:06:11,440 INFO Проблема с комментариями к видео Nissan за 70К. Не заводится, поменяйте только …
../logs/API_methods.log 2025-03-05 15:06:11,440 INFO Успешно получили комментарии для 5 видео
../logs/API_methods.log 2025-03-05 15:06:12,446 INFO ФУНКЦИЯ GET_VIDEO_COMMENT!!!
../logs/API_methods.log 2025-03-05 15:06:12,559 INFO Проблема с комментариями к видео Еще один хороший вариант за 2М. GAC GS5
../logs/API_methods.log 2025-03-05 15:06:12,559 INFO Проблема с комментариями к видео В СССР делали Кадиллак? Нет это Чайка!
../logs/API_methods.log 2025-03-05 15:06:12,560 INFO Проблема с комментариями к видео Запустили гусеницы в серию. Судьба vesta из розыгрыша. Шумоизоляция на ренжа.
../logs/API_methods.log 2025-03-05 15:06:12,560 INFO Проблема с комментариями к видео Купил супер ликвид и неликвид. Matiz vs Maxima.
../logs/API_methods.log 2025-03-05 15:06:12,560 INFO Проблема с комментариями к видео Нам завезли фуру дизайна. OMODA C5
../logs/API_methods.log 2025-03-05 15:06:12,560 INFO Успешно получили комментарии для 5 видео
../logs/API_methods.log 2025-03-05 15:06:13,561 INFO ФУНКЦИЯ GET_VIDEO_COMMENT!!!
../logs/API_methods.log 2025-03-05 15:06:13,676 INFO Проблема с комментариями к видео Я кидаю Лом 2023
../logs/API_methods.log 2025-03-05 15:06:13,677 INFO Проблема с комментариями к видео ГАЗ 14 ЧАЙКА. Первый выезд.
../logs/API_methods.log 2025-03-05 15:06:13,677 INFO Проблема с комментариями к видео Электроволга готова. Финал проекта.
../logs/API_methods.log 2025-03-05 15:06:13,677 INFO Проблема с комментариями к видео OPEL - Ремонт бесконечности. Разрываем тренды дрифт проектов.
../logs/API_methods.log 2025-03-05 15:06:13,677 INFO Проблема с комментариями к видео Лупа
../logs/API_methods.log 2025-03-05 15:06:13,677 INFO Успешно получили комментарии для 5 видео
../logs/API_methods.log 2025-03-05 15:06:14,679 INFO ФУНКЦИЯ GET_VIDEO_COMMENT!!!
../logs/API_methods.log 2025-03-05 15:06:14,793 INFO Проблема с комментариями к видео Покраска ГАЗ-14 чайка. Самая сложная серия с моей жизни
../logs/API_methods.log 2025-03-05 15:06:14,793 INFO Проблема с комментариями к видео Опель, который невозможно починить
../logs/API_methods.log 2025-03-05 15:06:14,793 INFO Проблема с комментариями к видео Ауди S4 финал. Полная реставрация
../logs/API_methods.log 2025-03-05 15:06:14,793 INFO Проблема с комментариями к видео РЕМОНТ БЕСКОНЕЧНОСТИ. OPEL КАК ОБРАЗ ЖИЗНИ.
../logs/API_methods.log 2025-03-05 15:06:14,793 INFO Проблема с комментариями к видео Приборка из киберпанка. Электроволга собрана, заряжается и едет
../logs/API_methods.log 2025-03-05 15:06:14,793 INFO Успешно получили комментарии для 5 видео
../logs/API_methods.log 2025-03-05 15:06:15,803 INFO ФУНКЦИЯ GET_VIDEO_COMMENT!!!
../logs/API_methods.log 2025-03-05 15:06:15,924 INFO Проблема с комментариями к видео Полная реставрация AUDI S4/S6. Последние мелочи самые трудные.
../logs/API_methods.log 2025-03-05 15:06:15,924 INFO Проблема с комментариями к видео Байка про Техас
../logs/API_methods.log 2025-03-05 15:06:15,924 INFO Проблема с комментариями к видео Как я ушел из перекупства.
../logs/API_methods.log 2025-03-05 15:06:15,924 INFO Проблема с комментариями к видео Как похорошел Москвич при Собянине. JAC JS4
../logs/API_methods.log 2025-03-05 15:06:15,924 INFO Проблема с комментариями к видео Элекро волга. Кузов собран и едет на все деньги!
../logs/API_methods.log 2025-03-05 15:06:15,924 INFO Успешно получили комментарии для 5 видео
../logs/API_methods.log 2025-03-05 15:06:16,932 INFO ФУНКЦИЯ GET_VIDEO_COMMENT!!!
../logs/API_methods.log 2025-03-05 15:06:17,039 INFO Проблема с комментариями к видео Как я стал перекупом. Цена не оставляла выбора.
../logs/API_methods.log 2025-03-05 15:06:17,040 INFO Проблема с комментариями к видео Готовим фронтерик к хутору своими золотыми руками
../logs/API_methods.log 2025-03-05 15:06:17,040 INFO Проблема с комментариями к видео ЕЙ НЕ НУЖНЫ ТВОИ ДЕНЬГИ. 530d
../logs/API_methods.log 2025-03-05 15:06:17,040 INFO Проблема с комментариями к видео Прародитель Логана, но лучше. Тачка за 100 тысяч
../logs/API_methods.log 2025-03-05 15:06:17,040 INFO Проблема с комментариями к видео ОТДАЛ МОСКВИЧ. WRANGLER РАССЫПАЛСЯ за 15К километров.
../logs/API_methods.log 2025-03-05 15:06:17,040 INFO Успешно получили комментарии для 5 видео
../logs/API_methods.log 2025-03-05 15:06:18,042 INFO ФУНКЦИЯ GET_VIDEO_COMMENT!!!
../logs/API_methods.log 2025-03-05 15:06:18,158 INFO Проблема с комментариями к видео Да я бы тут на своей девяточке  !!!
../logs/API_methods.log 2025-03-05 15:06:18,158 INFO Проблема с комментариями к видео Итоги конкурса
../logs/API_methods.log 2025-03-05 15:06:18,158 INFO Проблема с комментариями к видео Insignia
../logs/API_methods.log 2025-03-05 15:06:18,158 INFO Проблема с комментариями к видео Таджикские девочки
../logs/API_methods.log 2025-03-05 15:06:18,158 INFO Проблема с комментариями к видео Как снять успешную рекламу.
../logs/API_methods.log 2025-03-05 15:06:18,158 INFO Успешно получили комментарии для 5 видео
../logs/API_methods.log 2025-03-05 15:06:19,166 INFO ФУНКЦИЯ GET_VIDEO_COMMENT!!!
../logs/API_methods.log 2025-03-05 15:06:19,277 INFO Проблема с комментариями к видео Съёмки Гольфа
../logs/API_methods.log 2025-03-05 15:06:19,277 INFO Проблема с комментариями к видео Видео от Максима Верясова-Белозерова
../logs/API_methods.log 2025-03-05 15:06:19,277 INFO Проблема с комментариями к видео Женский стендап: Оля Малащенко – дегустация отношений
../logs/API_methods.log 2025-03-05 15:06:19,278 INFO Проблема с комментариями к видео Однажды в России: Свободные отношения
../logs/API_methods.log 2025-03-05 15:06:19,278 INFO Проблема с комментариями к видео Comedy Club: Субстанция по-русски | Бутусов, Сафонов
../logs/API_methods.log 2025-03-05 15:06:19,278 INFO Успешно получили комментарии для 5 видео
../logs/API_methods.log 2025-03-05 15:06:20,282 INFO ФУНКЦИЯ GET_VIDEO_COMMENT!!!
../logs/API_methods.log 2025-03-05 15:06:20,399 INFO Проблема с комментариями к видео Comedy Club: Скандал на шоу | Харламов, Воля, Бебуришвили
../logs/API_methods.log 2025-03-05 15:06:20,399 INFO Проблема с комментариями к видео Однажды в России: Модный заговор
../logs/API_methods.log 2025-03-05 15:06:20,400 INFO Проблема с комментариями к видео Comedy Club: Вся правда о резидентах | Меньшова, Матуа, Аверин, Сорокин
../logs/API_methods.log 2025-03-05 15:06:20,400 INFO Проблема с комментариями к видео Stand Up: Иван Абрамов - некультурные люди
../logs/API_methods.log 2025-03-05 15:06:20,400 INFO Проблема с комментариями к видео Comedy Club: Самая короткая миниатюра | Харламов, Батрутдинов
../logs/API_methods.log 2025-03-05 15:06:20,400 INFO Успешно получили комментарии для 5 видео
../logs/API_methods.log 2025-03-05 15:06:21,409 INFO ФУНКЦИЯ GET_VIDEO_COMMENT!!!
../logs/API_methods.log 2025-03-05 15:06:21,527 INFO Проблема с комментариями к видео Миллион вопросов. Выпуск 8. Владимир Сычёв
../logs/API_methods.log 2025-03-05 15:06:21,527 INFO Проблема с комментариями к видео Женский стендап: Мария Маркова - странные знакомства
../logs/API_methods.log 2025-03-05 15:06:21,527 INFO Проблема с комментариями к видео Однажды в России: Злой курьер
../logs/API_methods.log 2025-03-05 15:06:21,527 INFO Проблема с комментариями к видео Миллион вопросов. Выпуск 7. Сарик Андреасян
../logs/API_methods.log 2025-03-05 15:06:21,527 INFO Проблема с комментариями к видео Comedy Club: Петросян в Comedy Club | ОВР Шоу, Уральские пельмени, Аншлаг
../logs/API_methods.log 2025-03-05 15:06:21,528 INFO Успешно получили комментарии для 5 видео
../logs/API_methods.log 2025-03-05 15:06:22,534 INFO ФУНКЦИЯ GET_VIDEO_COMMENT!!!
../logs/API_methods.log 2025-03-05 15:06:22,644 INFO Проблема с комментариями к видео Comedy Club: Шутки в офисе | Харламов, Мусагалиев, Дорохов, Кошкина, Иванов
../logs/API_methods.log 2025-03-05 15:06:22,645 INFO Проблема с комментариями к видео Миллион вопросов. Выпуск 6. Ирина Мягкова
../logs/API_methods.log 2025-03-05 15:06:22,645 INFO Проблема с комментариями к видео Однажды в России: Дворовое каратэ
../logs/API_methods.log 2025-03-05 15:06:22,645 INFO Проблема с комментариями к видео Comedy Club: Как найти девушку | Иван Половинкин
../logs/API_methods.log 2025-03-05 15:06:22,645 INFO Проблема с комментариями к видео Миллион вопросов. Выпуск 5. Демис Карибидис
../logs/API_methods.log 2025-03-05 15:06:22,645 INFO Успешно получили комментарии для 5 видео
../logs/API_methods.log 2025-03-05 15:06:23,647 INFO ФУНКЦИЯ GET_VIDEO_COMMENT!!!
../logs/API_methods.log 2025-03-05 15:06:23,764 INFO Проблема с комментариями к видео Comedy Club: Конкурс красоты | Олеся Иванченко, Никита Никитин
../logs/API_methods.log 2025-03-05 15:06:23,764 INFO Проблема с комментариями к видео Stand Up: Егор Свирский - размер имеет значение
../logs/API_methods.log 2025-03-05 15:06:23,764 INFO Проблема с комментариями к видео Comedy Club: Женщина-начальник | Кравец, Никитин, Иванов, Бутусов, Сафонов
../logs/API_methods.log 2025-03-05 15:06:23,764 INFO Проблема с комментариями к видео Миллион вопросов. Выпуск 4. Марина Кравец
../logs/API_methods.log 2025-03-05 15:06:23,764 INFO Проблема с комментариями к видео Однажды в России: Зимний отдых
../logs/API_methods.log 2025-03-05 15:06:23,764 INFO Успешно получили комментарии для 5 видео
../logs/API_methods.log 2025-03-05 15:06:24,772 INFO ФУНКЦИЯ GET_VIDEO_COMMENT!!!
../logs/API_methods.log 2025-03-05 15:06:24,890 INFO Проблема с комментариями к видео Comedy Club: Измена во сне | Демис Карибидис, Марина Кравец
../logs/API_methods.log 2025-03-05 15:06:24,890 INFO Проблема с комментариями к видео Большое переселение. Сезон 1. Выпуск 8.
../logs/API_methods.log 2025-03-05 15:06:24,890 INFO Проблема с комментариями к видео Однажды в России: Гарри Поттер в России
../logs/API_methods.log 2025-03-05 15:06:24,890 INFO Проблема с комментариями к видео Миллион вопросов. Выпуск 3. Александр Шепс
../logs/API_methods.log 2025-03-05 15:06:24,890 INFO Проблема с комментариями к видео Comedy Club: Харламов против всех | Харламов, Мартиросян, Батрутдинов, Ревва, Гавр
../logs/API_methods.log 2025-03-05 15:06:24,890 INFO Успешно получили комментарии для 5 видео
../logs/API_methods.log 2025-03-05 15:06:25,901 INFO ФУНКЦИЯ GET_VIDEO_COMMENT!!!
../logs/API_methods.log 2025-03-05 15:06:26,013 INFO Проблема с комментариями к видео Большое переселение. Сезон 1. Выпуск 7.
../logs/API_methods.log 2025-03-05 15:06:26,013 INFO Проблема с комментариями к видео Comedy Club: Заслуженные артисты | Харламов, Карибидис, Куценко, Никитин
../logs/API_methods.log 2025-03-05 15:06:26,013 INFO Проблема с комментариями к видео Миллион вопросов. Выпуск 2. Алёна БЛИН (Жигалова)
../logs/API_methods.log 2025-03-05 15:06:26,013 INFO Проблема с комментариями к видео Однажды в России: Ярче дрозд
../logs/API_methods.log 2025-03-05 15:06:26,013 INFO Проблема с комментариями к видео Женский стендап: Карина Мейханаджян - жадные мужчины
../logs/API_methods.log 2025-03-05 15:06:26,013 INFO Успешно получили комментарии для 5 видео
../logs/API_methods.log 2025-03-05 15:06:27,019 INFO ФУНКЦИЯ GET_VIDEO_COMMENT!!!
../logs/API_methods.log 2025-03-05 15:06:27,201 INFO Проблема с комментариями к видео Большое переселение. Сезон 1. Выпуск 6.
../logs/API_methods.log 2025-03-05 15:06:27,201 INFO Проблема с комментариями к видео Однажды в России: Свадьба вслепую
../logs/API_methods.log 2025-03-05 15:06:27,201 INFO Проблема с комментариями к видео Comedy Club: Небесная канцелярия | Гарик Харламов, Денис Дорохов, Валерий Равдин
../logs/API_methods.log 2025-03-05 15:06:27,201 INFO Проблема с комментариями к видео Миллион вопросов. Выпуск 1. Максим Лагашкин.
../logs/API_methods.log 2025-03-05 15:06:27,201 INFO Проблема с комментариями к видео Comedy Club: Кастинг на шоу «Конфетка» | Гарик Харламов, Гарик Мартиросян
../logs/API_methods.log 2025-03-05 15:06:27,201 INFO Успешно получили комментарии для 5 видео
../logs/API_methods.log 2025-03-05 15:06:28,208 INFO ФУНКЦИЯ GET_VIDEO_COMMENT!!!
../logs/API_methods.log 2025-03-05 15:06:28,328 INFO Проблема с комментариями к видео Stand Up: Михаил Зубарев - современные родители
../logs/API_methods.log 2025-03-05 15:06:28,328 INFO Проблема с комментариями к видео Comedy Club: Импровизация в камеди | Тимур Батрутдинов, Александр Ревва
../logs/API_methods.log 2025-03-05 15:06:28,328 INFO Проблема с комментариями к видео Большое переселение. Сезон 1. Выпуск 5.
../logs/API_methods.log 2025-03-05 15:06:28,329 INFO Проблема с комментариями к видео Однажды в России: Реальный сосед
../logs/API_methods.log 2025-03-05 15:06:28,329 INFO Проблема с комментариями к видео Женский стендап: Надя Джабраилова - квартира в наследство
../logs/API_methods.log 2025-03-05 15:06:28,329 INFO Успешно получили комментарии для 5 видео
../logs/API_methods.log 2025-03-05 15:06:29,337 INFO ФУНКЦИЯ GET_VIDEO_COMMENT!!!
../logs/API_methods.log 2025-03-05 15:06:29,445 INFO Проблема с комментариями к видео Comedy Club: Будь дебилом | Алексей Шальнов
../logs/API_methods.log 2025-03-05 15:06:29,445 INFO Проблема с комментариями к видео Stand Up: Тимур Джанкезов - недоверчивые женщины
../logs/API_methods.log 2025-03-05 15:06:29,445 INFO Проблема с комментариями к видео Большое переселение. Сезон 1. Выпуск 4
../logs/API_methods.log 2025-03-05 15:06:29,445 INFO Проблема с комментариями к видео Женский стендап: Зоя Яровицына - работа со стилистом
../logs/API_methods.log 2025-03-05 15:06:29,445 INFO Проблема с комментариями к видео Однажды в России: Мать в декрете
../logs/API_methods.log 2025-03-05 15:06:29,445 INFO Успешно получили комментарии для 5 видео
../logs/API_methods.log 2025-03-05 15:06:30,449 INFO ФУНКЦИЯ GET_VIDEO_COMMENT!!!
../logs/API_methods.log 2025-03-05 15:06:30,557 INFO Проблема с комментариями к видео Comedy Club: Натальная карта в полиции | Иванченко, Харламов, Батрутдинов
../logs/API_methods.log 2025-03-05 15:06:30,557 INFO Проблема с комментариями к видео Comedy Club: Офисный квадробер | Демис Карибидис, Марина Кравец, Денис Дорохов
../logs/API_methods.log 2025-03-05 15:06:30,557 INFO Проблема с комментариями к видео Большое переселение. Сезон 1. Выпуск 3.
../logs/API_methods.log 2025-03-05 15:06:30,557 INFO Проблема с комментариями к видео Stand Up: Константин Бутаков - умная техника
../logs/API_methods.log 2025-03-05 15:06:30,557 INFO Проблема с комментариями к видео Однажды в России: Ремонт электромобиля
../logs/API_methods.log 2025-03-05 15:06:30,557 INFO Успешно получили комментарии для 5 видео
../logs/API_methods.log 2025-03-05 15:06:31,563 INFO ФУНКЦИЯ GET_VIDEO_COMMENT!!!
../logs/API_methods.log 2025-03-05 15:06:31,680 INFO Проблема с комментариями к видео Однажды в России: Уроки соблазна
../logs/API_methods.log 2025-03-05 15:06:31,681 INFO Проблема с комментариями к видео Stand Up: Макс Ко - Дорогое жилье
../logs/API_methods.log 2025-03-05 15:06:31,681 INFO Проблема с комментариями к видео Comedy Club: Дом мечты | Андрей Бебуришвили
../logs/API_methods.log 2025-03-05 15:06:31,681 INFO Проблема с комментариями к видео Большое переселение. Сезон 1. Выпуск 2.
../logs/API_methods.log 2025-03-05 15:06:31,681 INFO Проблема с комментариями к видео Однажды в России: Выжить в офисе
../logs/API_methods.log 2025-03-05 15:06:31,681 INFO Успешно получили комментарии для 5 видео
../logs/API_methods.log 2025-03-05 15:06:32,688 INFO ФУНКЦИЯ GET_VIDEO_COMMENT!!!
../logs/API_methods.log 2025-03-05 15:06:32,829 INFO Проблема с комментариями к видео Comedy Club: Переезд в Москву | Екатерина Моргунова, Алексей Шальнов
../logs/API_methods.log 2025-03-05 15:06:32,829 INFO Проблема с комментариями к видео Comedy Club: Бесячий коллега | Батрутдинов, Стогниенко, Равдин
../logs/API_methods.log 2025-03-05 15:06:32,829 INFO Проблема с комментариями к видео Однажды в России: Компьютерный клуб
../logs/API_methods.log 2025-03-05 15:06:32,829 INFO Проблема с комментариями к видео Большое переселение. Сезон 1. Выпуск 1.
../logs/API_methods.log 2025-03-05 15:06:32,829 INFO Проблема с комментариями к видео Stand Up: Камиль Зулфугаров - ревность к телевизору
../logs/API_methods.log 2025-03-05 15:06:32,829 INFO Успешно получили комментарии для 5 видео
../logs/API_methods.log 2025-03-05 15:06:33,838 INFO ФУНКЦИЯ GET_VIDEO_COMMENT!!!
../logs/API_methods.log 2025-03-05 15:06:33,953 INFO Проблема с комментариями к видео Однажды в России: Служба поддержки
../logs/API_methods.log 2025-03-05 15:06:33,954 INFO Проблема с комментариями к видео Женский стендап: Варвара Щербакова - языковой барьер
../logs/API_methods.log 2025-03-05 15:06:33,954 INFO Проблема с комментариями к видео Однажды в России: Ждуля поневоле
../logs/API_methods.log 2025-03-05 15:06:33,954 INFO Проблема с комментариями к видео Comedy Club: Покушение перед выборами | Харламов, Иванов, Бутусов, Сафонов
../logs/API_methods.log 2025-03-05 15:06:33,954 INFO Проблема с комментариями к видео Comedy Club: Гороскоп на ноябрь | Зураб Матуа, Андрей Аверин, Дмитрий Сорокин
../logs/API_methods.log 2025-03-05 15:06:33,954 INFO Успешно получили комментарии для 5 видео
../logs/API_methods.log 2025-03-05 15:06:34,956 INFO ФУНКЦИЯ GET_VIDEO_COMMENT!!!
../logs/API_methods.log 2025-03-05 15:06:35,114 INFO Проблема с комментариями к видео Однажды в России: Тачка на прокачку
../logs/API_methods.log 2025-03-05 15:06:35,114 INFO Проблема с комментариями к видео Comedy Club: Самая короткая миниатюра | Харламов, Батрутдинов
../logs/API_methods.log 2025-03-05 15:06:35,114 INFO Проблема с комментариями к видео Stand Up: Валентин Сидоров - Анапа vs Мальдивы
../logs/API_methods.log 2025-03-05 15:06:35,114 INFO Проблема с комментариями к видео Однажды в России: Брат за брата
../logs/API_methods.log 2025-03-05 15:06:35,114 INFO Проблема с комментариями к видео Comedy Club: Современный шансон | Марина Кравец, Александр Волобуев
../logs/API_methods.log 2025-03-05 15:06:35,114 INFO Успешно получили комментарии для 5 видео
../logs/API_methods.log 2025-03-05 15:06:36,121 INFO ФУНКЦИЯ GET_VIDEO_COMMENT!!!
../logs/API_methods.log 2025-03-05 15:06:36,276 INFO Проблема с комментариями к видео Женский стендап: Оля Малащенко - дружба с бывшим
../logs/API_methods.log 2025-03-05 15:06:36,276 INFO Проблема с комментариями к видео Однажды в России: Отдых в мегаполисе
../logs/API_methods.log 2025-03-05 15:06:36,276 INFO Проблема с комментариями к видео Comedy Club: Отдых по-русски | Павел Воля
../logs/API_methods.log 2025-03-05 15:06:36,276 INFO Проблема с комментариями к видео Stand Up: Кирилл Мазур - любовь к теще
../logs/API_methods.log 2025-03-05 15:06:36,276 INFO Проблема с комментариями к видео Comedy Club: Телефонные мошенники | Тимур Батрутдинов, Демис Карибидис
../logs/API_methods.log 2025-03-05 15:06:36,276 INFO Успешно получили комментарии для 5 видео
../logs/API_methods.log 2025-03-05 15:06:37,281 INFO ФУНКЦИЯ GET_VIDEO_COMMENT!!!
../logs/API_methods.log 2025-03-05 15:06:37,439 INFO Проблема с комментариями к видео Однажды в России: Тренер по харизме
../logs/API_methods.log 2025-03-05 15:06:37,440 INFO Проблема с комментариями к видео Comedy Club: Свадьба Харламова | Гарик Харламов, Павел Воля, Марина Кравец
../logs/API_methods.log 2025-03-05 15:06:37,440 INFO Проблема с комментариями к видео Stand Up: Константин Бутаков - курсы для мужчин
../logs/API_methods.log 2025-03-05 15:06:37,440 INFO Проблема с комментариями к видео Однажды в России: Политические новости
../logs/API_methods.log 2025-03-05 15:06:37,440 INFO Проблема с комментариями к видео Comedy Club: Безработная жена - Екатерина Моргунова, Алексей Шальнов
../logs/API_methods.log 2025-03-05 15:06:37,440 INFO Успешно получили комментарии для 5 видео
../logs/API_methods.log 2025-03-05 15:06:38,447 INFO ФУНКЦИЯ GET_VIDEO_COMMENT!!!
../logs/API_methods.log 2025-03-05 15:06:38,566 INFO Проблема с комментариями к видео Однажды в России:  Семейные понты
../logs/API_methods.log 2025-03-05 15:06:38,566 INFO Проблема с комментариями к видео Женский стендап: Елизавета Варвара Аранова - стильные люди
../logs/API_methods.log 2025-03-05 15:06:38,566 INFO Проблема с комментариями к видео Comedy Club: Пароль от telegram - Карибидис, Шальнов, Грачев
../logs/API_methods.log 2025-03-05 15:06:38,566 INFO Проблема с комментариями к видео Stand Up: Андрей Атлас - жизнь бизнес-класса
../logs/API_methods.log 2025-03-05 15:06:38,567 INFO Проблема с комментариями к видео Comedy Club: Женя Синяков - мода на психологов
../logs/API_methods.log 2025-03-05 15:06:38,567 INFO Успешно получили комментарии для 5 видео
../logs/API_methods.log 2025-03-05 15:06:39,572 INFO ФУНКЦИЯ GET_VIDEO_COMMENT!!!
../logs/API_methods.log 2025-03-05 15:06:39,679 INFO Проблема с комментариями к видео Однажды в России:  Серебряная свадьба
../logs/API_methods.log 2025-03-05 15:06:39,679 INFO Проблема с комментариями к видео Comedy Club: Оверсайз | Батрутдинов, Карибидис, Кравец, Скороход
../logs/API_methods.log 2025-03-05 15:06:39,679 INFO Проблема с комментариями к видео Stand Up: Стас Старовойтов - взрослые проблемы
../logs/API_methods.log 2025-03-05 15:06:39,679 INFO Проблема с комментариями к видео Однажды в России: Женский лабиринт
../logs/API_methods.log 2025-03-05 15:06:39,679 INFO Проблема с комментариями к видео Comedy Club: Очень богатый человек | Гарик Харламов, Тимур Батрутдинов, Демис Карибидис
../logs/API_methods.log 2025-03-05 15:06:39,679 INFO Успешно получили комментарии для 5 видео
../logs/API_methods.log 2025-03-05 15:06:40,689 INFO ФУНКЦИЯ GET_VIDEO_COMMENT!!!
../logs/API_methods.log 2025-03-05 15:06:40,814 INFO Проблема с комментариями к видео Женский стендап: Сауле Юсупова - семейный бюджет
../logs/API_methods.log 2025-03-05 15:06:40,814 INFO Проблема с комментариями к видео Comedy Club: Ты не такой! | Гарик Харламов, Марина Кравец
../logs/API_methods.log 2025-03-05 15:06:40,814 INFO Проблема с комментариями к видео Женский стендап: Белла - толерантная поездка
../logs/API_methods.log 2025-03-05 15:06:40,815 INFO Проблема с комментариями к видео Однажды в России:  Родительское собрание
../logs/API_methods.log 2025-03-05 15:06:40,815 INFO Проблема с комментариями к видео Однажды в России: Друг-миллионер
../logs/API_methods.log 2025-03-05 15:06:40,815 INFO Успешно получили комментарии для 5 видео
../logs/API_methods.log 2025-03-05 15:06:41,822 INFO ФУНКЦИЯ GET_VIDEO_COMMENT!!!
../logs/API_methods.log 2025-03-05 15:06:41,936 INFO Проблема с комментариями к видео Comedy Club: Женя Синяков - инвестиции
../logs/API_methods.log 2025-03-05 15:06:41,936 INFO Проблема с комментариями к видео Женский стендап: Варвара Щербакова - стрессовые ситуации
../logs/API_methods.log 2025-03-05 15:06:41,937 INFO Проблема с комментариями к видео Stand Up: Евгений Чебатков - гимн хоккеиста
../logs/API_methods.log 2025-03-05 15:06:41,937 INFO Проблема с комментариями к видео Comedy Club: Ночь перед школой - Демис Карибидис, Марина Кравец, Андрей Скороход
../logs/API_methods.log 2025-03-05 15:06:41,937 INFO Проблема с комментариями к видео Однажды в России: Зов природы
../logs/API_methods.log 2025-03-05 15:06:41,937 INFO Успешно получили комментарии для 5 видео
../logs/API_methods.log 2025-03-05 15:06:42,938 INFO ФУНКЦИЯ GET_VIDEO_COMMENT!!!
../logs/API_methods.log 2025-03-05 15:06:43,044 INFO Проблема с комментариями к видео Comedy Club: Дом с привидениями | Иванченко, Бебуришвили, Иванов, Шальнов, Бутусов
../logs/API_methods.log 2025-03-05 15:06:43,044 INFO Проблема с комментариями к видео Comedy Club: Паспортный стол - Демис Карибидис, Андрей Скороход
../logs/API_methods.log 2025-03-05 15:06:43,044 INFO Проблема с комментариями к видео Женский стендап: Надя Джабраилова - тренд на одиночество  @TNT_television
../logs/API_methods.log 2025-03-05 15:06:43,044 INFO Проблема с комментариями к видео Comedy Club: Будь гнидой | Алексей Шальнов
../logs/API_methods.log 2025-03-05 15:06:43,044 INFO Проблема с комментариями к видео Stand Up: Кирилл Мазур - мужская качалка
../logs/API_methods.log 2025-03-05 15:06:43,044 INFO Успешно получили комментарии для 5 видео
../logs/API_methods.log 2025-03-05 15:06:44,053 INFO ФУНКЦИЯ GET_VIDEO_COMMENT!!!
../logs/API_methods.log 2025-03-05 15:06:44,160 INFO Проблема с комментариями к видео Однажды в России: ЗОЖ-нутая подруга
../logs/API_methods.log 2025-03-05 15:06:44,160 INFO Проблема с комментариями к видео Однажды в России: Извинения по-мужски
../logs/API_methods.log 2025-03-05 15:06:44,160 INFO Проблема с комментариями к видео Женский стендап: Карина Мейханаджян - сомнительный комплимент
../logs/API_methods.log 2025-03-05 15:06:44,160 INFO Проблема с комментариями к видео Comedy Club: Москвичи в Армении | Карибидис, Кравец, Скороход
../logs/API_methods.log 2025-03-05 15:06:44,160 INFO Проблема с комментариями к видео Comedy Club: Мечта Харламова - Гарик Харламов, Демис Карибидис
../logs/API_methods.log 2025-03-05 15:06:44,161 INFO Успешно получили комментарии для 5 видео
../logs/API_methods.log 2025-03-05 15:06:45,170 INFO ФУНКЦИЯ GET_VIDEO_COMMENT!!!
../logs/API_methods.log 2025-03-05 15:06:45,279 INFO Проблема с комментариями к видео Однажды в России: Звезды ОВР в Африке
../logs/API_methods.log 2025-03-05 15:06:45,279 INFO Проблема с комментариями к видео Comedy Club: Требования к мужчинам | Иван Половинкин
../logs/API_methods.log 2025-03-05 15:06:45,279 INFO Проблема с комментариями к видео Comedy Club: Эдуард Суровый | Харламов, Батрутдинов
../logs/API_methods.log 2025-03-05 15:06:45,279 INFO Проблема с комментариями к видео Однажды в России: Книжный клуб
../logs/API_methods.log 2025-03-05 15:06:45,279 INFO Проблема с комментариями к видео Comedy Club: Экстрасенс ТВ | USB | Минин, Гореликов, Вьюшкин, Маласаев, Шелков
../logs/API_methods.log 2025-03-05 15:06:45,280 INFO Успешно получили комментарии для 5 видео
../logs/API_methods.log 2025-03-05 15:06:46,289 INFO ФУНКЦИЯ GET_VIDEO_COMMENT!!!
../logs/API_methods.log 2025-03-05 15:06:46,404 INFO Проблема с комментариями к видео Однажды в России: Высокое искусство
../logs/API_methods.log 2025-03-05 15:06:46,404 INFO Проблема с комментариями к видео Однажды в России: Дешевый бензин
../logs/API_methods.log 2025-03-05 15:06:46,404 INFO Проблема с комментариями к видео Comedy Club: Шумные соседи | Харламов, Батрутдинов, Кравец, Скулкина
../logs/API_methods.log 2025-03-05 15:06:46,404 INFO Проблема с комментариями к видео Однажды в России: Семейные игры
../logs/API_methods.log 2025-03-05 15:06:46,404 INFO Проблема с комментариями к видео Comedy Club: Сотворение мира | Харламов, Галустян, Ревва
../logs/API_methods.log 2025-03-05 15:06:46,404 INFO Успешно получили комментарии для 5 видео
../logs/API_methods.log 2025-03-05 15:06:47,410 INFO ФУНКЦИЯ GET_VIDEO_COMMENT!!!
../logs/API_methods.log 2025-03-05 15:06:47,520 INFO Проблема с комментариями к видео Однажды в России: Проблемы со сном
../logs/API_methods.log 2025-03-05 15:06:47,521 INFO Проблема с комментариями к видео Comedy Club: Интервью | Бутусов, Сафонов
../logs/API_methods.log 2025-03-05 15:06:47,521 INFO Проблема с комментариями к видео Comedy Club: Я из будущего - Демис Карибидис, Марина Кравец, Тимур Батрутдинов
../logs/API_methods.log 2025-03-05 15:06:47,521 INFO Проблема с комментариями к видео Comedy Club: Прожарка Стаса Михайлова | Павел Воля
../logs/API_methods.log 2025-03-05 15:06:47,521 INFO Проблема с комментариями к видео Однажды в России: Глава Патриков
../logs/API_methods.log 2025-03-05 15:06:47,521 INFO Успешно получили комментарии для 5 видео
../logs/API_methods.log 2025-03-05 15:06:48,530 INFO ФУНКЦИЯ GET_VIDEO_COMMENT!!!
../logs/API_methods.log 2025-03-05 15:06:48,644 INFO Проблема с комментариями к видео Однажды в России: Русская баня
../logs/API_methods.log 2025-03-05 15:06:48,644 INFO Проблема с комментариями к видео Comedy Club: Двойники Стаса Михайлова | Харламов, Карибидис, Аверин, Иванов, Бутусов, Никитин
../logs/API_methods.log 2025-03-05 15:06:48,645 INFO Проблема с комментариями к видео Однажды в России: Отказался от женщин
../logs/API_methods.log 2025-03-05 15:06:48,645 INFO Проблема с комментариями к видео Comedy Club: Мастер И Маргарита | Антон Иванов, Костя Бутусов, Роман Сафонов
../logs/API_methods.log 2025-03-05 15:06:48,645 INFO Проблема с комментариями к видео Однажды в России: Няня для внучка
../logs/API_methods.log 2025-03-05 15:06:48,645 INFO Успешно получили комментарии для 5 видео
../logs/API_methods.log 2025-03-05 15:06:49,649 INFO ФУНКЦИЯ GET_VIDEO_COMMENT!!!
../logs/API_methods.log 2025-03-05 15:06:49,753 INFO Проблема с комментариями к видео Comedy Club: Новые звёзды шансона | USB | Галустян, Минин, Гореликов, Вьюшкин, Маласаев, Шелков
../logs/API_methods.log 2025-03-05 15:06:49,753 INFO Проблема с комментариями к видео Однажды в России: Признание в измене
../logs/API_methods.log 2025-03-05 15:06:49,753 INFO Проблема с комментариями к видео Comedy Club: Материнский капитал | Бутусов, Сафонов
../logs/API_methods.log 2025-03-05 15:06:49,754 INFO Проблема с комментариями к видео Однажды в России: Натуральные продукты
../logs/API_methods.log 2025-03-05 15:06:49,754 INFO Проблема с комментариями к видео Comedy Club: Беременная девушка | Кравец, Матуа, Аверин, Сорокин
../logs/API_methods.log 2025-03-05 15:06:49,754 INFO Успешно получили комментарии для 5 видео
../logs/API_methods.log 2025-03-05 15:06:50,763 INFO ФУНКЦИЯ GET_VIDEO_COMMENT!!!
../logs/API_methods.log 2025-03-05 15:06:50,891 INFO Проблема с комментариями к видео Однажды в России: Домашний VLOG
../logs/API_methods.log 2025-03-05 15:06:50,891 INFO Проблема с комментариями к видео Comedy Club: Не думай о работе! | Кравец, Карибидис, Батрутдинов
../logs/API_methods.log 2025-03-05 15:06:50,891 INFO Проблема с комментариями к видео Однажды в России: Женская дружба
../logs/API_methods.log 2025-03-05 15:06:50,891 INFO Проблема с комментариями к видео Comedy Club: Кастинг “Новая фабрика звёзд” | Стас Михайлов, Гарик Харламов
../logs/API_methods.log 2025-03-05 15:06:50,891 INFO Проблема с комментариями к видео Однажды в России: Праздничные санкции
../logs/API_methods.log 2025-03-05 15:06:50,892 INFO Успешно получили комментарии для 5 видео
../logs/API_methods.log 2025-03-05 15:06:51,897 INFO ФУНКЦИЯ GET_VIDEO_COMMENT!!!
../logs/API_methods.log 2025-03-05 15:06:52,010 INFO Проблема с комментариями к видео Comedy Club: РОЖАЙ! | Харламов, Батрутдинов, Шкуро
../logs/API_methods.log 2025-03-05 15:06:52,010 INFO Проблема с комментариями к видео Однажды в России: Региональный концерт
../logs/API_methods.log 2025-03-05 15:06:52,010 INFO Проблема с комментариями к видео Comedy Club: Женя Синяков - коуч по харизме
../logs/API_methods.log 2025-03-05 15:06:52,011 INFO Проблема с комментариями к видео Однажды в России: Тёща VS Свекровь
../logs/API_methods.log 2025-03-05 15:06:52,011 INFO Проблема с комментариями к видео Comedy Club: Женские курсы| Кравец, Шкуро, Никитин
../logs/API_methods.log 2025-03-05 15:06:52,011 INFO Успешно получили комментарии для 5 видео
../logs/API_methods.log 2025-03-05 15:06:53,017 INFO ФУНКЦИЯ GET_VIDEO_COMMENT!!!
../logs/API_methods.log 2025-03-05 15:06:53,135 INFO Проблема с комментариями к видео Comedy Club: Слово пацана. Кровь на пуантах | USB
../logs/API_methods.log 2025-03-05 15:06:53,135 INFO Проблема с комментариями к видео Однажды в России: Первый раз в бизнес-класс
../logs/API_methods.log 2025-03-05 15:06:53,135 INFO Проблема с комментариями к видео Comedy Club: Внутренний дебил | Павел Воля
../logs/API_methods.log 2025-03-05 15:06:53,136 INFO Проблема с комментариями к видео Однажды в России: Роскомзадор
../logs/API_methods.log 2025-03-05 15:06:53,136 INFO Проблема с комментариями к видео Comedy Club: А я точно первый? | Иванов, Аверин, Федункив, Бутусов, Шкуро, Сафонов, Шальнов, Никитин
../logs/API_methods.log 2025-03-05 15:06:53,136 INFO Успешно получили комментарии для 5 видео
../logs/API_methods.log 2025-03-05 15:06:54,140 INFO ФУНКЦИЯ GET_VIDEO_COMMENT!!!
../logs/API_methods.log 2025-03-05 15:06:54,249 INFO Проблема с комментариями к видео Однажды в России: Плохая дочь
../logs/API_methods.log 2025-03-05 15:06:54,249 INFO Проблема с комментариями к видео Comedy Club: Женские загоны | Бутусов, Сафонов
../logs/API_methods.log 2025-03-05 15:06:54,250 INFO Проблема с комментариями к видео Comedy Club: Женя Синяков - Богачи с Патриков
../logs/API_methods.log 2025-03-05 15:06:54,250 INFO Проблема с комментариями к видео Однажды в России: Начальник-танцор
../logs/API_methods.log 2025-03-05 15:06:54,250 INFO Проблема с комментариями к видео Однажды в России: Скандальный пассажир
../logs/API_methods.log 2025-03-05 15:06:54,250 INFO Успешно получили комментарии для 5 видео
../logs/API_methods.log 2025-03-05 15:06:55,259 INFO ФУНКЦИЯ GET_VIDEO_COMMENT!!!
../logs/API_methods.log 2025-03-05 15:06:55,374 INFO Проблема с комментариями к видео Comedy Club: Современная этика| Иванов, Федункив, Шкуро, Никитин
../logs/API_methods.log 2025-03-05 15:06:55,374 INFO Проблема с комментариями к видео Однажды в России: Выходной с женой
../logs/API_methods.log 2025-03-05 15:06:55,374 INFO Проблема с комментариями к видео Женский стендап: Мария Маркова - экскурсия в музее
../logs/API_methods.log 2025-03-05 15:06:55,374 INFO Проблема с комментариями к видео Comedy Club: Дон Чичо | Иванов, Бутусов, Сафонов, Шкуро, Шальнов, Хамбиков
../logs/API_methods.log 2025-03-05 15:06:55,374 INFO Проблема с комментариями к видео Comedy Club: Витя Альварес в караоке | Карибидис, Аверин, Сорокин, Матуа, Бутусов, Торнике
../logs/API_methods.log 2025-03-05 15:06:55,374 INFO Успешно получили комментарии для 5 видео
../logs/API_methods.log 2025-03-05 15:06:56,381 INFO ФУНКЦИЯ GET_VIDEO_COMMENT!!!
../logs/API_methods.log 2025-03-05 15:06:56,499 INFO Проблема с комментариями к видео Однажды в России: #Яжмать
../logs/API_methods.log 2025-03-05 15:06:56,499 INFO Проблема с комментариями к видео Comedy Club: 8 марта | Павел Воля
../logs/API_methods.log 2025-03-05 15:06:56,499 INFO Проблема с комментариями к видео Однажды в России: Двойное свидание
../logs/API_methods.log 2025-03-05 15:06:56,499 INFO Проблема с комментариями к видео Женский стендап: Сауле Юсупова - безработные женщины
../logs/API_methods.log 2025-03-05 15:06:56,499 INFO Проблема с комментариями к видео Однажды в России: Мальчишник в Люберцах
../logs/API_methods.log 2025-03-05 15:06:56,500 INFO Успешно получили комментарии для 5 видео
../logs/API_methods.log 2025-03-05 15:06:57,508 INFO ФУНКЦИЯ GET_VIDEO_COMMENT!!!
../logs/API_methods.log 2025-03-05 15:06:57,616 INFO Проблема с комментариями к видео Comedy Club: Такер Карлсон | Карибидис, Батрутдинов, Шальнов
../logs/API_methods.log 2025-03-05 15:06:57,616 INFO Проблема с комментариями к видео Женский стендап: Варвара Щербакова - секреты похудения
../logs/API_methods.log 2025-03-05 15:06:57,616 INFO Проблема с комментариями к видео Однажды в России: Современное образование
../logs/API_methods.log 2025-03-05 15:06:57,616 INFO Проблема с комментариями к видео Comedy Club: Случай в самолёте | Карибидис, Батрутдинов
../logs/API_methods.log 2025-03-05 15:06:57,616 INFO Проблема с комментариями к видео Comedy Club: Дотошная девушка | Иванов, Бутусов, Сафонов
../logs/API_methods.log 2025-03-05 15:06:57,616 INFO Успешно получили комментарии для 5 видео
../logs/API_methods.log 2025-03-05 15:06:58,624 INFO ФУНКЦИЯ GET_VIDEO_COMMENT!!!
../logs/API_methods.log 2025-03-05 15:06:58,741 INFO Проблема с комментариями к видео Однажды в России: Холостяцкая квартира
../logs/API_methods.log 2025-03-05 15:06:58,741 INFO Проблема с комментариями к видео Однажды в России: Два Губерниева
../logs/API_methods.log 2025-03-05 15:06:58,741 INFO Проблема с комментариями к видео Женский стендап: Надя Джабраилова - малая в 30 лет
../logs/API_methods.log 2025-03-05 15:06:58,741 INFO Проблема с комментариями к видео Однажды в России: Ревнивая жена
../logs/API_methods.log 2025-03-05 15:06:58,741 INFO Проблема с комментариями к видео Comedy Club: Романтический ужин | Карибидис, Кравец, Скороход, Темичева
../logs/API_methods.log 2025-03-05 15:06:58,741 INFO Успешно получили комментарии для 5 видео
../logs/API_methods.log 2025-03-05 15:06:59,747 INFO ФУНКЦИЯ GET_VIDEO_COMMENT!!!
../logs/API_methods.log 2025-03-05 15:06:59,870 INFO Проблема с комментариями к видео Однажды в России: Мать-тиран
../logs/API_methods.log 2025-03-05 15:06:59,870 INFO Проблема с комментариями к видео Comedy Club: Барды | Харламов, Батрутдинов
../logs/API_methods.log 2025-03-05 15:06:59,870 INFO Проблема с комментариями к видео Stand Up: Стас Старовойтов - болезни 30-летних
../logs/API_methods.log 2025-03-05 15:06:59,871 INFO Проблема с комментариями к видео Comedy Club: Конфетка | Никитин, Цой, Блохина, Арутюнов
../logs/API_methods.log 2025-03-05 15:06:59,871 INFO Проблема с комментариями к видео Однажды в России: Бесплатная медицина
../logs/API_methods.log 2025-03-05 15:06:59,871 INFO Успешно получили комментарии для 5 видео
../logs/API_methods.log 2025-03-05 15:07:00,872 INFO ФУНКЦИЯ GET_VIDEO_COMMENT!!!
../logs/API_methods.log 2025-03-05 15:07:00,980 INFO Проблема с комментариями к видео Comedy Club: Андрей Бебуришвили - понты
../logs/API_methods.log 2025-03-05 15:07:00,980 INFO Проблема с комментариями к видео Однажды в России: Байкерский беспредел
../logs/API_methods.log 2025-03-05 15:07:00,981 INFO Проблема с комментариями к видео Comedy Club: Мотиваторы | Женя Синяков
../logs/API_methods.log 2025-03-05 15:07:00,981 INFO Проблема с комментариями к видео Женский стендап: Оля Малащенко - ИП "Две крысы"
../logs/API_methods.log 2025-03-05 15:07:00,981 INFO Проблема с комментариями к видео Однажды в России: Миллионеры с Патриков
../logs/API_methods.log 2025-03-05 15:07:00,981 INFO Успешно получили комментарии для 5 видео
../logs/API_methods.log 2025-03-05 15:07:01,987 INFO ФУНКЦИЯ GET_VIDEO_COMMENT!!!
../logs/API_methods.log 2025-03-05 15:07:02,110 INFO Проблема с комментариями к видео Stand Up: Кирилл Мазур - Партнёрские роды
../logs/API_methods.log 2025-03-05 15:07:02,110 INFO Проблема с комментариями к видео Comedy Club: Управляющая компания | Карибидис, Батрутдинов
../logs/API_methods.log 2025-03-05 15:07:02,110 INFO Проблема с комментариями к видео Comedy Club: Утро после корпоратива | Харламов, Карибидис, Батрутдинов, Аверин, Скороход
../logs/API_methods.log 2025-03-05 15:07:02,111 INFO Проблема с комментариями к видео Однажды в России: Мамина радость
../logs/API_methods.log 2025-03-05 15:07:02,111 INFO Проблема с комментариями к видео Однажды в России: Все на мяч тв!
../logs/API_methods.log 2025-03-05 15:07:02,111 INFO Успешно получили комментарии для 5 видео
../logs/API_methods.log 2025-03-05 15:07:03,113 INFO ФУНКЦИЯ GET_VIDEO_COMMENT!!!
../logs/API_methods.log 2025-03-05 15:07:03,227 INFO Проблема с комментариями к видео Женский стендап: Маргарита Родина  - многодетная мать
../logs/API_methods.log 2025-03-05 15:07:03,227 INFO Проблема с комментариями к видео Шоу Воли: Астропрогноз на 2024 | Василиса Володина, Павел Воля
../logs/API_methods.log 2025-03-05 15:07:03,228 INFO Проблема с комментариями к видео Stand Up: Андрей Атлас - домашний енот
../logs/API_methods.log 2025-03-05 15:07:03,228 INFO Проблема с комментариями к видео Comedy Club: Новогодний корпоратив | Кравец, Карибидис, Батрутдинов
../logs/API_methods.log 2025-03-05 15:07:03,228 INFO Проблема с комментариями к видео Однажды в России: Неблагодарная работа
../logs/API_methods.log 2025-03-05 15:07:03,228 INFO Успешно получили комментарии для 5 видео
../logs/API_methods.log 2025-03-05 15:07:04,238 INFO ФУНКЦИЯ GET_VIDEO_COMMENT!!!
../logs/API_methods.log 2025-03-05 15:07:04,421 INFO Проблема с комментариями к видео Однажды в России: Семейный врач
../logs/API_methods.log 2025-03-05 15:07:04,422 INFO Проблема с комментариями к видео Женский стендап: Карина Мейханаджян  - Фитоняшка
../logs/API_methods.log 2025-03-05 15:07:04,422 INFO Проблема с комментариями к видео Однажды в России: Дом на Новый год
../logs/API_methods.log 2025-03-05 15:07:04,422 INFO Проблема с комментариями к видео Stand Up: Кирилл Мазур - двадцатилетний отец
../logs/API_methods.log 2025-03-05 15:07:04,422 INFO Проблема с комментариями к видео Однажды в России: Человейник
../logs/API_methods.log 2025-03-05 15:07:04,422 INFO Успешно получили комментарии для 5 видео
../logs/API_methods.log 2025-03-05 15:07:05,429 INFO ФУНКЦИЯ GET_VIDEO_COMMENT!!!
../logs/API_methods.log 2025-03-05 15:07:05,545 INFO Проблема с комментариями к видео Однажды в России: Дворовая ласточка
../logs/API_methods.log 2025-03-05 15:07:05,545 INFO Проблема с комментариями к видео Однажды в России: Подруга-стриптизерша
../logs/API_methods.log 2025-03-05 15:07:05,545 INFO Проблема с комментариями к видео Однажды в России: Последний день мэра
../logs/API_methods.log 2025-03-05 15:07:05,545 INFO Проблема с комментариями к видео Однажды в России: Зимняя рыбалка
../logs/API_methods.log 2025-03-05 15:07:05,545 INFO Проблема с комментариями к видео Stand Up: Константин Бутаков - возрастные радости
../logs/API_methods.log 2025-03-05 15:07:05,545 INFO Успешно получили комментарии для 5 видео
../logs/API_methods.log 2025-03-05 15:07:06,551 INFO ФУНКЦИЯ GET_VIDEO_COMMENT!!!
../logs/API_methods.log 2025-03-05 15:07:06,668 INFO Проблема с комментариями к видео Женский стендап: Мария Маркова - опасный город
../logs/API_methods.log 2025-03-05 15:07:06,669 INFO Проблема с комментариями к видео Comedy Club: Антипрожарка Сергея Жукова | Павел Воля, Марина Кравец, Андрей Бебуришвили
../logs/API_methods.log 2025-03-05 15:07:06,669 INFO Проблема с комментариями к видео Однажды в России: Токсичная мать
../logs/API_methods.log 2025-03-05 15:07:06,669 INFO Проблема с комментариями к видео Однажды в России: Городской рынок
../logs/API_methods.log 2025-03-05 15:07:06,669 INFO Проблема с комментариями к видео Stand Up: Гурам Амарян - инструктор по отдыху
../logs/API_methods.log 2025-03-05 15:07:06,669 INFO Успешно получили комментарии для 5 видео
../logs/API_methods.log 2025-03-05 15:07:07,672 INFO ФУНКЦИЯ GET_VIDEO_COMMENT!!!
../logs/API_methods.log 2025-03-05 15:07:07,804 INFO Проблема с комментариями к видео Comedy Club: Cумасшедший начальник | Харламов, Батрутдинов, Бутусов, Шкуро, Шальнов
../logs/API_methods.log 2025-03-05 15:07:07,804 INFO Проблема с комментариями к видео Comedy Club: Истинные мысли | Кравец, Аверин, Матуа, Сорокин, Иванов, Бутусов
../logs/API_methods.log 2025-03-05 15:07:07,805 INFO Проблема с комментариями к видео Однажды в России: Онлайн-курсы
../logs/API_methods.log 2025-03-05 15:07:07,805 INFO Проблема с комментариями к видео Однажды в России: Девичник
../logs/API_methods.log 2025-03-05 15:07:07,805 INFO Проблема с комментариями к видео Женский стендап: Сауле Юсупова - бедное мышление
../logs/API_methods.log 2025-03-05 15:07:07,805 INFO Успешно получили комментарии для 5 видео
../logs/API_methods.log 2025-03-05 15:07:08,814 INFO ФУНКЦИЯ GET_VIDEO_COMMENT!!!
../logs/API_methods.log 2025-03-05 15:07:08,921 INFO Проблема с комментариями к видео Stand Up: Валера Артюхов - язык пацана
../logs/API_methods.log 2025-03-05 15:07:08,921 INFO Проблема с комментариями к видео Stand Up: Валентин Сидоров - совместное проживание
../logs/API_methods.log 2025-03-05 15:07:08,921 INFO Проблема с комментариями к видео Comedy Club: Развел девушку | Гарик Харламов, Костя Бутусов, Катя Шкуро
../logs/API_methods.log 2025-03-05 15:07:08,921 INFO Проблема с комментариями к видео Однажды в России: Риелтор из ада
../logs/API_methods.log 2025-03-05 15:07:08,921 INFO Проблема с комментариями к видео Comedy Club: Примирение года | Гарик Харламов, Лариса Гузеева
../logs/API_methods.log 2025-03-05 15:07:08,921 INFO Успешно получили комментарии для 5 видео
../logs/API_methods.log 2025-03-05 15:07:09,926 INFO ФУНКЦИЯ GET_VIDEO_COMMENT!!!
../logs/API_methods.log 2025-03-05 15:07:10,232 INFO Проблема с комментариями к видео ОВР Шоу: Обождули
../logs/API_methods.log 2025-03-05 15:07:10,232 INFO Проблема с комментариями к видео Stand Up: Сергей Зорик - домашний хищник
../logs/API_methods.log 2025-03-05 15:07:10,232 INFO Проблема с комментариями к видео ОВР Шоу: Premium подписки
../logs/API_methods.log 2025-03-05 15:07:10,232 INFO Проблема с комментариями к видео Comedy Club: Мода на слабость | Павел Воля
../logs/API_methods.log 2025-03-05 15:07:10,233 INFO Проблема с комментариями к видео Однажды в России: Сезонный бизнес
../logs/API_methods.log 2025-03-05 15:07:10,233 INFO Успешно получили комментарии для 5 видео
../logs/API_methods.log 2025-03-05 15:07:11,235 INFO ФУНКЦИЯ GET_VIDEO_COMMENT!!!
../logs/API_methods.log 2025-03-05 15:07:11,412 INFO Проблема с комментариями к видео Женский стендап: Варвара Щербакова - автоледи
../logs/API_methods.log 2025-03-05 15:07:11,412 INFO Проблема с комментариями к видео Женский стендап: Надя Джабраилова - вклад в отношения
../logs/API_methods.log 2025-03-05 15:07:11,412 INFO Проблема с комментариями к видео Stand Up: Валентин Сидоров - отдых в Анапе
../logs/API_methods.log 2025-03-05 15:07:11,412 INFO Проблема с комментариями к видео Comedy Club: Гуру брака  | Иван Половинкин
../logs/API_methods.log 2025-03-05 15:07:11,412 INFO Проблема с комментариями к видео Однажды в России: Подкастный маньяк
../logs/API_methods.log 2025-03-05 15:07:11,412 INFO Успешно получили комментарии для 5 видео
../logs/API_methods.log 2025-03-05 15:07:12,420 INFO ФУНКЦИЯ GET_VIDEO_COMMENT!!!
../logs/API_methods.log 2025-03-05 15:07:12,728 INFO Проблема с комментариями к видео Stand Up: Иван Абрамов - школьные лайфхаки
../logs/API_methods.log 2025-03-05 15:07:12,728 INFO Проблема с комментариями к видео Comedy Club: Павел Воля - здоровое питание
../logs/API_methods.log 2025-03-05 15:07:12,728 INFO Проблема с комментариями к видео Stand Up: Стас Старовойтов - лечение от веселья
../logs/API_methods.log 2025-03-05 15:07:12,728 INFO Проблема с комментариями к видео Comedy Club: Завещание | Гарик Харламов, Марина Федункив, Алексей Шальнов
../logs/API_methods.log 2025-03-05 15:07:12,728 INFO Проблема с комментариями к видео Однажды в России: Неспортивный друг
../logs/API_methods.log 2025-03-05 15:07:12,728 INFO Успешно получили комментарии для 5 видео
../logs/API_methods.log 2025-03-05 15:07:13,738 INFO ФУНКЦИЯ GET_VIDEO_COMMENT!!!
../logs/API_methods.log 2025-03-05 15:07:13,856 INFO Проблема с комментариями к видео Женский стендап: Мария Маркова - театральный развод
../logs/API_methods.log 2025-03-05 15:07:13,856 INFO Проблема с комментариями к видео Stand Up: Алексей Стахович - современные технологии
../logs/API_methods.log 2025-03-05 15:07:13,856 INFO Проблема с комментариями к видео Comedy Club: Женские психологи | Женя Синяков
../logs/API_methods.log 2025-03-05 15:07:13,856 INFO Проблема с комментариями к видео Stand Up: Тимур Джанкёзов - вся правда о бабушках
../logs/API_methods.log 2025-03-05 15:07:13,857 INFO Проблема с комментариями к видео Однажды в России: Начальник - сексист
../logs/API_methods.log 2025-03-05 15:07:13,857 INFO Успешно получили комментарии для 5 видео
../logs/API_methods.log 2025-03-05 15:07:14,860 INFO ФУНКЦИЯ GET_VIDEO_COMMENT!!!
../logs/API_methods.log 2025-03-05 15:07:14,984 INFO Проблема с комментариями к видео Comedy Club: Устройся на работу  | Марина Кравец, Демис Карибидис,  Костя Бутусов
../logs/API_methods.log 2025-03-05 15:07:14,984 INFO Проблема с комментариями к видео Женский стендап: Белла - мужчина для здоровья
../logs/API_methods.log 2025-03-05 15:07:14,984 INFO Проблема с комментариями к видео Однажды в России: Соперник мэра
../logs/API_methods.log 2025-03-05 15:07:14,984 INFO Проблема с комментариями к видео Stand Up: Камиль Зулфугаров - таксисты-аватары
../logs/API_methods.log 2025-03-05 15:07:14,984 INFO Проблема с комментариями к видео Женский стендап: Варвара Щербакова - жертва технологий
../logs/API_methods.log 2025-03-05 15:07:14,984 INFO Успешно получили комментарии для 5 видео
../logs/API_methods.log 2025-03-05 15:07:15,992 INFO ФУНКЦИЯ GET_VIDEO_COMMENT!!!
../logs/API_methods.log 2025-03-05 15:07:16,109 INFO Проблема с комментариями к видео Однажды в России: Сериальные маньяки
../logs/API_methods.log 2025-03-05 15:07:16,109 INFO Проблема с комментариями к видео Однажды в России: Адская поездка
../logs/API_methods.log 2025-03-05 15:07:16,110 INFO Проблема с комментариями к видео Stand Up: Вадим Постильный - налог на кофе
../logs/API_methods.log 2025-03-05 15:07:16,110 INFO Проблема с комментариями к видео Comedy Club: Счастливый муж | Демис Карибидис, Марина Кравец
../logs/API_methods.log 2025-03-05 15:07:16,110 INFO Проблема с комментариями к видео Comedy Club: Как в Москве | Иванов, Бутусов, Половинкин, Сафонов, Никитин, Бебех, Соломко
../logs/API_methods.log 2025-03-05 15:07:16,110 INFO Успешно получили комментарии для 5 видео
../logs/API_methods.log 2025-03-05 15:07:17,115 INFO ФУНКЦИЯ GET_VIDEO_COMMENT!!!
../logs/API_methods.log 2025-03-05 15:07:17,233 INFO Проблема с комментариями к видео Stand Up: Константин Бутаков - жизнь с двумя женщинами
../logs/API_methods.log 2025-03-05 15:07:17,234 INFO Проблема с комментариями к видео Stand Up: Виктория Складчикова - мужские измены
../logs/API_methods.log 2025-03-05 15:07:17,234 INFO Проблема с комментариями к видео Comedy Club: Молодой отец | Андрей Бебуришвили
../logs/API_methods.log 2025-03-05 15:07:17,234 INFO Проблема с комментариями к видео Однажды в России: Идеальный отец
../logs/API_methods.log 2025-03-05 15:07:17,234 INFO Проблема с комментариями к видео Женский стендап: Оля Малащенко - роды после 30
../logs/API_methods.log 2025-03-05 15:07:17,234 INFO Успешно получили комментарии для 5 видео
../logs/API_methods.log 2025-03-05 15:07:18,239 INFO ФУНКЦИЯ GET_VIDEO_COMMENT!!!
../logs/API_methods.log 2025-03-05 15:07:18,347 INFO Проблема с комментариями к видео Однажды в России: Шоу мэра
../logs/API_methods.log 2025-03-05 15:07:18,347 INFO Проблема с комментариями к видео Comedy Club: Женщина-абьюзер | Марина Кравец, Демис Карибидис, Тимур Батрутдинов, Костя Бутусов
../logs/API_methods.log 2025-03-05 15:07:18,347 INFO Проблема с комментариями к видео Однажды в России: Кредитная история
../logs/API_methods.log 2025-03-05 15:07:18,347 INFO Проблема с комментариями к видео Stand Up: Стас Старовойтов - семейный абьюз
../logs/API_methods.log 2025-03-05 15:07:18,347 INFO Проблема с комментариями к видео Женский стендап: Карина Мейханаджян - сестра душнила
../logs/API_methods.log 2025-03-05 15:07:18,347 INFO Успешно получили комментарии для 5 видео
../logs/API_methods.log 2025-03-05 15:07:19,353 INFO ФУНКЦИЯ GET_VIDEO_COMMENT!!!
../logs/API_methods.log 2025-03-05 15:07:19,498 INFO Проблема с комментариями к видео Comedy Club: Кастинг "Новая волна" | Дмитрий Маликов, Гарик Харламов
../logs/API_methods.log 2025-03-05 15:07:19,498 INFO Проблема с комментариями к видео Однажды в России: Блин Блин Car
../logs/API_methods.log 2025-03-05 15:07:19,498 INFO Проблема с комментариями к видео Женский стендап: Сауле Юсупова - семейный бюджет
../logs/API_methods.log 2025-03-05 15:07:19,498 INFO Проблема с комментариями к видео Stand Up: Стас Старовойтов - проблемы сорокалетних
../logs/API_methods.log 2025-03-05 15:07:19,499 INFO Проблема с комментариями к видео Однажды в России: Экстрасенсорная помощь
../logs/API_methods.log 2025-03-05 15:07:19,499 INFO Успешно получили комментарии для 5 видео
../logs/API_methods.log 2025-03-05 15:07:20,502 INFO ФУНКЦИЯ GET_VIDEO_COMMENT!!!
../logs/API_methods.log 2025-03-05 15:07:20,752 INFO Проблема с комментариями к видео Однажды в России: Мэр разгадывает загадки
../logs/API_methods.log 2025-03-05 15:07:20,753 INFO Проблема с комментариями к видео Однажды в России: Тотальный диктант
../logs/API_methods.log 2025-03-05 15:07:20,753 INFO Проблема с комментариями к видео Однажды в России: Скандал на автомойке
../logs/API_methods.log 2025-03-05 15:07:20,753 INFO Проблема с комментариями к видео Однажды в России: Касса самообслуживания
../logs/API_methods.log 2025-03-05 15:07:20,753 INFO Проблема с комментариями к видео Comedy Club: Переводчик | Демис Карибидис, Тимур Батрутдинов, Гарик Харламов
../logs/API_methods.log 2025-03-05 15:07:20,753 INFO Успешно получили комментарии для 5 видео
../logs/API_methods.log 2025-03-05 15:07:21,755 INFO ФУНКЦИЯ GET_VIDEO_COMMENT!!!
../logs/API_methods.log 2025-03-05 15:07:21,869 INFO Проблема с комментариями к видео Однажды в России: Экзамен в ГИБДД
../logs/API_methods.log 2025-03-05 15:07:21,869 INFO Проблема с комментариями к видео Comedy Club: Usbsberries
../logs/API_methods.log 2025-03-05 15:07:21,869 INFO Проблема с комментариями к видео Однажды в России: Дорогое здоровье
../logs/API_methods.log 2025-03-05 15:07:21,869 INFO Проблема с комментариями к видео Однажды в России: Шумные соседи
../logs/API_methods.log 2025-03-05 15:07:21,870 INFO Проблема с комментариями к видео Comedy Club: Поездка на Бали | Костя Бутусов, Катя Шкуро
../logs/API_methods.log 2025-03-05 15:07:21,870 INFO Успешно получили комментарии для 5 видео
../logs/API_methods.log 2025-03-05 15:07:22,878 INFO ФУНКЦИЯ GET_VIDEO_COMMENT!!!
../logs/API_methods.log 2025-03-05 15:07:22,997 INFO Проблема с комментариями к видео Однажды в России: Мэр во дворе
../logs/API_methods.log 2025-03-05 15:07:22,997 INFO Проблема с комментариями к видео Comedy Club: Робот | Демис Карибидис, Тимур Батрутдинов, Гарик Харламов
../logs/API_methods.log 2025-03-05 15:07:22,997 INFO Проблема с комментариями к видео Однажды в России: Экзамен у заочников
../logs/API_methods.log 2025-03-05 15:07:22,998 INFO Проблема с комментариями к видео Comedy Club: Ремонт | Павел Воля
../logs/API_methods.log 2025-03-05 15:07:22,998 INFO Проблема с комментариями к видео Однажды в России: Женская раздевалка
../logs/API_methods.log 2025-03-05 15:07:22,998 INFO Успешно получили комментарии для 5 видео
../logs/API_methods.log 2025-03-05 15:07:24,003 INFO ФУНКЦИЯ GET_VIDEO_COMMENT!!!
../logs/API_methods.log 2025-03-05 15:07:24,116 INFO Проблема с комментариями к видео Comedy Club: Мотивация | Иван Половинкин
../logs/API_methods.log 2025-03-05 15:07:24,116 INFO Проблема с комментариями к видео Однажды в России: Зависимость
../logs/API_methods.log 2025-03-05 15:07:24,116 INFO Проблема с комментариями к видео Однажды в России: Человек-антистресс
../logs/API_methods.log 2025-03-05 15:07:24,117 INFO Проблема с комментариями к видео Comedy Club: Джиган и HammAli & Navai | Гарик Харламов и Павел Воля
../logs/API_methods.log 2025-03-05 15:07:24,117 INFO Проблема с комментариями к видео Однажды в России: Накопил полмиллиона
../logs/API_methods.log 2025-03-05 15:07:24,117 INFO Успешно получили комментарии для 5 видео
../logs/API_methods.log 2025-03-05 15:07:25,118 INFO ФУНКЦИЯ GET_VIDEO_COMMENT!!!
../logs/API_methods.log 2025-03-05 15:07:25,225 INFO Проблема с комментариями к видео Comedy Club: Астропсихологи | Женя Синяков
../logs/API_methods.log 2025-03-05 15:07:25,226 INFO Проблема с комментариями к видео Однажды в России: Дом на колёсах
../logs/API_methods.log 2025-03-05 15:07:25,226 INFO Проблема с комментариями к видео Однажды в России: Свадьб четыре
../logs/API_methods.log 2025-03-05 15:07:25,226 INFO Проблема с комментариями к видео Однажды в России: Мэр вручает аттестаты
../logs/API_methods.log 2025-03-05 15:07:25,226 INFO Проблема с комментариями к видео Однажды в России: Приукрасил резюме
../logs/API_methods.log 2025-03-05 15:07:25,226 INFO Успешно получили комментарии для 5 видео
../logs/API_methods.log 2025-03-05 15:07:26,233 INFO ФУНКЦИЯ GET_VIDEO_COMMENT!!!
../logs/API_methods.log 2025-03-05 15:07:26,349 INFO Проблема с комментариями к видео Однажды в России: Отдых с детьми
../logs/API_methods.log 2025-03-05 15:07:26,349 INFO Проблема с комментариями к видео Comedy Club: Родительский чат | Зураб Матуа, Андрей Аверин, Дмитрий Сорокин
../logs/API_methods.log 2025-03-05 15:07:26,349 INFO Проблема с комментариями к видео Comedy Club: Простите меня | Гарик Харламов, Тимур Батрутдинов
../logs/API_methods.log 2025-03-05 15:07:26,349 INFO Проблема с комментариями к видео Однажды в России: Клава Кока на выпускном
../logs/API_methods.log 2025-03-05 15:07:26,350 INFO Проблема с комментариями к видео Comedy Club: Писательница | Демис Карибидис, Марина Кравец
../logs/API_methods.log 2025-03-05 15:07:26,350 INFO Успешно получили комментарии для 5 видео
../logs/API_methods.log 2025-03-05 15:07:27,359 INFO ФУНКЦИЯ GET_VIDEO_COMMENT!!!
../logs/API_methods.log 2025-03-05 15:07:27,482 INFO Проблема с комментариями к видео Однажды в России: Антикризисные меры
../logs/API_methods.log 2025-03-05 15:07:27,482 INFO Проблема с комментариями к видео Однажды в России: Летняя веранда
../logs/API_methods.log 2025-03-05 15:07:27,482 INFO Проблема с комментариями к видео Comedy Club: Современное общение | Антон Иванов, Константин Бутусов, Роман Сафонов
../logs/API_methods.log 2025-03-05 15:07:27,482 INFO Проблема с комментариями к видео Однажды В России: Платная дорога
../logs/API_methods.log 2025-03-05 15:07:27,482 INFO Проблема с комментариями к видео Камеди Клаб «Си Цзиньпин» Гарик Харламов, Демис Карибидис, Дмитрий Грачёв
../logs/API_methods.log 2025-03-05 15:07:27,482 INFO Успешно получили комментарии для 5 видео
../logs/API_methods.log 2025-03-05 15:07:28,491 INFO ФУНКЦИЯ GET_VIDEO_COMMENT!!!
../logs/API_methods.log 2025-03-05 15:07:28,621 INFO Проблема с комментариями к видео Камеди Клаб «Инфоцыгане» Женя Синяков
../logs/API_methods.log 2025-03-05 15:07:28,622 INFO Проблема с комментариями к видео Камеди Клаб «Пункт выдачи» Антон Иванов, Константин Бутусов
../logs/API_methods.log 2025-03-05 15:07:28,622 INFO Проблема с комментариями к видео Камеди Клаб «Генетический тест» Дмитрий Ксенофонтов
../logs/API_methods.log 2025-03-05 15:07:28,622 INFO Проблема с комментариями к видео Однажды в России: Заказали Ваню Дмитриенко
../logs/API_methods.log 2025-03-05 15:07:28,622 INFO Проблема с комментариями к видео Однажды в России: Одноглазый автодилер
../logs/API_methods.log 2025-03-05 15:07:28,622 INFO Успешно получили комментарии для 5 видео
../logs/API_methods.log 2025-03-05 15:07:29,629 INFO ФУНКЦИЯ GET_VIDEO_COMMENT!!!
../logs/API_methods.log 2025-03-05 15:07:29,755 INFO Проблема с комментариями к видео Концерты: Женская сборная
../logs/API_methods.log 2025-03-05 15:07:29,755 INFO Проблема с комментариями к видео КОНЦЕРТЫ: Борцы
../logs/API_methods.log 2025-03-05 15:07:29,755 INFO Проблема с комментариями к видео Однажды в России: Влюбился в развратницу
../logs/API_methods.log 2025-03-05 15:07:29,755 INFO Проблема с комментариями к видео Однажды в России: Сыночка делает операцию
../logs/API_methods.log 2025-03-05 15:07:29,755 INFO Проблема с комментариями к видео Однажды в России: Мэр играет в настолки
../logs/API_methods.log 2025-03-05 15:07:29,755 INFO Успешно получили комментарии для 5 видео
../logs/API_methods.log 2025-03-05 15:07:30,759 INFO ФУНКЦИЯ GET_VIDEO_COMMENT!!!
../logs/API_methods.log 2025-03-05 15:07:30,881 INFO Проблема с комментариями к видео Однажды в России: Цифровая ревность
../logs/API_methods.log 2025-03-05 15:07:30,881 INFO Проблема с комментариями к видео Однажды в России: Мэр заболел
../logs/API_methods.log 2025-03-05 15:07:30,881 INFO Проблема с комментариями к видео ОВР Шоу: Битва Шефоффф
../logs/API_methods.log 2025-03-05 15:07:30,881 INFO Проблема с комментариями к видео ОВР Шоу: Первый урок вокала
../logs/API_methods.log 2025-03-05 15:07:30,882 INFO Проблема с комментариями к видео ОВР Шоу: Школьная задача
../logs/API_methods.log 2025-03-05 15:07:30,882 INFO Успешно получили комментарии для 5 видео
../logs/API_methods.log 2025-03-05 15:07:31,892 INFO ФУНКЦИЯ GET_VIDEO_COMMENT!!!
../logs/API_methods.log 2025-03-05 15:07:32,016 INFO Проблема с комментариями к видео ОВР Шоу: Испорченный пикник
../logs/API_methods.log 2025-03-05 15:07:32,016 INFO Проблема с комментариями к видео КОНЦЕРТЫ: Объединение Юг
../logs/API_methods.log 2025-03-05 15:07:32,017 INFO Проблема с комментариями к видео ОВР ШОУ: Интернет-покупатели
../logs/API_methods.log 2025-03-05 15:07:32,017 INFO Проблема с комментариями к видео ОВР Шоу: Бизнес-ланч
../logs/API_methods.log 2025-03-05 15:07:32,017 INFO Проблема с комментариями к видео КОНЦЕРТЫ: Сборная России
../logs/API_methods.log 2025-03-05 15:07:32,017 INFO Успешно получили комментарии для 5 видео
../logs/API_methods.log 2025-03-05 15:07:33,021 INFO ФУНКЦИЯ GET_VIDEO_COMMENT!!!
../logs/API_methods.log 2025-03-05 15:07:33,146 INFO Проблема с комментариями к видео ТАНЦЫ: Я гоню быстро - Алексей Летучий и Кирилл Зуб
../logs/API_methods.log 2025-03-05 15:07:33,146 INFO Проблема с комментариями к видео ТАНЦЫ: Кубик льда - DRAMA KINGS
../logs/API_methods.log 2025-03-05 15:07:33,146 INFO Проблема с комментариями к видео ОВР Шоу: Упал с электросамоката
../logs/API_methods.log 2025-03-05 15:07:33,146 INFO Проблема с комментариями к видео ОВР Шоу: Футбольные болельщики
../logs/API_methods.log 2025-03-05 15:07:33,146 INFO Проблема с комментариями к видео ОВР Шоу: Нет новогоднего настроения
../logs/API_methods.log 2025-03-05 15:07:33,146 INFO Успешно получили комментарии для 5 видео
../logs/API_methods.log 2025-03-05 15:07:34,152 INFO ФУНКЦИЯ GET_VIDEO_COMMENT!!!
../logs/API_methods.log 2025-03-05 15:07:34,261 INFO Проблема с комментариями к видео ОВР Шоу: Нет авторитета
../logs/API_methods.log 2025-03-05 15:07:34,261 INFO Проблема с комментариями к видео ОВР Шоу: Препод Никиты Нагорного (+ бэкстейдж)
../logs/API_methods.log 2025-03-05 15:07:34,262 INFO Проблема с комментариями к видео ОВР Шоу: Ужасная квартира
../logs/API_methods.log 2025-03-05 15:07:34,262 INFO Проблема с комментариями к видео ОВР Шоу: Поздравление начальника
../logs/API_methods.log 2025-03-05 15:07:34,262 INFO Проблема с комментариями к видео ОВР Шоу: Финансовая подушка
../logs/API_methods.log 2025-03-05 15:07:34,262 INFO Успешно получили комментарии для 5 видео
../logs/API_methods.log 2025-03-05 15:07:35,265 INFO ФУНКЦИЯ GET_VIDEO_COMMENT!!!
../logs/API_methods.log 2025-03-05 15:07:35,383 INFO Проблема с комментариями к видео ОВР Шоу: Сорокалетний гик
../logs/API_methods.log 2025-03-05 15:07:35,383 INFO Проблема с комментариями к видео ОВР Шоу: Самолет в Дубай
../logs/API_methods.log 2025-03-05 15:07:35,383 INFO Проблема с комментариями к видео ОВР Шоу: Помешанный на отчетах
../logs/API_methods.log 2025-03-05 15:07:35,383 INFO Проблема с комментариями к видео ОВР Шоу: Квизляндия
../logs/API_methods.log 2025-03-05 15:07:35,383 INFO Проблема с комментариями к видео ОВР Шоу: Несчастный инкассатор
../logs/API_methods.log 2025-03-05 15:07:35,383 INFO Успешно получили комментарии для 5 видео
../logs/API_methods.log 2025-03-05 15:07:36,390 INFO ФУНКЦИЯ GET_VIDEO_COMMENT!!!
../logs/API_methods.log 2025-03-05 15:07:36,508 INFO Проблема с комментариями к видео ОВР Шоу: Машина не заводится зимой
../logs/API_methods.log 2025-03-05 15:07:36,509 INFO Проблема с комментариями к видео ОВР Шоу: Сдача квартиры
../logs/API_methods.log 2025-03-05 15:07:36,509 INFO Проблема с комментариями к видео ОВР Шоу: Мэр и тайный Санта
../logs/API_methods.log 2025-03-05 15:07:36,509 INFO Проблема с комментариями к видео ОВР Шоу: Снегурка и Дед Мороз
../logs/API_methods.log 2025-03-05 15:07:36,509 INFO Проблема с комментариями к видео ОВР Шоу: Ледниковый этап
../logs/API_methods.log 2025-03-05 15:07:36,509 INFO Успешно получили комментарии для 5 видео
../logs/API_methods.log 2025-03-05 15:07:37,517 INFO ФУНКЦИЯ GET_VIDEO_COMMENT!!!
../logs/API_methods.log 2025-03-05 15:07:37,628 INFO Проблема с комментариями к видео ОВР Шоу: Роман в Алма-Ате
../logs/API_methods.log 2025-03-05 15:07:37,628 INFO Проблема с комментариями к видео ОВР Шоу: Принципиальный препод
../logs/API_methods.log 2025-03-05 15:07:37,628 INFO Проблема с комментариями к видео ОВР Шоу: Пересадка волос
../logs/API_methods.log 2025-03-05 15:07:37,628 INFO Проблема с комментариями к видео ОВР Шоу: Увольнение жены
../logs/API_methods.log 2025-03-05 15:07:37,629 INFO Проблема с комментариями к видео ОВР Шоу: Модные родители
../logs/API_methods.log 2025-03-05 15:07:37,629 INFO Успешно получили комментарии для 5 видео
../logs/API_methods.log 2025-03-05 15:07:38,643 INFO ФУНКЦИЯ GET_VIDEO_COMMENT!!!
../logs/API_methods.log 2025-03-05 15:07:38,761 INFO Проблема с комментариями к видео ОВР Шоу: Экономный муж
../logs/API_methods.log 2025-03-05 15:07:38,762 INFO Проблема с комментариями к видео ОВР Шоу: Царапина на машине
../logs/API_methods.log 2025-03-05 15:07:38,762 INFO Проблема с комментариями к видео ОВР Шоу: Офисный переворот
../logs/API_methods.log 2025-03-05 15:07:38,762 INFO Проблема с комментариями к видео ОВР Шоу: Новые вагоны
../logs/API_methods.log 2025-03-05 15:07:38,762 INFO Проблема с комментариями к видео ОВР Шоу: Рынок
../logs/API_methods.log 2025-03-05 15:07:38,762 INFO Успешно получили комментарии для 5 видео
../logs/API_methods.log 2025-03-05 15:07:39,764 INFO ФУНКЦИЯ GET_VIDEO_COMMENT!!!
../logs/API_methods.log 2025-03-05 15:07:39,875 INFO Проблема с комментариями к видео ОВР Шоу: Мэр и анекдоты
../logs/API_methods.log 2025-03-05 15:07:39,875 INFO Проблема с комментариями к видео ОВР Шоу: Сфоталась голой
../logs/API_methods.log 2025-03-05 15:07:39,875 INFO Проблема с комментариями к видео ОВР Шоу: Не слышат друг друга (18+)
../logs/API_methods.log 2025-03-05 15:07:39,875 INFO Проблема с комментариями к видео ОВР Шоу: Платная клиника
../logs/API_methods.log 2025-03-05 15:07:39,875 INFO Проблема с комментариями к видео ОВР Шоу: Здоровье и спорт
../logs/API_methods.log 2025-03-05 15:07:39,875 INFO Успешно получили комментарии для 5 видео
../logs/API_methods.log 2025-03-05 15:07:40,881 INFO ФУНКЦИЯ GET_VIDEO_COMMENT!!!
../logs/API_methods.log 2025-03-05 15:07:41,006 INFO Проблема с комментариями к видео ОВР Шоу: Летняя песня
../logs/API_methods.log 2025-03-05 15:07:41,007 INFO Проблема с комментариями к видео ОВР Шоу: Тупые козырьки (с фэйлами)
../logs/API_methods.log 2025-03-05 15:07:41,007 INFO Проблема с комментариями к видео ОВР Шоу: Пародия на Шнурова
../logs/API_methods.log 2025-03-05 15:07:41,007 INFO Проблема с комментариями к видео ОВР Шоу: Эйкюрль Пуаро (с фэйлами)
../logs/API_methods.log 2025-03-05 15:07:41,007 INFO Проблема с комментариями к видео ОВР Шоу: Парковка во дворе
../logs/API_methods.log 2025-03-05 15:07:41,007 INFO Успешно получили комментарии для 5 видео
../logs/API_methods.log 2025-03-05 15:07:42,014 INFO ФУНКЦИЯ GET_VIDEO_COMMENT!!!
../logs/API_methods.log 2025-03-05 15:07:42,135 INFO Проблема с комментариями к видео ОВР Шоу: Русский Брынзя
../logs/API_methods.log 2025-03-05 15:07:42,135 INFO Проблема с комментариями к видео ОВР Шоу: Вернулся из Москвы
../logs/API_methods.log 2025-03-05 15:07:42,135 INFO Проблема с комментариями к видео ОВР Шоу: ДНК тест
../logs/API_methods.log 2025-03-05 15:07:42,135 INFO Проблема с комментариями к видео ОВР Шоу: Вайборис
../logs/API_methods.log 2025-03-05 15:07:42,135 INFO Проблема с комментариями к видео ОВР Шоу: Два аккорда
../logs/API_methods.log 2025-03-05 15:07:42,135 INFO Успешно получили комментарии для 5 видео
../logs/API_methods.log 2025-03-05 15:07:43,141 INFO ФУНКЦИЯ GET_VIDEO_COMMENT!!!
../logs/API_methods.log 2025-03-05 15:07:43,266 INFO Проблема с комментариями к видео ОВР Шоу: Дорогие подарки
../logs/API_methods.log 2025-03-05 15:07:43,266 INFO Проблема с комментариями к видео ОВР Шоу: Задержка на работе
../logs/API_methods.log 2025-03-05 15:07:43,266 INFO Проблема с комментариями к видео ОВР Шоу: Живет в машине
../logs/API_methods.log 2025-03-05 15:07:43,267 INFO Проблема с комментариями к видео ОВР Шоу: Богатый сын
../logs/API_methods.log 2025-03-05 15:07:43,267 INFO Проблема с комментариями к видео ОВР Шоу: Жена уехала
../logs/API_methods.log 2025-03-05 15:07:43,267 INFO Успешно получили комментарии для 5 видео
../logs/API_methods.log 2025-03-05 15:07:44,272 INFO ФУНКЦИЯ GET_VIDEO_COMMENT!!!
../logs/API_methods.log 2025-03-05 15:07:44,381 INFO Проблема с комментариями к видео ОВР Шоу: Друг москвич
../logs/API_methods.log 2025-03-05 15:07:44,381 INFO Проблема с комментариями к видео ОВР Шоу: Денис стендапер
../logs/API_methods.log 2025-03-05 15:07:44,382 INFO Проблема с комментариями к видео ОВР Шоу: Вишлист
../logs/API_methods.log 2025-03-05 15:07:44,382 INFO Проблема с комментариями к видео ОВР Шоу: Бизнес встреча
../logs/API_methods.log 2025-03-05 15:07:44,382 INFO Проблема с комментариями к видео ОВР Шоу: Детское воспитание
../logs/API_methods.log 2025-03-05 15:07:44,382 INFO Успешно получили комментарии для 5 видео
../logs/API_methods.log 2025-03-05 15:07:45,391 INFO ФУНКЦИЯ GET_VIDEO_COMMENT!!!
../logs/API_methods.log 2025-03-05 15:07:45,537 INFO Проблема с комментариями к видео ОВР Шоу: Весь в кредитах
../logs/API_methods.log 2025-03-05 15:07:45,537 INFO Проблема с комментариями к видео ОВР Шоу: Забег желаний
../logs/API_methods.log 2025-03-05 15:07:45,537 INFO Проблема с комментариями к видео ОВР Шоу: Жулик с Одноклассников
../logs/API_methods.log 2025-03-05 15:07:45,537 INFO Проблема с комментариями к видео ОВР Шоу: Аватары
../logs/API_methods.log 2025-03-05 15:07:45,537 INFO Проблема с комментариями к видео Перезагрузка. Сезон 2022. Серия 44
../logs/API_methods.log 2025-03-05 15:07:45,537 INFO Успешно получили комментарии для 5 видео
../logs/API_methods.log 2025-03-05 15:07:46,541 INFO ФУНКЦИЯ GET_VIDEO_COMMENT!!!
../logs/API_methods.log 2025-03-05 15:07:46,640 INFO Проблема с комментариями к видео Перезагрузка. Сезон 2021. Серия 49
../logs/API_methods.log 2025-03-05 15:07:46,640 INFO Проблема с комментариями к видео Перезагрузка. Сезон 2022. Серия 40
../logs/API_methods.log 2025-03-05 15:07:46,640 INFO Проблема с комментариями к видео Перезагрузка. Сезон 2021. Серия 50
../logs/API_methods.log 2025-03-05 15:07:46,640 INFO Проблема с комментариями к видео Перезагрузка. Сезон 2022. Серия 7
../logs/API_methods.log 2025-03-05 15:07:46,640 INFO Проблема с комментариями к видео Перезагрузка. Сезон 2021. Серия 48
../logs/API_methods.log 2025-03-05 15:07:46,640 INFO Успешно получили комментарии для 5 видео
../logs/API_methods.log 2025-03-05 15:07:47,646 INFO ФУНКЦИЯ GET_VIDEO_COMMENT!!!
../logs/API_methods.log 2025-03-05 15:07:47,774 INFO Проблема с комментариями к видео Перезагрузка. Сезон 2022. Серия 4
../logs/API_methods.log 2025-03-05 15:07:47,775 INFO Проблема с комментариями к видео Перезагрузка. Сезон 2021. Серия 47
../logs/API_methods.log 2025-03-05 15:07:47,775 INFO Проблема с комментариями к видео Перезагрузка. Сезон 2022. Серия 43
../logs/API_methods.log 2025-03-05 15:07:47,775 INFO Проблема с комментариями к видео Перезагрузка. Сезон 2022. Серия 8
../logs/API_methods.log 2025-03-05 15:07:47,775 INFO Проблема с комментариями к видео Перезагрузка. Сезон 2022. Серия 5
../logs/API_methods.log 2025-03-05 15:07:47,775 INFO Успешно получили комментарии для 5 видео
../logs/API_methods.log 2025-03-05 15:07:48,783 INFO ФУНКЦИЯ GET_VIDEO_COMMENT!!!
../logs/API_methods.log 2025-03-05 15:07:48,904 INFO Проблема с комментариями к видео Перезагрузка. Сезон 2021. Серия 44
../logs/API_methods.log 2025-03-05 15:07:48,905 INFO Проблема с комментариями к видео Перезагрузка. Сезон 2021. Серия 38
../logs/API_methods.log 2025-03-05 15:07:48,905 INFO Проблема с комментариями к видео Перезагрузка. Сезон 2021. Серия 40
../logs/API_methods.log 2025-03-05 15:07:48,905 INFO Проблема с комментариями к видео Перезагрузка. Сезон 2022. Серия 41
../logs/API_methods.log 2025-03-05 15:07:48,905 INFO Проблема с комментариями к видео Перезагрузка. Сезон 2021. Серия 45
../logs/API_methods.log 2025-03-05 15:07:48,905 INFO Успешно получили комментарии для 5 видео
../logs/API_methods.log 2025-03-05 15:07:49,912 INFO ФУНКЦИЯ GET_VIDEO_COMMENT!!!
../logs/API_methods.log 2025-03-05 15:07:50,222 INFO Проблема с комментариями к видео Перезагрузка. Сезон 2022. Серия 9
../logs/API_methods.log 2025-03-05 15:07:50,223 INFO Проблема с комментариями к видео Перезагрузка. Сезон 2021. Серия 41
../logs/API_methods.log 2025-03-05 15:07:50,223 INFO Проблема с комментариями к видео Перезагрузка. Сезон 2021. Серия 42
../logs/API_methods.log 2025-03-05 15:07:50,223 INFO Проблема с комментариями к видео Перезагрузка. Сезон 2021. Серия 39
../logs/API_methods.log 2025-03-05 15:07:50,223 INFO Проблема с комментариями к видео Сериал «Улица» по будням в 13:00 на ТНТ4!
../logs/API_methods.log 2025-03-05 15:07:50,223 INFO Успешно получили комментарии для 5 видео
../logs/API_methods.log 2025-03-05 15:07:51,232 INFO ФУНКЦИЯ GET_VIDEO_COMMENT!!!
../logs/API_methods.log 2025-03-05 15:07:51,341 INFO Проблема с комментариями к видео Юрий Николаенко на шоу ПЕСНИ
../logs/API_methods.log 2025-03-05 15:07:51,341 INFO Проблема с комментариями к видео Ну и еще немного поздравлений от любимых героев!
../logs/API_methods.log 2025-03-05 15:07:51,341 INFO Проблема с комментариями к видео Ну вот и всё!
../logs/API_methods.log 2025-03-05 15:07:51,341 INFO Проблема с комментариями к видео Конец
../logs/API_methods.log 2025-03-05 15:07:51,342 INFO Проблема с комментариями к видео 179 1
../logs/API_methods.log 2025-03-05 15:07:51,342 INFO Успешно получили комментарии для 5 видео
../logs/API_methods.log 2025-03-05 15:07:52,348 INFO ФУНКЦИЯ GET_VIDEO_COMMENT!!!
../logs/API_methods.log 2025-03-05 15:07:52,463 INFO Проблема с комментариями к видео Случайно вышла за Марата
../logs/API_methods.log 2025-03-05 15:07:52,464 INFO Проблема с комментариями к видео Кто отец Антошки
../logs/API_methods.log 2025-03-05 15:07:52,464 INFO Проблема с комментариями к видео В салоне
../logs/API_methods.log 2025-03-05 15:07:52,464 INFO Проблема с комментариями к видео Алла раком не стояла, а болела!
../logs/API_methods.log 2025-03-05 15:07:52,464 INFO Проблема с комментариями к видео Разборка Соколова и Кати
../logs/API_methods.log 2025-03-05 15:07:52,464 INFO Успешно получили комментарии для 5 видео
../logs/API_methods.log 2025-03-05 15:07:53,472 INFO ФУНКЦИЯ GET_VIDEO_COMMENT!!!
../logs/API_methods.log 2025-03-05 15:07:53,586 INFO Проблема с комментариями к видео 172 3
../logs/API_methods.log 2025-03-05 15:07:53,586 INFO Проблема с комментариями к видео 172 1
../logs/API_methods.log 2025-03-05 15:07:53,586 INFO Проблема с комментариями к видео злая Ирка
../logs/API_methods.log 2025-03-05 15:07:53,587 INFO Проблема с комментариями к видео Луиза занята!
../logs/API_methods.log 2025-03-05 15:07:53,587 INFO Проблема с комментариями к видео подкат 80 уровня
../logs/API_methods.log 2025-03-05 15:07:53,587 INFO Успешно получили комментарии для 5 видео
../logs/API_methods.log 2025-03-05 15:07:54,596 INFO ФУНКЦИЯ GET_VIDEO_COMMENT!!!
../logs/API_methods.log 2025-03-05 15:07:54,703 INFO Проблема с комментариями к видео Мужской разговор
../logs/API_methods.log 2025-03-05 15:07:54,703 INFO Проблема с комментариями к видео Голый Соколов
../logs/API_methods.log 2025-03-05 15:07:54,703 INFO Проблема с комментариями к видео Видео от ТНТ Видео
../logs/API_methods.log 2025-03-05 15:07:54,704 INFO Проблема с комментариями к видео Напились
../logs/API_methods.log 2025-03-05 15:07:54,704 INFO Проблема с комментариями к видео Катя психанула
../logs/API_methods.log 2025-03-05 15:07:54,704 INFO Успешно получили комментарии для 5 видео
../logs/API_methods.log 2025-03-05 15:07:55,707 INFO ФУНКЦИЯ GET_VIDEO_COMMENT!!!
../logs/API_methods.log 2025-03-05 15:07:55,850 INFO Проблема с комментариями к видео Лаура отчитала Костика
../logs/API_methods.log 2025-03-05 15:07:55,851 INFO Проблема с комментариями к видео Соколов и Катя помирились
../logs/API_methods.log 2025-03-05 15:07:55,851 INFO Проблема с комментариями к видео Возвращение Аллы
../logs/API_methods.log 2025-03-05 15:07:55,851 INFO Проблема с комментариями к видео Будни мамочки в декрете
../logs/API_methods.log 2025-03-05 15:07:55,851 INFO Проблема с комментариями к видео Юлька клеит Соколова
../logs/API_methods.log 2025-03-05 15:07:55,851 INFO Успешно получили комментарии для 5 видео
../logs/API_methods.log 2025-03-05 15:07:56,861 INFO ФУНКЦИЯ GET_VIDEO_COMMENT!!!
../logs/API_methods.log 2025-03-05 15:07:56,974 INFO Проблема с комментариями к видео Дед пропесочил
../logs/API_methods.log 2025-03-05 15:07:56,974 INFO Проблема с комментариями к видео На что готова Ирка ради подруги?
../logs/API_methods.log 2025-03-05 15:07:56,975 INFO Проблема с комментариями к видео Андрея всё еще волнует Алиса
../logs/API_methods.log 2025-03-05 15:07:56,975 INFO Проблема с комментариями к видео Ох уж эта Юля
../logs/API_methods.log 2025-03-05 15:07:56,975 INFO Проблема с комментариями к видео Жалко Катю
../logs/API_methods.log 2025-03-05 15:07:56,975 INFO Успешно получили комментарии для 5 видео
../logs/API_methods.log 2025-03-05 15:07:57,982 INFO ФУНКЦИЯ GET_VIDEO_COMMENT!!!
../logs/API_methods.log 2025-03-05 15:07:58,094 INFO Проблема с комментариями к видео Улица - Развлечения
../logs/API_methods.log 2025-03-05 15:07:58,095 INFO Проблема с комментариями к видео Улица - Ксюша хамит Кабану
../logs/API_methods.log 2025-03-05 15:07:58,095 INFO Проблема с комментариями к видео Улица 147 4
../logs/API_methods.log 2025-03-05 15:07:58,095 INFO Проблема с комментариями к видео Улица 147 3
../logs/API_methods.log 2025-03-05 15:07:58,095 INFO Проблема с комментариями к видео Улица - Пока все было хорошо
../logs/API_methods.log 2025-03-05 15:07:58,095 INFO Успешно получили комментарии для 5 видео
../logs/API_methods.log 2025-03-05 15:07:59,100 INFO ФУНКЦИЯ GET_VIDEO_COMMENT!!!
../logs/API_methods.log 2025-03-05 15:07:59,252 INFO Проблема с комментариями к видео Улица 147 1
../logs/API_methods.log 2025-03-05 15:07:59,252 INFO Проблема с комментариями к видео Улица 144 4
../logs/API_methods.log 2025-03-05 15:07:59,252 INFO Проблема с комментариями к видео Поцелуйчики Соколова и Кати
../logs/API_methods.log 2025-03-05 15:07:59,252 INFO Проблема с комментариями к видео Тефтельки за яйца
../logs/API_methods.log 2025-03-05 15:07:59,252 INFO Проблема с комментариями к видео Ипотека
../logs/API_methods.log 2025-03-05 15:07:59,252 INFO Успешно получили комментарии для 5 видео
../logs/API_methods.log 2025-03-05 15:08:00,254 INFO ФУНКЦИЯ GET_VIDEO_COMMENT!!!
../logs/API_methods.log 2025-03-05 15:08:00,371 INFO Проблема с комментариями к видео Бойня за Борю
../logs/API_methods.log 2025-03-05 15:08:00,371 INFO Проблема с комментариями к видео Фюррер целлюлитный
../logs/API_methods.log 2025-03-05 15:08:00,371 INFO Проблема с комментариями к видео Задержка
../logs/API_methods.log 2025-03-05 15:08:00,371 INFO Проблема с комментариями к видео Ошибка в тату
../logs/API_methods.log 2025-03-05 15:08:00,371 INFO Проблема с комментариями к видео Секс
../logs/API_methods.log 2025-03-05 15:08:00,371 INFO Успешно получили комментарии для 5 видео
../logs/API_methods.log 2025-03-05 15:08:01,378 INFO ФУНКЦИЯ GET_VIDEO_COMMENT!!!
../logs/API_methods.log 2025-03-05 15:08:01,487 INFO Проблема с комментариями к видео Видео от ТНТ Видео
../logs/API_methods.log 2025-03-05 15:08:01,487 INFO Проблема с комментариями к видео 140 3
../logs/API_methods.log 2025-03-05 15:08:01,487 INFO Проблема с комментариями к видео 141 2
../logs/API_methods.log 2025-03-05 15:08:01,487 INFO Проблема с комментариями к видео у Ларисы проблемы
../logs/API_methods.log 2025-03-05 15:08:01,487 INFO Проблема с комментариями к видео 143 4
../logs/API_methods.log 2025-03-05 15:08:01,487 INFO Успешно получили комментарии для 5 видео
../logs/API_methods.log 2025-03-05 15:08:02,494 INFO ФУНКЦИЯ GET_VIDEO_COMMENT!!!
../logs/API_methods.log 2025-03-05 15:08:02,635 INFO Проблема с комментариями к видео 143 3
../logs/API_methods.log 2025-03-05 15:08:02,635 INFO Проблема с комментариями к видео Разговор под водку
../logs/API_methods.log 2025-03-05 15:08:02,635 INFO Проблема с комментариями к видео день рождения Гамлета
../logs/API_methods.log 2025-03-05 15:08:02,635 INFO Проблема с комментариями к видео Энн и Макс
../logs/API_methods.log 2025-03-05 15:08:02,635 INFO Проблема с комментариями к видео Дед уходит из дома
../logs/API_methods.log 2025-03-05 15:08:02,635 INFO Успешно получили комментарии для 5 видео
../logs/API_methods.log 2025-03-05 15:08:03,642 INFO ФУНКЦИЯ GET_VIDEO_COMMENT!!!
../logs/API_methods.log 2025-03-05 15:08:03,752 INFO Проблема с комментариями к видео Молочный улун в тюряге
../logs/API_methods.log 2025-03-05 15:08:03,753 INFO Проблема с комментариями к видео УЗИ
../logs/API_methods.log 2025-03-05 15:08:03,753 INFO Проблема с комментариями к видео Дед страдает
../logs/API_methods.log 2025-03-05 15:08:03,753 INFO Проблема с комментариями к видео Секс, секс - как это мило!
../logs/API_methods.log 2025-03-05 15:08:03,753 INFO Проблема с комментариями к видео Вахрушева в СИЗО
../logs/API_methods.log 2025-03-05 15:08:03,753 INFO Успешно получили комментарии для 5 видео
../logs/API_methods.log 2025-03-05 15:08:04,762 INFO ФУНКЦИЯ GET_VIDEO_COMMENT!!!
../logs/API_methods.log 2025-03-05 15:08:04,875 INFO Проблема с комментариями к видео пялился на телку
../logs/API_methods.log 2025-03-05 15:08:04,876 INFO Проблема с комментариями к видео секс за репетиторство
../logs/API_methods.log 2025-03-05 15:08:04,876 INFO Проблема с комментариями к видео Случай в магазине
../logs/API_methods.log 2025-03-05 15:08:04,876 INFO Проблема с комментариями к видео психолог для Ларисы
../logs/API_methods.log 2025-03-05 15:08:04,876 INFO Проблема с комментариями к видео Алиска деловая
../logs/API_methods.log 2025-03-05 15:08:04,876 INFO Успешно получили комментарии для 5 видео
../logs/API_methods.log 2025-03-05 15:08:05,877 INFO ФУНКЦИЯ GET_VIDEO_COMMENT!!!
../logs/API_methods.log 2025-03-05 15:08:06,003 INFO Проблема с комментариями к видео Дед жжот
../logs/API_methods.log 2025-03-05 15:08:06,003 INFO Проблема с комментариями к видео Оля зла на Борю
../logs/API_methods.log 2025-03-05 15:08:06,003 INFO Проблема с комментариями к видео Траволатор. Улица
../logs/API_methods.log 2025-03-05 15:08:06,004 INFO Проблема с комментариями к видео поцелуй Кабана и Ксюхи
../logs/API_methods.log 2025-03-05 15:08:06,004 INFO Проблема с комментариями к видео танец молодоженов
../logs/API_methods.log 2025-03-05 15:08:06,004 INFO Успешно получили комментарии для 5 видео
../logs/API_methods.log 2025-03-05 15:08:07,008 INFO ФУНКЦИЯ GET_VIDEO_COMMENT!!!
../logs/API_methods.log 2025-03-05 15:08:07,127 INFO Проблема с комментариями к видео кофе от влюбленной женщины для Бори
../logs/API_methods.log 2025-03-05 15:08:07,127 INFO Проблема с комментариями к видео Вахрушева как Рокки
../logs/API_methods.log 2025-03-05 15:08:07,127 INFO Проблема с комментариями к видео Ларису кое-что озарило
../logs/API_methods.log 2025-03-05 15:08:07,127 INFO Проблема с комментариями к видео Столовка
../logs/API_methods.log 2025-03-05 15:08:07,128 INFO Проблема с комментариями к видео 123
../logs/API_methods.log 2025-03-05 15:08:07,128 INFO Успешно получили комментарии для 5 видео
../logs/API_methods.log 2025-03-05 15:08:08,132 INFO ФУНКЦИЯ GET_VIDEO_COMMENT!!!
../logs/API_methods.log 2025-03-05 15:08:08,249 INFO Проблема с комментариями к видео Аркаша лебезит перед отцом Луизы
../logs/API_methods.log 2025-03-05 15:08:08,249 INFO Проблема с комментариями к видео Юлька хвастает Аркашей
../logs/API_methods.log 2025-03-05 15:08:08,249 INFO Проблема с комментариями к видео Ларисины слезы
../logs/API_methods.log 2025-03-05 15:08:08,249 INFO Проблема с комментариями к видео Логотип
../logs/API_methods.log 2025-03-05 15:08:08,249 INFO Проблема с комментариями к видео Махинация с картинами
../logs/API_methods.log 2025-03-05 15:08:08,249 INFO Успешно получили комментарии для 5 видео
../logs/API_methods.log 2025-03-05 15:08:09,253 INFO ФУНКЦИЯ GET_VIDEO_COMMENT!!!
../logs/API_methods.log 2025-03-05 15:08:09,369 INFO Проблема с комментариями к видео Проклятие стриптизерши
../logs/API_methods.log 2025-03-05 15:08:09,369 INFO Проблема с комментариями к видео Кабан и Ксю
../logs/API_methods.log 2025-03-05 15:08:09,369 INFO Проблема с комментариями к видео Суровая директриса
../logs/API_methods.log 2025-03-05 15:08:09,370 INFO Проблема с комментариями к видео Луиза сообщает о разводе
../logs/API_methods.log 2025-03-05 15:08:09,370 INFO Проблема с комментариями к видео Приглосы на свадьбу
../logs/API_methods.log 2025-03-05 15:08:09,370 INFO Успешно получили комментарии для 5 видео
../logs/API_methods.log 2025-03-05 15:08:10,375 INFO ФУНКЦИЯ GET_VIDEO_COMMENT!!!
../logs/API_methods.log 2025-03-05 15:08:10,506 INFO Проблема с комментариями к видео Где праздновать свадьбу?
../logs/API_methods.log 2025-03-05 15:08:10,506 INFO Проблема с комментариями к видео Скучно с вами, козы
../logs/API_methods.log 2025-03-05 15:08:10,507 INFO Проблема с комментариями к видео Ирка ревнует Дена
../logs/API_methods.log 2025-03-05 15:08:10,507 INFO Проблема с комментариями к видео Проспали на работу
../logs/API_methods.log 2025-03-05 15:08:10,507 INFO Проблема с комментариями к видео Лицо в пюре
../logs/API_methods.log 2025-03-05 15:08:10,507 INFO Успешно получили комментарии для 5 видео
../logs/API_methods.log 2025-03-05 15:08:11,508 INFO ФУНКЦИЯ GET_VIDEO_COMMENT!!!
../logs/API_methods.log 2025-03-05 15:08:11,674 INFO Проблема с комментариями к видео Ксюха пытается встать
../logs/API_methods.log 2025-03-05 15:08:11,674 INFO Проблема с комментариями к видео Комплиментщик
../logs/API_methods.log 2025-03-05 15:08:11,675 INFO Проблема с комментариями к видео Андрею не надо знать
../logs/API_methods.log 2025-03-05 15:08:11,675 INFO Проблема с комментариями к видео Запись на свидание
../logs/API_methods.log 2025-03-05 15:08:11,675 INFO Проблема с комментариями к видео Стриптизерша
../logs/API_methods.log 2025-03-05 15:08:11,675 INFO Успешно получили комментарии для 5 видео
../logs/API_methods.log 2025-03-05 15:08:12,684 INFO ФУНКЦИЯ GET_VIDEO_COMMENT!!!
../logs/API_methods.log 2025-03-05 15:08:12,795 INFO Проблема с комментариями к видео Ирка ревнует Дена
../logs/API_methods.log 2025-03-05 15:08:12,795 INFO Проблема с комментариями к видео Кобель пришел
../logs/API_methods.log 2025-03-05 15:08:12,795 INFO Проблема с комментариями к видео Мальдивы или Крым
../logs/API_methods.log 2025-03-05 15:08:12,796 INFO Проблема с комментариями к видео Подозрения
../logs/API_methods.log 2025-03-05 15:08:12,796 INFO Проблема с комментариями к видео Сложные переговоры
../logs/API_methods.log 2025-03-05 15:08:12,796 INFO Успешно получили комментарии для 5 видео
../logs/API_methods.log 2025-03-05 15:08:13,798 INFO ФУНКЦИЯ GET_VIDEO_COMMENT!!!
../logs/API_methods.log 2025-03-05 15:08:13,905 INFO Проблема с комментариями к видео Алиса улетает из сериала?
../logs/API_methods.log 2025-03-05 15:08:13,905 INFO Проблема с комментариями к видео Батя и разговоры о любви
../logs/API_methods.log 2025-03-05 15:08:13,905 INFO Проблема с комментариями к видео Сам все решил... как мужик
../logs/API_methods.log 2025-03-05 15:08:13,905 INFO Проблема с комментариями к видео Рыбой воняет
../logs/API_methods.log 2025-03-05 15:08:13,906 INFO Проблема с комментариями к видео Лариса погнала за рюмочкой
../logs/API_methods.log 2025-03-05 15:08:13,906 INFO Успешно получили комментарии для 5 видео
../logs/API_methods.log 2025-03-05 15:08:14,907 INFO ФУНКЦИЯ GET_VIDEO_COMMENT!!!
../logs/API_methods.log 2025-03-05 15:08:15,023 INFO Проблема с комментариями к видео Жиросжигающая тренировка
../logs/API_methods.log 2025-03-05 15:08:15,023 INFO Проблема с комментариями к видео 124 жирня
../logs/API_methods.log 2025-03-05 15:08:15,023 INFO Проблема с комментариями к видео Породистая соса
../logs/API_methods.log 2025-03-05 15:08:15,024 INFO Проблема с комментариями к видео Боре не хватает на Таиланд
../logs/API_methods.log 2025-03-05 15:08:15,024 INFO Проблема с комментариями к видео Признание стаса
../logs/API_methods.log 2025-03-05 15:08:15,024 INFO Успешно получили комментарии для 5 видео
../logs/API_methods.log 2025-03-05 15:08:16,032 INFO ФУНКЦИЯ GET_VIDEO_COMMENT!!!
../logs/API_methods.log 2025-03-05 15:08:16,142 INFO Проблема с комментариями к видео песня для Ксюхи
../logs/API_methods.log 2025-03-05 15:08:16,142 INFO Проблема с комментариями к видео Катя и Соколов в кровати
../logs/API_methods.log 2025-03-05 15:08:16,142 INFO Проблема с комментариями к видео Ден клеится к Ирке
../logs/API_methods.log 2025-03-05 15:08:16,142 INFO Проблема с комментариями к видео Холестериновые цепочки
../logs/API_methods.log 2025-03-05 15:08:16,142 INFO Проблема с комментариями к видео 121 лариса
../logs/API_methods.log 2025-03-05 15:08:16,142 INFO Успешно получили комментарии для 5 видео
../logs/API_methods.log 2025-03-05 15:08:17,152 INFO ФУНКЦИЯ GET_VIDEO_COMMENT!!!
../logs/API_methods.log 2025-03-05 15:08:17,277 INFO Проблема с комментариями к видео Невеста и любовница
../logs/API_methods.log 2025-03-05 15:08:17,277 INFO Проблема с комментариями к видео Артем и Катя
../logs/API_methods.log 2025-03-05 15:08:17,277 INFO Проблема с комментариями к видео Влад изменил Тане?
../logs/API_methods.log 2025-03-05 15:08:17,277 INFO Проблема с комментариями к видео Артем озверел
../logs/API_methods.log 2025-03-05 15:08:17,277 INFO Проблема с комментариями к видео Улица - Сережа пытается вывести Катю на чистую воду
../logs/API_methods.log 2025-03-05 15:08:17,277 INFO Успешно получили комментарии для 5 видео
../logs/API_methods.log 2025-03-05 15:08:18,282 INFO ФУНКЦИЯ GET_VIDEO_COMMENT!!!
../logs/API_methods.log 2025-03-05 15:08:18,391 INFO Проблема с комментариями к видео Улица - Влад делает предложение Тане
../logs/API_methods.log 2025-03-05 15:08:18,391 INFO Проблема с комментариями к видео Улица - У нас будет девочка
../logs/API_methods.log 2025-03-05 15:08:18,391 INFO Проблема с комментариями к видео Улица вернуууулась!
../logs/API_methods.log 2025-03-05 15:08:18,391 INFO Проблема с комментариями к видео Улица - Здесь люди настоящие
../logs/API_methods.log 2025-03-05 15:08:18,391 INFO Проблема с комментариями к видео ПРЕМЬЕРА! Улица - Куда поедем в свадебное путешествие?
../logs/API_methods.log 2025-03-05 15:08:18,392 INFO Успешно получили комментарии для 5 видео
../logs/API_methods.log 2025-03-05 15:08:19,396 INFO ФУНКЦИЯ GET_VIDEO_COMMENT!!!
../logs/API_methods.log 2025-03-05 15:08:19,517 INFO Проблема с комментариями к видео "Лица". Выпуск 5. Андрей, Лаура и Костян
../logs/API_methods.log 2025-03-05 15:08:19,518 INFO Проблема с комментариями к видео 6 июня - День русского языка!
../logs/API_methods.log 2025-03-05 15:08:19,518 INFO Проблема с комментариями к видео Письмо Онегина к Татьяне ("Евгений Онегин")
../logs/API_methods.log 2025-03-05 15:08:19,518 INFO Проблема с комментариями к видео Пушкин - наше всё!
../logs/API_methods.log 2025-03-05 15:08:19,518 INFO Проблема с комментариями к видео Андрей спит с Алисой
../logs/API_methods.log 2025-03-05 15:08:19,518 INFO Успешно получили комментарии для 5 видео
../logs/API_methods.log 2025-03-05 15:08:20,526 INFO ФУНКЦИЯ GET_VIDEO_COMMENT!!!
../logs/API_methods.log 2025-03-05 15:08:20,644 INFO Проблема с комментариями к видео Извращенец
../logs/API_methods.log 2025-03-05 15:08:20,644 INFO Проблема с комментариями к видео Таро
../logs/API_methods.log 2025-03-05 15:08:20,644 INFO Проблема с комментариями к видео Зачем бабы ходят в зал
../logs/API_methods.log 2025-03-05 15:08:20,644 INFO Проблема с комментариями к видео Видеозвонок
../logs/API_methods.log 2025-03-05 15:08:20,644 INFO Проблема с комментариями к видео Забавная надпись
../logs/API_methods.log 2025-03-05 15:08:20,645 INFO Успешно получили комментарии для 5 видео
../logs/API_methods.log 2025-03-05 15:08:21,649 INFO ФУНКЦИЯ GET_VIDEO_COMMENT!!!
../logs/API_methods.log 2025-03-05 15:08:21,773 INFO Проблема с комментариями к видео Тайна Стаса раскрыта!
../logs/API_methods.log 2025-03-05 15:08:21,773 INFO Проблема с комментариями к видео Проституция
../logs/API_methods.log 2025-03-05 15:08:21,773 INFO Проблема с комментариями к видео Артем убивается в зале
../logs/API_methods.log 2025-03-05 15:08:21,773 INFO Проблема с комментариями к видео Признание Васи
../logs/API_methods.log 2025-03-05 15:08:21,773 INFO Проблема с комментариями к видео Драка Ромы и Кабана
../logs/API_methods.log 2025-03-05 15:08:21,773 INFO Успешно получили комментарии для 5 видео
../logs/API_methods.log 2025-03-05 15:08:22,779 INFO ФУНКЦИЯ GET_VIDEO_COMMENT!!!
../logs/API_methods.log 2025-03-05 15:08:22,901 INFO Проблема с комментариями к видео Почти поцелуй
../logs/API_methods.log 2025-03-05 15:08:22,902 INFO Проблема с комментариями к видео Почпокался
../logs/API_methods.log 2025-03-05 15:08:22,902 INFO Проблема с комментариями к видео За решетку!
../logs/API_methods.log 2025-03-05 15:08:22,902 INFO Проблема с комментариями к видео Худеть к лету
../logs/API_methods.log 2025-03-05 15:08:22,902 INFO Проблема с комментариями к видео Пописаешь коротко!
../logs/API_methods.log 2025-03-05 15:08:22,902 INFO Успешно получили комментарии для 5 видео
../logs/API_methods.log 2025-03-05 15:08:23,910 INFO ФУНКЦИЯ GET_VIDEO_COMMENT!!!
../logs/API_methods.log 2025-03-05 15:08:24,022 INFO Проблема с комментариями к видео 5 СОВЕТОВ НА ЛЕТО ОТ ЭНН
../logs/API_methods.log 2025-03-05 15:08:24,022 INFO Проблема с комментариями к видео Массаж
../logs/API_methods.log 2025-03-05 15:08:24,023 INFO Проблема с комментариями к видео Ревность
../logs/API_methods.log 2025-03-05 15:08:24,023 INFO Проблема с комментариями к видео Флиртуны
../logs/API_methods.log 2025-03-05 15:08:24,023 INFO Проблема с комментариями к видео Работник месяца
../logs/API_methods.log 2025-03-05 15:08:24,023 INFO Успешно получили комментарии для 5 видео
../logs/API_methods.log 2025-03-05 15:08:25,027 INFO ФУНКЦИЯ GET_VIDEO_COMMENT!!!
../logs/API_methods.log 2025-03-05 15:08:25,145 INFO Проблема с комментариями к видео Кот наведался в гости
../logs/API_methods.log 2025-03-05 15:08:25,145 INFO Проблема с комментариями к видео Артем с веником
../logs/API_methods.log 2025-03-05 15:08:25,145 INFO Проблема с комментариями к видео За решетку
../logs/API_methods.log 2025-03-05 15:08:25,145 INFO Проблема с комментариями к видео Как НЕ ДОЛЖНЫ работать риелторы
../logs/API_methods.log 2025-03-05 15:08:25,145 INFO Проблема с комментариями к видео Зачем Ромке инвалид
../logs/API_methods.log 2025-03-05 15:08:25,145 INFO Успешно получили комментарии для 5 видео
../logs/API_methods.log 2025-03-05 15:08:26,155 INFO ФУНКЦИЯ GET_VIDEO_COMMENT!!!
../logs/API_methods.log 2025-03-05 15:08:26,265 INFO Проблема с комментариями к видео Секс за кофе с булкой
../logs/API_methods.log 2025-03-05 15:08:26,265 INFO Проблема с комментариями к видео УБЕРИТЕ МУЗЫКУ!!!
../logs/API_methods.log 2025-03-05 15:08:26,265 INFO Проблема с комментариями к видео ЛИЦА. ПРО ЛЮБОВЬ
../logs/API_methods.log 2025-03-05 15:08:26,265 INFO Проблема с комментариями к видео Соколов предлагал секс!
../logs/API_methods.log 2025-03-05 15:08:26,265 INFO Проблема с комментариями к видео Виталика тошнит
../logs/API_methods.log 2025-03-05 15:08:26,266 INFO Успешно получили комментарии для 5 видео
../logs/API_methods.log 2025-03-05 15:08:27,269 INFO ФУНКЦИЯ GET_VIDEO_COMMENT!!!
../logs/API_methods.log 2025-03-05 15:08:27,404 INFO Проблема с комментариями к видео Ну не все так плохо...
../logs/API_methods.log 2025-03-05 15:08:27,404 INFO Проблема с комментариями к видео Тушим пожар!
../logs/API_methods.log 2025-03-05 15:08:27,405 INFO Проблема с комментариями к видео Перепутал девушек
../logs/API_methods.log 2025-03-05 15:08:27,405 INFO Проблема с комментариями к видео Это всего лишь ремень заел!
../logs/API_methods.log 2025-03-05 15:08:27,405 INFO Проблема с комментариями к видео А не комик ли Артем?
../logs/API_methods.log 2025-03-05 15:08:27,405 INFO Успешно получили комментарии для 5 видео
../logs/API_methods.log 2025-03-05 15:08:28,407 INFO ФУНКЦИЯ GET_VIDEO_COMMENT!!!
../logs/API_methods.log 2025-03-05 15:08:28,518 INFO Проблема с комментариями к видео Ирку отчитал дед
../logs/API_methods.log 2025-03-05 15:08:28,518 INFO Проблема с комментариями к видео Макс устроил сюрприз
../logs/API_methods.log 2025-03-05 15:08:28,518 INFO Проблема с комментариями к видео Таню "накрыло"
../logs/API_methods.log 2025-03-05 15:08:28,518 INFO Проблема с комментариями к видео Кексики
../logs/API_methods.log 2025-03-05 15:08:28,518 INFO Проблема с комментариями к видео Чай не удался
../logs/API_methods.log 2025-03-05 15:08:28,518 INFO Успешно получили комментарии для 5 видео
../logs/API_methods.log 2025-03-05 15:08:29,524 INFO ФУНКЦИЯ GET_VIDEO_COMMENT!!!
../logs/API_methods.log 2025-03-05 15:08:29,644 INFO Проблема с комментариями к видео Сексуальная Алиса
../logs/API_methods.log 2025-03-05 15:08:29,644 INFO Проблема с комментариями к видео Скандал Соколова и Кати
../logs/API_methods.log 2025-03-05 15:08:29,645 INFO Проблема с комментариями к видео Девки пьют
../logs/API_methods.log 2025-03-05 15:08:29,645 INFO Проблема с комментариями к видео Рома угорел
../logs/API_methods.log 2025-03-05 15:08:29,645 INFO Проблема с комментариями к видео Кот клеится к Алисе
../logs/API_methods.log 2025-03-05 15:08:29,645 INFO Успешно получили комментарии для 5 видео
../logs/API_methods.log 2025-03-05 15:08:30,650 INFO ФУНКЦИЯ GET_VIDEO_COMMENT!!!
../logs/API_methods.log 2025-03-05 15:08:30,775 INFO Проблема с комментариями к видео Алиса кидает Артёма
../logs/API_methods.log 2025-03-05 15:08:30,776 INFO Проблема с комментариями к видео я все объясню
../logs/API_methods.log 2025-03-05 15:08:30,776 INFO Проблема с комментариями к видео Итоги конкурса комиксов
../logs/API_methods.log 2025-03-05 15:08:30,776 INFO Проблема с комментариями к видео Крекс-шпекс Кати и Соколова
../logs/API_methods.log 2025-03-05 15:08:30,776 INFO Проблема с комментариями к видео Что произошло с Татьяной?!
../logs/API_methods.log 2025-03-05 15:08:30,776 INFO Успешно получили комментарии для 5 видео
../logs/API_methods.log 2025-03-05 15:08:31,780 INFO ФУНКЦИЯ GET_VIDEO_COMMENT!!!
../logs/API_methods.log 2025-03-05 15:08:31,898 INFO Проблема с комментариями к видео Рома уезжает навсегда
../logs/API_methods.log 2025-03-05 15:08:31,898 INFO Проблема с комментариями к видео Соколов в кровати Кати
../logs/API_methods.log 2025-03-05 15:08:31,898 INFO Проблема с комментариями к видео Итоги конкурса комиксов совсем скоро! Не пропусти!
../logs/API_methods.log 2025-03-05 15:08:31,898 INFO Проблема с комментариями к видео Луиза в печали
../logs/API_methods.log 2025-03-05 15:08:31,898 INFO Проблема с комментариями к видео Неловкая ситуация
../logs/API_methods.log 2025-03-05 15:08:31,898 INFO Успешно получили комментарии для 5 видео
../logs/API_methods.log 2025-03-05 15:08:32,904 INFO ФУНКЦИЯ GET_VIDEO_COMMENT!!!
../logs/API_methods.log 2025-03-05 15:08:33,016 INFO Проблема с комментариями к видео Гамлета чуть не застрелили
../logs/API_methods.log 2025-03-05 15:08:33,016 INFO Проблема с комментариями к видео Никто не ожидал этой встречи...
../logs/API_methods.log 2025-03-05 15:08:33,016 INFO Проблема с комментариями к видео Луиза-шпион или как без палева воровать у Шановского
../logs/API_methods.log 2025-03-05 15:08:33,016 INFO Проблема с комментариями к видео "Лица". Выпуск 3. Алиса, Рома и Артем
../logs/API_methods.log 2025-03-05 15:08:33,016 INFO Проблема с комментариями к видео УЖЕ СКОРО! Новый выпуск "Лиц"! Не пропусти! :)
../logs/API_methods.log 2025-03-05 15:08:33,017 INFO Успешно получили комментарии для 5 видео
../logs/API_methods.log 2025-03-05 15:08:34,026 INFO ФУНКЦИЯ GET_VIDEO_COMMENT!!!
../logs/API_methods.log 2025-03-05 15:08:34,145 INFO Проблема с комментариями к видео Анонс: новый выпуск проекта "Лица" уже сегодня в 19:30 по МСК!
../logs/API_methods.log 2025-03-05 15:08:34,146 INFO Проблема с комментариями к видео Поела пельмешек
../logs/API_methods.log 2025-03-05 15:08:34,146 INFO Проблема с комментариями к видео Стихи для телок
../logs/API_methods.log 2025-03-05 15:08:34,146 INFO Проблема с комментариями к видео Луиза бросает Витасю
../logs/API_methods.log 2025-03-05 15:08:34,146 INFO Проблема с комментариями к видео Саша и Светка
../logs/API_methods.log 2025-03-05 15:08:34,146 INFO Успешно получили комментарии для 5 видео
../logs/API_methods.log 2025-03-05 15:08:35,153 INFO ФУНКЦИЯ GET_VIDEO_COMMENT!!!
../logs/API_methods.log 2025-03-05 15:08:35,260 INFO Проблема с комментариями к видео Чей мужик Соколов?
../logs/API_methods.log 2025-03-05 15:08:35,260 INFO Проблема с комментариями к видео Свадьбы не будет
../logs/API_methods.log 2025-03-05 15:08:35,260 INFO Проблема с комментариями к видео Марат пьян и неудержим
../logs/API_methods.log 2025-03-05 15:08:35,261 INFO Проблема с комментариями к видео Лариса истерит
../logs/API_methods.log 2025-03-05 15:08:35,261 INFO Проблема с комментариями к видео Марина очень легко прощается с Деном
../logs/API_methods.log 2025-03-05 15:08:35,261 INFO Успешно получили комментарии для 5 видео
../logs/API_methods.log 2025-03-05 15:08:36,266 INFO ФУНКЦИЯ GET_VIDEO_COMMENT!!!
../logs/API_methods.log 2025-03-05 15:08:36,381 INFO Проблема с комментариями к видео Ксюша на коляске
../logs/API_methods.log 2025-03-05 15:08:36,381 INFO Проблема с комментариями к видео У Васи есть секретик
../logs/API_methods.log 2025-03-05 15:08:36,381 INFO Проблема с комментариями к видео Свидание
../logs/API_methods.log 2025-03-05 15:08:36,381 INFO Проблема с комментариями к видео "Дело не в тебе!"
../logs/API_methods.log 2025-03-05 15:08:36,381 INFO Проблема с комментариями к видео виталя луиза и ангелина
../logs/API_methods.log 2025-03-05 15:08:36,381 INFO Успешно получили комментарии для 5 видео
../logs/API_methods.log 2025-03-05 15:08:37,392 INFO ФУНКЦИЯ GET_VIDEO_COMMENT!!!
../logs/API_methods.log 2025-03-05 15:08:37,505 INFO Проблема с комментариями к видео Что такое беременность?
../logs/API_methods.log 2025-03-05 15:08:37,505 INFO Проблема с комментариями к видео Секрет Васи
../logs/API_methods.log 2025-03-05 15:08:37,506 INFO Проблема с комментариями к видео Ирка Vs. Катя
../logs/API_methods.log 2025-03-05 15:08:37,506 INFO Проблема с комментариями к видео Кабан и Ромка
../logs/API_methods.log 2025-03-05 15:08:37,506 INFO Проблема с комментариями к видео Маратик-Маратик...
../logs/API_methods.log 2025-03-05 15:08:37,506 INFO Успешно получили комментарии для 5 видео
../logs/API_methods.log 2025-03-05 15:08:38,512 INFO ФУНКЦИЯ GET_VIDEO_COMMENT!!!
../logs/API_methods.log 2025-03-05 15:08:38,618 INFO Проблема с комментариями к видео Рома пропал
../logs/API_methods.log 2025-03-05 15:08:38,618 INFO Проблема с комментариями к видео Как красиво отшить девушку?
../logs/API_methods.log 2025-03-05 15:08:38,619 INFO Проблема с комментариями к видео Ты  - мой Джокер
../logs/API_methods.log 2025-03-05 15:08:38,619 INFO Проблема с комментариями к видео "Лица". Выпуск 2. "Катя и Соколов"
../logs/API_methods.log 2025-03-05 15:08:38,620 INFO Проблема с комментариями к видео Анонс. Новый выпуск "Лица" - уже совсем скоро. Не пропусти!
../logs/API_methods.log 2025-03-05 15:08:38,620 INFO Успешно получили комментарии для 5 видео
../logs/API_methods.log 2025-03-05 15:08:39,625 INFO ФУНКЦИЯ GET_VIDEO_COMMENT!!!
../logs/API_methods.log 2025-03-05 15:08:39,738 INFO Проблема с комментариями к видео Анонс. Новый выпуск "Лица" Улицы. Не пропусти сегодня!
../logs/API_methods.log 2025-03-05 15:08:39,738 INFO Проблема с комментариями к видео Дэн написывает Ксюхе
../logs/API_methods.log 2025-03-05 15:08:39,738 INFO Проблема с комментариями к видео Виталя остается ни с чем
../logs/API_methods.log 2025-03-05 15:08:39,738 INFO Проблема с комментариями к видео Ангелина просит совета
../logs/API_methods.log 2025-03-05 15:08:39,739 INFO Проблема с комментариями к видео Энерго-чай
../logs/API_methods.log 2025-03-05 15:08:39,739 INFO Успешно получили комментарии для 5 видео
../logs/API_methods.log 2025-03-05 15:08:40,741 INFO ФУНКЦИЯ GET_VIDEO_COMMENT!!!
../logs/API_methods.log 2025-03-05 15:08:40,855 INFO Проблема с комментариями к видео Энн и Рома
../logs/API_methods.log 2025-03-05 15:08:40,855 INFO Проблема с комментариями к видео Рома и Ксюхин папа
../logs/API_methods.log 2025-03-05 15:08:40,855 INFO Проблема с комментариями к видео Юля- стерва
../logs/API_methods.log 2025-03-05 15:08:40,855 INFO Проблема с комментариями к видео Боря худеет
../logs/API_methods.log 2025-03-05 15:08:40,855 INFO Проблема с комментариями к видео Рома и Ксюха (первое знакомство)
../logs/API_methods.log 2025-03-05 15:08:40,855 INFO Успешно получили комментарии для 5 видео
../logs/API_methods.log 2025-03-05 15:08:41,863 INFO ФУНКЦИЯ GET_VIDEO_COMMENT!!!
../logs/API_methods.log 2025-03-05 15:08:42,005 INFO Проблема с комментариями к видео Тройничок?! ;)
../logs/API_methods.log 2025-03-05 15:08:42,005 INFO Проблема с комментариями к видео Боря - кайфоломщик
../logs/API_methods.log 2025-03-05 15:08:42,006 INFO Проблема с комментариями к видео Встреча Марата  и Юли
../logs/API_methods.log 2025-03-05 15:08:42,006 INFO Проблема с комментариями к видео Алиса наводит связи
../logs/API_methods.log 2025-03-05 15:08:42,006 INFO Проблема с комментариями к видео Смена имиджа Алисы
../logs/API_methods.log 2025-03-05 15:08:42,006 INFO Успешно получили комментарии для 5 видео
../logs/API_methods.log 2025-03-05 15:08:43,008 INFO ФУНКЦИЯ GET_VIDEO_COMMENT!!!
../logs/API_methods.log 2025-03-05 15:08:43,118 INFO Проблема с комментариями к видео Дедуля идёт на свиданку
../logs/API_methods.log 2025-03-05 15:08:43,118 INFO Проблема с комментариями к видео Костя тряпка
../logs/API_methods.log 2025-03-05 15:08:43,118 INFO Проблема с комментариями к видео Алиса и Таня находят общий язык
../logs/API_methods.log 2025-03-05 15:08:43,119 INFO Проблема с комментариями к видео Артём, Катя и кино
../logs/API_methods.log 2025-03-05 15:08:43,119 INFO Проблема с комментариями к видео Аптекарь даёт рецензию на "Гоголя"
../logs/API_methods.log 2025-03-05 15:08:43,119 INFO Успешно получили комментарии для 5 видео
../logs/API_methods.log 2025-03-05 15:08:44,122 INFO ФУНКЦИЯ GET_VIDEO_COMMENT!!!
../logs/API_methods.log 2025-03-05 15:08:44,234 INFO Проблема с комментариями к видео Встреча Вахрушевой и Витаси
../logs/API_methods.log 2025-03-05 15:08:44,234 INFO Проблема с комментариями к видео Девичник
../logs/API_methods.log 2025-03-05 15:08:44,234 INFO Проблема с комментариями к видео Валеру поднакрыло
../logs/API_methods.log 2025-03-05 15:08:44,234 INFO Проблема с комментариями к видео Виталя помогает пьяной Ангелине
../logs/API_methods.log 2025-03-05 15:08:44,234 INFO Проблема с комментариями к видео Кабан делает свой выбор...
../logs/API_methods.log 2025-03-05 15:08:44,234 INFO Успешно получили комментарии для 5 видео
../logs/API_methods.log 2025-03-05 15:08:45,240 INFO ФУНКЦИЯ GET_VIDEO_COMMENT!!!
../logs/API_methods.log 2025-03-05 15:08:45,355 INFO Проблема с комментариями к видео Улица знакомится с новым участковым
../logs/API_methods.log 2025-03-05 15:08:45,355 INFO Проблема с комментариями к видео Встреча Соколова и Ирки
../logs/API_methods.log 2025-03-05 15:08:45,356 INFO Проблема с комментариями к видео Энн знакомится на районе с новеньким
../logs/API_methods.log 2025-03-05 15:08:45,356 INFO Проблема с комментариями к видео Лица "Улицы". Премьера сегодня
../logs/API_methods.log 2025-03-05 15:08:45,356 INFO Проблема с комментариями к видео Лица "Улицы". Скоро
../logs/API_methods.log 2025-03-05 15:08:45,356 INFO Успешно получили комментарии для 5 видео
../logs/API_methods.log 2025-03-05 15:08:46,364 INFO ФУНКЦИЯ GET_VIDEO_COMMENT!!!
../logs/API_methods.log 2025-03-05 15:08:46,470 INFO Проблема с комментариями к видео Улица - Танго
../logs/API_methods.log 2025-03-05 15:08:46,471 INFO Проблема с комментариями к видео Улица - Алиса в стране чудес
../logs/API_methods.log 2025-03-05 15:08:46,471 INFO Проблема с комментариями к видео Улица - Участковый
../logs/API_methods.log 2025-03-05 15:08:46,471 INFO Проблема с комментариями к видео Улица - Лаура и Ангелина
../logs/API_methods.log 2025-03-05 15:08:46,471 INFO Проблема с комментариями к видео Улица - Качки
../logs/API_methods.log 2025-03-05 15:08:46,471 INFO Успешно получили комментарии для 5 видео
../logs/API_methods.log 2025-03-05 15:08:47,480 INFO ФУНКЦИЯ GET_VIDEO_COMMENT!!!
../logs/API_methods.log 2025-03-05 15:08:47,598 INFO Проблема с комментариями к видео Улица моя (версия Бургер 3.0)
../logs/API_methods.log 2025-03-05 15:08:47,598 INFO Проблема с комментариями к видео Улица моя. Скоро...
../logs/API_methods.log 2025-03-05 15:08:47,598 INFO Проблема с комментариями к видео Улица - Бургер
../logs/API_methods.log 2025-03-05 15:08:47,598 INFO Проблема с комментариями к видео Улица - Соколов
../logs/API_methods.log 2025-03-05 15:08:47,599 INFO Проблема с комментариями к видео 8 марта CHALLENGE
../logs/API_methods.log 2025-03-05 15:08:47,599 INFO Успешно получили комментарии для 5 видео
../logs/API_methods.log 2025-03-05 15:08:48,600 INFO ФУНКЦИЯ GET_VIDEO_COMMENT!!!
../logs/API_methods.log 2025-03-05 15:08:48,719 INFO Проблема с комментариями к видео когда будет 2 сезон?
../logs/API_methods.log 2025-03-05 15:08:48,719 INFO Проблема с комментариями к видео 23 февраля CHALLENGE
../logs/API_methods.log 2025-03-05 15:08:48,720 INFO Проблема с комментариями к видео Маратик свободен
../logs/API_methods.log 2025-03-05 15:08:48,720 INFO Проблема с комментариями к видео Безумие на масленице
../logs/API_methods.log 2025-03-05 15:08:48,720 INFO Проблема с комментариями к видео MC Lake - Трек нашей тусы
../logs/API_methods.log 2025-03-05 15:08:48,720 INFO Успешно получили комментарии для 5 видео
../logs/API_methods.log 2025-03-05 15:08:49,724 INFO ФУНКЦИЯ GET_VIDEO_COMMENT!!!
../logs/API_methods.log 2025-03-05 15:08:49,833 INFO Проблема с комментариями к видео Как рыбку выбрать правильно?
../logs/API_methods.log 2025-03-05 15:08:49,833 INFO Проблема с комментариями к видео Что же делать?
../logs/API_methods.log 2025-03-05 15:08:49,833 INFO Проблема с комментариями к видео Ирка за главную
../logs/API_methods.log 2025-03-05 15:08:49,833 INFO Проблема с комментариями к видео Дружба
../logs/API_methods.log 2025-03-05 15:08:49,833 INFO Проблема с комментариями к видео Люба выходит замуж
../logs/API_methods.log 2025-03-05 15:08:49,833 INFO Успешно получили комментарии для 5 видео
../logs/API_methods.log 2025-03-05 15:08:50,842 INFO ФУНКЦИЯ GET_VIDEO_COMMENT!!!
../logs/API_methods.log 2025-03-05 15:08:50,943 INFO Проблема с комментариями к видео Улица Соколов самец
../logs/API_methods.log 2025-03-05 15:08:50,943 INFO Проблема с комментариями к видео Подарочек
../logs/API_methods.log 2025-03-05 15:08:50,943 INFO Проблема с комментариями к видео КОНКУРС НА "УЛИЦЕ"!!!
../logs/API_methods.log 2025-03-05 15:08:50,943 INFO Проблема с комментариями к видео Не менеджер Газпрома
../logs/API_methods.log 2025-03-05 15:08:50,943 INFO Проблема с комментариями к видео Алла плохого не посоветует!
../logs/API_methods.log 2025-03-05 15:08:50,943 INFO Успешно получили комментарии для 5 видео
../logs/API_methods.log 2025-03-05 15:08:51,949 INFO ФУНКЦИЯ GET_VIDEO_COMMENT!!!
../logs/API_methods.log 2025-03-05 15:08:52,067 INFO Проблема с комментариями к видео Секс и любовь на районе
../logs/API_methods.log 2025-03-05 15:08:52,067 INFO Проблема с комментариями к видео Коньячку для настроения!
../logs/API_methods.log 2025-03-05 15:08:52,067 INFO Проблема с комментариями к видео Встреча в качалке
../logs/API_methods.log 2025-03-05 15:08:52,067 INFO Проблема с комментариями к видео Валера "приболел"
../logs/API_methods.log 2025-03-05 15:08:52,067 INFO Проблема с комментариями к видео Лучшая подруга
../logs/API_methods.log 2025-03-05 15:08:52,067 INFO Успешно получили комментарии для 5 видео
../logs/API_methods.log 2025-03-05 15:08:53,074 INFO ФУНКЦИЯ GET_VIDEO_COMMENT!!!
../logs/API_methods.log 2025-03-05 15:08:53,198 INFO Проблема с комментариями к видео Юля и Сокол
../logs/API_methods.log 2025-03-05 15:08:53,198 INFO Проблема с комментариями к видео Ирка жестит
../logs/API_methods.log 2025-03-05 15:08:53,198 INFO Проблема с комментариями к видео Спецоперация :-)
../logs/API_methods.log 2025-03-05 15:08:53,198 INFO Проблема с комментариями к видео Швейцария
../logs/API_methods.log 2025-03-05 15:08:53,198 INFO Проблема с комментариями к видео Первый раз
../logs/API_methods.log 2025-03-05 15:08:53,198 INFO Успешно получили комментарии для 5 видео
../logs/API_methods.log 2025-03-05 15:08:54,207 INFO ФУНКЦИЯ GET_VIDEO_COMMENT!!!
../logs/API_methods.log 2025-03-05 15:08:54,323 INFO Проблема с комментариями к видео Аркаша и сюрприз
../logs/API_methods.log 2025-03-05 15:08:54,323 INFO Проблема с комментариями к видео Макс в беде
../logs/API_methods.log 2025-03-05 15:08:54,323 INFO Проблема с комментариями к видео Энн ищет деньги
../logs/API_methods.log 2025-03-05 15:08:54,323 INFO Проблема с комментариями к видео Повышение
../logs/API_methods.log 2025-03-05 15:08:54,323 INFO Проблема с комментариями к видео Люба
../logs/API_methods.log 2025-03-05 15:08:54,324 INFO Успешно получили комментарии для 5 видео
../logs/API_methods.log 2025-03-05 15:08:55,331 INFO ФУНКЦИЯ GET_VIDEO_COMMENT!!!
../logs/API_methods.log 2025-03-05 15:08:55,438 INFO Проблема с комментариями к видео Хард Гараж. Стрим Энн
../logs/API_methods.log 2025-03-05 15:08:55,439 INFO Проблема с комментариями к видео Поймали)
../logs/API_methods.log 2025-03-05 15:08:55,439 INFO Проблема с комментариями к видео Катя и Сокол
../logs/API_methods.log 2025-03-05 15:08:55,439 INFO Проблема с комментариями к видео Открытие
../logs/API_methods.log 2025-03-05 15:08:55,439 INFO Проблема с комментариями к видео Без намёка
../logs/API_methods.log 2025-03-05 15:08:55,439 INFO Успешно получили комментарии для 5 видео
../logs/API_methods.log 2025-03-05 15:08:56,447 INFO ФУНКЦИЯ GET_VIDEO_COMMENT!!!
../logs/API_methods.log 2025-03-05 15:08:56,556 INFO Проблема с комментариями к видео Неудобные трусики
../logs/API_methods.log 2025-03-05 15:08:56,556 INFO Проблема с комментариями к видео Сухой закон
../logs/API_methods.log 2025-03-05 15:08:56,556 INFO Проблема с комментариями к видео Открытие фитнес-клуба
../logs/API_methods.log 2025-03-05 15:08:56,556 INFO Проблема с комментариями к видео Кабан выкрутился)
../logs/API_methods.log 2025-03-05 15:08:56,556 INFO Проблема с комментариями к видео Кто виноват?
../logs/API_methods.log 2025-03-05 15:08:56,556 INFO Успешно получили комментарии для 5 видео
../logs/API_methods.log 2025-03-05 15:08:57,566 INFO ФУНКЦИЯ GET_VIDEO_COMMENT!!!
../logs/API_methods.log 2025-03-05 15:08:57,686 INFO Проблема с комментариями к видео Алла
../logs/API_methods.log 2025-03-05 15:08:57,687 INFO Проблема с комментариями к видео Аркаша
../logs/API_methods.log 2025-03-05 15:08:57,687 INFO Проблема с комментариями к видео Поздравления)
../logs/API_methods.log 2025-03-05 15:08:57,687 INFO Проблема с комментариями к видео Анонимка
../logs/API_methods.log 2025-03-05 15:08:57,687 INFO Проблема с комментариями к видео Ирка в больнице
../logs/API_methods.log 2025-03-05 15:08:57,687 INFO Успешно получили комментарии для 5 видео
../logs/API_methods.log 2025-03-05 15:08:58,696 INFO ФУНКЦИЯ GET_VIDEO_COMMENT!!!
../logs/API_methods.log 2025-03-05 15:08:58,815 INFO Проблема с комментариями к видео Соколов подозревает Стаса
../logs/API_methods.log 2025-03-05 15:08:58,815 INFO Проблема с комментариями к видео Что-то особенное)
../logs/API_methods.log 2025-03-05 15:08:58,816 INFO Проблема с комментариями к видео Люба
../logs/API_methods.log 2025-03-05 15:08:58,816 INFO Проблема с комментариями к видео Так ждала!
../logs/API_methods.log 2025-03-05 15:08:58,816 INFO Проблема с комментариями к видео Света и Ксюха
../logs/API_methods.log 2025-03-05 15:08:58,816 INFO Успешно получили комментарии для 5 видео
../logs/API_methods.log 2025-03-05 15:08:59,822 INFO ФУНКЦИЯ GET_VIDEO_COMMENT!!!
../logs/API_methods.log 2025-03-05 15:08:59,967 INFO Проблема с комментариями к видео Блокнот найден
../logs/API_methods.log 2025-03-05 15:08:59,967 INFO Проблема с комментариями к видео И такое бывает)
../logs/API_methods.log 2025-03-05 15:08:59,967 INFO Проблема с комментариями к видео До рассвета.
../logs/API_methods.log 2025-03-05 15:08:59,967 INFO Проблема с комментариями к видео Улица - Луиза - Шерлок Холмс
../logs/API_methods.log 2025-03-05 15:08:59,967 INFO Проблема с комментариями к видео Бабушка и Катя
../logs/API_methods.log 2025-03-05 15:08:59,967 INFO Успешно получили комментарии для 5 видео
../logs/API_methods.log 2025-03-05 15:09:00,970 INFO ФУНКЦИЯ GET_VIDEO_COMMENT!!!
../logs/API_methods.log 2025-03-05 15:09:01,089 INFO Проблема с комментариями к видео Исповедь Дениса
../logs/API_methods.log 2025-03-05 15:09:01,090 INFO Проблема с комментариями к видео День неудачный:-)
../logs/API_methods.log 2025-03-05 15:09:01,090 INFO Проблема с комментариями к видео Свидание, как в сериале:-)
../logs/API_methods.log 2025-03-05 15:09:01,090 INFO Проблема с комментариями к видео Баба Галя всё знает!
../logs/API_methods.log 2025-03-05 15:09:01,090 INFO Проблема с комментариями к видео Марат ревнует Ирку
../logs/API_methods.log 2025-03-05 15:09:01,090 INFO Успешно получили комментарии для 5 видео
../logs/API_methods.log 2025-03-05 15:09:02,095 INFO ФУНКЦИЯ GET_VIDEO_COMMENT!!!
../logs/API_methods.log 2025-03-05 15:09:02,225 INFO Проблема с комментариями к видео Ларисе кажется:-)
../logs/API_methods.log 2025-03-05 15:09:02,225 INFO Проблема с комментариями к видео Ирка и Сокол снимают стресс
../logs/API_methods.log 2025-03-05 15:09:02,225 INFO Проблема с комментариями к видео Подерутся?
../logs/API_methods.log 2025-03-05 15:09:02,225 INFO Проблема с комментариями к видео Вахрушева бизнес-леди
../logs/API_methods.log 2025-03-05 15:09:02,225 INFO Проблема с комментариями к видео Ультиматум
../logs/API_methods.log 2025-03-05 15:09:02,225 INFO Успешно получили комментарии для 5 видео
../logs/API_methods.log 2025-03-05 15:09:03,234 INFO ФУНКЦИЯ GET_VIDEO_COMMENT!!!
../logs/API_methods.log 2025-03-05 15:09:03,359 INFO Проблема с комментариями к видео Кто-то сегодня не идёт в кино!
../logs/API_methods.log 2025-03-05 15:09:03,359 INFO Проблема с комментариями к видео Мастер -класс от Ларисы
../logs/API_methods.log 2025-03-05 15:09:03,359 INFO Проблема с комментариями к видео Начать всё сначала...
../logs/API_methods.log 2025-03-05 15:09:03,359 INFO Проблема с комментариями к видео Ирка всех научит любить!
../logs/API_methods.log 2025-03-05 15:09:03,359 INFO Проблема с комментариями к видео Улица. До встречи 9 января!
../logs/API_methods.log 2025-03-05 15:09:03,359 INFO Успешно получили комментарии для 5 видео
../logs/API_methods.log 2025-03-05 15:09:04,364 INFO ФУНКЦИЯ GET_VIDEO_COMMENT!!!
../logs/API_methods.log 2025-03-05 15:09:04,494 INFO Проблема с комментариями к видео СТРИМ ИЗ САЛОНА! Съемка на камеры наблюдения. Новогодний эксклюзив.
../logs/API_methods.log 2025-03-05 15:09:04,494 INFO Проблема с комментариями к видео ЭНН ПСИХАНУЛА!
../logs/API_methods.log 2025-03-05 15:09:04,495 INFO Проблема с комментариями к видео Катя и Соколов на камерах видеонаблюдения в салоне
../logs/API_methods.log 2025-03-05 15:09:04,495 INFO Проблема с комментариями к видео Камеры наблюдения
../logs/API_methods.log 2025-03-05 15:09:04,495 INFO Проблема с комментариями к видео Прощальная романтика от Лехи
../logs/API_methods.log 2025-03-05 15:09:04,495 INFO Успешно получили комментарии для 5 видео
../logs/API_methods.log 2025-03-05 15:09:05,501 INFO ФУНКЦИЯ GET_VIDEO_COMMENT!!!
../logs/API_methods.log 2025-03-05 15:09:05,611 INFO Проблема с комментариями к видео родители Марата
../logs/API_methods.log 2025-03-05 15:09:05,612 INFO Проблема с комментариями к видео Лихая езда
../logs/API_methods.log 2025-03-05 15:09:05,612 INFO Проблема с комментариями к видео Вяленая рыба
../logs/API_methods.log 2025-03-05 15:09:05,612 INFO Проблема с комментариями к видео Соколов расстался с Полиной
../logs/API_methods.log 2025-03-05 15:09:05,612 INFO Проблема с комментариями к видео Мечта об Америке
../logs/API_methods.log 2025-03-05 15:09:05,612 INFO Успешно получили комментарии для 5 видео
../logs/API_methods.log 2025-03-05 15:09:06,618 INFO ФУНКЦИЯ GET_VIDEO_COMMENT!!!
../logs/API_methods.log 2025-03-05 15:09:06,806 INFO Проблема с комментариями к видео прощание Лехи и Ксюхи
../logs/API_methods.log 2025-03-05 15:09:06,806 INFO Проблема с комментариями к видео от Ларчика тошнит
../logs/API_methods.log 2025-03-05 15:09:06,806 INFO Проблема с комментариями к видео Драка Сергея и Андрея!
../logs/API_methods.log 2025-03-05 15:09:06,807 INFO Проблема с комментариями к видео Ларчик, прости!
../logs/API_methods.log 2025-03-05 15:09:06,807 INFO Проблема с комментариями к видео Ссора Энн и Ксюхи
../logs/API_methods.log 2025-03-05 15:09:06,807 INFO Успешно получили комментарии для 5 видео
../logs/API_methods.log 2025-03-05 15:09:07,808 INFO ФУНКЦИЯ GET_VIDEO_COMMENT!!!
../logs/API_methods.log 2025-03-05 15:09:07,931 INFO Проблема с комментариями к видео свидание Кати и Соколова
../logs/API_methods.log 2025-03-05 15:09:07,931 INFO Проблема с комментариями к видео Тревожный звонок из гинекологии
../logs/API_methods.log 2025-03-05 15:09:07,931 INFO Проблема с комментариями к видео Во всем виноват самогон!
../logs/API_methods.log 2025-03-05 15:09:07,931 INFO Проблема с комментариями к видео Мужская вечеринка
../logs/API_methods.log 2025-03-05 15:09:07,931 INFO Проблема с комментариями к видео Великие комбинаторы
../logs/API_methods.log 2025-03-05 15:09:07,931 INFO Успешно получили комментарии для 5 видео
../logs/API_methods.log 2025-03-05 15:09:08,938 INFO ФУНКЦИЯ GET_VIDEO_COMMENT!!!
../logs/API_methods.log 2025-03-05 15:09:09,047 INFO Проблема с комментариями к видео Получил по шее от Жени
../logs/API_methods.log 2025-03-05 15:09:09,047 INFO Проблема с комментариями к видео Массаж
../logs/API_methods.log 2025-03-05 15:09:09,047 INFO Проблема с комментариями к видео ужин с родителями Марата
../logs/API_methods.log 2025-03-05 15:09:09,047 INFO Проблема с комментариями к видео Стас болен
../logs/API_methods.log 2025-03-05 15:09:09,047 INFO Проблема с комментариями к видео Вахрушева призналась
../logs/API_methods.log 2025-03-05 15:09:09,047 INFO Успешно получили комментарии для 5 видео
../logs/API_methods.log 2025-03-05 15:09:10,057 INFO ФУНКЦИЯ GET_VIDEO_COMMENT!!!
../logs/API_methods.log 2025-03-05 15:09:10,168 INFO Проблема с комментариями к видео Как из мужчины сделать проститутку
../logs/API_methods.log 2025-03-05 15:09:10,168 INFO Проблема с комментариями к видео Сильная и независимая
../logs/API_methods.log 2025-03-05 15:09:10,168 INFO Проблема с комментариями к видео Гамлет взял все в свои руки
../logs/API_methods.log 2025-03-05 15:09:10,168 INFO Проблема с комментариями к видео Любовное уравнение
../logs/API_methods.log 2025-03-05 15:09:10,168 INFO Проблема с комментариями к видео Блудняк
../logs/API_methods.log 2025-03-05 15:09:10,168 INFO Успешно получили комментарии для 5 видео
../logs/API_methods.log 2025-03-05 15:09:11,172 INFO ФУНКЦИЯ GET_VIDEO_COMMENT!!!
../logs/API_methods.log 2025-03-05 15:09:11,283 INFO Проблема с комментариями к видео Женское собрание
../logs/API_methods.log 2025-03-05 15:09:11,284 INFO Проблема с комментариями к видео Энн и мама Лехи
../logs/API_methods.log 2025-03-05 15:09:11,284 INFO Проблема с комментариями к видео Спортзал. Сотый уровень
../logs/API_methods.log 2025-03-05 15:09:11,284 INFO Проблема с комментариями к видео Боря защемил...
../logs/API_methods.log 2025-03-05 15:09:11,284 INFO Проблема с комментариями к видео Соколов нашел телефон
../logs/API_methods.log 2025-03-05 15:09:11,285 INFO Успешно получили комментарии для 5 видео
../logs/API_methods.log 2025-03-05 15:09:12,285 INFO ФУНКЦИЯ GET_VIDEO_COMMENT!!!
../logs/API_methods.log 2025-03-05 15:09:12,407 INFO Проблема с комментариями к видео Алла и Соколов
../logs/API_methods.log 2025-03-05 15:09:12,407 INFO Проблема с комментариями к видео ЧП на работе Тани
../logs/API_methods.log 2025-03-05 15:09:12,407 INFO Проблема с комментариями к видео рабочее предложение Соколова
../logs/API_methods.log 2025-03-05 15:09:12,408 INFO Проблема с комментариями к видео Истерика Энн
../logs/API_methods.log 2025-03-05 15:09:12,408 INFO Проблема с комментариями к видео Приступ ревности
../logs/API_methods.log 2025-03-05 15:09:12,408 INFO Успешно получили комментарии для 5 видео
../logs/API_methods.log 2025-03-05 15:09:13,413 INFO ФУНКЦИЯ GET_VIDEO_COMMENT!!!
../logs/API_methods.log 2025-03-05 15:09:13,552 INFO Проблема с комментариями к видео Кабаний подкат
../logs/API_methods.log 2025-03-05 15:09:13,552 INFO Проблема с комментариями к видео "Ксюша не Собчак". Влог №1
../logs/API_methods.log 2025-03-05 15:09:13,552 INFO Проблема с комментариями к видео Марат предлагает Ирке жить вместе
../logs/API_methods.log 2025-03-05 15:09:13,553 INFO Проблема с комментариями к видео Улица - Жабёха
../logs/API_methods.log 2025-03-05 15:09:13,553 INFO Проблема с комментариями к видео Улица - Бизнес-партнёр и первая любовь
../logs/API_methods.log 2025-03-05 15:09:13,553 INFO Успешно получили комментарии для 5 видео
../logs/API_methods.log 2025-03-05 15:09:14,559 INFO ФУНКЦИЯ GET_VIDEO_COMMENT!!!
../logs/API_methods.log 2025-03-05 15:09:14,678 INFO Проблема с комментариями к видео Стаса оболгала ученица
../logs/API_methods.log 2025-03-05 15:09:14,678 INFO Проблема с комментариями к видео Соколов целуется с другой
../logs/API_methods.log 2025-03-05 15:09:14,678 INFO Проблема с комментариями к видео Лариса скандалит
../logs/API_methods.log 2025-03-05 15:09:14,678 INFO Проблема с комментариями к видео ЭКСКЛЮЗИВ!
../logs/API_methods.log 2025-03-05 15:09:14,678 INFO Проблема с комментариями к видео Подкат
../logs/API_methods.log 2025-03-05 15:09:14,678 INFO Успешно получили комментарии для 5 видео
../logs/API_methods.log 2025-03-05 15:09:15,680 INFO ФУНКЦИЯ GET_VIDEO_COMMENT!!!
../logs/API_methods.log 2025-03-05 15:09:15,809 INFO Проблема с комментариями к видео Дед в больнице
../logs/API_methods.log 2025-03-05 15:09:15,809 INFO Проблема с комментариями к видео Кофе зажали
../logs/API_methods.log 2025-03-05 15:09:15,809 INFO Проблема с комментариями к видео Ужин с Вахрушевой
../logs/API_methods.log 2025-03-05 15:09:15,809 INFO Проблема с комментариями к видео Бутерброды для Бори
../logs/API_methods.log 2025-03-05 15:09:15,810 INFO Проблема с комментариями к видео бизнес по-русски
../logs/API_methods.log 2025-03-05 15:09:15,810 INFO Успешно получили комментарии для 5 видео
../logs/API_methods.log 2025-03-05 15:09:16,813 INFO ФУНКЦИЯ GET_VIDEO_COMMENT!!!
../logs/API_methods.log 2025-03-05 15:09:16,935 INFO Проблема с комментариями к видео Повар 80 LVL
../logs/API_methods.log 2025-03-05 15:09:16,936 INFO Проблема с комментариями к видео Андрей: обращение к Любе
../logs/API_methods.log 2025-03-05 15:09:16,936 INFO Проблема с комментариями к видео За Джульеттой пришли
../logs/API_methods.log 2025-03-05 15:09:16,936 INFO Проблема с комментариями к видео Не занимайтесь сексом, вы еще маленькие! (41 серия)
../logs/API_methods.log 2025-03-05 15:09:16,936 INFO Проблема с комментариями к видео Как забыть старую девушку?
../logs/API_methods.log 2025-03-05 15:09:16,936 INFO Успешно получили комментарии для 5 видео
../logs/API_methods.log 2025-03-05 15:09:17,943 INFO ФУНКЦИЯ GET_VIDEO_COMMENT!!!
../logs/API_methods.log 2025-03-05 15:09:18,051 INFO Проблема с комментариями к видео совет от папки (41 серия)
../logs/API_methods.log 2025-03-05 15:09:18,051 INFO Проблема с комментариями к видео Марат извиняется
../logs/API_methods.log 2025-03-05 15:09:18,051 INFO Проблема с комментариями к видео Кролик
../logs/API_methods.log 2025-03-05 15:09:18,051 INFO Проблема с комментариями к видео Витамины
../logs/API_methods.log 2025-03-05 15:09:18,051 INFO Проблема с комментариями к видео Улица. Тигрица
../logs/API_methods.log 2025-03-05 15:09:18,051 INFO Успешно получили комментарии для 5 видео
../logs/API_methods.log 2025-03-05 15:09:19,057 INFO ФУНКЦИЯ GET_VIDEO_COMMENT!!!
../logs/API_methods.log 2025-03-05 15:09:19,178 INFO Проблема с комментариями к видео Улица. Сложное решение
../logs/API_methods.log 2025-03-05 15:09:19,178 INFO Проблема с комментариями к видео Улица. Спермотоксикоз
../logs/API_methods.log 2025-03-05 15:09:19,178 INFO Проблема с комментариями к видео Секс в кабинете
../logs/API_methods.log 2025-03-05 15:09:19,178 INFO Проблема с комментариями к видео Долбосос Женя
../logs/API_methods.log 2025-03-05 15:09:19,178 INFO Проблема с комментариями к видео Марина узнала про измены Стаса
../logs/API_methods.log 2025-03-05 15:09:19,178 INFO Успешно получили комментарии для 5 видео
../logs/API_methods.log 2025-03-05 15:09:20,180 INFO ФУНКЦИЯ GET_VIDEO_COMMENT!!!
../logs/API_methods.log 2025-03-05 15:09:20,306 INFO Проблема с комментариями к видео Муж идиот
../logs/API_methods.log 2025-03-05 15:09:20,306 INFO Проблема с комментариями к видео Дед в цветах
../logs/API_methods.log 2025-03-05 15:09:20,306 INFO Проблема с комментариями к видео Когда девушка ушла и оставила тебя с...
../logs/API_methods.log 2025-03-05 15:09:20,306 INFO Проблема с комментариями к видео Соколова мучают в полицейском участке. Стрим.
../logs/API_methods.log 2025-03-05 15:09:20,306 INFO Проблема с комментариями к видео Женя изменилась
../logs/API_methods.log 2025-03-05 15:09:20,306 INFO Успешно получили комментарии для 5 видео
../logs/API_methods.log 2025-03-05 15:09:21,314 INFO ФУНКЦИЯ GET_VIDEO_COMMENT!!!
../logs/API_methods.log 2025-03-05 15:09:21,425 INFO Проблема с комментариями к видео Видео от ТНТ Видео
../logs/API_methods.log 2025-03-05 15:09:21,425 INFO Проблема с комментариями к видео Решала
../logs/API_methods.log 2025-03-05 15:09:21,425 INFO Проблема с комментариями к видео А есть ли тайны?
../logs/API_methods.log 2025-03-05 15:09:21,425 INFO Проблема с комментариями к видео Сбагрить ли деда в богадельню?
../logs/API_methods.log 2025-03-05 15:09:21,425 INFO Проблема с комментариями к видео Машина с цветами
../logs/API_methods.log 2025-03-05 15:09:21,425 INFO Успешно получили комментарии для 5 видео
../logs/API_methods.log 2025-03-05 15:09:22,427 INFO ФУНКЦИЯ GET_VIDEO_COMMENT!!!
../logs/API_methods.log 2025-03-05 15:09:22,686 INFO Проблема с комментариями к видео Получил по лицу
../logs/API_methods.log 2025-03-05 15:09:22,687 INFO Проблема с комментариями к видео Улица - Горячий пирожок
../logs/API_methods.log 2025-03-05 15:09:22,687 INFO Проблема с комментариями к видео Улица - Вахрушева валит с Улицы?
../logs/API_methods.log 2025-03-05 15:09:22,687 INFO Проблема с комментариями к видео Улица - Мент в ментовку
../logs/API_methods.log 2025-03-05 15:09:22,687 INFO Проблема с комментариями к видео Хитрый Стас
../logs/API_methods.log 2025-03-05 15:09:22,687 INFO Успешно получили комментарии для 5 видео
../logs/API_methods.log 2025-03-05 15:09:23,695 INFO ФУНКЦИЯ GET_VIDEO_COMMENT!!!
../logs/API_methods.log 2025-03-05 15:09:23,884 INFO Проблема с комментариями к видео Улица - Лёха кинул Ксю
../logs/API_methods.log 2025-03-05 15:09:23,884 INFO Проблема с комментариями к видео Улица - Давай по-быстрому
../logs/API_methods.log 2025-03-05 15:09:23,885 INFO Проблема с комментариями к видео Улица - Катя и Стас
../logs/API_methods.log 2025-03-05 15:09:23,885 INFO Проблема с комментариями к видео Дед истину глаголит!
../logs/API_methods.log 2025-03-05 15:09:23,885 INFO Проблема с комментариями к видео Импотент
../logs/API_methods.log 2025-03-05 15:09:23,885 INFO Успешно получили комментарии для 5 видео
../logs/API_methods.log 2025-03-05 15:09:24,891 INFO ФУНКЦИЯ GET_VIDEO_COMMENT!!!
../logs/API_methods.log 2025-03-05 15:09:25,060 INFO Проблема с комментариями к видео Ирку обскакали
../logs/API_methods.log 2025-03-05 15:09:25,060 INFO Проблема с комментариями к видео Вахрушева пришла в зал
../logs/API_methods.log 2025-03-05 15:09:25,060 INFO Проблема с комментариями к видео Днюха Ксюхи
../logs/API_methods.log 2025-03-05 15:09:25,061 INFO Проблема с комментариями к видео Дом-2
../logs/API_methods.log 2025-03-05 15:09:25,061 INFO Проблема с комментариями к видео Мамка погостить приехала
../logs/API_methods.log 2025-03-05 15:09:25,061 INFO Успешно получили комментарии для 5 видео
../logs/API_methods.log 2025-03-05 15:09:26,065 INFO ФУНКЦИЯ GET_VIDEO_COMMENT!!!
../logs/API_methods.log 2025-03-05 15:09:26,185 INFO Проблема с комментариями к видео Напряженная ситуация
../logs/API_methods.log 2025-03-05 15:09:26,185 INFO Проблема с комментариями к видео "Блеск и нищета рублёвских жён" с Луизой Вахрушевой
../logs/API_methods.log 2025-03-05 15:09:26,185 INFO Проблема с комментариями к видео Соблазнение 80 lvl
../logs/API_methods.log 2025-03-05 15:09:26,186 INFO Проблема с комментариями к видео Рыбой пахнет
../logs/API_methods.log 2025-03-05 15:09:26,186 INFO Проблема с комментариями к видео Миша на ужине у Любы
../logs/API_methods.log 2025-03-05 15:09:26,186 INFO Успешно получили комментарии для 5 видео
../logs/API_methods.log 2025-03-05 15:09:27,191 INFO ФУНКЦИЯ GET_VIDEO_COMMENT!!!
../logs/API_methods.log 2025-03-05 15:09:27,330 INFO Проблема с комментариями к видео Свидание или нет?
../logs/API_methods.log 2025-03-05 15:09:27,330 INFO Проблема с комментариями к видео В постели с Лехой
../logs/API_methods.log 2025-03-05 15:09:27,330 INFO Проблема с комментариями к видео Начало отношений Кати и Соколова
../logs/API_methods.log 2025-03-05 15:09:27,330 INFO Проблема с комментариями к видео Секс без обязательств
../logs/API_methods.log 2025-03-05 15:09:27,331 INFO Проблема с комментариями к видео О деле всей жизни
../logs/API_methods.log 2025-03-05 15:09:27,331 INFO Успешно получили комментарии для 5 видео
../logs/API_methods.log 2025-03-05 15:09:28,332 INFO ФУНКЦИЯ GET_VIDEO_COMMENT!!!
../logs/API_methods.log 2025-03-05 15:09:28,444 INFO Проблема с комментариями к видео О жизненных ценностях
../logs/API_methods.log 2025-03-05 15:09:28,444 INFO Проблема с комментариями к видео Разговоры о кино
../logs/API_methods.log 2025-03-05 15:09:28,444 INFO Проблема с комментариями к видео Разборка Кабана и бати Ксюши
../logs/API_methods.log 2025-03-05 15:09:28,444 INFO Проблема с комментариями к видео Видео от ТНТ Видео
../logs/API_methods.log 2025-03-05 15:09:28,445 INFO Проблема с комментариями к видео Шмотки Ирки летят с балкона!
../logs/API_methods.log 2025-03-05 15:09:28,445 INFO Успешно получили комментарии для 5 видео
../logs/API_methods.log 2025-03-05 15:09:29,454 INFO ФУНКЦИЯ GET_VIDEO_COMMENT!!!
../logs/API_methods.log 2025-03-05 15:09:29,674 INFO Проблема с комментариями к видео Стас увидел все!
../logs/API_methods.log 2025-03-05 15:09:29,674 INFO Проблема с комментариями к видео Бурный секс и завтрак в постель
../logs/API_methods.log 2025-03-05 15:09:29,674 INFO Проблема с комментариями к видео Вахрушева - кулинар 80 LVL
../logs/API_methods.log 2025-03-05 15:09:29,675 INFO Проблема с комментариями к видео Пирожки из подсобки самые вкусные!
../logs/API_methods.log 2025-03-05 15:09:29,675 INFO Проблема с комментариями к видео Ксюха хитрюха
../logs/API_methods.log 2025-03-05 15:09:29,675 INFO Успешно получили комментарии для 5 видео
../logs/API_methods.log 2025-03-05 15:09:30,685 INFO ФУНКЦИЯ GET_VIDEO_COMMENT!!!
../logs/API_methods.log 2025-03-05 15:09:30,892 INFO Проблема с комментариями к видео Вахрушева и дивный новый мир
../logs/API_methods.log 2025-03-05 15:09:30,892 INFO Проблема с комментариями к видео Стрим Валеры. Всем лучи добра!!
../logs/API_methods.log 2025-03-05 15:09:30,893 INFO Проблема с комментариями к видео Леха расстроен
../logs/API_methods.log 2025-03-05 15:09:30,893 INFO Проблема с комментариями к видео Сушняк
../logs/API_methods.log 2025-03-05 15:09:30,893 INFO Проблема с комментариями к видео Свитер такой классный!
../logs/API_methods.log 2025-03-05 15:09:30,893 INFO Успешно получили комментарии для 5 видео
../logs/API_methods.log 2025-03-05 15:09:31,899 INFO ФУНКЦИЯ GET_VIDEO_COMMENT!!!
../logs/API_methods.log 2025-03-05 15:09:32,006 INFO Проблема с комментариями к видео Что для счастья надо?
../logs/API_methods.log 2025-03-05 15:09:32,006 INFO Проблема с комментариями к видео Улица, 1 сезон, 25 серия (09.11.2017)
../logs/API_methods.log 2025-03-05 15:09:32,006 INFO Проблема с комментариями к видео Улица: Современный перформанс
../logs/API_methods.log 2025-03-05 15:09:32,006 INFO Проблема с комментариями к видео Улица: Богач и бедняк
../logs/API_methods.log 2025-03-05 15:09:32,006 INFO Проблема с комментариями к видео Заботливый Соколов
../logs/API_methods.log 2025-03-05 15:09:32,006 INFO Успешно получили комментарии для 5 видео
../logs/API_methods.log 2025-03-05 15:09:33,012 INFO ФУНКЦИЯ GET_VIDEO_COMMENT!!!
../logs/API_methods.log 2025-03-05 15:09:33,166 INFO Проблема с комментариями к видео Наглый Вася
../logs/API_methods.log 2025-03-05 15:09:33,167 INFO Проблема с комментариями к видео Почем шарики?
../logs/API_methods.log 2025-03-05 15:09:33,167 INFO Проблема с комментариями к видео Карма
../logs/API_methods.log 2025-03-05 15:09:33,167 INFO Проблема с комментариями к видео Серенада Макса для Энн
../logs/API_methods.log 2025-03-05 15:09:33,167 INFO Проблема с комментариями к видео Стрим Ксюши, Энн и Светки
../logs/API_methods.log 2025-03-05 15:09:33,167 INFO Успешно получили комментарии для 5 видео
../logs/API_methods.log 2025-03-05 15:09:34,173 INFO ФУНКЦИЯ GET_VIDEO_COMMENT!!!
../logs/API_methods.log 2025-03-05 15:09:34,365 INFO Проблема с комментариями к видео Миша спас Любу
../logs/API_methods.log 2025-03-05 15:09:34,366 INFO Проблема с комментариями к видео Скучная буржуазная жизнь
../logs/API_methods.log 2025-03-05 15:09:34,366 INFO Проблема с комментариями к видео сладкий поцелуй Ксюхи и Лехи
../logs/API_methods.log 2025-03-05 15:09:34,366 INFO Проблема с комментариями к видео Не получилось расстаться
../logs/API_methods.log 2025-03-05 15:09:34,366 INFO Проблема с комментариями к видео Ирка соблазняет Дена
../logs/API_methods.log 2025-03-05 15:09:34,366 INFO Успешно получили комментарии для 5 видео
../logs/API_methods.log 2025-03-05 15:09:35,371 INFO ФУНКЦИЯ GET_VIDEO_COMMENT!!!
../logs/API_methods.log 2025-03-05 15:09:35,492 INFO Проблема с комментариями к видео Подарочек
../logs/API_methods.log 2025-03-05 15:09:35,492 INFO Проблема с комментариями к видео Красиво ухаживает
../logs/API_methods.log 2025-03-05 15:09:35,493 INFO Проблема с комментариями к видео Рыльце в пушку
../logs/API_methods.log 2025-03-05 15:09:35,493 INFO Проблема с комментариями к видео Подарок "со смыслом"
../logs/API_methods.log 2025-03-05 15:09:35,493 INFO Проблема с комментариями к видео Объяснение
../logs/API_methods.log 2025-03-05 15:09:35,493 INFO Успешно получили комментарии для 5 видео
../logs/API_methods.log 2025-03-05 15:09:36,499 INFO ФУНКЦИЯ GET_VIDEO_COMMENT!!!
../logs/API_methods.log 2025-03-05 15:09:36,616 INFO Проблема с комментариями к видео Премьера! Улица - Самый хитрый
../logs/API_methods.log 2025-03-05 15:09:36,616 INFO Проблема с комментариями к видео Разборка с огнестрельным
../logs/API_methods.log 2025-03-05 15:09:36,616 INFO Проблема с комментариями к видео Влюбилась в Соколова
../logs/API_methods.log 2025-03-05 15:09:36,616 INFO Проблема с комментариями к видео Вахрушева такая Вахрушева
../logs/API_methods.log 2025-03-05 15:09:36,616 INFO Проблема с комментариями к видео Ксюха в терзаниях
../logs/API_methods.log 2025-03-05 15:09:36,616 INFO Успешно получили комментарии для 5 видео
../logs/API_methods.log 2025-03-05 15:09:37,623 INFO ФУНКЦИЯ GET_VIDEO_COMMENT!!!
../logs/API_methods.log 2025-03-05 15:09:37,749 INFO Проблема с комментариями к видео Премьера! Улица - Драма на кассе
../logs/API_methods.log 2025-03-05 15:09:37,749 INFO Проблема с комментариями к видео Влад катит к Тане
../logs/API_methods.log 2025-03-05 15:09:37,749 INFO Проблема с комментариями к видео Хеллоуин на нашей Улице
../logs/API_methods.log 2025-03-05 15:09:37,750 INFO Проблема с комментариями к видео Премьера! Улица - Перешли на «ты»
../logs/API_methods.log 2025-03-05 15:09:37,750 INFO Проблема с комментариями к видео Улица - Михаил в квартире Любы
../logs/API_methods.log 2025-03-05 15:09:37,750 INFO Успешно получили комментарии для 5 видео
../logs/API_methods.log 2025-03-05 15:09:38,758 INFO ФУНКЦИЯ GET_VIDEO_COMMENT!!!
../logs/API_methods.log 2025-03-05 15:09:38,861 INFO Проблема с комментариями к видео Соколов - Ангел
../logs/API_methods.log 2025-03-05 15:09:38,861 INFO Проблема с комментариями к видео Вечерний Соколов
../logs/API_methods.log 2025-03-05 15:09:38,861 INFO Проблема с комментариями к видео Улица - Конченый
../logs/API_methods.log 2025-03-05 15:09:38,862 INFO Проблема с комментариями к видео Улица - Букет
../logs/API_methods.log 2025-03-05 15:09:38,862 INFO Проблема с комментариями к видео Улица  - 6000 рублей
../logs/API_methods.log 2025-03-05 15:09:38,862 INFO Успешно получили комментарии для 5 видео
../logs/API_methods.log 2025-03-05 15:09:39,866 INFO ФУНКЦИЯ GET_VIDEO_COMMENT!!!
../logs/API_methods.log 2025-03-05 15:09:40,082 INFO Проблема с комментариями к видео Улица - Личный водила
../logs/API_methods.log 2025-03-05 15:09:40,082 INFO Проблема с комментариями к видео Улица - Чай будете?
../logs/API_methods.log 2025-03-05 15:09:40,082 INFO Проблема с комментариями к видео Девочки, как вам голый Соколов?
../logs/API_methods.log 2025-03-05 15:09:40,082 INFO Проблема с комментариями к видео Плата за секс
../logs/API_methods.log 2025-03-05 15:09:40,082 INFO Проблема с комментариями к видео Премьера! Улица - Махинации
../logs/API_methods.log 2025-03-05 15:09:40,082 INFO Успешно получили комментарии для 5 видео
../logs/API_methods.log 2025-03-05 15:09:41,090 INFO ФУНКЦИЯ GET_VIDEO_COMMENT!!!
../logs/API_methods.log 2025-03-05 15:09:41,218 INFO Проблема с комментариями к видео Казалось бы, поцелуй неизбежен. Но случится ли?) Голосуем!
../logs/API_methods.log 2025-03-05 15:09:41,219 INFO Проблема с комментариями к видео Премьера! Улица - Нежный мент
../logs/API_methods.log 2025-03-05 15:09:41,219 INFO Проблема с комментариями к видео Премьера! Улица - Свидание
../logs/API_methods.log 2025-03-05 15:09:41,219 INFO Проблема с комментариями к видео Улица - Давай ускоримся!
../logs/API_methods.log 2025-03-05 15:09:41,219 INFO Проблема с комментариями к видео Премьера! Улица - Неприятная встреча
../logs/API_methods.log 2025-03-05 15:09:41,219 INFO Успешно получили комментарии для 5 видео
../logs/API_methods.log 2025-03-05 15:09:42,229 INFO ФУНКЦИЯ GET_VIDEO_COMMENT!!!
../logs/API_methods.log 2025-03-05 15:09:42,350 INFO Проблема с комментариями к видео Домашний арест не приговор
../logs/API_methods.log 2025-03-05 15:09:42,350 INFO Проблема с комментариями к видео Улица - Йога для детей
../logs/API_methods.log 2025-03-05 15:09:42,350 INFO Проблема с комментариями к видео Улица - Костян в женском логове
../logs/API_methods.log 2025-03-05 15:09:42,351 INFO Проблема с комментариями к видео Улица - Работа для домохозяек
../logs/API_methods.log 2025-03-05 15:09:42,351 INFO Проблема с комментариями к видео Улица - Вахрушева?
../logs/API_methods.log 2025-03-05 15:09:42,351 INFO Успешно получили комментарии для 5 видео
../logs/API_methods.log 2025-03-05 15:09:43,353 INFO ФУНКЦИЯ GET_VIDEO_COMMENT!!!
../logs/API_methods.log 2025-03-05 15:09:43,462 INFO Проблема с комментариями к видео Улица - Манипуляции Ксюхи
../logs/API_methods.log 2025-03-05 15:09:43,462 INFO Проблема с комментариями к видео Улица - Экономия
../logs/API_methods.log 2025-03-05 15:09:43,463 INFO Проблема с комментариями к видео Улица: Это фиаско, братан!
../logs/API_methods.log 2025-03-05 15:09:43,463 INFO Проблема с комментариями к видео Улица: выходные
../logs/API_methods.log 2025-03-05 15:09:43,463 INFO Проблема с комментариями к видео Улица: Андрей
../logs/API_methods.log 2025-03-05 15:09:43,463 INFO Успешно получили комментарии для 5 видео
../logs/API_methods.log 2025-03-05 15:09:44,468 INFO ФУНКЦИЯ GET_VIDEO_COMMENT!!!
../logs/API_methods.log 2025-03-05 15:09:44,573 INFO Проблема с комментариями к видео Баста -  Улица
../logs/API_methods.log 2025-03-05 15:09:44,574 INFO Проблема с комментариями к видео Улица: Тарелочки
../logs/API_methods.log 2025-03-05 15:09:44,574 INFO Проблема с комментариями к видео Улица: Какая-то раковина
../logs/API_methods.log 2025-03-05 15:09:44,574 INFO Проблема с комментариями к видео Улица: Печеньки такие вкусные
../logs/API_methods.log 2025-03-05 15:09:44,574 INFO Проблема с комментариями к видео Улица: Решил уйти от нее
../logs/API_methods.log 2025-03-05 15:09:44,574 INFO Успешно получили комментарии для 5 видео
../logs/API_methods.log 2025-03-05 15:09:45,584 INFO ФУНКЦИЯ GET_VIDEO_COMMENT!!!
../logs/API_methods.log 2025-03-05 15:09:45,695 INFO Проблема с комментариями к видео Улица: Слава богу ушел
../logs/API_methods.log 2025-03-05 15:09:45,696 INFO Проблема с комментариями к видео Улица: Несовершеннолетний
../logs/API_methods.log 2025-03-05 15:09:45,696 INFO Проблема с комментариями к видео Улица: Ксюша
../logs/API_methods.log 2025-03-05 15:09:45,696 INFO Проблема с комментариями к видео Улица: Второй ребенок
../logs/API_methods.log 2025-03-05 15:09:45,696 INFO Проблема с комментариями к видео Улица: Дай позвонить
../logs/API_methods.log 2025-03-05 15:09:45,696 INFO Успешно получили комментарии для 5 видео
../logs/API_methods.log 2025-03-05 15:09:46,705 INFO ФУНКЦИЯ GET_VIDEO_COMMENT!!!
../logs/API_methods.log 2025-03-05 15:09:46,886 INFO Проблема с комментариями к видео Улица: В кино
../logs/API_methods.log 2025-03-05 15:09:46,886 INFO Проблема с комментариями к видео Улица: Добро пожаловать в семью
../logs/API_methods.log 2025-03-05 15:09:46,887 INFO Проблема с комментариями к видео Улица: Так замуж хотелось
../logs/API_methods.log 2025-03-05 15:09:46,887 INFO Проблема с комментариями к видео Улица: Сходила замуж
../logs/API_methods.log 2025-03-05 15:09:46,887 INFO Проблема с комментариями к видео Улица: Люстра от итальянских дизайнеров
../logs/API_methods.log 2025-03-05 15:09:46,887 INFO Успешно получили комментарии для 5 видео
../logs/API_methods.log 2025-03-05 15:09:47,897 INFO ФУНКЦИЯ GET_VIDEO_COMMENT!!!
../logs/API_methods.log 2025-03-05 15:09:48,049 INFO Проблема с комментариями к видео Улица: Здравствуй, Маратик
../logs/API_methods.log 2025-03-05 15:09:48,049 INFO Проблема с комментариями к видео Улица: Фонтан комнатный
../logs/API_methods.log 2025-03-05 15:09:48,049 INFO Проблема с комментариями к видео Улица: Пухлик
../logs/API_methods.log 2025-03-05 15:09:48,049 INFO Проблема с комментариями к видео Улица: Татарин
../logs/API_methods.log 2025-03-05 15:09:48,049 INFO Проблема с комментариями к видео Улица: Тут неплохо
../logs/API_methods.log 2025-03-05 15:09:48,049 INFO Успешно получили комментарии для 5 видео
