id,owner_id,top_comment_text
456243000,-220754053,"В первых кадрах я думал, что они приложились к женской заднице…."
456242989,-220754053,"Это 💩кто-то смотрит?!😂 Кулинарку закрыли,отыдо закрыли...а это 💩оставил!?🤦🏻‍♀️😂"
456242987,-220754053,
456242978,-220754053,Плохо
456242976,-220754053,Не место этому здесь.Не буду больше вас смотреть!
456242973,-220754053,"А где эти все шоу, если уже пересмотрено все7:)"
456242972,-220754053,
456242971,-220754053,
456242959,-220754053,Аааа
456242955,-220754053,Первый) поздравляю Артемия.
456242954,-220754053,
456242953,-220754053,И вас с праздником ❤️‍🔥
456242952,-220754053,
456242944,-220754053,Хоть изредка да приглашают людей с актерским образованием
456242943,-220754053,Нет
456242931,-220754053,Хорошо. Оценим🤙🏻⚠️
456242922,-220754053,"Наконец-то!
Смотрим!"
456242920,-220754053,Класс! Когда выйдет?
456242896,-220754053,Вк респект. Хороший проект. Добрый
456242895,-220754053,1
456242894,-220754053,Фигня шоу
456242890,-220754053,огонь! Дальше продолжение ждатЬ?
456242889,-220754053,Нормал✊
456242893,-220754053,Просто волшебство 😻 Спасибо вам!
456242888,-220754053,"Ааааааааа, супер 😍😍😍😍😍спасииибо за серию ❤️"
456242887,-220754053,Как мне нравится это мини сериал 😍😍😍😍😍 очень круто
456242875,-220754053,Наша Евочка😍😍😍😍
456242886,-220754053,Что за бред
456242885,-220754053,Какой закос под Джо Гилгана 🤣
456242874,-220754053,🤮
456242884,-220754053,а что за трек в конце?
456242883,-220754053,Не. Третью и смотреть не буду
456242873,-220754053,Какая милота
456242882,-220754053,Как это развидеть
456242877,-220754053,3:38. Ток один интересный момент.
456242872,-220754053,"Только посмотрел первую и вторую, закрываю и вижу новый, только вышедший, выпуск 
Что, если не новогоднее волшебство 🥳"
456242876,-220754053,"Раньше говорили, нет дыма без огня, а сейчас говорят нет просмотра без показа ¯\_( ͡° ͜ʖ ͡°)_/¯"
456242871,-220754053,"Вот так😍 наши любимые комики не только умеют смешить нас, но и делать добрые дела🥰 Спасибо вам за всех деток, которым вы помогли исполнить их маленькие и такие искренние мечты🥳🥳🥳🥳🥳"
456242870,-220754053,
456242868,-220754053,
456242859,-220754053,1.
456242862,-220754053,Давай уже запускайте
456242855,-220754053,первый
456242841,-220754053,Дорох тип блин 🫠
456242844,-220754053,на WB будет?
456242845,-220754053,VK store? Ogo
456242836,-220754053,2
456242835,-220754053,"Это так мило, спасибо, вк, моя первая соцсеть 🫶🫶🫶"
456242805,-220754053,Всех с наступающим новым годом ❤️
456242803,-220754053,Саню
456242801,-220754053,Ооо.это мы смотрим☝️👏❤️
456242783,-220754053,новогодняя барабулька
456242781,-220754053,Я потерял телефон подарите мне новый пожайлуста😭😢😥☹😟🥶
456242779,-220754053,Сеня!!
456242777,-220754053,"Только я заметил, что Арсений со временем становится похожим на Ветрова?"
456242774,-220754053,"Опа, интересненько"
456242770,-220754053,Валера топ
456242767,-220754053,Во сколько будет ?
456242764,-220754053,Магадан здесь) И встречает НГ вторым после Камчатки и Чукотки😉
456242765,-220754053,👎👎👎👎😏
456242762,-220754053,
456242760,-220754053,Первый 😁
456242758,-220754053,"Круто!!! Смотрим, спасибо!!!"
456242753,-220754053,Жду не дождусь трансляции
456242742,-220754053,Первый
456242751,-220754053,Думаю будет бомба 💣
456242722,-220754053,Ogo
456242716,-220754053,"Ну Катя Вяликова, ну какая шикарная, какая артистичная и красивая 🙈💗"
456242719,-220754053,
456242717,-220754053,
456242714,-220754053,Когда выложат?
456242712,-220754053,"1:11 а так вот как ты выглядишь автор формата дела и моих любимых форматов отдел раскрытых дел и есть версия, крутая реклама"
456242709,-220754053,Когда выложат?
456242705,-220754053,Первый
456242699,-220754053,
456242697,-220754053,"21:10 - было очень близко к тому, чтобы удариться лбом о край подиума и получить рассечение. 🤦‍♂️"
456242696,-220754053,Блин а ему реально тяжко...😔
456242694,-220754053,
456242689,-220754053,Первый
456242687,-220754053,О будет интересно 🤣👍
456242685,-220754053,"Горжусь достойной, Отечественной платформой!"
456242665,-220754053,"Серьезно, первого провала было мало, они снимают это говно дальше😂😂😂"
456242664,-220754053,УРААААА!!!
456242662,-220754053,Когда выложат?
456242658,-220754053,Три немаленьких пупсика))) Не лучше использовать хотя бы разум))
456242656,-220754053,шаст »
456242655,-220754053,
456242654,-220754053,"Решил посмотреть данное шоу, только из-за Игоря, но даже ради него, не смог выдержать этой xyйни и 20-и минут, кто это вообще смотрит, откуда просмотры?"
456242649,-220754053,Мда. Пропущу
456242646,-220754053,Ссылка не работает
456242644,-220754053,Норм
456242642,-220754053,
456242639,-220754053,"У меня на Umiio S24 ultra всё ставится, а VK говорит, что неподходящий планшет."
456242637,-220754053,В Гугле 100 нулей вообще не ожидал 😂
456242630,-220754053,💪
456242628,-220754053,
456242626,-220754053,Первый
456242623,-220754053,Мигель в шоу значит будет смешно 👍
456242613,-220754053,"Всем привет). Сняли подкаст, в котором обсуждаем самые интересные комментарии 1 этапа 2 сезона шоу «Битва за Время».

✅ эксклюзивный ответ Саши Ваша   https://vk.com/sashka_vash  про самый обсуждаемый образ - розовую «бабушкину» кофту 

✅ Любимчики зрителей «Дайте посмеяться» [club180207911|Дайте посмеяться] расскажут почему они не мультики и почему пришли во 2ой сезон. 

P.S. Это первый блин, да, он, комом, но он достаточно хорош😄 что бы это увидеть. 

Этот подкаст- искренний порыв моего сердца. Приятного просмотра🎉( сначала смотрим полуфинал, оставляем комментарии, лайкаем, а потом ко мне на страницу)."
456242611,-220754053,когда выпуск?
456242603,-220754053,Чиназес
456242601,-220754053,Искренне восхищаюсь самоиронией Олеси😍
456242605,-220754053,
456242599,-220754053,Маш
456242598,-220754053,Глянем
456242589,-220754053,
456242588,-220754053,Вк включите высокой 1080p🤬🤬🤬🤬🤬
456242583,-220754053,"Реклама говно, приложение балдеж"
456242574,-220754053,Имбецил пикчерс
456242573,-220754053,👏🏻🔥
456242571,-220754053,Как слева зовут подругу
456242564,-220754053,"хуервый! (бесят люди, которые пишут под видео ""первый"")"
456242563,-220754053,Отлично!
456242556,-220754053,"Не нужно забывать,  что у Саши мать - швея!"
456242553,-220754053,😍
456242551,-220754053,А где дата?
456242549,-220754053,Да ободок снял и нормально. Хватит его уже лошить!
456242534,-220754053,😳
456242532,-220754053,1-ый😊
456242527,-220754053,Самая искренняя! Пусть все в твоей жизни наладится 🙏🏻❤️
456242528,-220754053,"Создаётся ощущение, что это он у неё на сеансе, а не она у него ¯\_( ͡° ͜ʖ ͡°)_/¯"
456242525,-220754053,💜
456242518,-220754053,
456242516,-220754053,"Очередное дебильное шоу? Неужели ничего нельзя придумать? Вроде цитаты читаете , а уровень зашквара высок(."
456242514,-220754053,Первая )
456242511,-220754053,Свисвидесятый выпуск
456242487,-220754053,Очередная убогая херня от Саши Ваша. Как этот дибилойд в юморе оказался - не понятно.
456242485,-220754053,"Продакшен классный, но зачем гостя оскорблять"
456242484,-220754053,"Влад Коробейников лучший комик на свете! Надеюсь, он возьмет сезон"
456242480,-220754053,колхозные физиономии
456242476,-220754053,А во сколько сам выпуск то
456242473,-220754053,наконец то саша тут!!
456242472,-220754053,
456242462,-220754053,Талдыкорган!🫡
456242460,-220754053,"Судя по конкретному лицу в жюри, опять кого из армян тянуть будут."
456242454,-220754053,"Оооо вот и финалочка подъехала!!! Алексей и Генадий проекта Лесные сила💪💪💪все наливаем чай, и гоу смотреть 😎"
456242448,-220754053,Ух! Аж жутковато стало-вот это испытания для шефов! Сплав по реке для настоящих мужчин! Да! Ведь рядом Такие проводники! С ними все можно преодолеть! 👍😍А что же ждёт нас?! А Дикая кухня?! Ждём классных приключений! 🔥🌲👍❤
456242447,-220754053,Я так рада смотреть это шедевр
456242446,-220754053,"...опаньки, и хорошие слова то говорить умеет!!..неожиданно..ну ну..надолго ли?"
456242444,-220754053,
456242436,-220754053,1 кстати
456242434,-220754053,"А толку? Все круто и здорово, спасибо. Но я одного понять не могу? Где новые песни группы ""Купание обезьяны в теплой воде""? У вас там обезьяна уже в курагу превратилась и сморщилась от холодной воды. Давайте исправлять ситуацию. Я вам даже помогать буду. Вот держите новый хит ""Купание обезьяны в ХОЛОДНОЙ воде. Жду исполнения!"
456242418,-220754053,"Довольно таки странный состав жюри, но ладно"
456242416,-220754053,
456242414,-220754053,Вот это гость 🔥
456242412,-220754053,Серьёзно? И тут это кортавое недоразумение!!!
456242411,-220754053,"Блин,Как же это круто что у нас есть возможность брать интервью у всех на планете!ВК Вы большие молодцы!!!Так держать!!!!"
456242409,-220754053,
456242405,-220754053,Ждём'с!
456242401,-220754053,Дикая кухня-это просто какой то космос!!!
456242376,-220754053,Доктор Осьминог ))) на заставке)
456242371,-220754053,
456242374,-220754053,"На постпродакшене Сане звук в конце вывели, эти орут"
456242362,-220754053,
456242360,-220754053,Кто будет от Клик Клак?
456242367,-220754053,Ура
456242364,-220754053,"А как...,,?"
456242358,-220754053,Первая👌
456242351,-220754053,
456242349,-220754053,Когда хрен знает кто.
456242347,-220754053,
456242344,-220754053,"нах эту кухню..ну не хочу я её смотреть,нахрена мне уведомляшки ?..както отрегулируйте этот момент,.а то всё в одной куче."
456242339,-220754053,как же Игорь хорош! ДЭЭЭРЦ 🔥🔥
456242337,-220754053,А где 9 выпуск второго сезона money mic ????😳
456242333,-220754053,11:15 - А оператору кто поможет? У него дорогое оборудование. 😭😅
456242327,-220754053,"Снова Уральская тайга! Снова проверка на прочность, но уже не мужчин, а хрупких женщин!🌲👏 Огонь🔥! Но рядом с ними крепкие, надежные руки наших дорогих Алексея и Геннадия, Лесных! 👏👍❤Ждём захватывающих приключений! 😍"
456242325,-220754053,
456242320,-220754053,Йоу
456242318,-220754053,"Выпускайте выпуски в начале недели, не удобно выходные смотреть)"
456242311,-220754053,"А кнопка ""Скачать"" есть только у Бондарчука?))))))))))))))))))))))"
456242310,-220754053,"И дебила, который вологодчиной якобы руководит, туда же, в деревню... Там инглиш пригодиться!!!"
456242306,-220754053,"Долго выходит 
Публикация в 5.00 а выход в14.00 (временной  пояс +5)"
456242304,-220754053,
456242293,-220754053,Вообще не удивлюсь что парень про которого Амина говорит это крид !парень которы на публику строит себя добряком не удевлюсь что это маска и дома он грубо сказано тиран и совсем не добряк !
456242294,-220754053,Я бы конечно с радость но ❤ принадлежит другой 💞
456242256,-220754053,Новый выпуск)))
456242254,-220754053,
456242250,-220754053,Я первый ес
456242243,-220754053,"О! Дикая кухня снова зажигает костёр интереснейших приключений👏🔥! Снова Лесные, Алексей и Геннадий,  раскроют секреты выживания в тундре ,а повара - своих блюд! Класс! 👍! А кто победит?! Ждём! 🔥🌲"
456242241,-220754053,МНОГОТОЧИЕ
456242239,-220754053,Первая 😉
456242237,-220754053,"Ну, вот. Это я понимаю, крутой исполнитель!"
456242235,-220754053,
456242233,-220754053,Ура актив упал
456242222,-220754053,"Гошу уважаю за его откровенность, открытость,честность. Импонирует его отношение к жизни (опираясь на интервью). Шоу интересное тем, что откликаются некоторые моменты и есть расшифровка закрадравая."
456242221,-220754053,Очень стильно снято🔥🔥😞
456242208,-220754053,"Абрамов в этот раз дюже токсичный, однако"
456242206,-220754053,А что этот нытик Мазур там делает? Не попёрло?
456242202,-220754053,One
456242186,-220754053,Когда будет?)
456242177,-220754053,А он психолог?
456242173,-220754053,
456242171,-220754053,первая
456242168,-220754053,Первый сукаа
456242163,-220754053,Удачно зашёл
456242156,-220754053,А когда выпуск то?
456242153,-220754053,первый нах
456242154,-220754053,VK Видео- крутые. Процветания Вам!
456242151,-220754053,Такой артист. Но НЕ ВЕРЮ!
456242149,-220754053,9 минут блиат с момента выхода
456242133,-220754053,"Зачем эту хрю посадили в жюри , если она судит не честно ?! Всех армян выберет и всё! Пусть судит у себя в Армении , там хоть по объективнее будет наверное , а то уехала из « самой лучшей республики» и сидит в « так себе» России 🤷🏻‍♀️"
456242122,-220754053,пригласите Ивлева и Агзамова на такое шоу... пусть выяснят кто из них круче...
456242120,-220754053,Наша команда не сосет😝
456242116,-220754053,"Вот, импортозамещение, не плагиат нисколько. Хоть бы название сменили"
456242114,-220754053,Кайф
456242111,-220754053,Без вариантов!
456242106,-220754053,"круто 
я первый"
456242104,-220754053,Ждёмс! 😊
456242099,-220754053,
456242098,-220754053,Приятного просмотра
456242096,-220754053,Аааа!!! Какой кайф!!! Я в предвкушении!!! Это будет разрыв!!!
456242081,-220754053,"Ахаха Валера уже ведущий, вроде пару выпусков назад участник был 🤣"
456242079,-220754053,Ллл
456242074,-220754053,Привет я Пуська
456242073,-220754053,
456242055,-220754053,"Нееее, Журавль мы по старинке,хоть и с впн."
456242046,-220754053,Ну погнали смотреть как Марат побеждает
456242042,-220754053,"джарахов из кожи вон лезет ради проекта, заметил, конечно сплоченный)"
456242037,-220754053,Первый нах
456242038,-220754053,а выйдет когда?
456242035,-220754053,Первый выпуск?
456242033,-220754053,"скажите, а почему в приложении на андроид то появляется кнопка с клипами внизу, то исчезает"
456242026,-220754053,"Ну и где раздел для детей у вас , куда топать?"
456242017,-220754053,"Илюша - красавчик!!! Остальных на перемотке смотрел, особенно первую тройку."
456242016,-220754053,Когда Гурам уходил
456242013,-220754053,
456242005,-220754053,"Почему каждый раз когда случайно трогаешь экран на айфоне изображение съезжает?!?! Бесит максимально!!! Да и вообще нафига нужно изменять размер изображения хаотично???

Сделайте как работает в ютубе!"
456242000,-220754053,Взрослые люди... Эти рекомендации с вк шлак полный
456241998,-220754053,
456241993,-220754053,Я1
456241988,-220754053,
456241985,-220754053,😎
456241975,-220754053,Саундтрек ИК?
456241924,-220754053,первый
456241921,-220754053,Не смотрю из-за вечного надоедливого смеха дороха и постоянных его комментариев во время выступления участников.
456241915,-220754053,Каждую серию жду с нетерпением
456241914,-220754053,Какое же г..
456241910,-220754053,Я1
456241907,-220754053,✌
456241900,-220754053,"ураааа, бегу смотреть"
456241898,-220754053,Ждём!
456241894,-220754053,)))
456241890,-220754053,А ведущий это кто такой?
456241861,-220754053,"Люди, которые никогда не работали в офисе будут нам рассказывать об офисе."
456241854,-220754053,50👏🙏🏻
456241849,-220754053,А где полные видео
456241847,-220754053,Это что за??? И это смешно??? Весело??? Уродство!!!
456241844,-220754053,"воу, вот это состав жюри, Лешу Шальнова наконец-то позвали, поздравляю создателей битвы за время с выходом 2 сезона"
456241821,-220754053,Надеюсь экраны повесили ровно и мой перфекционист не будет отвлекаться на кривые пересечения) 🤗
456241820,-220754053,Ждал!!!
456241810,-220754053,👍
456241806,-220754053,
456241804,-220754053,"Крутой формат, выпустите, что-нибудь посмотреть в таком формате"
456241802,-220754053,🍷🪀🎾⚾️⚾️🥏⚾️🛷
456241799,-220754053,"А кнопку переключения следующего или предыдущего видео так и не получилось сделать? Господа, вы обратную связь собираете, что бы улучшить приложение, а по факту ничего не улучшаете."
456241772,-220754053,ИМБА
456241771,-220754053,"Сколько можно ждать очевидной и столь необходимой правки?
СДЕЛАЙТЕ ЧЕЛОВЕЧЕСКУЮ ПЕРЕМОТКУ, ЧТО НА МОБИЛКЕ, ЧТО НА ПК КЛАВИШАМИ < >

ЛЮДИ ИСПОЛЬЗУЮТ ЕЁ, ПОТОМУ ЧТО ХОТЯТ ПЕРЕСМОТРЕТЬ МОМЕНТ, КОТОРЫЙ БУКВАЛЬНО ТОЛЬКО ЧТО ПРОШЁЛ.
ЗАЧЕМ ВАШ ГРЁБAНЫЙ ПЛЕЕР ПЕРЕМАТЫВАЕТ ПОЛОВИНУ ВИДЕО НАЗАД??? Я НЕ ХОЧУ ЖДАТЬ 9 СЕКУНД ЧТОБЫ ПЕРЕСМОТРЕТЬ 1 СЕКУНДНЫЙ МОМЕНТ
И НЕ ДАЙ БОГ ЗАХОЧЕТСЯ ПЕРЕСМОТРЕТЬ НЕСКОЛЬКО РАЗ
ЕСЛИ Я ЗАХОЧУ ОТМОТАТЬ МНОГО, Я МОГУ ИСПОЛЬЗОВАТЬ ЛИНИЮ С ТАЙМЛАЙНОМ"
456241768,-220754053,"Эльдар Джарахов- пошел на х 
Шерстяной !!  Вы достали этими прокладками , просто один и также тупые олени !!! Где его подружка Настюшка - обувных дел мастер ?? Давайте дальше денег этим инфопроституткам !! А потом верхний Ларс"
456241785,-220754053,"Опять эта, Зойка - Читальня?!"
456241783,-220754053,Удачи вам
456241749,-220754053,Всем приятного просмотра и аппетита😄
456241747,-220754053,"Тизер  есть,где выпуск?"
456241738,-220754053,
456241713,-220754053,"0:51-0:55 на момент выхода выпуска, Павел Дуров уже на свободе, но видимо этот выпуск снимали за два дня до того как его выпустили"
456241707,-220754053,"Блин, афиша только, уж обрадовался…"
456241677,-220754053,"Какая ржачная первая девушка🤣😂🤣😍Круто,поржали от души!😃Женя молодечик!!!👏🏼👏🏼👏🏼
Карен красавчик😃👍🏼👍🏼👍🏼Влад❤️‍🔥❤️‍🔥❤️‍🔥Согласна со всеми жюри выбрали прям сымых лучших☺️"
456241670,-220754053,Заипали со своими тизерами! Засоряете людям строку состояния
456241658,-220754053,"Урааа, с праздником) Вы вернулись)"
456241656,-220754053,👍
456241655,-220754053,Ебейший анонс....
456241625,-220754053,"Смотрим, может будет смешно…"
456241620,-220754053,Супер. Я была на съемках этого выпуска)) Очень жду!
456241586,-220754053,"Та выставляйте уже в 3gp, ато балуете прям качеством"
456241582,-220754053,И когда он выйдет?
456241579,-220754053,"Сделайте нормальные ссылки на видео и клипы, чтобы переход был на приложение ВК видео, а не на сайт или ВК клипы (они вообще не нужны по сути)."
456241555,-220754053,Смешно и не висит - это же прекрасно!)
456241551,-220754053,Что за утырок вместо ведущего?
456241547,-220754053,"Урааа, товарищиии👍👍👍😆"
456241515,-220754053,😺👍
456241497,-220754053,"Если наш народ опустится до этого, будет сложно сложно вернуться хотя бы к 1950 году. 21 век - возврат к 15 веку до нашей эры."
456241437,-220754053,Урааааа
456241435,-220754053,Херня
456241316,-220754053,Урааааааа
456241304,-220754053,
456241042,-220754053,
456241039,-220754053,
456241038,-220754053,"если  этим популярным артистам отключить фонеру,получится поющая полупьяная дамочка или бухой мужик в караоке баре в спальном райончике каждого города😁"
456241034,-220754053,Наконец то что-то интересное. Выкладывайте уже фул.
456241028,-220754053,"Продам двух рабов, выше ссылки"
456241025,-220754053,"выпуск Шредингера, в плейлисте - есть, а по факту - нет"
456240997,-220754053,"Даша Дошик, Диана Астер, Янгер, Слава Копейкин, Ася Резник, Вера Вольт, привет привет, рады вас видеть, вы лучшие 😍😎🤘👍"
456240986,-220754053,Классные гости
456240985,-220754053,Наконец
456240982,-220754053,Хз
456240979,-220754053,Смотрим!
456240976,-220754053,Ждём!!!! ❤️
456240969,-220754053,"Урааааа, наконец то второй выпуск😍🔥"
456240966,-220754053,Гадость какая!
456240962,-220754053,"Кстати, у нее когда-то тоже был первым..."
456240960,-220754053,Когда полный выпуск?
456240933,-220754053,"Ооо, Горох 🔥❤️"
456240929,-220754053,А куда подписаться то ?
456240927,-220754053,Ну что первый)
456240924,-220754053,1нах
456240915,-220754053,что что а Васанта не ожидал тут увидеть
456240914,-220754053,"Круто, но это всё для них Москва -авропа, в России это невозможно"
456240897,-220754053,Прекрасный выпуск
456240891,-220754053,Круто!
456240878,-220754053,Т.е. клипы это отрывки из полных роликов?
456240865,-220754053,кстати посмотрим
456240864,-220754053,"Ура! Дождались! Наконец-то Регионы, Юлианна Караулова!!! ❤️❤️❤️"
456240800,-220754053,"Дорох и казахи лучшие 🫶🏻
Только ради них и смотрел 👍🏻

(прилагаю песню с регионов, кто ищет)"
456240799,-220754053,Спасибо за выпуск👏🏻
456240798,-220754053,За Соболева лайк 👍
456240789,-220754053,Пусть победит смешнейний
456240783,-220754053,"Это было ""смешно!"" Тру первый ❤"
456240774,-220754053,Сегодня истории самые интересные
456240773,-220754053,Здравствуйте 🤍 Когда выпуск? Где смотреть?
456240763,-220754053,Когда звезды?Обычно вы говорите время
456240761,-220754053,"Вай, я первая 😂😂😂😂"
456240702,-220754053,"[id699437145|Ilya], Забор."
456240681,-220754053,"Зачем люди платят за то, чтобы это снимать. Зачем пропагандировать слабость, поощрять жалостью? Почему нет фильма про суть воспитания, как родители могут любить своих детей, помогать социализироваться, объяснять принципы отношений?"
456240680,-220754053,Смотрим!
456240679,-220754053,Крутяк!
456240675,-220754053,Опять какие-то неизвестные... Скорее неинтересные гости... 😔
456240666,-220754053,Алпамыс
456240670,-220754053,первая?
456240652,-220754053,мне ооочень понравился выпуск😍
456240651,-220754053,"Я так и живу, абсолютно одна"
456240644,-220754053,Первый нах!
456240629,-220754053,
456240620,-220754053,Спасибо - не надо.
456240616,-220754053,Пошло!)
456240612,-220754053,Первый
456240614,-220754053,первый
456240606,-220754053,Ням-ням☺
456240594,-220754053,
456240592,-220754053,Надо ж д0лб@ёб0м было таким родиться
456240563,-220754053,interesting person🤔
456240555,-220754053,ураа!
456240553,-220754053,Спасибо за Быкова!
456240550,-220754053,"Наконец-то ""Купание обезьяны в тёплой воде""!"
456240531,-220754053,Казахи выиграют
456240495,-220754053,Огнище выпуск!!! Продолжение будет?)
456240493,-220754053,У деда диплом есть?
456240484,-220754053,"Пожалуйста, продолжайте!!!!!!!!!"
456240482,-220754053,"Зачем чебатков везде говорит что он чебатков - какая же он слабая творческая личность, что пытается все о себе напомнить когда где то появляется, а не юмором 🤦‍♂️ нулевой типа комик"
456240478,-220754053,"Уважаю это шоу, но этих никого не знаю 🤣🤣🤣"
456240452,-220754053,😁😁😁
456240451,-220754053,Во сколько будет?
456240447,-220754053,БОЛЕЮ ЗА ДОРОХА ДО КОНЦА
456240445,-220754053,Первый нах
456242422,-220754053,💪💪💪💪💪💪💪
456240435,-220754053,Герой нашего времени
456240433,-220754053,😍
456240390,-220754053,Первый день
456240394,-220754053,
456240391,-220754053,Во сколько будет?
456240388,-220754053,Это его стихи?
456240384,-220754053,Почему врачи никогда не умеют объяснять простым языком???
456240382,-220754053,😍
456240379,-220754053,"Мне одному кажется ,что Чебатков немного ПЕРЕИГРЫВАЕТ ,делая интересную передачу ,плохой"
456240370,-220754053,Почувствуйте вайб программ на Рен-ТВ нулевых
456240366,-220754053,😂😂😂
456240358,-220754053,Наконец-то дождались 😜
456240359,-220754053,Здравствуйте когда уже Вы порадует нас новым 35 выпуском?!? 👍
456240320,-220754053,Когда новый выпуск звезды
456240318,-220754053,😍
456240305,-220754053,Какой у Мим приятный голос. Мягкий очень. И мои переживания очень похожи на ее.
456240303,-220754053,Жду с нетерпением! Мия мы с тобой! ❤️❤️❤️
456240298,-220754053,Ждем 😁
456240293,-220754053,передача топ спасибо!!
456240292,-220754053,Стыдно за эту молодёжь что в головах только дениги
456242420,-220754053,Песня топ
456240275,-220754053,Жду на этой программе РЭПЕРА 3DEJAVU
456240273,-220754053,это после Меллстроя?)
456240249,-220754053,💩
456240248,-220754053,отлично
456240242,-220754053,Ура! Наконец-то! Спасибо модники вы наши! 😅🎉🎉🎉
456240238,-220754053,Когда выйдет то
456240237,-220754053,"Очень интересную серию видео делаете. Всё очень попадает. Компьютер в моей семье был с 1990 года, игры с магнитофона Романтик, БэКашка..и.т.д. Первые игры, переводы, всё очень близко"
456240235,-220754053,"Необычно. Что-то новенькое будто, по сравнению с 90% сегодняшней попсы."
456240228,-220754053,Как это круто 👍 !
456240233,-220754053,😍
456240225,-220754053,😍
456240223,-220754053,
456240213,-220754053,"Это конечно хорошо, но когда История на ночь?"
456240214,-220754053,Бегу смотреть!
456240204,-220754053,А история на ночь??????????????????
456240172,-220754053,Урааа!!!!
456240162,-220754053,Алло
456240159,-220754053,Первый нах🤣🤣🤣
456240142,-220754053,Ждем!
456240138,-220754053,Где найти след. Серию?
456240120,-220754053,"Российское дево.. мде) 
Пс: я шарю за Булджа и все его обалденные истории, но камон.. оглянитесь вокруг)"
456240108,-220754053,Наконец-то 😌
456240102,-220754053,"Какой кайф! :) Уже хочется посмотреть про наши любимые подвальчики, про клуб Орки в МИСИСе, про ORKY Team и пр. :)"
456240098,-220754053,"Хотелось бы узнать больше про бум китайских игр (в какую игру вложить деньги, кто платит за потраченное время в игре, кто нанимает ""фермеров"")"
456240094,-220754053,Годнота подъехала
456240087,-220754053,"Блин , ждал обычный выпуск ("
456240085,-220754053,😂😂😂😂
456240062,-220754053,Привет
456240061,-220754053,Трейлер супер спасибо 🔥!
456240048,-220754053,"VK Видео создавай, загружай! 👏🏻👏🏻👏🏻"
456240037,-220754053,
456240036,-220754053,"Ура! Ну наконец-то Паша к Вам ещё раз пришёл! Гарику спасибо за то, что пригласил Настасью Самбурскую👍🏻! Поздравляем всех женщин ""С днём всех влюблённых!"" ❤️💝❤️"
456240004,-220754053,Ура ура  ❤️
456240003,-220754053,Ура! 30 выпуск и 100-й гость Сосо Павлиашвили! Поздравляем! 🥳🥳🥳
456239997,-220754053,Вот это я вовремя зашла😍😍😍
456239998,-220754053,Когда выход?
456239983,-220754053,Неожиданно приятно!
456239984,-220754053,"Кстати с возвращением! 🥳🥳🥳 Наконец-то новый выпуск скучали, скучали и соскучились! С Пашей Деревянко выпуск получится просто бомба🤘🏻!"
456239980,-220754053,"Классный проект, ждём финал и 2 сезон"
456239979,-220754053,
456239976,-220754053,Целлулоид  попробуйте завернуть в бумагу и поджечь. Дыма будет больше.
456239975,-220754053,Журавль и Сатир прям как название басни
456239973,-220754053,Вообще не зашла Теща.. ждала...не зашёл Иван Васильевич..  после...посмотрела зону 3. ....честно ...посмеялась ткровенно...сильно...и много...вот жду...может гусар зайдёт...но не факт...там и ох и чбд....отвлеклась от серых будней....спасибо ЗК
456239966,-220754053,ПОЧЕМУ ОН ЗАКОНЧИЛСЯЯЯЯЯЯЯ
456239968,-220754053,
456239960,-220754053,Очумелые ручки вспомнил
456239959,-220754053,"Что там пишут? Я первый? Окей, я первая"
456239957,-220754053,
456239956,-220754053,Я первая💓
456239954,-220754053,😅😅
456239952,-220754053,Кто все эти люди….
456239950,-220754053,Когда?😍
456239947,-220754053,...и ведущий - КУБышка
456239948,-220754053,"На ютуб когда зальёте, подскажите пожалуйста?"
456239941,-220754053,Не густо
456239939,-220754053,Наконец-то Андрея признали
456239937,-220754053,👀👀👀 СТОЙКИ ДЛЯ РЕКЛАМНОГО БИЗНЕСА vk.com/biznareklama 👍👍👍
456239936,-220754053,С чем связано такое частое появление Яровицыной???
456239934,-220754053,Здрааасьте.
456239932,-220754053,1
456239930,-220754053,
456239929,-220754053,Ееее я первый!!?
456239927,-220754053,
456239926,-220754053,Олень ультрахорош
456239925,-220754053,Чисто рандомно попалось видео...Как будто я опять в школе после уроков смотрю Галилео...Огромное спасибо что пробуждаете в детях тягу к науке
456239922,-220754053,А мне можно!
456239942,-220754053,
456239919,-220754053,👀👀👀 СТОЙКИ ДЛЯ РЕКЛАМНОГО БИЗНЕСА vk.com/biznareklama 👍👍👍
456239918,-220754053,"С Новым Годом!
"
456239916,-220754053,
456239915,-220754053,🤔Чем отличается от серий?..
456239914,-220754053,Когда?)
456239913,-220754053,"Кто эти утырки, которые в моей ленте???"
456239912,-220754053,Как это удалить
456239908,-220754053,
456239907,-220754053,🤣🤣🤣🤣🤣
456239905,-220754053,Когда начало
456239899,-220754053,Завтра 31 декабря
456239897,-220754053,Ва. Сколько и где сматрет
456239646,-220754053,🫶🏻
456239853,-220754053,Опа
456239852,-220754053,
456239867,-220754053,VK Видео с наступающим новым годом! 🎉🎄🎉
456239694,-220754053,Как раз чай готов
456239676,-220754053,Когда ЧБД ?
456239651,-220754053,😍😍😍
456239649,-220754053,
456239643,-220754053,
456239641,-220754053,Опять ноунеймы
456239640,-220754053,Занятные ребята!!!
456239639,-220754053,"Отличный выпуск Баста крутой
С новым годом и ище кстати если будет новый выпуск кстати на след недели то ждем павел воля"
456239636,-220754053,Вау 😃 спасибо за трейлер! Наконец-то Баста к Вам пришёл и Гоша Карцев соскучился по его трендам!
456239605,-220754053,Поле 1 серии смотреть не хочется
456239599,-220754053,Воооо теперь прям смешно)
456239597,-220754053,
456239593,-220754053,🔥🔥🔥
456239594,-220754053,В детстве так рябиной стрелялись
456239591,-220754053,Ну и где?
456239590,-220754053,"Как всегда шикарно, но съехавшаяся аудиодорожка немного сбивает🎅🏼🐻"
456239397,-220754053,Вау!
456239588,-220754053,
456239581,-220754053,И чё такое сейчас смотрят? 🤦
456239579,-220754053,
456239575,-220754053,
456239558,-220754053,Очумелые ручки
456239557,-220754053,Гарик потерял свою кепку😳
456239555,-220754053,Всех с субботой 1.
456239553,-220754053,урааа)
456239551,-220754053,
456239550,-220754053,Так а почему только 5/7 смертных
456239549,-220754053,
456239554,-220754053,Трейлер 🤟 буду смотреть спасибо 👍
456239543,-220754053,"[id825375971|Алекс],"
456239534,-220754053,"Лучшее бы два ведущих было, Крастер и Пушной !"
456239538,-220754053,
456239532,-220754053,
456239531,-220754053,Жду не дождусь
456239529,-220754053,
456239527,-220754053,а во сколько?
456239526,-220754053,Будем посмотреть 😊
456239523,-220754053,Они нашли друг друга!😆
456239522,-220754053,одновременно неожиданные и ожидаемые гости на этом шоу
456239515,-220754053,"Харламов топ воопше и дорох тоже
Леонид Легенда России 
Кстати я первый ище"
456239514,-220754053,А что так ма?
456239513,-220754053,Первый НАХ
456239510,-220754053,♥️
456239511,-220754053,
456239507,-220754053,"А смысл, тут за всё бьют током, посмотрел немного"
456239508,-220754053,https://youtube.com/shorts/-smNCFS0MdQ?si=C3xsb_dVGtxr8lmp
456239506,-220754053,"Покипитярим как следует, ю ноу 🤟😎"
456239505,-220754053,"Дети, испытывая максимальное отвращение к занятиям - начинаем просмотр серии по методике средиземноморской пехоты 🙆🏻‍♂🙋🏻‍♂"
456239502,-220754053,
456239503,-220754053,https://youtube.com/shorts/548OR8mrC2c?si=XIMLhBWKAz3OCbK5
456239498,-220754053,"Используя метод балканского нанесения ежа на грудь, мы - приступаем к просмотру 2-й серии 😂"
456239493,-220754053,Сударь Расскажи историю в другой локации с девушкой и подпишись на меня пожалуйста
456239496,-220754053,"Дк а звезды где? 
Название не соответствует действительности."
456239491,-220754053,😍
456239489,-220754053,Спасибо за Владивосток🙏 езжу сюда в отпуск
456239488,-220754053,
456239486,-220754053,Первый😊
456239484,-220754053,Гавно
456239482,-220754053,У нас погибл треста тысяч. Почему они делают вид что ничего не произошло
456239480,-220754053,1
456239478,-220754053,
456239477,-220754053,
456239471,-220754053,"Первый, Марат как всегда топ"
456239470,-220754053,
456239468,-220754053,
456239464,-220754053,
456239463,-220754053,Нет спасибо
456239462,-220754053,КОГДА БУДЕТ ?!!
456239461,-220754053,Ай
456239459,-220754053,Когда начало😄
456239457,-220754053,"Ооо, Дорох) шикардос"
456239455,-220754053,
456239454,-220754053,Больше выпусков!
456239453,-220754053,
456239451,-220754053,Это очень смешно))
456239449,-220754053,
456239443,-220754053,Круто. нужно каки-то ещё знакомых побольше секретики всякие и смешно
456239444,-220754053,кайф
456239447,-220754053,
456239441,-220754053,Омар был понтовее 😉
456239440,-220754053,"Ооо 🔥, ждём!"
456239438,-220754053,Второй
456239436,-220754053,Заруба началась
456239435,-220754053,дождались)
456239433,-220754053,А можно Арсения сделать постоянным ведущим как и Антона? 🙏🏻😇
456239431,-220754053,"Ну второй выпуск лучше, чем первый. 1-1"
456239430,-220754053,
456242421,-220754053,"Офигенная и заводная песня. мне нравится, правда у меня скорость воспроизведения стоит по умолчанию 1,5 а то на единичке все говорят и поют как пьяные, слушать мерзко."
456239424,-220754053,📎🤍🫂
456239426,-220754053,Тося Чайкина???
456239404,-220754053,
456239418,-220754053,
456239412,-220754053,Что то интересное)
456239402,-220754053,Коллеги не могли бы вы убрать лодку😂😂😂😂
456239401,-220754053,
456239394,-220754053,"Спасибо за трейлер 🤟 буду обязательно смотреть, спасибо за гостью Женю Медведеву 🫶 👍 и за всех гостей которых Вы пригласили и приглашаете!❤️❤️❤️"
456239393,-220754053,Милая реклама
456239391,-220754053,
456239388,-220754053,"Блин, ребят, ну я же вас обожаю, чтож так плохо то? ВК не балует деньгами?"
456239387,-220754053,
456239385,-220754053,🔥 🔥 🔥
456239381,-220754053,😌🖤
456239379,-220754053,Первый
456239378,-220754053,Что за гудрон
456239374,-220754053,"Сообщите пожалуйста, когда программа будет про Иркутск а не про Байкал. И да, когда решат показать Байкал, а не Листвянку- тоже сообщите. Спасибо."
456239372,-220754053,
456239370,-220754053,😍
456239369,-220754053,Техник будет да ?
456239368,-220754053,"впервые в истории Ваш Дорохов и Ваш Слуцкий где Ваш это не фамилия, а имя"
456239366,-220754053,"Жу
Жужчч,,с"
456239363,-220754053,реву
456239360,-220754053,Первый! Зови меня ПЕТЯ
456239358,-220754053,И я
456239357,-220754053,Где посмотреть полный выпуск?
456239353,-220754053,👍👍👍🥇🥇
456239354,-220754053,так себе
456239350,-220754053,
456239351,-220754053,"Ух ты класс 👍 спасибо Вам ребята за гостей, клёвые ребята 🤘"
456239347,-220754053,"До глубины души, плакали и смеялись  вместе с тобой в унисон. 
Наш родной, такой какой есть 🖤"
456239348,-220754053,"Ну вот нихрена ведь непонятно!!! Бровями что-то двигает, что-то там скулит.. но видно что талант"
456239344,-220754053,
456239342,-220754053,"реклама говняного кофе на несколько минут, это больше в Пятигорске кроме ванн, канатки и кофейни смотреть нечего, а время надо выдержать???"
456239338,-220754053,
456239337,-220754053,Норм
456239335,-220754053,"Ух ты круть спасибо Вам за то, что пригласили ещё раз Зою Яровицину после предыдущего выпуска с ней, мне она ещё больше стала нравиться, и за нового гостя Леонида Ярмольника как раз хотел чтобы в Вашу передачу пришёл ещё какой-нибудь актёр, думаю выпуск будет ещё круче и смешнее!"
456239332,-220754053,"первый, хорош!"
456239329,-220754053,Как же приятно видеть Пашка трезвым
456239331,-220754053,Когда уже🥲
456239325,-220754053,А когда будет Грозный ?
456239326,-220754053,Родная
456239322,-220754053,155 ый
456239323,-220754053,во солько выпуск?
456239318,-220754053,мне очень интересно посмотреть❤️
456239321,-220754053,"21 год, а на вид все 35"
456239319,-220754053,Самая лучшая мы всегда рядом с тобой и тебя поддержим  мы тебя любим 💕💕💕💕💕🥰🥰🥰🥰🥰🥰🥰🥰🥰🥰🥰🥰🥰🥰🥰🥰🥰🥰🥰🥰🥰🥰🥺🥺🥺
456239314,-220754053,Почему не показали самых понтовых бродячих собак и текущую канализацию?
456239313,-220754053,
456239317,-220754053,VK видео мой краш🫶 большое спасибо создателям и тем кто выпускает свои выпуски из своего шоу!
456239312,-220754053,"ещё не посмотрела, но пригласить Мизулину это сильно конечно"
456239311,-220754053,
456239306,-220754053,Очень классно получилось.🤍Теперь ещё больше о тебе знаю.🫂Я даже в некоторых моментах прослезилась🥹
456239307,-220754053,Ваня 😍 Это прекрасно 💗🥹
456239305,-220754053,"Новый способ продакшен... Красавчики,.. 
Оригинально зашли..."
456239294,-220754053,🔥🔥🔥
456239296,-220754053,
456239293,-220754053,"Вы лучше примените нормальный интерфейс. Невозможно отслеживать нормально выходы новых видео. В вашей вкладке ПОДПИСКИ, которая типа создана для отслеживания выходов нового контента - половина выходящих видео просто не отображается. Видимо у вас это какой-то глобальный баг, который вы отказываетесь исправлять. Пользоваться приложением на телефоне или на телеке вообще вдвойне неудобно. Там во вкладке ПОДПИСКИ вообще видео не разделены по дате выхода..как на сайте. Просто бесконечная лента. Про постоянные зависания видео при просмотре я вообще молчу"
456239292,-220754053,"ради Зои можно и посмотреть

рубрика супер"
456239291,-220754053,"Ну привет , Любимое Шоу ❤️"
456239288,-220754053,"Это очень крутой выпуск! Я на некоторые вопросы начала отвечать самой себе даже, спасибо за такие психологические выпуски! Спасибо тебе за то, что ты сильный и работаешь над собой, я беру пример и некоторые моменты на заметку поставила, спасибо !!!!!!"
456239289,-220754053,🤢🤮
456239286,-220754053,Шерсть
456239284,-220754053,
456239268,-220754053,🔥🔥🔥
456239270,-220754053,Красавсы
456239265,-220754053,Первый
456239267,-220754053,"Парни, вы супер! Делайте шоу пока хватает сил!!! То, что Вы делаете СУПЕРРР!!!"
456239264,-220754053,🇷🇺👍
456239260,-220754053,оооо
456239259,-220754053,👍👍👍
456239257,-220754053,БРАТЦЫ ОБНЯЛ ВАС!!!! ВЫ КРАСАВЦЫ!!! 🔥🔥🔥🔥🔥🔥
456239254,-220754053,когда уже чбд?
456239256,-220754053,https://youtu.be/sBB4mr6f32Y
456239236,-220754053,Пушка!
456239246,-220754053,"Ааааааааааааааа!!!!!!
Крутяк!🙃"
456239235,-220754053,
456239233,-220754053,Просто орууу ребята вы просто лучшие 😂😂😂😂
456239230,-220754053,
456239214,-220754053,ЮХУ
456239216,-220754053,"Ура.наконец то, есть что посмотреть.Ребята молодцы.Самые лучшие."
456239205,-220754053,Добавьте уже Дорохова в название
456239204,-220754053,
456239203,-220754053,🤗
456239199,-220754053,👏💗
456239200,-220754053,dirty loops чуть чуть)
456239197,-220754053,"Дай вам сил и вдохновения люди добрые! Спасибо вашей огромной музыкальной команде, сьемочной группе, свето и звуко режиссерам и всем , всем кто причастен к этому космическому проекту за этот релакс, за эту атмосферу, за вечный кайф для ушей. Это лучшее музыкальное комьюнити последних лет, это неимоверный труд! Вы трудоголики и профессионалы своего дела! Просто низкий вам поклон! Это пушка!"
456239196,-220754053,"VK video, у вас довольно отстойное предоставление видео-хостинга!"
456239195,-220754053,500 раз пересмотрел просто рай для ушей в любой версии😍
456239192,-220754053,"Как это красиво 😍 От мужского хора мурашки по коже, великолепно 👏🏻 такая музыка прекрасная!!! Благодарю ❤️"
456239193,-220754053,Мастера!
456239190,-220754053,Кайф ♥️
456239189,-220754053,"не хватает надрыва, истерики в голосе)"
456239182,-220754053,
456239184,-220754053,Просто шикарна!❤️❤️❤️
456239183,-220754053,Красивая Ёлка.
456239174,-220754053,Южная ночь)))) мне 13-14 лет
456239175,-220754053,Песенка моего подросткового возраста
456239169,-220754053,"О, Дима Дибров! Обожаю! 
Мальчика первый раз вижу, но очень интересно! ❣️"
456239172,-220754053,Вк зачем?
456239171,-220754053,И спасибо
456239167,-220754053,Офигеть😎👍
456239166,-220754053,И даже Азамат запел! Мне зашло! Здорово! Так душевно👍
456239163,-220754053,Первый
456239165,-220754053,Рева лошадь...
456239159,-220754053,Урааа! Очень ждала именно Дениса ❤️
456239162,-220754053,👍👍👍😇😉😊💥💞💗
456239160,-220754053,"Да вечно две женского пола и теперь появиться мужской, которого надо будет вырастить настоящим мужчиной"
456239156,-220754053,💪💪💪
456239158,-220754053,До мурашек!!!! Просто огонь!!!
456239154,-220754053,1
456239152,-220754053,
456239147,-220754053,Не буду смотреть в ВК
456239148,-220754053,Как блин на страницу самого шоу пройти в этом вк😡?
456239139,-220754053,Бести ❤
456239142,-220754053,"фонера заметна конечно, а так в целом неплохо"
456239141,-220754053,"tps://youtube.com/shorts/1Ndiy0nJEAg Итого Шойгу и ПУКИН отработали крутое кино где Лукаш в роли миротворца, все целы и все довольны! а главное молодежь с радостью пойдет умирать за Вагнер на Украину?"
456239137,-220754053,Крутые треки 😍
456239138,-220754053,
456239135,-220754053,Джаз-тема 😃👍
456239134,-220754053,Некоторые вещи все таки лучше не трогать....
456239129,-220754053,"Кулернутые самое смешное испытание за все 5 выпусков, браво"
456239131,-220754053,1 36 1
456239124,-220754053,ОТПУСТИТЕ ХАРЛАМОВА В ПОДЗЕМЕЛЬЕ ЧИКЕН КАРРИ
456239126,-220754053,Ну нормас🤷
456239121,-220754053,Эта пушка заряжена
456239123,-220754053,"Что то в этом есть, но не цепляет."
456239122,-220754053,Мама лучшее что есть!)
456239118,-220754053,Кто это дерьмо слушает?
456239119,-220754053,
456239114,-220754053,"Спасибо всем!
Душа чистая и светлая, а внешность отталкивающая!!!!
Диссонанс ужасный."
456239116,-220754053,Как красиво !!!!
456239113,-220754053,😆😂👍
456239108,-220754053,"Обожаю этих ребят😍
Всегда поднимут настроение, а сегодня ещё и день рождение, дак подарочек сделали, выпуск вышел в этот день🔥🖤"
456239112,-220754053,
456239111,-220754053,
456239100,-220754053,Чипинкос однозначно гений !
456239103,-220754053,"Чипинкос - это шутка, которая зашла слишком далеко"
456239102,-220754053,Здраво больной гений ✌🤝
456239098,-220754053,"Очень давно слежу за Алоном, нравится смотреть на его музыкальный путь, больше бы внимания исполнителю"
456239099,-220754053,Девочка на разрыв
456239095,-220754053,кайф какой
456239094,-220754053,"Елизавета Вальдемаровна это что невероятное, именно в исполнении Ëлки с её звучанием очень круто😍😍😍"
456239088,-220754053,Переодеться
456239091,-220754053,Валентина Карнавал 👌🔥
456239083,-220754053,❤️
456239086,-220754053,
456239084,-220754053,Пока там будет Дибров смотреть это никто не будет
456239080,-220754053,
456239082,-220754053,СинийКит
456239073,-220754053,"Первая песня вообще не зашла. Знаешь понравилось, но словно не хватило концовки и хотелось еще слушать."
456239072,-220754053,Идиотизм полный.
456239077,-220754053,"Эх, а какого числа выпуск?"
456239075,-220754053,
456239067,-220754053,Забавный выпуск
456239066,-220754053,Шутка про Боярского старая👍
456239064,-220754053,Супер!
456239058,-220754053,Жду выпуск с тдд
456239065,-220754053,☮️
456239060,-220754053,"Баста братец ты чо??? какое раздвоение? Я сам маньяк, но насилием заканчиваю только если, те к кому обращаюсь слов не понимают... Всё нормально..."
456239055,-220754053,"Очень хочу посмотреть, когда оно выйдет????"
456239052,-220754053,Какая гадость.
456239053,-220754053,"И что это ьыло, Маргулис?"
456239051,-220754053,Если-бы это увидел Михаил Боярский....
456239049,-220754053,Как вкусненько. Очень клевый синхрон с хором и концовочка на форте. Но можно было сделать концовку по смелее. Спасибо!
456239046,-220754053,Быстро)
456239047,-220754053,"[id144705620|Ильдар], стырили)"
456239038,-220754053,
456239039,-220754053,
456239034,-220754053,🚀🚀🚀🚀🚀🚀🚀
456239036,-220754053,
456239029,-220754053,интересная версия все пройдет в формате симфонического оркестра получилась
456239033,-220754053,❤️❤️❤️❤️❤️
456239032,-220754053,"А лучше сцену,а не чат..."
456239027,-220754053,600 просмотров орь🤣🤣🤣
456239028,-220754053,Прикольный формат 🤣
456239025,-220754053,"Мужикам по 30 лет, до сих пор играют в клик-клак, жалко их"
456239022,-220754053,Топ
456239024,-220754053,А4 топ я твоя фанатка я тебя люблю
456239020,-220754053,Очень жду!!!
456239019,-220754053,Где когда посмотреть
456239018,-220754053,"какое же наслаждение я получаю при просмотре сейчас! 
и звук, и картинка, и свет, прекрасно всё! 
спасибо за этот выпуск, Эрика - богиня ! ❤️‍🔥"
456239079,-220754053,
456239164,-207536086,любимки!
456239166,-207536086,Какой то треш контент
456239163,-207536086,Шоу называется. Ноунеймы у Маргулиса
456249300,-81597813,1
456249248,-81597813,ПЕРВААААВЯ
456249239,-81597813,1
456249227,-81597813,Я первая
456249205,-81597813,Первый
456249194,-81597813,Я 1
456249172,-81597813,2
456249170,-81597813,Pervii
456249168,-81597813,влад
456249165,-81597813,Аааааааааааааааа
456249157,-81597813,Естьь
456249144,-81597813,Первый Влад заметь пожалуйста молю!!!!!!!!!!
456249107,-81597813,первая
456249083,-81597813,Первый
456249052,-81597813,Первый
456249039,-81597813,2
456249016,-81597813,Второй
456248992,-81597813,Первый
456248982,-81597813,первая
456248971,-81597813,2
456248931,-81597813,2 1 назад
456248873,-81597813,ААВВАВАВАВ
456248861,-81597813,1
456248836,-81597813,первая
456248801,-81597813,Первая ❤️
456248778,-81597813,Первая
456248733,-81597813,
456248700,-81597813,Перваяя
456248684,-81597813,Яяячч
456248654,-81597813,Первый
456248629,-81597813,Первая
456248605,-81597813,1 первый
456248567,-81597813,Первая
456248565,-81597813,Мне ето нравится
456248538,-81597813,ПЕРВАЯ
456248511,-81597813,1
456248453,-81597813,1
456248433,-81597813,Первый
456248381,-81597813,Первый!!!!!
456248367,-81597813,Первая
456248331,-81597813,1
456248317,-81597813,Первая
456248298,-81597813,Первая
456248269,-81597813,Ахахахах я его знаю
456248235,-81597813,Первая
456248222,-81597813,Перваяяяя
456248197,-81597813,4
456248186,-81597813,Первая
456248169,-81597813,❤️
456248154,-81597813,Первая
456248143,-81597813,Первый
456248129,-81597813,Второй
456248112,-81597813,Первая
456248106,-81597813,Я ПЕРВЫЙ
456248074,-81597813,Первый
456248046,-81597813,первый
456248027,-81597813,Первый🎉🎉
126324406,-2000324406,Где комментарии?
456247979,-81597813,Первый
456247972,-81597813,Я перваЯ
456247966,-81597813,Я первый
456247961,-81597813,1
456247951,-81597813,1
456247934,-81597813,Влад привет
456247922,-81597813,1
456247920,-81597813,Первая
456247902,-81597813,1
456247895,-81597813,1
456247870,-81597813,Первая
456247833,-81597813,1
456247824,-81597813,Первый ахха
456247760,-81597813,Я первая
456247755,-81597813,Первая
456247719,-81597813,Первый
456247699,-81597813,Первая
456247685,-81597813,Я первый
456247677,-81597813,Первыыыый
456247667,-81597813,"ХАХАХХААХ ВЛАД, ТЫ НЕ УМЕР ЧО ТА"
456247661,-81597813,Я 1
456247632,-81597813,Первый
456247579,-81597813,Первая ❤❤❤❤❤❤❤❤
456247550,-81597813,1
456247523,-81597813,Первая
456247482,-81597813,ПЕРВАЯ!!!
456247471,-81597813,Первая
456247456,-81597813,1
456247429,-81597813,"первый

👻"
456247399,-81597813,Перрваяя
456247391,-81597813,"1, тор"
456247379,-81597813,1 перваЯ
456247375,-81597813,Первая!)
456247365,-81597813,Ааааа
456247362,-81597813,ваййй💗
456247327,-81597813,Первый ( да я далбоеб)
456247312,-81597813,первая)
456247283,-81597813,Первая
456247224,-81597813,Первая
456247213,-81597813,Первый
456247203,-81597813,Первый
456247186,-81597813,1
456247167,-81597813,первый
456247157,-81597813,1
456247149,-81597813,Первый
456247134,-81597813,
456247127,-81597813,Первая
456247115,-81597813,Я первый
456247105,-81597813,Первый
456247097,-81597813,Урааа первая
456247079,-81597813,первый
456247042,-81597813,Первый
456247016,-81597813,Я 1
456246984,-81597813,Первыйййййй
456246974,-81597813,1
456246957,-81597813,первая
456246912,-81597813,Первая
456246897,-81597813,первая оаоааоао
456246871,-81597813,Первая
456246859,-81597813,ПЕРВАЯ ААААА
456246846,-81597813,Первый
456246834,-81597813,перваяяя
456246820,-81597813,Обожаю❤️
456246809,-81597813,Перваяяя
456246779,-81597813,Урааа
456246766,-81597813,1
456246746,-81597813,Первый
456246734,-81597813,1
456246709,-81597813,Первая
456246693,-81597813,Первый
456246677,-81597813,Первый
456246664,-81597813,Оа
456246629,-81597813,Первый
456246621,-81597813,Олды поймут кто такой кобчка
456246584,-81597813,Первый
456246554,-81597813,1
456246528,-81597813,1
456246503,-81597813,1
456246478,-81597813,1
456246461,-81597813,Первая
456246444,-81597813,первач
456246431,-81597813,Топ
456246399,-81597813,1
456246382,-81597813,привет
456246372,-81597813,"1
ро"
456246348,-81597813,1!!!!!!!!!!
456246332,-81597813,первая
456246290,-81597813,1
456246279,-81597813,Первый
456246273,-81597813,Первый
456246232,-81597813,Первый
456246218,-81597813,Первый
456246193,-81597813,Я первый
456246157,-81597813,Четвертая
456246139,-81597813,1 Аоаоаоаооаоааооа
456246089,-81597813,На час🤯
456246033,-81597813,Первая
456246027,-81597813,2
456245995,-81597813,АААА
456245970,-81597813,Второй
456245958,-81597813,1
456245952,-81597813,Пип танец
456245873,-81597813,Урааа
456245820,-81597813,Здесь 7 просмотров
456245817,-81597813,Первый
456245804,-81597813,Перый
456245769,-81597813,Можно в видео
456245758,-81597813,Первый
456245753,-81597813,1
456245703,-81597813,Вторая
456245688,-81597813,ААА Я ПЕРВАЯЯЯЯ
456245651,-81597813,1
456245612,-81597813,Первый
456245597,-81597813,Ок
456245594,-81597813,Ролик топ
456245559,-81597813,Первый
456245534,-81597813,Первый
456245517,-81597813,Я 2
456245476,-81597813,Первый
456245467,-81597813,2
456245416,-81597813,Класс
456245402,-81597813,Первый
456245355,-81597813,я олд
456245307,-81597813,Я 5
456245276,-81597813,Первый
456245255,-81597813,1
456245227,-81597813,1
456245217,-81597813,первая💪🏼
456245188,-81597813,Первый
456245143,-81597813,1
456245124,-81597813,1
456245107,-81597813,1
456245099,-81597813,первая
456245094,-81597813,lol
456245076,-81597813,Первый
456245009,-81597813,Первый
456244973,-81597813,1
456244919,-81597813,Го челенджи и пранки как раньше пж
456244901,-81597813,Ggg
456244878,-81597813,Я Первая
456244868,-81597813,💗💗
456244853,-81597813,Первый можно лаву лаву
456244840,-81597813,1
456244815,-81597813,Первый
456244794,-81597813,Я первый
456244781,-81597813,Вторая
456244771,-81597813,2
456244743,-81597813,Я первый
456244726,-81597813,1
456244703,-81597813,"[id755120211|Ольга], влад уже говорил это люкс видео"
456244374,-81597813,Аааааааааа
456244373,-81597813,А4  можеш заделать видос где не надо трогать стену пж
456244372,-81597813,Я   Ярослав
456244371,-81597813,Привет
456244370,-81597813,FANTAAAAA
456244369,-81597813,Бкнзапила
456244368,-81597813,Жареные пельмени топ
456244367,-81597813,я 6
456244366,-81597813,😃
456244365,-81597813,Нет не чо под подушкой
456244364,-81597813,Саврименная детство круче🤑
456244363,-81597813,Егор........... 😭
456244362,-81597813,О очень нравится
456244361,-81597813,38 лайков)
456244360,-81597813,Серёга читер
456244359,-81597813,#алочкаизвини
456244357,-81597813,Стедофф
456244356,-81597813,А мне больше нравится со вкусом пломбира они реально бомбические если хотите узнать как я смогла сделать рулет из орио то смотреть Валерку а он правильно называется желейный медведь Валера его можно найти в ВК водите желейный медведь Валера суши и возможно вы найдёте ту серию где медведь желейный красненький такой в повязке японской то это то самое видео про которое я вам говорю.
456244355,-81597813,с днём рождения ❤❤❤❤❤❤❤❤❤
456244354,-81597813,Первый ураааа
456244353,-81597813,Кобеков 👎👎👎👎👎👎👎👎👎👎👎
456244352,-81597813,кобяков...
456244351,-81597813,
456244350,-81597813,"А разве в рестораны нельзя носить свою еду? Вроде если типо ты не хочешь есть еду из ресторана так как она может не понравится можно носить с собой которая еда ты точно знаешь что её будешь есть, разве не так? (если ошибаюсь извините)"
456244349,-81597813,Серено  коловы   несужи  ствует
456244348,-81597813,Фуэте Валя коззкм двьчькопо
456244347,-81597813,😱😭😱😱😱😱😱😱😱😱😱😭😭😭😭😭😭😭😭😭😭😭😭😭😭😭😭😱😱😱😱😱😱😱😱😱
456244346,-81597813,афигеть я первая на видео а4 в вк😱😱😱😱😱
456244345,-81597813,Серёжа ты супер 💋💋💋💋❤❤❤❤❤❤
456244344,-81597813,Ну видно что ты на стуле
456244343,-81597813,Мой любимый сок яблочный мммм
456244342,-81597813,снимите пожалуйста ролик ограбление магазина техники
456244341,-81597813,Топ
456244340,-81597813,Я зомби 🧟‍♀️
456244339,-81597813,Хорошо
456244338,-81597813,Кобяков читер но милый и 🤣 смешной
456244337,-81597813,🖕🖕🖕🖕🖕🖕🖕🔞
456244336,-81597813,первый
456244335,-81597813,Влад А4 самый крутой
456244334,-81597813,Я ПЕРВАЯ
456244333,-81597813,У Глента в конце одно яйцо похоже упало
456244332,-81597813,Я первый
456244331,-81597813,Эххх с этого всё начиналось
456244329,-81597813,лук панель
456244328,-81597813,Одежду любую
456244327,-81597813,😆
456244326,-81597813,.
456244325,-81597813,
456244324,-81597813,Самокат
456244323,-81597813,Кал
456244322,-81597813,64
456244321,-81597813,
456244320,-81597813,ВИКИ ШОУ ЛУЧШАЯ! СТЫДНО НЕ ЗНАТЬ😡
456244319,-81597813,Юлька лучшаяяяяя
456244318,-81597813,Влад я твой подписчик с 2019 года  можно твой коментарий я живу в нижним ломове
456244317,-81597813,Ура я первая
456244316,-81597813,В РУКЕ ТРЯСЁТСЯ РУКА😂 ХАХААХАХАХАХАХАХАХСХС
456244315,-81597813,Кобяков пуська
456244314,-81597813,Хочу такую же как у тебя
456244313,-81597813,#рипкофта
456244312,-81597813,1 =_)
456244311,-81597813,
456244310,-81597813,
456244309,-81597813,
456244308,-81597813,
456244307,-81597813,
456244306,-81597813,
456244305,-81597813,
456244304,-81597813,
456244303,-81597813,
456244302,-81597813,
456244301,-81597813,
456244300,-81597813,
456244299,-81597813,
456244297,-81597813,
456244296,-81597813,
456244295,-81597813,
456244294,-81597813,
456244293,-81597813,
456244292,-81597813,
456244290,-81597813,
456244289,-81597813,
456244287,-81597813,
456244286,-81597813,
456244285,-81597813,
456244284,-81597813,
456244283,-81597813,
456244282,-81597813,
456244281,-81597813,
456244280,-81597813,
456244279,-81597813,
456244278,-81597813,
456244277,-81597813,
456244276,-81597813,
456244275,-81597813,
456244274,-81597813,
456244273,-81597813,
456244272,-81597813,
456244271,-81597813,
456244270,-81597813,
456244269,-81597813,
456244268,-81597813,
456244267,-81597813,
456244266,-81597813,
456244265,-81597813,
456244263,-81597813,
456244262,-81597813,
456244261,-81597813,
456244260,-81597813,
456244259,-81597813,
456244258,-81597813,
456244257,-81597813,
456245069,-81597813,
456244256,-81597813,
456244255,-81597813,
456244254,-81597813,
456244253,-81597813,
456244252,-81597813,
456244251,-81597813,
456244250,-81597813,
456244249,-81597813,
456244248,-81597813,
456244247,-81597813,
456244246,-81597813,
456244245,-81597813,
456244244,-81597813,
456244243,-81597813,
456244242,-81597813,
456244241,-81597813,
456244240,-81597813,
456244239,-81597813,
456244238,-81597813,
456244237,-81597813,
456244236,-81597813,
456244235,-81597813,
456244234,-81597813,
456244233,-81597813,
456244232,-81597813,
456244231,-81597813,
456244230,-81597813,
456244229,-81597813,
456244228,-81597813,
456244227,-81597813,
456244226,-81597813,
456244225,-81597813,
456244224,-81597813,
456244223,-81597813,
456244222,-81597813,
456244220,-81597813,
456244219,-81597813,
456244218,-81597813,
456244217,-81597813,
456244216,-81597813,
456244215,-81597813,
456244214,-81597813,
456244213,-81597813,
456244212,-81597813,
456244211,-81597813,
456244210,-81597813,
456244209,-81597813,
456244208,-81597813,
456244207,-81597813,
456244206,-81597813,
456244205,-81597813,
456244204,-81597813,
456244203,-81597813,
456244202,-81597813,
456244201,-81597813,
456244199,-81597813,
456244197,-81597813,
456244196,-81597813,
456244195,-81597813,
456244194,-81597813,
456244193,-81597813,
456244192,-81597813,
456244191,-81597813,
456244190,-81597813,
456244189,-81597813,
456244188,-81597813,
456244185,-81597813,
456244184,-81597813,
456244183,-81597813,
456244182,-81597813,
456244181,-81597813,
456244180,-81597813,
456244179,-81597813,
456244178,-81597813,
456244177,-81597813,
456244176,-81597813,
456244175,-81597813,
456244174,-81597813,
456244173,-81597813,
456244172,-81597813,
456244171,-81597813,
456244170,-81597813,
456244169,-81597813,
456244168,-81597813,
456244167,-81597813,
456244166,-81597813,
456244165,-81597813,
456244164,-81597813,
456244163,-81597813,
456244162,-81597813,
456244161,-81597813,
456244160,-81597813,
456244159,-81597813,
456244158,-81597813,
456244157,-81597813,
456244156,-81597813,
456244155,-81597813,
456244154,-81597813,
456244153,-81597813,
456244152,-81597813,
456244151,-81597813,
456244150,-81597813,
456244149,-81597813,
456244148,-81597813,
456244147,-81597813,
456244146,-81597813,
456244145,-81597813,
456244144,-81597813,
456244143,-81597813,
456244142,-81597813,
456244141,-81597813,
456244140,-81597813,
456244139,-81597813,
456244138,-81597813,
456244137,-81597813,
456244136,-81597813,
456244135,-81597813,
456244134,-81597813,
456244133,-81597813,
456244132,-81597813,
456244131,-81597813,
456244130,-81597813,
456244129,-81597813,
456244127,-81597813,
456244126,-81597813,
456244125,-81597813,
456244124,-81597813,
456244123,-81597813,
456244122,-81597813,
456244121,-81597813,
456244120,-81597813,
456244119,-81597813,
456244118,-81597813,
456244117,-81597813,
456244116,-81597813,
456244115,-81597813,
456244114,-81597813,
456244113,-81597813,
456244112,-81597813,
456244111,-81597813,
456244110,-81597813,
456244109,-81597813,
456244108,-81597813,
456244107,-81597813,
456244106,-81597813,
456244105,-81597813,
456244104,-81597813,
456244103,-81597813,
456244102,-81597813,
456244101,-81597813,
456244100,-81597813,
456244099,-81597813,
456244098,-81597813,
456244097,-81597813,
456244096,-81597813,
456244095,-81597813,
456244094,-81597813,
456244093,-81597813,
456244092,-81597813,
456244091,-81597813,
456244090,-81597813,
456244089,-81597813,
456244088,-81597813,
456244087,-81597813,
456244086,-81597813,
456244085,-81597813,
456244084,-81597813,
456244083,-81597813,
456244082,-81597813,
456244081,-81597813,
456244080,-81597813,
456244079,-81597813,
456244078,-81597813,
456244077,-81597813,
456244076,-81597813,
456244075,-81597813,
456244074,-81597813,
456244073,-81597813,
456244072,-81597813,
456244071,-81597813,
456244070,-81597813,
456244069,-81597813,
456244068,-81597813,
456244067,-81597813,
456244066,-81597813,
456244065,-81597813,
456244064,-81597813,
456244063,-81597813,
456244062,-81597813,
456244061,-81597813,
456244060,-81597813,
456244059,-81597813,
456244058,-81597813,
456244057,-81597813,
456244056,-81597813,
456244055,-81597813,
456244054,-81597813,
456244053,-81597813,
456244052,-81597813,
456244051,-81597813,
456244050,-81597813,
456244049,-81597813,
456244048,-81597813,
456244047,-81597813,
456244046,-81597813,
456244045,-81597813,
456244044,-81597813,
456244043,-81597813,
456244042,-81597813,
456244041,-81597813,
456244040,-81597813,
456244039,-81597813,
456244038,-81597813,
456244037,-81597813,
456244036,-81597813,
456244035,-81597813,
456244034,-81597813,
456244033,-81597813,
456244032,-81597813,
456244031,-81597813,
456244030,-81597813,
456244029,-81597813,
456244028,-81597813,
456244027,-81597813,
456244026,-81597813,
456244025,-81597813,
456244024,-81597813,
456244023,-81597813,
456244022,-81597813,
456244021,-81597813,
456244020,-81597813,
456244019,-81597813,
456244018,-81597813,
456244017,-81597813,
456244016,-81597813,
456244015,-81597813,
456244014,-81597813,
456244013,-81597813,
456244012,-81597813,
456244011,-81597813,
456244010,-81597813,
456244009,-81597813,
456244008,-81597813,
456244007,-81597813,
456244006,-81597813,
456244005,-81597813,
456244004,-81597813,
456244003,-81597813,
456244002,-81597813,
456244001,-81597813,
456244000,-81597813,
456243999,-81597813,
456243998,-81597813,
456243997,-81597813,
456243996,-81597813,
456243995,-81597813,
456243994,-81597813,
456243993,-81597813,
456243992,-81597813,
456243991,-81597813,
456243990,-81597813,
456243989,-81597813,
456243988,-81597813,
456243987,-81597813,
456243986,-81597813,
456243985,-81597813,
456243984,-81597813,
456243983,-81597813,
456243982,-81597813,
456243981,-81597813,
456243980,-81597813,
456243979,-81597813,
456243978,-81597813,
456243977,-81597813,
456243976,-81597813,
456243975,-81597813,
456243974,-81597813,
456243973,-81597813,
456243972,-81597813,
456243971,-81597813,
456243970,-81597813,
456243969,-81597813,
456243968,-81597813,
456243967,-81597813,
456243966,-81597813,
456243965,-81597813,
456243964,-81597813,
456243963,-81597813,
456243962,-81597813,
456243961,-81597813,
456243960,-81597813,
456243959,-81597813,
456243958,-81597813,
456243957,-81597813,
456243956,-81597813,
456243955,-81597813,
456243954,-81597813,
456243953,-81597813,
456243952,-81597813,
456243951,-81597813,
456243950,-81597813,
456243949,-81597813,
456243948,-81597813,
456243947,-81597813,
456243946,-81597813,
456243945,-81597813,
456243944,-81597813,
456243943,-81597813,
456243942,-81597813,
456243941,-81597813,
456243940,-81597813,
456243939,-81597813,
456243938,-81597813,
456243937,-81597813,
456243935,-81597813,
456243934,-81597813,
456243933,-81597813,
456243932,-81597813,
456243931,-81597813,
456243930,-81597813,
456243929,-81597813,
456243928,-81597813,
456243927,-81597813,
456243926,-81597813,
456243925,-81597813,
456243924,-81597813,
456243923,-81597813,
456243922,-81597813,
456243921,-81597813,
456243920,-81597813,
456243919,-81597813,
456243918,-81597813,
456243917,-81597813,
456243916,-81597813,
456243915,-81597813,
456243914,-81597813,
456243913,-81597813,
456243912,-81597813,
456243911,-81597813,
456243910,-81597813,
456243909,-81597813,
456243908,-81597813,
456243907,-81597813,
456243906,-81597813,
456243905,-81597813,
456243904,-81597813,
456243903,-81597813,
456243902,-81597813,
456243901,-81597813,
456243900,-81597813,
456243899,-81597813,
456243898,-81597813,
456243897,-81597813,
456243896,-81597813,
456243895,-81597813,
456243894,-81597813,
456243893,-81597813,
456243892,-81597813,
456243891,-81597813,
456243890,-81597813,
456243889,-81597813,
456243888,-81597813,
456243887,-81597813,
456243886,-81597813,
456243885,-81597813,
456243884,-81597813,
456243883,-81597813,
456243882,-81597813,
456243881,-81597813,
456243880,-81597813,
456243879,-81597813,
456243878,-81597813,
456243877,-81597813,
456243876,-81597813,
456243875,-81597813,
456243874,-81597813,
456243873,-81597813,
456243872,-81597813,
456243871,-81597813,
456243870,-81597813,
456243869,-81597813,
456243868,-81597813,
456243867,-81597813,
456243866,-81597813,
456243865,-81597813,
456243864,-81597813,
456243863,-81597813,
456243862,-81597813,
456243861,-81597813,
456243860,-81597813,
456243859,-81597813,
456243858,-81597813,
456243857,-81597813,
456243856,-81597813,
456243855,-81597813,
456243854,-81597813,
456243853,-81597813,
456243852,-81597813,
456243851,-81597813,
456243850,-81597813,
456243849,-81597813,
456243848,-81597813,
456243847,-81597813,
456243846,-81597813,
456243845,-81597813,
456243844,-81597813,
456243843,-81597813,
456243842,-81597813,
456243841,-81597813,
456243840,-81597813,
456243839,-81597813,
456243838,-81597813,
456243837,-81597813,
456243836,-81597813,
456243835,-81597813,
456243834,-81597813,
456243833,-81597813,
456243832,-81597813,
456243831,-81597813,
456243830,-81597813,
456243829,-81597813,
456243828,-81597813,
456243827,-81597813,
456243826,-81597813,
456243825,-81597813,
456243824,-81597813,
456243823,-81597813,
456243822,-81597813,
456243821,-81597813,
456243820,-81597813,
456243819,-81597813,
456243818,-81597813,
456243817,-81597813,
456243816,-81597813,
456243815,-81597813,
456243814,-81597813,
456243813,-81597813,
456243812,-81597813,
456243811,-81597813,
456243810,-81597813,
456243809,-81597813,
456243808,-81597813,
456243807,-81597813,
456243806,-81597813,
456243805,-81597813,
456243804,-81597813,
456243803,-81597813,
456243802,-81597813,
456243801,-81597813,
456243800,-81597813,
456243799,-81597813,
456243798,-81597813,
456243797,-81597813,
456243796,-81597813,
456243795,-81597813,
456243794,-81597813,
456243793,-81597813,
456243792,-81597813,
456243791,-81597813,
456243790,-81597813,
456243789,-81597813,
456243788,-81597813,
456243787,-81597813,
456243786,-81597813,
456243785,-81597813,
456243784,-81597813,
456243783,-81597813,
456243782,-81597813,
456243781,-81597813,
456243780,-81597813,
456243779,-81597813,
456243778,-81597813,
456243777,-81597813,
456243776,-81597813,
456243775,-81597813,
456243774,-81597813,
456243773,-81597813,
456243772,-81597813,
456243771,-81597813,
456243770,-81597813,
456243769,-81597813,
456243768,-81597813,
456243767,-81597813,
456243766,-81597813,
456243765,-81597813,
456243764,-81597813,
456243763,-81597813,
456243762,-81597813,
456243761,-81597813,
456243760,-81597813,
456243759,-81597813,
456243758,-81597813,
456243757,-81597813,
456243756,-81597813,
456243755,-81597813,
456243754,-81597813,
456243753,-81597813,
456243752,-81597813,
456243751,-81597813,
456243750,-81597813,
456243749,-81597813,
456243748,-81597813,
456243747,-81597813,
456243746,-81597813,
456243745,-81597813,
456243744,-81597813,
456243743,-81597813,
456243742,-81597813,
456243741,-81597813,
456243740,-81597813,
456243739,-81597813,
456243738,-81597813,
456243737,-81597813,
456243736,-81597813,
456243735,-81597813,
456243734,-81597813,
456243733,-81597813,
456243732,-81597813,
456243731,-81597813,
456243730,-81597813,
456243729,-81597813,
456243728,-81597813,
456243727,-81597813,
456243726,-81597813,
456243725,-81597813,
456243724,-81597813,
456243723,-81597813,
456243722,-81597813,
456243721,-81597813,
456243720,-81597813,
456243719,-81597813,
456243718,-81597813,
456243716,-81597813,
456243715,-81597813,
456243714,-81597813,
456243713,-81597813,
456243712,-81597813,
456243711,-81597813,
456243710,-81597813,
456243709,-81597813,
456243708,-81597813,
456243707,-81597813,
456243705,-81597813,
456243704,-81597813,
456243703,-81597813,
456243702,-81597813,
456243701,-81597813,
456243700,-81597813,
456243699,-81597813,
456243698,-81597813,
456243697,-81597813,
456243696,-81597813,
456243695,-81597813,
456243694,-81597813,
456243693,-81597813,
456243692,-81597813,
456243691,-81597813,
456243690,-81597813,
456243689,-81597813,
456243688,-81597813,
456243687,-81597813,
456243686,-81597813,
456243684,-81597813,
456243683,-81597813,
456243682,-81597813,
456243681,-81597813,
456243680,-81597813,
456243679,-81597813,
456243678,-81597813,
456243677,-81597813,
456243675,-81597813,
456243674,-81597813,
456243673,-81597813,
456243672,-81597813,
456243671,-81597813,
456243669,-81597813,
456243668,-81597813,
456243666,-81597813,
456243665,-81597813,
456243664,-81597813,
456243663,-81597813,
456243662,-81597813,
456243661,-81597813,
456243660,-81597813,
456243659,-81597813,
456243658,-81597813,
456243657,-81597813,
456243656,-81597813,
456243655,-81597813,
456243654,-81597813,
456243653,-81597813,
456243652,-81597813,
456243651,-81597813,
456241392,-211169870,
456241378,-211169870,
456241375,-211169870,
456241369,-211169870,
456241357,-211169870,
456241343,-211169870,
456241338,-211169870,
456241326,-211169870,
456241321,-211169870,
456241311,-211169870,
456241306,-211169870,
456241301,-211169870,
456241299,-211169870,
456241295,-211169870,
456241291,-211169870,
456241282,-211169870,
456241261,-211169870,
456241260,-211169870,
456241259,-211169870,
456241253,-211169870,
456241248,-211169870,
456241245,-211169870,
456241243,-211169870,
456241239,-211169870,
456241235,-211169870,
456241231,-211169870,
456241228,-211169870,
456241223,-211169870,
456241196,-211169870,
456241172,-211169870,
456241171,-211169870,
456241170,-211169870,
456241167,-211169870,
456241164,-211169870,
456241163,-211169870,
456241161,-211169870,
456241160,-211169870,
456241159,-211169870,
456241150,-211169870,
456241144,-211169870,
456241136,-211169870,
456241129,-211169870,
456241120,-211169870,
456241106,-211169870,
456241099,-211169870,
456241090,-211169870,
456241081,-211169870,
456241063,-211169870,
456241057,-211169870,
456241050,-211169870,
456241048,-211169870,
456241038,-211169870,
456241022,-211169870,
456241012,-211169870,
456241002,-211169870,
456240996,-211169870,
456240991,-211169870,
456240983,-211169870,
456240979,-211169870,
456240974,-211169870,
456240950,-211169870,
456240944,-211169870,
456240943,-211169870,
456240942,-211169870,
456240939,-211169870,
456240442,-211169870,
456240415,-211169870,
456240403,-211169870,
456240376,-211169870,
456240361,-211169870,
456240339,-211169870,
456240323,-211169870,
456240277,-211169870,
456240024,-211169870,
456240008,-211169870,
456239981,-211169870,
456239958,-211169870,
456239934,-211169870,
456239906,-211169870,
456239887,-211169870,
456239886,-211169870,
456239885,-211169870,
456239884,-211169870,
456239883,-211169870,
456239882,-211169870,
456239881,-211169870,
456239880,-211169870,
456239879,-211169870,
456239878,-211169870,
456239877,-211169870,
456239876,-211169870,
456239875,-211169870,
456239874,-211169870,
456239873,-211169870,
456239872,-211169870,
456239871,-211169870,
456239870,-211169870,
456239869,-211169870,
456239868,-211169870,
456239867,-211169870,
456239866,-211169870,
456239865,-211169870,
456239864,-211169870,
456239863,-211169870,
456239862,-211169870,
456239861,-211169870,
456239860,-211169870,
456239859,-211169870,
456239858,-211169870,
456239857,-211169870,
456239856,-211169870,
456239855,-211169870,
456239854,-211169870,
456239853,-211169870,
456239852,-211169870,
456239851,-211169870,
456239850,-211169870,
456239849,-211169870,
456239848,-211169870,
456239847,-211169870,
456239846,-211169870,
456239845,-211169870,
456239844,-211169870,
456239843,-211169870,
456239842,-211169870,
456239841,-211169870,
456239840,-211169870,
456239839,-211169870,
456239837,-211169870,
456239838,-211169870,
456239836,-211169870,
456239835,-211169870,
456239834,-211169870,
456239833,-211169870,
456239832,-211169870,
456239831,-211169870,
456239830,-211169870,
456239829,-211169870,
456239828,-211169870,
456239827,-211169870,
456239826,-211169870,
456239825,-211169870,
456239824,-211169870,
456239823,-211169870,
456239822,-211169870,
456239821,-211169870,
456239820,-211169870,
456239819,-211169870,
456239818,-211169870,
456239817,-211169870,
456239816,-211169870,
456239815,-211169870,
456239814,-211169870,
456239813,-211169870,
456239812,-211169870,
456239811,-211169870,
456239810,-211169870,
456239809,-211169870,
456239808,-211169870,
456239807,-211169870,
456239806,-211169870,
456239805,-211169870,
456239804,-211169870,
456239803,-211169870,
456239802,-211169870,
456239801,-211169870,
456239800,-211169870,
456239799,-211169870,
456239798,-211169870,
456239797,-211169870,
456239796,-211169870,
456239795,-211169870,
456239794,-211169870,
456239793,-211169870,
456239792,-211169870,
456239791,-211169870,
456239790,-211169870,
456239789,-211169870,
456239788,-211169870,
456239787,-211169870,
456239786,-211169870,
456239785,-211169870,
456239784,-211169870,
456239783,-211169870,
456239782,-211169870,
456239781,-211169870,
456239780,-211169870,
456239779,-211169870,
456239778,-211169870,
456239777,-211169870,
456239776,-211169870,
456239775,-211169870,
456239774,-211169870,
456239773,-211169870,
456239772,-211169870,
456239771,-211169870,
456239770,-211169870,
456239769,-211169870,
456239768,-211169870,
456239767,-211169870,
456239766,-211169870,
456239765,-211169870,
456239764,-211169870,
456239763,-211169870,
456239762,-211169870,
456239761,-211169870,
456239760,-211169870,
456239759,-211169870,
456239758,-211169870,
456239757,-211169870,
456239756,-211169870,
456239755,-211169870,
456239754,-211169870,
456239753,-211169870,
456239752,-211169870,
456239751,-211169870,
456239750,-211169870,
456239749,-211169870,
456239748,-211169870,
456239747,-211169870,
456239746,-211169870,
456239745,-211169870,
456239744,-211169870,
456239743,-211169870,
456239742,-211169870,
456239741,-211169870,
456239740,-211169870,
456239739,-211169870,
456239738,-211169870,
456239737,-211169870,
456239736,-211169870,
456239735,-211169870,
456239734,-211169870,
456239733,-211169870,
456239732,-211169870,
456239731,-211169870,
456239730,-211169870,
456239729,-211169870,
456239728,-211169870,
456239727,-211169870,
456239726,-211169870,
456239725,-211169870,
456239724,-211169870,
456239723,-211169870,
456239722,-211169870,
456239721,-211169870,
456239720,-211169870,
456239719,-211169870,
456239717,-211169870,
456239716,-211169870,
456239715,-211169870,
456239714,-211169870,
456239713,-211169870,
456239712,-211169870,
456239711,-211169870,
456239710,-211169870,
456239709,-211169870,
456239708,-211169870,
456239707,-211169870,
456239706,-211169870,
456239705,-211169870,
456239704,-211169870,
456239703,-211169870,
456239702,-211169870,
456239701,-211169870,
456239700,-211169870,
456239699,-211169870,
456239698,-211169870,
456239697,-211169870,
456239696,-211169870,
456239695,-211169870,
456239694,-211169870,
456239693,-211169870,
456239692,-211169870,
456239691,-211169870,
456239690,-211169870,
456239689,-211169870,
456239688,-211169870,
456239687,-211169870,
456239686,-211169870,
456239685,-211169870,
456239684,-211169870,
456239683,-211169870,
456239682,-211169870,
456239681,-211169870,
456239680,-211169870,
456239679,-211169870,
456239678,-211169870,
456239677,-211169870,
456239676,-211169870,
456239675,-211169870,
456239674,-211169870,
456239673,-211169870,
456239672,-211169870,
456239671,-211169870,
456239670,-211169870,
456239669,-211169870,
456239668,-211169870,
456239667,-211169870,
456239666,-211169870,
456239665,-211169870,
456239664,-211169870,
456239663,-211169870,
456239662,-211169870,
456239661,-211169870,
456239660,-211169870,
456239659,-211169870,
456239658,-211169870,
456239657,-211169870,
456239656,-211169870,
456239655,-211169870,
456239654,-211169870,
456239653,-211169870,
456239652,-211169870,
456239651,-211169870,
456239650,-211169870,
456239649,-211169870,
456239648,-211169870,
456239647,-211169870,
456239646,-211169870,
456239645,-211169870,
456239644,-211169870,
456239643,-211169870,
456239642,-211169870,
456239641,-211169870,
456239640,-211169870,
456239639,-211169870,
456239638,-211169870,
456239637,-211169870,
456239636,-211169870,
456239635,-211169870,
456239634,-211169870,
456239633,-211169870,
456239632,-211169870,
456239631,-211169870,
456239630,-211169870,
456239629,-211169870,
456239628,-211169870,
456239627,-211169870,
456239626,-211169870,
456239621,-211169870,
456239625,-211169870,
456239624,-211169870,
456239622,-211169870,
456239623,-211169870,
456239620,-211169870,
456239619,-211169870,
456239618,-211169870,
456239617,-211169870,
456239616,-211169870,
456239615,-211169870,
456239614,-211169870,
456239613,-211169870,
456239612,-211169870,
456239611,-211169870,
456239610,-211169870,
456239609,-211169870,
456239608,-211169870,
456239607,-211169870,
456239606,-211169870,
456239605,-211169870,
456239604,-211169870,
456239603,-211169870,
456239602,-211169870,
456239601,-211169870,
456239600,-211169870,
456239599,-211169870,
456239598,-211169870,
456239597,-211169870,
456239596,-211169870,
456239595,-211169870,
456239594,-211169870,
456239593,-211169870,
456239094,-211169870,
456241868,-152009330,
456241863,-152009330,
456241853,-152009330,
456241830,-152009330,
456241816,-152009330,
456241807,-152009330,
456241757,-152009330,
456241754,-152009330,
456241744,-152009330,
456241741,-152009330,
456241735,-152009330,
456241724,-152009330,
456241704,-152009330,
456241667,-152009330,
456241639,-152009330,
456241625,-152009330,
456241610,-152009330,
456241602,-152009330,
456241571,-152009330,
456241560,-152009330,
456241548,-152009330,
456241534,-152009330,
456241513,-152009330,
456241485,-152009330,
456241419,-152009330,
456241383,-152009330,
456241379,-152009330,
456241375,-152009330,
456241371,-152009330,
456241353,-152009330,
456241332,-152009330,
456241308,-152009330,
456241262,-152009330,
456241261,-152009330,
456241243,-152009330,
456241240,-152009330,
456241237,-152009330,
456241236,-152009330,
456241233,-152009330,
456241231,-152009330,
456241230,-152009330,
456241229,-152009330,
456241228,-152009330,
456241227,-152009330,
456241226,-152009330,
456241225,-152009330,
456241224,-152009330,
456241223,-152009330,
456241222,-152009330,
456241221,-152009330,
456241220,-152009330,
456241219,-152009330,
456241218,-152009330,
456241217,-152009330,
456241216,-152009330,
456241215,-152009330,
456241214,-152009330,
456241213,-152009330,
456241212,-152009330,
456241211,-152009330,
456241210,-152009330,
456241209,-152009330,
456241208,-152009330,
456241207,-152009330,
456241202,-152009330,
456241196,-152009330,
456241193,-152009330,
456241191,-152009330,
456241187,-152009330,
456241186,-152009330,
456241185,-152009330,
456241182,-152009330,
456241183,-152009330,
456241181,-152009330,
456241178,-152009330,
456241177,-152009330,
456241176,-152009330,
456241175,-152009330,
456241173,-152009330,
456241172,-152009330,
456241170,-152009330,
456241168,-152009330,
456241166,-152009330,
456241149,-152009330,
456241132,-152009330,
456241114,-152009330,
456241084,-152009330,
456241065,-152009330,
456241050,-152009330,
456241035,-152009330,
456241006,-152009330,
456240986,-152009330,
456240976,-152009330,
456240950,-152009330,
456240923,-152009330,
456240893,-152009330,
456240833,-152009330,
456240810,-152009330,
456240804,-152009330,
456240779,-152009330,
456240771,-152009330,
456240756,-152009330,
456240747,-152009330,
456240720,-152009330,
456240693,-152009330,
456240674,-152009330,
456240654,-152009330,
456240641,-152009330,
456240620,-152009330,
456240601,-152009330,
456240576,-152009330,
456240545,-152009330,
456240500,-152009330,
456240476,-152009330,
456240459,-152009330,
456240426,-152009330,
456240400,-152009330,
456240347,-152009330,
456240317,-152009330,
456240276,-152009330,
456240275,-152009330,
456240273,-152009330,
456240272,-152009330,
456240271,-152009330,
456240270,-152009330,
456240266,-152009330,
456240264,-152009330,
456240263,-152009330,
456240262,-152009330,
456240257,-152009330,
456240255,-152009330,
456240254,-152009330,
456240251,-152009330,
456240249,-152009330,
456240248,-152009330,
456240247,-152009330,
456240244,-152009330,
456240227,-152009330,
456240205,-152009330,
456240190,-152009330,
456240186,-152009330,
456240185,-152009330,
456240183,-152009330,
456240172,-152009330,
456240102,-152009330,
456240051,-152009330,
456240029,-152009330,
456240027,-152009330,
456240026,-152009330,
456240025,-152009330,
456240024,-152009330,
456239330,-219283548,
456239331,-219283548,
456239328,-219283548,
456239327,-219283548,
456239325,-219283548,
456239324,-219283548,
456239322,-219283548,
456239319,-219283548,
456239317,-219283548,
456239315,-219283548,
456239314,-219283548,
456239313,-219283548,
456239312,-219283548,
456239309,-219283548,
456239307,-219283548,
456239305,-219283548,
456239304,-219283548,
456239302,-219283548,
456239301,-219283548,
456239300,-219283548,
456239299,-219283548,
456239297,-219283548,
456239295,-219283548,
456239294,-219283548,
456239293,-219283548,
456239291,-219283548,
456239289,-219283548,
456239288,-219283548,
456239285,-219283548,
456239283,-219283548,
456239266,-219283548,
456239261,-219283548,
456239256,-219283548,
456239255,-219283548,
456239252,-219283548,
456239251,-219283548,
456239250,-219283548,
456239249,-219283548,
456239248,-219283548,
456239247,-219283548,
456239243,-219283548,
456239245,-219283548,
456239244,-219283548,
456239241,-219283548,
456239242,-219283548,
456239246,-219283548,
456239240,-219283548,
456239239,-219283548,
456239238,-219283548,
456239237,-219283548,
456239236,-219283548,
456239235,-219283548,
456239234,-219283548,
456239233,-219283548,
456239232,-219283548,
456239228,-219283548,
456239227,-219283548,
456239225,-219283548,
456239224,-219283548,
456239223,-219283548,
456239222,-219283548,
456239221,-219283548,
456239218,-219283548,
456239217,-219283548,
456239216,-219283548,
456239215,-219283548,
456239214,-219283548,
456239212,-219283548,
456239211,-219283548,
456239207,-219283548,
456239206,-219283548,
456239205,-219283548,
456239204,-219283548,
456239203,-219283548,
456239202,-219283548,
456239201,-219283548,
456239200,-219283548,
456239199,-219283548,
456239198,-219283548,
456239197,-219283548,
456239196,-219283548,
456239194,-219283548,
456239193,-219283548,
456239192,-219283548,
456239191,-219283548,
456239190,-219283548,
456239189,-219283548,
456239188,-219283548,
456239187,-219283548,
456239186,-219283548,
456239185,-219283548,
456239183,-219283548,
456239182,-219283548,
456239176,-219283548,
456239046,-219283548,
456239045,-219283548,
456239044,-219283548,
456239043,-219283548,
456239042,-219283548,
456239041,-219283548,
456239040,-219283548,
456239039,-219283548,
456239038,-219283548,
456239037,-219283548,
456239036,-219283548,
456239035,-219283548,
456239034,-219283548,
456239033,-219283548,
456239032,-219283548,
456239031,-219283548,
456239030,-219283548,
456239029,-219283548,
456239028,-219283548,
456239027,-219283548,
456239026,-219283548,
456239025,-219283548,
456239024,-219283548,
456239023,-219283548,
456239022,-219283548,
456239021,-219283548,
456239020,-219283548,
456239019,-219283548,
456239018,-219283548,
456239017,-219283548,
456239495,-147169109,
456239493,-147169109,
456239492,-147169109,
456239491,-147169109,
456239490,-147169109,
456239489,-147169109,
456239485,-147169109,
456239484,-147169109,
456239483,-147169109,
456239482,-147169109,
456239481,-147169109,
456239480,-147169109,
456239479,-147169109,
456239477,-147169109,
456239475,-147169109,
456239474,-147169109,
456239473,-147169109,
456239472,-147169109,
456239470,-147169109,
456239467,-147169109,
456239465,-147169109,
456239464,-147169109,
456239462,-147169109,
456239461,-147169109,
456239460,-147169109,
456239459,-147169109,
456239454,-147169109,
456239446,-147169109,
456239445,-147169109,
456239437,-147169109,
456239435,-147169109,
456239433,-147169109,
456239431,-147169109,
456239425,-147169109,
456239424,-147169109,
456239423,-147169109,
456239193,-147169109,
456239279,-147169109,
456239236,-147169109,
456239298,-147169109,
456239304,-147169109,
456239249,-147169109,
456239289,-147169109,
456239302,-147169109,
456239300,-147169109,
456239294,-147169109,
456239262,-147169109,
456239261,-147169109,
456239254,-147169109,
456239247,-147169109,
456239243,-147169109,
456239286,-147169109,
456239272,-147169109,
456239273,-147169109,
456239275,-147169109,
456239290,-147169109,
456239284,-147169109,
456239292,-147169109,
456239244,-147169109,
456239295,-147169109,
456239266,-147169109,
456239213,-147169109,
456239277,-147169109,
456239259,-147169109,
456239253,-147169109,
456239296,-147169109,
456239301,-147169109,
456239264,-147169109,
456239235,-147169109,
456239257,-147169109,
456239268,-147169109,
456239222,-147169109,
456239226,-147169109,
456239255,-147169109,
456239256,-147169109,
456239288,-147169109,
456239299,-147169109,
456239269,-147169109,
456239350,-147169109,
456239305,-147169109,
456239267,-147169109,
456239221,-147169109,
456239248,-147169109,
456239239,-147169109,
456239237,-147169109,
456239285,-147169109,
456239270,-147169109,
456239251,-147169109,
456239252,-147169109,
456239242,-147169109,
456239281,-147169109,
456239271,-147169109,
456239192,-147169109,
456239212,-147169109,
456239245,-147169109,
456239418,-147169109,
456239416,-147169109,
456239414,-147169109,
456239399,-147169109,
456239297,-147169109,
456239291,-147169109,
456239282,-147169109,
456239278,-147169109,
456239274,-147169109,
456239265,-147169109,
456239263,-147169109,
456239260,-147169109,
456239258,-147169109,
456239250,-147169109,
456239246,-147169109,
456239241,-147169109,
456239238,-147169109,
456239234,-147169109,
456239232,-147169109,
456239231,-147169109,
456239228,-147169109,
456239227,-147169109,
456239225,-147169109,
456239224,-147169109,
456239223,-147169109,
456239220,-147169109,
456239219,-147169109,
456239218,-147169109,
456239217,-147169109,
456239216,-147169109,
456239214,-147169109,
456239211,-147169109,
456239210,-147169109,
456239209,-147169109,
456239208,-147169109,
456239207,-147169109,
456239206,-147169109,
456239205,-147169109,
456239204,-147169109,
456239203,-147169109,
456239202,-147169109,
456239201,-147169109,
456239200,-147169109,
456239199,-147169109,
456239198,-147169109,
456239197,-147169109,
456239196,-147169109,
456239195,-147169109,
456239194,-147169109,
456239189,-147169109,
456239094,-147169109,
456239090,-147169109,
456239084,-147169109,
456239065,-147169109,
456239051,-147169109,
456239048,-147169109,
456240413,-213802301,
456240414,-213802301,
456240407,-213802301,
456240408,-213802301,
456240391,-213802301,
456240390,-213802301,
456240379,-213802301,
456240378,-213802301,
456240374,-213802301,
456240369,-213802301,
456240352,-213802301,
456240353,-213802301,
456240338,-213802301,
456240336,-213802301,
456240331,-213802301,
456240333,-213802301,
456240313,-213802301,
456240315,-213802301,
456240281,-213802301,
456240270,-213802301,
456240272,-213802301,
456240264,-213802301,
456240265,-213802301,
456240255,-213802301,
456240251,-213802301,
456240247,-213802301,
456240242,-213802301,
456240237,-213802301,
456240238,-213802301,
456240236,-213802301,
456240229,-213802301,
456240230,-213802301,
456240222,-213802301,
456240223,-213802301,
456240219,-213802301,
456240220,-213802301,
456240212,-213802301,
456240215,-213802301,
456240204,-213802301,
456240205,-213802301,
456240195,-213802301,
456240196,-213802301,
456240191,-213802301,
456240192,-213802301,
456240183,-213802301,
456240185,-213802301,
456240175,-213802301,
456240177,-213802301,
456240164,-213802301,
456240163,-213802301,
456240161,-213802301,
456240160,-213802301,
456240156,-213802301,
456240143,-213802301,
456240142,-213802301,
456240138,-213802301,
456240140,-213802301,
456240133,-213802301,
456240134,-213802301,
456240126,-213802301,
456240125,-213802301,
456240123,-213802301,
456240122,-213802301,
456240117,-213802301,
456240116,-213802301,
456240107,-213802301,
456240106,-213802301,
456240101,-213802301,
456240100,-213802301,
456240093,-213802301,
456240092,-213802301,
456240089,-213802301,
456240088,-213802301,
456240084,-213802301,
456240083,-213802301,
456240077,-213802301,
456240076,-213802301,
456240071,-213802301,
456240070,-213802301,
456240068,-213802301,
456240067,-213802301,
456240059,-213802301,
456240058,-213802301,
456240046,-213802301,
456240045,-213802301,
456240037,-213802301,
456240036,-213802301,
456240031,-213802301,
456240030,-213802301,
456240015,-213802301,
456240014,-213802301,
456240007,-213802301,
456240006,-213802301,
456240004,-213802301,
456240003,-213802301,
456239989,-213802301,
456239985,-213802301,
456239973,-213802301,
456239972,-213802301,
456239970,-213802301,
456239969,-213802301,
456239961,-213802301,
456239960,-213802301,
456239950,-213802301,
456239949,-213802301,
456239947,-213802301,
456239946,-213802301,
456239941,-213802301,
456239940,-213802301,
456239928,-213802301,
456239927,-213802301,
456239924,-213802301,
456239923,-213802301,
456239915,-213802301,
456239913,-213802301,
456239907,-213802301,
456239905,-213802301,
456239904,-213802301,
456239903,-213802301,
456239898,-213802301,
456239894,-213802301,
456239889,-213802301,
456239888,-213802301,
456239886,-213802301,
456239885,-213802301,
456239873,-213802301,
456239870,-213802301,
456239864,-213802301,
456239863,-213802301,
456239861,-213802301,
456239860,-213802301,
456239855,-213802301,
456239854,-213802301,
456239840,-213802301,
456239839,-213802301,
456239830,-213802301,
456239829,-213802301,
456239817,-213802301,
456239816,-213802301,
456239808,-213802301,
456239807,-213802301,
456239804,-213802301,
456239803,-213802301,
456239795,-213802301,
456239794,-213802301,
456239787,-213802301,
456239786,-213802301,
456239784,-213802301,
456239783,-213802301,
456239775,-213802301,
456239774,-213802301,
456239766,-213802301,
456239764,-213802301,
456239763,-213802301,
456239757,-213802301,
456239753,-213802301,
456239752,-213802301,
456239748,-213802301,
456239747,-213802301,
456239744,-213802301,
456239743,-213802301,
456239740,-213802301,
456239739,-213802301,
456239723,-213802301,
456239720,-213802301,
456239721,-213802301,
456239719,-213802301,
456239716,-213802301,
456239711,-213802301,
456239709,-213802301,
456239707,-213802301,
456239706,-213802301,
456239692,-213802301,
456239691,-213802301,
456239684,-213802301,
456239683,-213802301,
456239681,-213802301,
456239680,-213802301,
456239672,-213802301,
456239671,-213802301,
456239662,-213802301,
456239661,-213802301,
456239659,-213802301,
456239656,-213802301,
456239644,-213802301,
456239637,-213802301,
456239632,-213802301,
456239627,-213802301,
456239626,-213802301,
456239623,-213802301,
456239622,-213802301,
456239616,-213802301,
456239615,-213802301,
456239605,-213802301,
456239604,-213802301,
456239602,-213802301,
456239601,-213802301,
456239597,-213802301,
456239596,-213802301,
456239586,-213802301,
456239587,-213802301,
456239581,-213802301,
456239580,-213802301,
456239574,-213802301,
456239573,-213802301,
456239565,-213802301,
456239563,-213802301,
456239556,-213802301,
456239554,-213802301,
456239546,-213802301,
456239545,-213802301,
456239543,-213802301,
456239542,-213802301,
456239538,-213802301,
456239537,-213802301,
456239527,-213802301,
456239525,-213802301,
456239520,-213802301,
456239519,-213802301,
456239508,-213802301,
456239507,-213802301,
456239501,-213802301,
456239500,-213802301,
456239498,-213802301,
456239497,-213802301,
456239489,-213802301,
456239488,-213802301,
456239481,-213802301,
456239480,-213802301,
456239477,-213802301,
456239478,-213802301,
456239469,-213802301,
456239468,-213802301,
456239462,-213802301,
456239461,-213802301,
456239459,-213802301,
456239458,-213802301,
456239451,-213802301,
456239450,-213802301,
456239442,-213802301,
456239440,-213802301,
456239438,-213802301,
456239430,-213802301,
456239421,-213802301,
456239417,-213802301,
456239413,-213802301,
456239414,-213802301,
456239407,-213802301,
456239406,-213802301,
456239397,-213802301,
456239396,-213802301,
456239386,-213802301,
456239385,-213802301,
456239382,-213802301,
456239381,-213802301,
456239370,-213802301,
456239369,-213802301,
456239364,-213802301,
456239363,-213802301,
456239361,-213802301,
456239360,-213802301,
456239354,-213802301,
456239353,-213802301,
456239346,-213802301,
456239343,-213802301,
456239339,-213802301,
456239338,-213802301,
456239337,-213802301,
456239334,-213802301,
456239333,-213802301,
456239328,-213802301,
456239327,-213802301,
456239322,-213802301,
456239321,-213802301,
456239318,-213802301,
456239317,-213802301,
456239300,-213802301,
456239297,-213802301,
456239287,-213802301,
456239286,-213802301,
456239282,-213802301,
456239281,-213802301,
456239276,-213802301,
456239275,-213802301,
456239272,-213802301,
456239271,-213802301,
456239266,-213802301,
456239265,-213802301,
456239264,-213802301,
456239261,-213802301,
456239260,-213802301,
456239254,-213802301,
456239253,-213802301,
456239247,-213802301,
456239246,-213802301,
456239244,-213802301,
456239243,-213802301,
456239241,-213802301,
456239237,-213802301,
456239234,-213802301,
456239228,-213802301,
456239227,-213802301,
456239226,-213802301,
456239225,-213802301,
456239224,-213802301,
456239223,-213802301,
456239222,-213802301,
456239221,-213802301,
456239220,-213802301,
456239219,-213802301,
456239218,-213802301,
456239216,-213802301,
456239215,-213802301,
456239184,-213802301,
456239172,-213802301,
456239171,-213802301,
456239167,-213802301,
456239162,-213802301,
456239159,-213802301,
456239158,-213802301,
456239157,-213802301,
456239156,-213802301,
456239155,-213802301,
456239154,-213802301,
456239153,-213802301,
456239152,-213802301,
456239151,-213802301,
456239150,-213802301,
456239149,-213802301,
456239148,-213802301,
456239147,-213802301,
456239146,-213802301,
456239145,-213802301,
456239144,-213802301,
456239143,-213802301,
456239142,-213802301,
456239141,-213802301,
456239140,-213802301,
456239139,-213802301,
456239138,-213802301,
456239137,-213802301,
456239136,-213802301,
456239135,-213802301,
456239134,-213802301,
456239133,-213802301,
456239132,-213802301,
456239131,-213802301,
456239130,-213802301,
456239129,-213802301,
456239128,-213802301,
456239127,-213802301,
456239126,-213802301,
456239125,-213802301,
456239124,-213802301,
456239123,-213802301,
456239122,-213802301,
456239121,-213802301,
456239120,-213802301,
456239119,-213802301,
456239118,-213802301,
456239117,-213802301,
456239116,-213802301,
456239115,-213802301,
456239114,-213802301,
456239113,-213802301,
456239112,-213802301,
456239111,-213802301,
456239110,-213802301,
456239109,-213802301,
456239108,-213802301,
456239107,-213802301,
456239106,-213802301,
456239105,-213802301,
456239104,-213802301,
456239103,-213802301,
456239102,-213802301,
456239101,-213802301,
456239100,-213802301,
456239099,-213802301,
456239098,-213802301,
456239097,-213802301,
456239096,-213802301,
456239095,-213802301,
456239094,-213802301,
456239093,-213802301,
456239092,-213802301,
456239091,-213802301,
456239090,-213802301,
456239089,-213802301,
456239088,-213802301,
456239087,-213802301,
456239086,-213802301,
456239085,-213802301,
456239080,-213802301,
456239078,-213802301,
456239077,-213802301,
456239076,-213802301,
456239075,-213802301,
456239071,-213802301,
456239070,-213802301,
456239066,-213802301,
456239065,-213802301,
456239064,-213802301,
456239062,-213802301,
456239060,-213802301,
456239059,-213802301,
456239058,-213802301,
456239055,-213802301,
456239054,-213802301,
456239053,-213802301,
456239051,-213802301,
456239049,-213802301,
456239044,-213802301,
456239042,-213802301,
456239040,-213802301,
456239039,-213802301,
456239038,-213802301,
456239034,-213802301,
456239033,-213802301,
456239026,-213802301,
456239024,-213802301,
456239023,-213802301,
456239021,-213802301,
456239020,-213802301,
456239019,-213802301,
456239017,-213802301,
456243279,-195985818,
456243275,-195985818,
456243263,-195985818,
456243208,-195985818,
456243167,-195985818,
456243090,-195985818,
456243080,-195985818,
456243054,-195985818,
456243012,-195985818,
456242998,-195985818,
456242993,-195985818,
456242950,-195985818,
456242935,-195985818,
456242926,-195985818,
456242913,-195985818,
456242894,-195985818,
456242868,-195985818,
456242858,-195985818,
456242777,-195985818,
456242755,-195985818,
456242744,-195985818,
456242708,-195985818,
456242677,-195985818,
456242646,-195985818,
456242609,-195985818,
456242603,-195985818,
456242591,-195985818,
456242573,-195985818,
456242556,-195985818,
456242514,-195985818,
456242502,-195985818,
456242487,-195985818,
456242473,-195985818,
456242467,-195985818,
456242454,-195985818,
456242449,-195985818,
456242447,-195985818,
456242438,-195985818,
456242388,-195985818,
456242356,-195985818,
456242339,-195985818,
456242338,-195985818,
456242280,-195985818,
456242263,-195985818,
456242261,-195985818,
456242255,-195985818,
456242177,-195985818,
456242176,-195985818,
456242132,-195985818,
456242086,-195985818,
456242041,-195985818,
456242039,-195985818,
456242032,-195985818,
456242014,-195985818,
456242007,-195985818,
456241994,-195985818,
456241991,-195985818,
456241970,-195985818,
456241949,-195985818,
456241937,-195985818,
456241920,-195985818,
456241887,-195985818,
456241881,-195985818,
456241874,-195985818,
456241863,-195985818,
456241858,-195985818,
456241843,-195985818,
456241828,-195985818,
456241815,-195985818,
456241801,-195985818,
456241728,-195985818,
456241718,-195985818,
456241702,-195985818,
456241694,-195985818,
456241673,-195985818,
456241660,-195985818,
456241658,-195985818,
456241653,-195985818,
456241645,-195985818,
456241636,-195985818,
456241623,-195985818,
456241619,-195985818,
456241611,-195985818,
456241569,-195985818,
456241530,-195985818,
456241519,-195985818,
456241515,-195985818,
456241506,-195985818,
456241495,-195985818,
456241479,-195985818,
456241466,-195985818,
456241311,-195985818,
456241286,-195985818,
456241285,-195985818,
456241273,-195985818,
456241254,-195985818,
456241239,-195985818,
456241225,-195985818,
456241197,-195985818,
456241188,-195985818,
456241174,-195985818,
456241163,-195985818,
456241141,-195985818,
456241124,-195985818,
456241110,-195985818,
456241100,-195985818,
456241080,-195985818,
456241067,-195985818,
456241008,-195985818,
456241004,-195985818,
456240998,-195985818,
456240984,-195985818,
456240865,-195985818,
456240626,-195985818,
456240146,-195985818,
456240104,-195985818,
456240094,-195985818,
456240087,-195985818,
456240081,-195985818,
456240067,-195985818,
456240066,-195985818,
456240065,-195985818,
456240057,-195985818,
456240040,-195985818,
456240019,-195985818,
456240010,-195985818,
456239993,-195985818,
456239159,-195985818,
456240854,-218565915,
456240852,-218565915,
456240851,-218565915,
456240850,-218565915,
456240849,-218565915,
456240847,-218565915,
456240846,-218565915,
456240844,-218565915,
456240830,-218565915,
456240780,-218565915,
456240774,-218565915,
456240773,-218565915,
456240731,-218565915,
456240719,-218565915,
456240716,-218565915,
456240713,-218565915,
456240710,-218565915,
456240708,-218565915,
456240706,-218565915,
456240705,-218565915,
456240704,-218565915,
456240703,-218565915,
456240701,-218565915,
456240700,-218565915,
456240697,-218565915,
456240696,-218565915,
456240695,-218565915,
456240693,-218565915,
456240691,-218565915,
456240689,-218565915,
456240688,-218565915,
456240685,-218565915,
456240683,-218565915,
456240679,-218565915,
456240673,-218565915,
456240671,-218565915,
456240669,-218565915,
456240665,-218565915,
456240651,-218565915,
456240644,-218565915,
456240625,-218565915,
456240619,-218565915,
456240613,-218565915,
456240610,-218565915,
456240606,-218565915,
456240603,-218565915,
456240596,-218565915,
456240589,-218565915,
456240587,-218565915,
456240585,-218565915,
456240584,-218565915,
456240582,-218565915,
456240578,-218565915,
456240576,-218565915,
456240573,-218565915,
456240572,-218565915,
456240570,-218565915,
456240565,-218565915,
456240561,-218565915,
456240556,-218565915,
456240554,-218565915,
456240550,-218565915,
456240524,-218565915,
456240522,-218565915,
456240520,-218565915,
456240516,-218565915,
456240513,-218565915,
456240509,-218565915,
456240505,-218565915,
456240501,-218565915,
456240487,-218565915,
456240485,-218565915,
456240481,-218565915,
456240473,-218565915,
456240472,-218565915,
456240469,-218565915,
456240461,-218565915,
456240448,-218565915,
456240438,-218565915,
456240436,-218565915,
456240422,-218565915,
456240419,-218565915,
456240418,-218565915,
456240414,-218565915,
456240413,-218565915,
456240410,-218565915,
456240407,-218565915,
456240404,-218565915,
456240396,-218565915,
456240365,-218565915,
456240360,-218565915,
456240358,-218565915,
456240356,-218565915,
456240355,-218565915,
456240353,-218565915,
456240341,-218565915,
456240336,-218565915,
456240333,-218565915,
456240323,-218565915,
456240320,-218565915,
456240319,-218565915,
456240317,-218565915,
456240315,-218565915,
456240312,-218565915,
456240299,-218565915,
456240298,-218565915,
456240295,-218565915,
456240293,-218565915,
456240275,-218565915,
456240272,-218565915,
456240261,-218565915,
456240259,-218565915,
456240257,-218565915,
456240245,-218565915,
456240243,-218565915,
456240229,-218565915,
456240228,-218565915,
456240227,-218565915,
456240213,-218565915,
456240205,-218565915,
456240204,-218565915,
456240185,-218565915,
456240184,-218565915,
456240183,-218565915,
456240182,-218565915,
456240158,-218565915,
456240156,-218565915,
456240155,-218565915,
456240152,-218565915,
456240149,-218565915,
456240148,-218565915,
456240147,-218565915,
456240146,-218565915,
456240144,-218565915,
456240142,-218565915,
456240140,-218565915,
456240138,-218565915,
456240135,-218565915,
456240134,-218565915,
456240108,-218565915,
456240106,-218565915,
456240104,-218565915,
456240097,-218565915,
456240095,-218565915,
456240081,-218565915,
456240074,-218565915,
456240071,-218565915,
456240070,-218565915,
456240052,-218565915,
456240051,-218565915,
456240049,-218565915,
456240044,-218565915,
456240043,-218565915,
456240042,-218565915,
456240041,-218565915,
456240038,-218565915,
456240037,-218565915,
456240036,-218565915,
456240035,-218565915,
456240034,-218565915,
456240033,-218565915,
456240031,-218565915,
456240027,-218565915,
456240025,-218565915,
456240024,-218565915,
456240023,-218565915,
456240022,-218565915,
456240021,-218565915,
456240018,-218565915,
456240017,-218565915,
456240016,-218565915,
456240014,-218565915,
456240013,-218565915,
456240012,-218565915,
456240011,-218565915,
456240010,-218565915,
456240009,-218565915,
456240007,-218565915,
456240006,-218565915,
456240004,-218565915,
456240003,-218565915,
456239953,-218565915,
456239952,-218565915,
456239950,-218565915,
456239943,-218565915,
456239942,-218565915,
456239941,-218565915,
456239940,-218565915,
456239938,-218565915,
456239937,-218565915,
456239935,-218565915,
456239934,-218565915,
456239932,-218565915,
456239931,-218565915,
456239930,-218565915,
456239928,-218565915,
456239927,-218565915,
456239926,-218565915,
456239925,-218565915,
456239920,-218565915,
456239919,-218565915,
456239902,-218565915,
456239900,-218565915,
456239898,-218565915,
456239897,-218565915,
456239888,-218565915,
456239887,-218565915,
456239886,-218565915,
456239885,-218565915,
456239883,-218565915,
456239884,-218565915,
456239882,-218565915,
456239881,-218565915,
456239870,-218565915,
456239867,-218565915,
456239863,-218565915,
456239851,-218565915,
456239843,-218565915,
456239841,-218565915,
456239830,-218565915,
456239825,-218565915,
456239819,-218565915,
456239817,-218565915,
456239808,-218565915,
456239802,-218565915,
456239796,-218565915,
456239793,-218565915,
456239792,-218565915,
456239785,-218565915,
456239779,-218565915,
456239776,-218565915,
456239770,-218565915,
456239765,-218565915,
456239764,-218565915,
456239759,-218565915,
456239758,-218565915,
456239757,-218565915,
456239756,-218565915,
456239755,-218565915,
456239754,-218565915,
456239752,-218565915,
456239751,-218565915,
456239748,-218565915,
456239747,-218565915,
456239746,-218565915,
456239745,-218565915,
456239744,-218565915,
456239743,-218565915,
456239742,-218565915,
456239741,-218565915,
456239740,-218565915,
456239739,-218565915,
456239738,-218565915,
456239737,-218565915,
456239736,-218565915,
456239735,-218565915,
456239734,-218565915,
456239733,-218565915,
456239732,-218565915,
456239731,-218565915,
456239730,-218565915,
456239729,-218565915,
456239728,-218565915,
456239727,-218565915,
456239726,-218565915,
456239725,-218565915,
456239724,-218565915,
456239723,-218565915,
456239722,-218565915,
456239721,-218565915,
456239720,-218565915,
456239719,-218565915,
456239718,-218565915,
456239717,-218565915,
456239716,-218565915,
456239715,-218565915,
456239714,-218565915,
456239713,-218565915,
456239712,-218565915,
456239711,-218565915,
456239710,-218565915,
456239709,-218565915,
456239708,-218565915,
456239707,-218565915,
456239706,-218565915,
456239705,-218565915,
456239703,-218565915,
456239704,-218565915,
456239702,-218565915,
456239701,-218565915,
456239700,-218565915,
456239699,-218565915,
456239698,-218565915,
456239697,-218565915,
456239696,-218565915,
456239695,-218565915,
456239694,-218565915,
456239693,-218565915,
456239692,-218565915,
456239691,-218565915,
456239690,-218565915,
456239689,-218565915,
456239688,-218565915,
456239687,-218565915,
456239686,-218565915,
456239685,-218565915,
456239684,-218565915,
456239683,-218565915,
456239682,-218565915,
456239681,-218565915,
456239680,-218565915,
456239679,-218565915,
456239678,-218565915,
456239677,-218565915,
456239676,-218565915,
456239675,-218565915,
456239674,-218565915,
456239673,-218565915,
456239672,-218565915,
456239671,-218565915,
456239670,-218565915,
456239669,-218565915,
456239668,-218565915,
456239667,-218565915,
456239666,-218565915,
456239665,-218565915,
456239664,-218565915,
456239663,-218565915,
456239662,-218565915,
456239661,-218565915,
456239660,-218565915,
456239659,-218565915,
456239658,-218565915,
456239657,-218565915,
456239656,-218565915,
456239655,-218565915,
456239654,-218565915,
456239653,-218565915,
456239652,-218565915,
456239651,-218565915,
456239650,-218565915,
456239649,-218565915,
456239648,-218565915,
456239647,-218565915,
456239646,-218565915,
456239645,-218565915,
456239644,-218565915,
456239643,-218565915,
456239642,-218565915,
456239641,-218565915,
456239640,-218565915,
456239639,-218565915,
456239638,-218565915,
456239637,-218565915,
456239636,-218565915,
456239635,-218565915,
456239634,-218565915,
456239633,-218565915,
456239632,-218565915,
456239631,-218565915,
456239630,-218565915,
456239629,-218565915,
456239628,-218565915,
456239627,-218565915,
456239626,-218565915,
456239625,-218565915,
456239624,-218565915,
456239623,-218565915,
456239622,-218565915,
456239621,-218565915,
456239620,-218565915,
456239619,-218565915,
456239618,-218565915,
456239617,-218565915,
456239616,-218565915,
456239615,-218565915,
456239614,-218565915,
456239613,-218565915,
456239612,-218565915,
456239611,-218565915,
456239610,-218565915,
456239609,-218565915,
456239608,-218565915,
456239607,-218565915,
456239606,-218565915,
456239605,-218565915,
456239604,-218565915,
456239603,-218565915,
456239602,-218565915,
456239601,-218565915,
456239600,-218565915,
456239599,-218565915,
456239598,-218565915,
456239597,-218565915,
456239596,-218565915,
456239595,-218565915,
456239594,-218565915,
456239593,-218565915,
456239592,-218565915,
456239591,-218565915,
456239590,-218565915,
456239589,-218565915,
456239588,-218565915,
456239587,-218565915,
456239586,-218565915,
456239585,-218565915,
456239584,-218565915,
456239583,-218565915,
456239582,-218565915,
456239581,-218565915,
456239580,-218565915,
456239579,-218565915,
456239578,-218565915,
456239577,-218565915,
456239576,-218565915,
456239575,-218565915,
456239574,-218565915,
456239573,-218565915,
456239572,-218565915,
456239571,-218565915,
456239570,-218565915,
456239569,-218565915,
456239568,-218565915,
456239567,-218565915,
456239566,-218565915,
456239565,-218565915,
456239564,-218565915,
456239563,-218565915,
456239562,-218565915,
456239561,-218565915,
456239560,-218565915,
456239559,-218565915,
456239558,-218565915,
456239557,-218565915,
456239556,-218565915,
456239555,-218565915,
456239554,-218565915,
456239553,-218565915,
456239552,-218565915,
456239551,-218565915,
456239550,-218565915,
456239549,-218565915,
456239548,-218565915,
456239547,-218565915,
456239546,-218565915,
456239545,-218565915,
456239544,-218565915,
456239543,-218565915,
456239542,-218565915,
456239541,-218565915,
456239540,-218565915,
456239539,-218565915,
456239538,-218565915,
456239537,-218565915,
456239536,-218565915,
456239535,-218565915,
456239534,-218565915,
456239533,-218565915,
456239532,-218565915,
456239531,-218565915,
456239530,-218565915,
456239529,-218565915,
456239528,-218565915,
456239527,-218565915,
456239526,-218565915,
456239525,-218565915,
456239524,-218565915,
456239523,-218565915,
456239522,-218565915,
456239521,-218565915,
456239520,-218565915,
456239519,-218565915,
456239518,-218565915,
456239517,-218565915,
456239516,-218565915,
456239515,-218565915,
456239514,-218565915,
456239513,-218565915,
456239512,-218565915,
456239511,-218565915,
456239510,-218565915,
456239509,-218565915,
456239508,-218565915,
456239507,-218565915,
456239506,-218565915,
456239505,-218565915,
456239504,-218565915,
456239503,-218565915,
456239502,-218565915,
456239501,-218565915,
456239500,-218565915,
456239499,-218565915,
456239498,-218565915,
456239497,-218565915,
456239496,-218565915,
456239495,-218565915,
456239494,-218565915,
456239493,-218565915,
456239492,-218565915,
456239491,-218565915,
456239490,-218565915,
456239489,-218565915,
456239488,-218565915,
456239487,-218565915,
456239486,-218565915,
456239485,-218565915,
456239484,-218565915,
456239483,-218565915,
456239482,-218565915,
456239481,-218565915,
456239480,-218565915,
456239479,-218565915,
456239478,-218565915,
456239477,-218565915,
456239476,-218565915,
456239475,-218565915,
456239474,-218565915,
456239473,-218565915,
456239472,-218565915,
456239471,-218565915,
456239470,-218565915,
456239469,-218565915,
456239468,-218565915,
456239467,-218565915,
456239466,-218565915,
456239465,-218565915,
456239464,-218565915,
456239463,-218565915,
456239462,-218565915,
456239461,-218565915,
456239460,-218565915,
456239459,-218565915,
456239458,-218565915,
456239457,-218565915,
456239456,-218565915,
456239455,-218565915,
456239454,-218565915,
456239453,-218565915,
456239452,-218565915,
456239451,-218565915,
456239450,-218565915,
456239449,-218565915,
456239448,-218565915,
456239447,-218565915,
456239446,-218565915,
456239445,-218565915,
456239444,-218565915,
456239443,-218565915,
456239442,-218565915,
456239441,-218565915,
456239440,-218565915,
456239439,-218565915,
456239438,-218565915,
456239437,-218565915,
456239436,-218565915,
456239435,-218565915,
456239434,-218565915,
456239433,-218565915,
456239432,-218565915,
456239431,-218565915,
456239430,-218565915,
456239429,-218565915,
456239428,-218565915,
456239427,-218565915,
456239426,-218565915,
456239425,-218565915,
456239424,-218565915,
456239423,-218565915,
456239422,-218565915,
456239421,-218565915,
456239420,-218565915,
456239419,-218565915,
456239418,-218565915,
456239417,-218565915,
456239416,-218565915,
456239415,-218565915,
456239414,-218565915,
456239413,-218565915,
456239412,-218565915,
456239411,-218565915,
456239410,-218565915,
456239409,-218565915,
456239408,-218565915,
456239407,-218565915,
456239406,-218565915,
456239405,-218565915,
456239404,-218565915,
456239403,-218565915,
456239402,-218565915,
456239401,-218565915,
456239400,-218565915,
456239399,-218565915,
456239398,-218565915,
456239397,-218565915,
456239396,-218565915,
456239395,-218565915,
456239394,-218565915,
456239393,-218565915,
456239392,-218565915,
456239391,-218565915,
456239390,-218565915,
456239389,-218565915,
456239388,-218565915,
456239387,-218565915,
456239386,-218565915,
456239385,-218565915,
456239384,-218565915,
456239383,-218565915,
456239382,-218565915,
456239381,-218565915,
456239380,-218565915,
456239379,-218565915,
456239378,-218565915,
456239377,-218565915,
456239376,-218565915,
456239375,-218565915,
456239374,-218565915,
456239373,-218565915,
456239372,-218565915,
456239371,-218565915,
456239370,-218565915,
456239369,-218565915,
456239368,-218565915,
456239367,-218565915,
456239366,-218565915,
456239365,-218565915,
456239364,-218565915,
456239363,-218565915,
456239362,-218565915,
456239361,-218565915,
456239360,-218565915,
456239359,-218565915,
456239358,-218565915,
456239357,-218565915,
456239356,-218565915,
456239355,-218565915,
456239354,-218565915,
456239353,-218565915,
456239352,-218565915,
456239351,-218565915,
456239350,-218565915,
456239349,-218565915,
456239348,-218565915,
456239347,-218565915,
456239346,-218565915,
456239345,-218565915,
456239344,-218565915,
456239343,-218565915,
456239342,-218565915,
456239341,-218565915,
456239340,-218565915,
456239339,-218565915,
456239338,-218565915,
456239337,-218565915,
456239336,-218565915,
456239335,-218565915,
456239334,-218565915,
456239333,-218565915,
456239332,-218565915,
456239331,-218565915,
456239330,-218565915,
456239329,-218565915,
456239328,-218565915,
456239327,-218565915,
456239326,-218565915,
456239325,-218565915,
456239324,-218565915,
456239323,-218565915,
456239322,-218565915,
456239321,-218565915,
456239320,-218565915,
456239319,-218565915,
456239318,-218565915,
456239317,-218565915,
456239316,-218565915,
456239315,-218565915,
456239314,-218565915,
456239313,-218565915,
456239312,-218565915,
456239311,-218565915,
456239310,-218565915,
456239309,-218565915,
456239308,-218565915,
456239307,-218565915,
456239306,-218565915,
456239305,-218565915,
456239304,-218565915,
456239303,-218565915,
456239302,-218565915,
456239301,-218565915,
456239300,-218565915,
456239299,-218565915,
456239298,-218565915,
456239297,-218565915,
456239296,-218565915,
456239295,-218565915,
456239294,-218565915,
456239293,-218565915,
456239292,-218565915,
456239291,-218565915,
456239290,-218565915,
456239289,-218565915,
456239288,-218565915,
456239287,-218565915,
456239286,-218565915,
456239285,-218565915,
456239284,-218565915,
456239283,-218565915,
456239282,-218565915,
456239281,-218565915,
456239280,-218565915,
456239279,-218565915,
456239278,-218565915,
456239277,-218565915,
456239276,-218565915,
456239275,-218565915,
456239274,-218565915,
456239273,-218565915,
456239272,-218565915,
456239271,-218565915,
456239270,-218565915,
456239269,-218565915,
456239268,-218565915,
456239267,-218565915,
456239266,-218565915,
456239265,-218565915,
456239264,-218565915,
456239263,-218565915,
456239262,-218565915,
456239261,-218565915,
456239260,-218565915,
456239259,-218565915,
456239258,-218565915,
456239257,-218565915,
456239256,-218565915,
456239255,-218565915,
456239254,-218565915,
456239253,-218565915,
456239252,-218565915,
456239251,-218565915,
456239250,-218565915,
456239249,-218565915,
456239248,-218565915,
456239247,-218565915,
456239246,-218565915,
456239245,-218565915,
456239244,-218565915,
456239243,-218565915,
456239242,-218565915,
456239241,-218565915,
456239240,-218565915,
456239239,-218565915,
456239238,-218565915,
456239237,-218565915,
456239236,-218565915,
456239235,-218565915,
456239234,-218565915,
456239233,-218565915,
456239232,-218565915,
456239231,-218565915,
456239230,-218565915,
456239229,-218565915,
456239228,-218565915,
456239227,-218565915,
456239226,-218565915,
456239225,-218565915,
456239224,-218565915,
456239223,-218565915,
456239222,-218565915,
456239221,-218565915,
456239220,-218565915,
456239219,-218565915,
456239218,-218565915,
456239217,-218565915,
456239216,-218565915,
456239215,-218565915,
456239214,-218565915,
456239213,-218565915,
456239212,-218565915,
456239211,-218565915,
456239210,-218565915,
456239209,-218565915,
456239208,-218565915,
456239207,-218565915,
456239206,-218565915,
456239205,-218565915,
456239204,-218565915,
456239203,-218565915,
456239202,-218565915,
456239201,-218565915,
456239200,-218565915,
456239199,-218565915,
456239198,-218565915,
456239197,-218565915,
456239196,-218565915,
456239195,-218565915,
456239194,-218565915,
456239193,-218565915,
456239192,-218565915,
456239191,-218565915,
456239190,-218565915,
456239189,-218565915,
456239188,-218565915,
456239187,-218565915,
456239186,-218565915,
456239185,-218565915,
456239184,-218565915,
456239183,-218565915,
456239182,-218565915,
456239181,-218565915,
456239180,-218565915,
456239179,-218565915,
456239178,-218565915,
456239177,-218565915,
456239176,-218565915,
456239175,-218565915,
456239174,-218565915,
456239173,-218565915,
456239172,-218565915,
456239171,-218565915,
456239170,-218565915,
456239169,-218565915,
456239168,-218565915,
456239167,-218565915,
456239166,-218565915,
456239165,-218565915,
456239164,-218565915,
456239163,-218565915,
456239162,-218565915,
456239161,-218565915,
456239160,-218565915,
456239159,-218565915,
456239158,-218565915,
456239157,-218565915,
456239156,-218565915,
456239155,-218565915,
456239154,-218565915,
456239153,-218565915,
456239152,-218565915,
456239151,-218565915,
456239150,-218565915,
456239149,-218565915,
456239148,-218565915,
456239147,-218565915,
456239146,-218565915,
456239145,-218565915,
456239144,-218565915,
456239143,-218565915,
456239142,-218565915,
456239141,-218565915,
456239140,-218565915,
456239139,-218565915,
456239138,-218565915,
456239137,-218565915,
456239136,-218565915,
456239135,-218565915,
456239134,-218565915,
456239133,-218565915,
456239132,-218565915,
456239131,-218565915,
456239130,-218565915,
456239129,-218565915,
456239128,-218565915,
456239127,-218565915,
456239126,-218565915,
456239125,-218565915,
456239124,-218565915,
456239123,-218565915,
456239122,-218565915,
456239121,-218565915,
456239120,-218565915,
456239119,-218565915,
456239118,-218565915,
456239117,-218565915,
456239116,-218565915,
456239115,-218565915,
456239114,-218565915,
456239113,-218565915,
456239112,-218565915,
456239111,-218565915,
456239110,-218565915,
456239109,-218565915,
456239108,-218565915,
456239107,-218565915,
456239106,-218565915,
456239105,-218565915,
456239104,-218565915,
456239103,-218565915,
456239102,-218565915,
456239101,-218565915,
456239100,-218565915,
456239099,-218565915,
456239098,-218565915,
456239097,-218565915,
456239096,-218565915,
456239095,-218565915,
456239094,-218565915,
456239093,-218565915,
456239092,-218565915,
456239091,-218565915,
456239090,-218565915,
456239089,-218565915,
456239088,-218565915,
456239087,-218565915,
456239086,-218565915,
456239085,-218565915,
456239084,-218565915,
456239083,-218565915,
456239082,-218565915,
456239081,-218565915,
456239080,-218565915,
456239079,-218565915,
456239078,-218565915,
456239077,-218565915,
456239076,-218565915,
456239075,-218565915,
456239074,-218565915,
456239073,-218565915,
456239072,-218565915,
456239071,-218565915,
456239070,-218565915,
456239069,-218565915,
456239068,-218565915,
456239067,-218565915,
456239066,-218565915,
456239065,-218565915,
456239064,-218565915,
456239063,-218565915,
456239062,-218565915,
456239061,-218565915,
456239060,-218565915,
456239059,-218565915,
456239058,-218565915,
456239057,-218565915,
456239056,-218565915,
456239055,-218565915,
456239054,-218565915,
456239053,-218565915,
456239052,-218565915,
456239051,-218565915,
456239050,-218565915,
456239049,-218565915,
456239048,-218565915,
456239047,-218565915,
456239046,-218565915,
456239045,-218565915,
456239044,-218565915,
456239043,-218565915,
456239042,-218565915,
456239036,-218565915,
456239035,-218565915,
456239034,-218565915,
456239033,-218565915,
456239032,-218565915,
456239031,-218565915,
456239030,-218565915,
456239029,-218565915,
456239028,-218565915,
456239027,-218565915,
456239022,-218565915,
456239021,-218565915,
456239020,-218565915,
456239019,-218565915,
456239018,-218565915,
456239017,-218565915,
456239409,-219482354,
456239408,-219482354,
456239390,-219482354,
456239368,-219482354,
456239342,-219482354,
456239333,-219482354,
456239318,-219482354,
456239302,-219482354,
456239285,-219482354,
456239274,-219482354,
456239260,-219482354,
456239253,-219482354,
456239195,-219482354,
456239179,-219482354,
456239146,-219482354,
456239119,-219482354,
456239100,-219482354,
456239079,-219482354,
456239067,-219482354,
456239058,-219482354,
456239542,-221130436,
456239535,-221130436,
456239531,-221130436,
456239527,-221130436,
456239520,-221130436,
456239515,-221130436,
456239510,-221130436,
456239506,-221130436,
456239501,-221130436,
456239492,-221130436,
456239484,-221130436,
456239480,-221130436,
456239477,-221130436,
456239474,-221130436,
456239470,-221130436,
456239467,-221130436,
456239463,-221130436,
456239459,-221130436,
456239448,-221130436,
456239445,-221130436,
456239440,-221130436,
456239437,-221130436,
456239434,-221130436,
456239431,-221130436,
456239427,-221130436,
456239423,-221130436,
456239420,-221130436,
456239417,-221130436,
456239411,-221130436,
456239407,-221130436,
456239402,-221130436,
456239389,-221130436,
456239383,-221130436,
456239375,-221130436,
456239370,-221130436,
456239365,-221130436,
456239362,-221130436,
456239361,-221130436,
456239358,-221130436,
456239342,-221130436,
456239343,-221130436,
456239345,-221130436,
456239344,-221130436,
456239347,-221130436,
456239333,-221130436,
456239346,-221130436,
456239321,-221130436,
456239348,-221130436,
456239307,-221130436,
456239349,-221130436,
456239302,-221130436,
456239351,-221130436,
456239297,-221130436,
456239294,-221130436,
456239350,-221130436,
456239353,-221130436,
456239287,-221130436,
456239352,-221130436,
456239281,-221130436,
456239278,-221130436,
456239268,-221130436,
456239262,-221130436,
456239252,-221130436,
456239246,-221130436,
456239242,-221130436,
456239354,-221130436,
456239237,-221130436,
456239355,-221130436,
456239230,-221130436,
456239356,-221130436,
456239357,-221130436,
456239217,-221130436,
456239212,-221130436,
456239196,-221130436,
456239189,-221130436,
456239186,-221130436,
456239177,-221130436,
456239172,-221130436,
456239165,-221130436,
456239159,-221130436,
456239153,-221130436,
456239147,-221130436,
456239142,-221130436,
456239136,-221130436,
456239132,-221130436,
456239127,-221130436,
456239121,-221130436,
456239115,-221130436,
456239110,-221130436,
456239104,-221130436,
456239094,-221130436,
456239086,-221130436,
456239081,-221130436,
456239072,-221130436,
456239063,-221130436,
456239057,-221130436,
456239049,-221130436,
456239041,-221130436,
456239029,-221130436,
456239022,-221130436,
456239017,-221130436,
456239110,-211022028,
456239109,-211022028,
456239108,-211022028,
456239106,-211022028,
456239102,-211022028,
456239924,-218471730,
456239925,-218471730,
456239919,-218471730,
456239918,-218471730,
456239914,-218471730,
456239908,-218471730,
456239905,-218471730,
456239897,-218471730,
456239888,-218471730,
456239884,-218471730,
456239878,-218471730,
456239871,-218471730,
456239862,-218471730,
456239852,-218471730,
456239842,-218471730,
456239837,-218471730,
456239833,-218471730,
456239826,-218471730,
456239823,-218471730,
456239818,-218471730,
456239815,-218471730,
456239809,-218471730,
456239804,-218471730,
456239798,-218471730,
456239794,-218471730,
456239785,-218471730,
456239777,-218471730,
456239774,-218471730,
456239767,-218471730,
456239759,-218471730,
456239756,-218471730,
456239750,-218471730,
456239745,-218471730,
456239742,-218471730,
456239735,-218471730,
456239729,-218471730,
456239718,-218471730,
456239715,-218471730,
456239711,-218471730,
456239706,-218471730,
456239703,-218471730,
456239702,-218471730,
456239687,-218471730,
456239684,-218471730,
456239680,-218471730,
456239673,-218471730,
456239664,-218471730,
456239657,-218471730,
456239654,-218471730,
456239649,-218471730,
456239646,-218471730,
456239643,-218471730,
456239629,-218471730,
456239622,-218471730,
456239617,-218471730,
456239612,-218471730,
456239605,-218471730,
456239594,-218471730,
456239589,-218471730,
456239575,-218471730,
456239570,-218471730,
456239562,-218471730,
456239557,-218471730,
456239551,-218471730,
456239546,-218471730,
456239539,-218471730,
456239533,-218471730,
456239530,-218471730,
456239523,-218471730,
456239517,-218471730,
456239510,-218471730,
456239505,-218471730,
456239504,-218471730,
456239500,-218471730,
456239497,-218471730,
456239493,-218471730,
456239488,-218471730,
456239482,-218471730,
456239478,-218471730,
456239474,-218471730,
456239469,-218471730,
456239464,-218471730,
456239458,-218471730,
456239452,-218471730,
456239451,-218471730,
456239446,-218471730,
456239441,-218471730,
456239436,-218471730,
456239430,-218471730,
456239423,-218471730,
456239409,-218471730,
456239399,-218471730,
456239395,-218471730,
456239383,-218471730,
456239379,-218471730,
456239375,-218471730,
456239363,-218471730,
456239356,-218471730,
456239344,-218471730,
456239341,-218471730,
456239340,-218471730,
456239335,-218471730,
456239323,-218471730,
456239317,-218471730,
456239312,-218471730,
456239306,-218471730,
456239303,-218471730,
456239298,-218471730,
456239292,-218471730,
456239289,-218471730,
456239284,-218471730,
456239279,-218471730,
456239274,-218471730,
456239270,-218471730,
456239266,-218471730,
456239263,-218471730,
456239260,-218471730,
456239255,-218471730,
456239248,-218471730,
456239245,-218471730,
456239242,-218471730,
456239236,-218471730,
456239231,-218471730,
456239226,-218471730,
456239222,-218471730,
456239218,-218471730,
456239213,-218471730,
456239205,-218471730,
456239199,-218471730,
456239195,-218471730,
456239186,-218471730,
456239182,-218471730,
456239176,-218471730,
456239172,-218471730,
456239171,-218471730,
456239162,-218471730,
456239157,-218471730,
456239150,-218471730,
456239147,-218471730,
456239140,-218471730,
456239135,-218471730,
456239130,-218471730,
456239126,-218471730,
456239120,-218471730,
456239117,-218471730,
456239113,-218471730,
456239109,-218471730,
456239105,-218471730,
456239098,-218471730,
456239092,-218471730,
456239089,-218471730,
456239081,-218471730,
456239075,-218471730,
456239068,-218471730,
456239062,-218471730,
456239055,-218471730,
456239051,-218471730,
456239040,-218471730,
456239036,-218471730,
456239031,-218471730,
456239025,-218471730,
456239018,-218471730,
456239017,-218471730,
456239388,-211220744,
456239385,-211220744,
456239383,-211220744,
456239378,-211220744,
456239377,-211220744,
456239373,-211220744,
456239371,-211220744,
456239368,-211220744,
456239354,-211220744,
456239350,-211220744,
456239344,-211220744,
456239341,-211220744,
456239339,-211220744,
456239338,-211220744,
456239330,-211220744,
456239327,-211220744,
456239324,-211220744,
456239322,-211220744,
456239320,-211220744,
456239319,-211220744,
456239318,-211220744,
456239317,-211220744,
456239316,-211220744,
456239308,-211220744,
456239302,-211220744,
456239295,-211220744,
456239292,-211220744,
456239289,-211220744,
456239284,-211220744,
456239282,-211220744,
456239276,-211220744,
456239272,-211220744,
456239270,-211220744,
456239265,-211220744,
456239261,-211220744,
456239254,-211220744,
456239246,-211220744,
456239242,-211220744,
456239234,-211220744,
456239226,-211220744,
456239220,-211220744,
456239211,-211220744,
456239188,-211220744,
456239198,-211220744,
456239190,-211220744,
456239189,-211220744,
456239185,-211220744,
456239176,-211220744,
456239168,-211220744,
456239164,-211220744,
456239158,-211220744,
456239156,-211220744,
456239142,-211220744,
456239140,-211220744,
456239141,-211220744,
456239146,-211220744,
456239136,-211220744,
456239134,-211220744,
456239132,-211220744,
456239129,-211220744,
456239126,-211220744,
456239124,-211220744,
456239116,-211220744,
456239110,-211220744,
456239108,-211220744,
456239080,-211220744,
456239101,-211220744,
456239054,-211220744,
456239081,-211220744,
456239037,-211220744,
456239075,-211220744,
456239030,-211220744,
456239036,-211220744,
456239064,-211220744,
456239061,-211220744,
456239055,-211220744,
456239050,-211220744,
456239045,-211220744,
456239029,-211220744,
456239021,-211220744,
456239018,-211220744,
456239038,-211220744,
456239024,-211220744,
456239031,-211220744,
456239032,-211220744,
456239035,-211220744,
456239084,-211220744,
456250517,-1415705,
456250508,-1415705,
456250507,-1415705,
456250492,-1415705,
456250487,-1415705,
456250477,-1415705,
456250466,-1415705,
456250447,-1415705,
456250442,-1415705,
456250439,-1415705,
456250434,-1415705,
456250430,-1415705,
456250423,-1415705,
456250422,-1415705,
456250421,-1415705,
456250420,-1415705,
456250419,-1415705,
456250418,-1415705,
456250417,-1415705,
456250414,-1415705,
456250409,-1415705,
456250408,-1415705,
456250407,-1415705,
456250405,-1415705,
456250404,-1415705,
456250403,-1415705,
456250402,-1415705,
456250400,-1415705,
456250399,-1415705,
456250396,-1415705,
456250391,-1415705,
456250381,-1415705,
456250380,-1415705,
456250379,-1415705,
456250378,-1415705,
456250373,-1415705,
456250372,-1415705,
456250369,-1415705,
456250356,-1415705,
456250343,-1415705,
456250323,-1415705,
456250278,-1415705,
456250274,-1415705,
456250271,-1415705,
456250257,-1415705,
456250254,-1415705,
456250229,-1415705,
456250228,-1415705,
456250227,-1415705,
456250226,-1415705,
456250225,-1415705,
456250224,-1415705,
456250223,-1415705,
456250222,-1415705,
456250221,-1415705,
456250220,-1415705,
456250219,-1415705,
456250218,-1415705,
456250217,-1415705,
456250216,-1415705,
456250202,-1415705,
456250196,-1415705,
456250183,-1415705,
456250181,-1415705,
456250180,-1415705,
456250179,-1415705,
456250178,-1415705,
456250172,-1415705,
456250160,-1415705,
456250153,-1415705,
456250145,-1415705,
456250143,-1415705,
456250142,-1415705,
456250141,-1415705,
456250139,-1415705,
456250138,-1415705,
456250137,-1415705,
456250136,-1415705,
456250135,-1415705,
456250134,-1415705,
456250133,-1415705,
456250132,-1415705,
456250131,-1415705,
456250130,-1415705,
456250129,-1415705,
456250112,-1415705,
456250106,-1415705,
456250096,-1415705,
456250091,-1415705,
456250089,-1415705,
456250088,-1415705,
456250080,-1415705,
456250066,-1415705,
456250042,-1415705,
456250033,-1415705,
456250024,-1415705,
456250013,-1415705,
456249988,-1415705,
456249980,-1415705,
456249979,-1415705,
456249975,-1415705,
456249974,-1415705,
456249973,-1415705,
456249972,-1415705,
456249971,-1415705,
456249970,-1415705,
456249969,-1415705,
456249968,-1415705,
456249967,-1415705,
456249966,-1415705,
456249964,-1415705,
456249963,-1415705,
456249962,-1415705,
456249959,-1415705,
456249957,-1415705,
456249956,-1415705,
456249955,-1415705,
456249954,-1415705,
456249953,-1415705,
456249952,-1415705,
456249951,-1415705,
456249950,-1415705,
456249946,-1415705,
456249943,-1415705,
456249936,-1415705,
456249933,-1415705,
456249901,-1415705,
456249893,-1415705,
456249889,-1415705,
456249888,-1415705,
456249887,-1415705,
456249886,-1415705,
456249885,-1415705,
456249884,-1415705,
456249883,-1415705,
456249882,-1415705,
456249881,-1415705,
456249880,-1415705,
456249879,-1415705,
456249878,-1415705,
456249877,-1415705,
456249876,-1415705,
456249870,-1415705,
456249866,-1415705,
456249861,-1415705,
456249858,-1415705,
456249857,-1415705,
456249837,-1415705,
456249819,-1415705,
456249818,-1415705,
456249817,-1415705,
456249816,-1415705,
456249815,-1415705,
456249809,-1415705,
456249808,-1415705,
456249803,-1415705,
456249789,-1415705,
456249779,-1415705,
456249777,-1415705,
456249761,-1415705,
456249760,-1415705,
456249759,-1415705,
456249750,-1415705,
456249743,-1415705,
456249741,-1415705,
456249724,-1415705,
456249723,-1415705,
456249722,-1415705,
456249716,-1415705,
456249714,-1415705,
456249712,-1415705,
456249703,-1415705,
456249700,-1415705,
456249689,-1415705,
456249685,-1415705,
456249683,-1415705,
456249677,-1415705,
456249665,-1415705,
456249651,-1415705,
456249634,-1415705,
456249633,-1415705,
456249629,-1415705,
456249618,-1415705,
456249609,-1415705,
456249599,-1415705,
456249582,-1415705,
456249557,-1415705,
456249553,-1415705,
456249550,-1415705,
456249533,-1415705,
456249532,-1415705,
456249531,-1415705,
456249530,-1415705,
456249529,-1415705,
456249528,-1415705,
456249527,-1415705,
456249526,-1415705,
456249525,-1415705,
456249524,-1415705,
456249523,-1415705,
456249522,-1415705,
456249521,-1415705,
456249520,-1415705,
456249519,-1415705,
456249518,-1415705,
456249517,-1415705,
456249492,-1415705,
456249486,-1415705,
456249483,-1415705,
456249471,-1415705,
456249470,-1415705,
456249469,-1415705,
456249468,-1415705,
456249467,-1415705,
456249466,-1415705,
456249463,-1415705,
456249462,-1415705,
456249455,-1415705,
456249446,-1415705,
456249445,-1415705,
456249438,-1415705,
456249424,-1415705,
456249420,-1415705,
456249411,-1415705,
456249382,-1415705,
456249368,-1415705,
456249353,-1415705,
456249336,-1415705,
456249335,-1415705,
456249334,-1415705,
456249333,-1415705,
456249317,-1415705,
456249312,-1415705,
456249309,-1415705,
456249298,-1415705,
456249292,-1415705,
456249291,-1415705,
456249283,-1415705,
456249281,-1415705,
456249266,-1415705,
456249252,-1415705,
456249235,-1415705,
456249220,-1415705,
456249216,-1415705,
456249204,-1415705,
456249193,-1415705,
456249189,-1415705,
456249183,-1415705,
456249178,-1415705,
456249172,-1415705,
456249167,-1415705,
456249157,-1415705,
456249150,-1415705,
456249133,-1415705,
456249129,-1415705,
456249124,-1415705,
456249087,-1415705,
456249080,-1415705,
456249072,-1415705,
456249068,-1415705,
456249064,-1415705,
456249058,-1415705,
456249049,-1415705,
456249032,-1415705,
456249024,-1415705,
456248992,-1415705,
456248977,-1415705,
456248969,-1415705,
456248965,-1415705,
456248934,-1415705,
456248929,-1415705,
456248922,-1415705,
456248919,-1415705,
456248915,-1415705,
456248898,-1415705,
456248888,-1415705,
456248887,-1415705,
456248886,-1415705,
456248882,-1415705,
456248875,-1415705,
456248872,-1415705,
456248865,-1415705,
456248852,-1415705,
456248851,-1415705,
456248845,-1415705,
456248843,-1415705,
456248833,-1415705,
456248831,-1415705,
456248825,-1415705,
456248820,-1415705,
456248809,-1415705,
456248806,-1415705,
456248793,-1415705,
456248782,-1415705,
456248772,-1415705,
456248768,-1415705,
456248757,-1415705,
456248751,-1415705,
456248730,-1415705,
456248716,-1415705,
456248707,-1415705,
456248704,-1415705,
456248701,-1415705,
456248698,-1415705,
456248682,-1415705,
456248678,-1415705,
456248653,-1415705,
456248649,-1415705,
456248635,-1415705,
456248616,-1415705,
456248615,-1415705,
456248579,-1415705,
456248558,-1415705,
456248544,-1415705,
456248543,-1415705,
456248529,-1415705,
456248526,-1415705,
456248524,-1415705,
456248519,-1415705,
456248517,-1415705,
456248512,-1415705,
456248505,-1415705,
456248492,-1415705,
456248487,-1415705,
456248485,-1415705,
456248483,-1415705,
456248482,-1415705,
456248481,-1415705,
456248480,-1415705,
456248479,-1415705,
456248478,-1415705,
456248477,-1415705,
456248476,-1415705,
456248470,-1415705,
456248469,-1415705,
456248468,-1415705,
456248467,-1415705,
456248466,-1415705,
456248465,-1415705,
456248464,-1415705,
456248448,-1415705,
456248441,-1415705,
456248440,-1415705,
456248439,-1415705,
456248437,-1415705,
456248436,-1415705,
456248435,-1415705,
456248434,-1415705,
456248433,-1415705,
456248432,-1415705,
456248422,-1415705,
456248408,-1415705,
456248404,-1415705,
456248396,-1415705,
456248395,-1415705,
456248388,-1415705,
456248383,-1415705,
456248382,-1415705,
456248381,-1415705,
456248372,-1415705,
456248365,-1415705,
456248364,-1415705,
456248359,-1415705,
456248358,-1415705,
456248357,-1415705,
456248356,-1415705,
456248355,-1415705,
456248354,-1415705,
456248353,-1415705,
456248352,-1415705,
456248351,-1415705,
456248345,-1415705,
456248341,-1415705,
456248340,-1415705,
456248339,-1415705,
456248338,-1415705,
456248336,-1415705,
456248334,-1415705,
456248333,-1415705,
456248332,-1415705,
456248331,-1415705,
456248330,-1415705,
456248329,-1415705,
456248321,-1415705,
456248320,-1415705,
456248319,-1415705,
456248318,-1415705,
456248317,-1415705,
456248316,-1415705,
456248315,-1415705,
456248312,-1415705,
456248311,-1415705,
456248308,-1415705,
456248301,-1415705,
456248299,-1415705,
456248294,-1415705,
456248293,-1415705,
456248292,-1415705,
456248290,-1415705,
456248279,-1415705,
456248269,-1415705,
456248262,-1415705,
456248257,-1415705,
456248256,-1415705,
456248248,-1415705,
456248233,-1415705,
456248217,-1415705,
456248216,-1415705,
456248215,-1415705,
456248210,-1415705,
456248205,-1415705,
456248196,-1415705,
456248194,-1415705,
456248192,-1415705,
456248190,-1415705,
456248180,-1415705,
456248175,-1415705,
456248170,-1415705,
456248164,-1415705,
456248162,-1415705,
456248158,-1415705,
456248156,-1415705,
456248150,-1415705,
456248149,-1415705,
456248148,-1415705,
456248147,-1415705,
456248146,-1415705,
456248145,-1415705,
456248144,-1415705,
456248143,-1415705,
456248142,-1415705,
456248141,-1415705,
456248140,-1415705,
456248139,-1415705,
456248138,-1415705,
456248137,-1415705,
456248135,-1415705,
456248133,-1415705,
456248126,-1415705,
456248114,-1415705,
456248110,-1415705,
456248082,-1415705,
456248076,-1415705,
456248055,-1415705,
456248054,-1415705,
456248053,-1415705,
456248044,-1415705,
456248039,-1415705,
456248035,-1415705,
456248018,-1415705,
456248011,-1415705,
456248006,-1415705,
456248001,-1415705,
456247996,-1415705,
456247995,-1415705,
456247991,-1415705,
456247989,-1415705,
456247986,-1415705,
456247979,-1415705,
456247978,-1415705,
456247969,-1415705,
456247954,-1415705,
456247938,-1415705,
456247937,-1415705,
456247931,-1415705,
456247930,-1415705,
456247922,-1415705,
456247921,-1415705,
456247916,-1415705,
456247909,-1415705,
456247908,-1415705,
456247900,-1415705,
456247891,-1415705,
456247890,-1415705,
456247883,-1415705,
456247881,-1415705,
456247878,-1415705,
456247867,-1415705,
456247844,-1415705,
456247833,-1415705,
456247824,-1415705,
456247819,-1415705,
456247811,-1415705,
456247798,-1415705,
456247782,-1415705,
456247771,-1415705,
456247763,-1415705,
456247755,-1415705,
456247751,-1415705,
456247741,-1415705,
456247738,-1415705,
456247731,-1415705,
456247725,-1415705,
456247702,-1415705,
456247699,-1415705,
456247698,-1415705,
456247716,-1415705,
456247696,-1415705,
456247688,-1415705,
456247676,-1415705,
456247388,-1415705,
456247685,-1415705,
456247666,-1415705,
456247661,-1415705,
456247648,-1415705,
456247632,-1415705,
456239058,-220754053,
456247609,-1415705,
456247605,-1415705,
456247723,-1415705,
456247598,-1415705,
456247578,-1415705,
456247586,-1415705,
456247585,-1415705,
456247583,-1415705,
456247581,-1415705,
456247580,-1415705,
456247579,-1415705,
456247577,-1415705,
456247576,-1415705,
456247575,-1415705,
456247574,-1415705,
456247544,-1415705,
456247543,-1415705,
456247539,-1415705,
456247538,-1415705,
456247537,-1415705,
456247536,-1415705,
456247535,-1415705,
456247532,-1415705,
456247531,-1415705,
456247530,-1415705,
456247529,-1415705,
456247528,-1415705,
456247527,-1415705,
456247517,-1415705,
456247510,-1415705,
456247509,-1415705,
456247508,-1415705,
456247505,-1415705,
456247502,-1415705,
456247501,-1415705,
456247491,-1415705,
456247490,-1415705,
456247487,-1415705,
456247485,-1415705,
456247483,-1415705,
456247481,-1415705,
456247473,-1415705,
456247466,-1415705,
456247438,-1415705,
456247437,-1415705,
456247435,-1415705,
456247434,-1415705,
456247433,-1415705,
456247432,-1415705,
456247431,-1415705,
456247430,-1415705,
456247426,-1415705,
456247428,-1415705,
456247584,-1415705,
456247414,-1415705,
456247413,-1415705,
456247412,-1415705,
456247411,-1415705,
456247410,-1415705,
456247409,-1415705,
456247408,-1415705,
456247403,-1415705,
456247404,-1415705,
456247402,-1415705,
456247400,-1415705,
456247399,-1415705,
456247398,-1415705,
456247397,-1415705,
456247396,-1415705,
456247395,-1415705,
456247394,-1415705,
456247478,-1415705,
456247390,-1415705,
456247387,-1415705,
456247386,-1415705,
456247383,-1415705,
456247377,-1415705,
456247371,-1415705,
456247365,-1415705,
456247364,-1415705,
456247363,-1415705,
456247479,-1415705,
456247362,-1415705,
456247361,-1415705,
456247360,-1415705,
456247358,-1415705,
456247357,-1415705,
456247355,-1415705,
456247353,-1415705,
456247351,-1415705,
456247350,-1415705,
456247349,-1415705,
456247348,-1415705,
456247345,-1415705,
456247344,-1415705,
456247339,-1415705,
456247325,-1415705,
456247319,-1415705,
456247324,-1415705,
456247323,-1415705,
456247300,-1415705,
456247294,-1415705,
456247293,-1415705,
456247291,-1415705,
456247290,-1415705,
456247289,-1415705,
456247288,-1415705,
456247287,-1415705,
456247286,-1415705,
456247285,-1415705,
456247284,-1415705,
456247283,-1415705,
456247282,-1415705,
456247280,-1415705,
456247295,-1415705,
456247252,-1415705,
456247270,-1415705,
456247262,-1415705,
456247260,-1415705,
456247259,-1415705,
456247209,-1415705,
456247238,-1415705,
456247257,-1415705,
456247255,-1415705,
456247246,-1415705,
456247239,-1415705,
456247261,-1415705,
456247237,-1415705,
456247236,-1415705,
456247235,-1415705,
456247228,-1415705,
456247242,-1415705,
456247274,-1415705,
456247273,-1415705,
456247226,-1415705,
456247241,-1415705,
456247272,-1415705,
456247225,-1415705,
456247222,-1415705,
456247256,-1415705,
456247224,-1415705,
456247221,-1415705,
456247251,-1415705,
456247268,-1415705,
456247220,-1415705,
456247219,-1415705,
456247218,-1415705,
456247217,-1415705,
456247271,-1415705,
456247240,-1415705,
456247258,-1415705,
456247216,-1415705,
456247214,-1415705,
456247250,-1415705,
456247212,-1415705,
456247211,-1415705,
456247205,-1415705,
456247204,-1415705,
456247201,-1415705,
456247200,-1415705,
456247199,-1415705,
456247198,-1415705,
456247196,-1415705,
456247195,-1415705,
456247192,-1415705,
456247269,-1415705,
456247191,-1415705,
456247190,-1415705,
456247179,-1415705,
456247171,-1415705,
456247170,-1415705,
456247168,-1415705,
456247167,-1415705,
456247166,-1415705,
456247165,-1415705,
456247164,-1415705,
456247163,-1415705,
456247173,-1415705,
456247162,-1415705,
456247161,-1415705,
456247157,-1415705,
456247156,-1415705,
456247155,-1415705,
456247154,-1415705,
456247153,-1415705,
456247150,-1415705,
456247149,-1415705,
456247148,-1415705,
456247145,-1415705,
456247144,-1415705,
456247143,-1415705,
456247141,-1415705,
456247138,-1415705,
456247134,-1415705,
456247131,-1415705,
456247129,-1415705,
456247128,-1415705,
456247127,-1415705,
456247126,-1415705,
456247125,-1415705,
456247124,-1415705,
456247122,-1415705,
456247121,-1415705,
456247120,-1415705,
456247119,-1415705,
456247118,-1415705,
456247117,-1415705,
456247116,-1415705,
456247115,-1415705,
456247114,-1415705,
456247112,-1415705,
456247111,-1415705,
456247110,-1415705,
456247090,-1415705,
456247109,-1415705,
456247108,-1415705,
456247104,-1415705,
456247103,-1415705,
456247102,-1415705,
456247101,-1415705,
456247099,-1415705,
456247098,-1415705,
456247097,-1415705,
456247096,-1415705,
456247095,-1415705,
456247094,-1415705,
456247093,-1415705,
456247092,-1415705,
456247088,-1415705,
456247087,-1415705,
456247085,-1415705,
456247084,-1415705,
456247082,-1415705,
456247081,-1415705,
456247080,-1415705,
456247079,-1415705,
456247078,-1415705,
456247158,-1415705,
456247077,-1415705,
456247076,-1415705,
456247159,-1415705,
456247075,-1415705,
456247074,-1415705,
456247073,-1415705,
456247072,-1415705,
456247071,-1415705,
456247070,-1415705,
456247069,-1415705,
456247068,-1415705,
456247067,-1415705,
456247066,-1415705,
456247065,-1415705,
456247064,-1415705,
456247063,-1415705,
456247061,-1415705,
456247057,-1415705,
456247031,-1415705,
456246971,-1415705,
456246970,-1415705,
456246969,-1415705,
456246968,-1415705,
456246967,-1415705,
456246966,-1415705,
456247086,-1415705,
456246953,-1415705,
456246952,-1415705,
456246950,-1415705,
456246949,-1415705,
456246940,-1415705,
456246939,-1415705,
456246938,-1415705,
456246937,-1415705,
456246936,-1415705,
456246935,-1415705,
456246934,-1415705,
456246932,-1415705,
456246931,-1415705,
456246930,-1415705,
456246929,-1415705,
456246928,-1415705,
456246927,-1415705,
456246925,-1415705,
456246924,-1415705,
456246921,-1415705,
456246920,-1415705,
456246919,-1415705,
456246914,-1415705,
456246913,-1415705,
456246912,-1415705,
456246910,-1415705,
456246909,-1415705,
456246907,-1415705,
456246906,-1415705,
456246904,-1415705,
456246903,-1415705,
456246902,-1415705,
456246900,-1415705,
456246899,-1415705,
456246898,-1415705,
456246897,-1415705,
456246896,-1415705,
456246895,-1415705,
456246894,-1415705,
456246893,-1415705,
456246892,-1415705,
456246891,-1415705,
456246890,-1415705,
456246889,-1415705,
456246888,-1415705,
456246886,-1415705,
456246884,-1415705,
456246883,-1415705,
456246882,-1415705,
456246881,-1415705,
456246880,-1415705,
456246879,-1415705,
456246878,-1415705,
456246877,-1415705,
456246876,-1415705,
456246875,-1415705,
456246874,-1415705,
456246873,-1415705,
456246872,-1415705,
456246871,-1415705,
456246870,-1415705,
456246869,-1415705,
456246868,-1415705,
456246867,-1415705,
456246865,-1415705,
456246866,-1415705,
456246864,-1415705,
456246863,-1415705,
456246862,-1415705,
456246861,-1415705,
456246860,-1415705,
456246858,-1415705,
456246859,-1415705,
456246857,-1415705,
456246855,-1415705,
456246854,-1415705,
456246853,-1415705,
456246852,-1415705,
456246851,-1415705,
456246850,-1415705,
456246849,-1415705,
456246848,-1415705,
456246847,-1415705,
456246846,-1415705,
456246845,-1415705,
456246844,-1415705,
456246843,-1415705,
456246842,-1415705,
456246841,-1415705,
456246840,-1415705,
456246839,-1415705,
456246838,-1415705,
456246837,-1415705,
456246836,-1415705,
456246834,-1415705,
456246833,-1415705,
456246828,-1415705,
456246831,-1415705,
456246830,-1415705,
456246829,-1415705,
456246827,-1415705,
456246826,-1415705,
456246823,-1415705,
456246825,-1415705,
456246820,-1415705,
456246824,-1415705,
456246822,-1415705,
456246821,-1415705,
456246819,-1415705,
456246818,-1415705,
456246817,-1415705,
456246816,-1415705,
456246811,-1415705,
456246813,-1415705,
456246815,-1415705,
456246814,-1415705,
456246812,-1415705,
456246810,-1415705,
456246809,-1415705,
456246808,-1415705,
456246807,-1415705,
456246806,-1415705,
456246805,-1415705,
456246804,-1415705,
456246803,-1415705,
456246802,-1415705,
456246800,-1415705,
456246799,-1415705,
456246798,-1415705,
456246797,-1415705,
456246796,-1415705,
456246795,-1415705,
456246794,-1415705,
456246793,-1415705,
456246792,-1415705,
456246791,-1415705,
456246789,-1415705,
456246788,-1415705,
456246787,-1415705,
456246786,-1415705,
456246785,-1415705,
456246784,-1415705,
456246783,-1415705,
456246782,-1415705,
456246781,-1415705,
456246780,-1415705,
456246779,-1415705,
456246777,-1415705,
456246776,-1415705,
456246775,-1415705,
456246774,-1415705,
456246773,-1415705,
456246770,-1415705,
456246772,-1415705,
456246767,-1415705,
456246771,-1415705,
456246769,-1415705,
456246768,-1415705,
456246766,-1415705,
456246765,-1415705,
456246763,-1415705,
456246762,-1415705,
456246761,-1415705,
456246760,-1415705,
456246759,-1415705,
456246758,-1415705,
456246757,-1415705,
456246756,-1415705,
456246755,-1415705,
456246753,-1415705,
456246754,-1415705,
456246751,-1415705,
456246750,-1415705,
456246749,-1415705,
456246742,-1415705,
456246740,-1415705,
456246748,-1415705,
456246747,-1415705,
456246746,-1415705,
456246745,-1415705,
456246744,-1415705,
456246743,-1415705,
456246741,-1415705,
456246739,-1415705,
456246738,-1415705,
456246737,-1415705,
456246736,-1415705,
456246735,-1415705,
456246734,-1415705,
456246733,-1415705,
456246732,-1415705,
456246731,-1415705,
456246730,-1415705,
456246729,-1415705,
456246728,-1415705,
456246727,-1415705,
456246725,-1415705,
456246726,-1415705,
456246724,-1415705,
456246723,-1415705,
456246722,-1415705,
456246721,-1415705,
456246720,-1415705,
456246719,-1415705,
456246718,-1415705,
456246715,-1415705,
456246714,-1415705,
456246713,-1415705,
456246712,-1415705,
456246711,-1415705,
456246710,-1415705,
456246708,-1415705,
456246707,-1415705,
456246706,-1415705,
456246705,-1415705,
456246704,-1415705,
456246703,-1415705,
456246702,-1415705,
456246701,-1415705,
456246700,-1415705,
456246699,-1415705,
456246687,-1415705,
456246698,-1415705,
456246692,-1415705,
456246697,-1415705,
456246696,-1415705,
456246695,-1415705,
456246694,-1415705,
456246693,-1415705,
456246691,-1415705,
456246688,-1415705,
456246690,-1415705,
456246679,-1415705,
456246689,-1415705,
456246686,-1415705,
456246685,-1415705,
456246684,-1415705,
456246683,-1415705,
456246682,-1415705,
456246681,-1415705,
456246680,-1415705,
456246678,-1415705,
456246677,-1415705,
456246676,-1415705,
456246675,-1415705,
456246674,-1415705,
456246673,-1415705,
456246672,-1415705,
456246671,-1415705,
456246670,-1415705,
456246669,-1415705,
456246668,-1415705,
456246667,-1415705,
456246666,-1415705,
456246665,-1415705,
456246664,-1415705,
456246662,-1415705,
456246663,-1415705,
456246661,-1415705,
456246660,-1415705,
456246659,-1415705,
456246658,-1415705,
456246657,-1415705,
456246653,-1415705,
456246656,-1415705,
456246655,-1415705,
456246652,-1415705,
456246651,-1415705,
456246650,-1415705,
456246649,-1415705,
456246648,-1415705,
456246646,-1415705,
456246645,-1415705,
456246644,-1415705,
456246643,-1415705,
456246642,-1415705,
456246641,-1415705,
456246640,-1415705,
456246639,-1415705,
456246636,-1415705,
456246635,-1415705,
456246634,-1415705,
456246633,-1415705,
456246632,-1415705,
456246631,-1415705,
456246630,-1415705,
456246629,-1415705,
456246628,-1415705,
456246627,-1415705,
456246626,-1415705,
456246625,-1415705,
456246624,-1415705,
456246622,-1415705,
456246623,-1415705,
456246621,-1415705,
456246620,-1415705,
456246619,-1415705,
456246618,-1415705,
456246617,-1415705,
456246616,-1415705,
456246615,-1415705,
456246614,-1415705,
456246613,-1415705,
456246611,-1415705,
456246612,-1415705,
456246610,-1415705,
456246609,-1415705,
456246608,-1415705,
456246607,-1415705,
456246606,-1415705,
456246605,-1415705,
456246604,-1415705,
456246601,-1415705,
456246603,-1415705,
456246602,-1415705,
456246600,-1415705,
456246599,-1415705,
456246598,-1415705,
456246597,-1415705,
456246596,-1415705,
456246595,-1415705,
456246594,-1415705,
456246593,-1415705,
456246592,-1415705,
456246590,-1415705,
456246591,-1415705,
456246588,-1415705,
456246587,-1415705,
456246586,-1415705,
456246585,-1415705,
456246584,-1415705,
456246583,-1415705,
456246582,-1415705,
456246581,-1415705,
456246580,-1415705,
456246579,-1415705,
456246578,-1415705,
456246577,-1415705,
456246576,-1415705,
456246574,-1415705,
456246573,-1415705,
456246572,-1415705,
456246571,-1415705,
456246570,-1415705,
456246569,-1415705,
456246568,-1415705,
456246566,-1415705,
456246564,-1415705,
456246563,-1415705,
456246562,-1415705,
456246561,-1415705,
456246559,-1415705,
456246558,-1415705,
456246557,-1415705,
456246555,-1415705,
456246553,-1415705,
456246552,-1415705,
456246551,-1415705,
456246550,-1415705,
456246549,-1415705,
456246548,-1415705,
456246547,-1415705,
456246546,-1415705,
456246545,-1415705,
456246544,-1415705,
456246543,-1415705,
456246542,-1415705,
456246540,-1415705,
456246539,-1415705,
456246537,-1415705,
456246536,-1415705,
456246535,-1415705,
456246533,-1415705,
456246534,-1415705,
456246531,-1415705,
456246532,-1415705,
456246530,-1415705,
456246529,-1415705,
456246528,-1415705,
456246527,-1415705,
456246526,-1415705,
456246525,-1415705,
456246524,-1415705,
456246523,-1415705,
456246521,-1415705,
456246520,-1415705,
456246519,-1415705,
456246517,-1415705,
456246516,-1415705,
456246515,-1415705,
456246514,-1415705,
456246512,-1415705,
456246511,-1415705,
456246506,-1415705,
456246508,-1415705,
456246505,-1415705,
456246507,-1415705,
456246504,-1415705,
456246503,-1415705,
456246502,-1415705,
456246501,-1415705,
456246500,-1415705,
456246499,-1415705,
456246498,-1415705,
456246497,-1415705,
456246496,-1415705,
456246495,-1415705,
456246494,-1415705,
456246491,-1415705,
456246489,-1415705,
456246488,-1415705,
456246487,-1415705,
456246485,-1415705,
456246486,-1415705,
456246484,-1415705,
456246482,-1415705,
456246483,-1415705,
456246481,-1415705,
456246480,-1415705,
456246479,-1415705,
456246478,-1415705,
456246477,-1415705,
456246476,-1415705,
456246475,-1415705,
456246474,-1415705,
456246470,-1415705,
456246422,-1415705,
456246396,-1415705,
456246395,-1415705,
456246394,-1415705,
456246373,-1415705,
456246349,-1415705,
456246348,-1415705,
456246347,-1415705,
456246330,-1415705,
456246307,-1415705,
456246295,-1415705,
456246294,-1415705,
456246287,-1415705,
456246282,-1415705,
456246276,-1415705,
456246272,-1415705,
456246244,-1415705,
456246227,-1415705,
456246188,-1415705,
456246169,-1415705,
456246159,-1415705,
456246158,-1415705,
456246151,-1415705,
456246049,-1415705,
456246038,-1415705,
456246028,-1415705,
456246018,-1415705,
456246001,-1415705,
456245957,-1415705,
456245950,-1415705,
456245935,-1415705,
456245895,-1415705,
456245878,-1415705,
456245873,-1415705,
456245852,-1415705,
456245826,-1415705,
456245807,-1415705,
456245791,-1415705,
456245785,-1415705,
456245768,-1415705,
456239833,2128351,
456245790,-1415705,
456245721,-1415705,
456245619,-1415705,
456245789,-1415705,
456245788,-1415705,
456245787,-1415705,
456245615,-1415705,
456245597,-1415705,
456245566,-1415705,
456245541,-1415705,
456245535,-1415705,
456245524,-1415705,
456245523,-1415705,
456245512,-1415705,
456245511,-1415705,
456245510,-1415705,
456245493,-1415705,
456245456,-1415705,
456245447,-1415705,
456245446,-1415705,
456245444,-1415705,
456245430,-1415705,
456245411,-1415705,
456245400,-1415705,
456245382,-1415705,
456245381,-1415705,
456245370,-1415705,
456245345,-1415705,
456245329,-1415705,
456245323,-1415705,
456245315,-1415705,
456245311,-1415705,
456245304,-1415705,
456245306,-1415705,
456245286,-1415705,
456245305,-1415705,
456245276,-1415705,
456245259,-1415705,
456245251,-1415705,
456245242,-1415705,
456245227,-1415705,
456245272,-1415705,
456245010,-1415705,
456245009,-1415705,
456244920,-1415705,
456244865,-1415705,
456244852,-1415705,
456244821,-1415705,
456245678,-1415705,
456244786,-1415705,
456244765,-1415705,
456244726,-1415705,
456244702,-1415705,
456244683,-1415705,
456244692,-1415705,
456244673,-1415705,
456244693,-1415705,
456244652,-1415705,
456244608,-1415705,
456244603,-1415705,
456244598,-1415705,
456244579,-1415705,
456244566,-1415705,
456244553,-1415705,
456244547,-1415705,
456244525,-1415705,
456244522,-1415705,
456244509,-1415705,
456244478,-1415705,
456244551,-1415705,
456244475,-1415705,
456244449,-1415705,
456244413,-1415705,
456244403,-1415705,
456244347,-1415705,
456244300,-1415705,
456244294,-1415705,
456244258,-1415705,
456244234,-1415705,
456244207,-1415705,
456244151,-1415705,
456244162,-1415705,
456244047,-1415705,
456243951,-1415705,
456243931,-1415705,
456243907,-1415705,
456243901,-1415705,
456243894,-1415705,
456243893,-1415705,
456243902,-1415705,
456243857,-1415705,
456243848,-1415705,
456243843,-1415705,
456243834,-1415705,
456243803,-1415705,
456243796,-1415705,
456243795,-1415705,
456243736,-1415705,
456243720,-1415705,
456243628,-1415705,
456243604,-1415705,
456243527,-1415705,
456243513,-1415705,
456243509,-1415705,
456243451,-1415705,
456243450,-1415705,
456243188,-1415705,
456239282,-131216263,
456243431,-1415705,
456243327,-1415705,
456243432,-1415705,
456243429,-1415705,
456243428,-1415705,
456243427,-1415705,
456243426,-1415705,
456243425,-1415705,
456243424,-1415705,
456243423,-1415705,
456243436,-1415705,
456243434,-1415705,
456243435,-1415705,
456243422,-1415705,
456243421,-1415705,
456243433,-1415705,
456243328,-1415705,
456243189,-1415705,
456243073,-1415705,
456242900,-1415705,
456242869,-1415705,
456242860,-1415705,
456242814,-1415705,
456242791,-1415705,
456242611,-1415705,
456242706,-1415705,
456242742,-1415705,
456242741,-1415705,
456242363,-1415705,
456242333,-1415705,
456242795,-1415705,
456242796,-1415705,
456242797,-1415705,
456242798,-1415705,
456242280,-1415705,
456242266,-1415705,
456242740,-1415705,
456242289,-1415705,
456242281,-1415705,
456242273,-1415705,
456242270,-1415705,
456242291,-1415705,
456242282,-1415705,
456242246,-1415705,
456242254,-1415705,
456242232,-1415705,
456242202,-1415705,
456242172,-1415705,
456242150,-1415705,
456242203,-1415705,
456242178,-1415705,
456242147,-1415705,
456242144,-1415705,
456242131,-1415705,
456242118,-1415705,
456242115,-1415705,
456242053,-1415705,
456242034,-1415705,
456242032,-1415705,
456242030,-1415705,
456242007,-1415705,
456241991,-1415705,
456241928,-1415705,
456241905,-1415705,
456241891,-1415705,
456241886,-1415705,
456241884,-1415705,
456241875,-1415705,
456241866,-1415705,
456241843,-1415705,
456241828,-1415705,
456241802,-1415705,
456241793,-1415705,
456241842,-1415705,
456242136,-1415705,
456241837,-1415705,
456241827,-1415705,
456241826,-1415705,
456241825,-1415705,
456241821,-1415705,
456241803,-1415705,
456241792,-1415705,
456241798,-1415705,
456241788,-1415705,
456241786,-1415705,
456241784,-1415705,
456241779,-1415705,
456241778,-1415705,
456241770,-1415705,
456242739,-1415705,
456241759,-1415705,
456241720,-1415705,
456241751,-1415705,
456241721,-1415705,
456241715,-1415705,
456241714,-1415705,
456241662,-1415705,
456241358,-1415705,
456241657,-1415705,
456241652,-1415705,
456241599,-1415705,
456241484,-1415705,
456241555,-1415705,
456241543,-1415705,
456241540,-1415705,
456241538,-1415705,
456241537,-1415705,
456241522,-1415705,
456241521,-1415705,
456241516,-1415705,
456241514,-1415705,
456241504,-1415705,
456241497,-1415705,
456241493,-1415705,
456241491,-1415705,
456241486,-1415705,
456241506,-1415705,
456241467,-1415705,
456241400,-1415705,
456241449,-1415705,
456241401,-1415705,
456241452,-1415705,
456241444,-1415705,
456241454,-1415705,
456241398,-1415705,
456241392,-1415705,
456241390,-1415705,
456241381,-1415705,
456241377,-1415705,
456241373,-1415705,
456241344,-1415705,
456241343,-1415705,
456241327,-1415705,
456241356,-1415705,
456241354,-1415705,
456241335,-1415705,
456241323,-1415705,
456241251,-1415705,
456241250,-1415705,
456241249,-1415705,
456241248,-1415705,
456241247,-1415705,
456241246,-1415705,
456241245,-1415705,
456241244,-1415705,
456241243,-1415705,
456241222,-1415705,
456241219,-1415705,
456241205,-1415705,
456241195,-1415705,
456241178,-1415705,
456241142,-1415705,
456241176,-1415705,
456241171,-1415705,
456241134,-1415705,
456241126,-1415705,
456241123,-1415705,
456241112,-1415705,
456241109,-1415705,
456241106,-1415705,
456241103,-1415705,
456241102,-1415705,
456241094,-1415705,
456241092,-1415705,
456241085,-1415705,
456241068,-1415705,
456241067,-1415705,
456240744,-1415705,
456241058,-1415705,
456241062,-1415705,
456240941,-1415705,
456241060,-1415705,
456241059,-1415705,
456241041,-1415705,
456241036,-1415705,
456241034,-1415705,
456241030,-1415705,
456241029,-1415705,
456241010,-1415705,
456240955,-1415705,
456241026,-1415705,
456241023,-1415705,
456241025,-1415705,
456241024,-1415705,
456240947,-1415705,
456240858,-1415705,
456240895,-1415705,
456240965,-1415705,
456240961,-1415705,
456240917,-1415705,
456240924,-1415705,
456240882,-1415705,
456240881,-1415705,
456240875,-1415705,
456240876,-1415705,
456240872,-1415705,
456240865,-1415705,
456240791,-1415705,
456240845,-1415705,
456240843,-1415705,
456240837,-1415705,
456240809,-1415705,
456240808,-1415705,
456240802,-1415705,
456240787,-1415705,
456240783,-1415705,
456240778,-1415705,
456240688,-1415705,
456240676,-1415705,
456240702,-1415705,
456240733,-1415705,
456240723,-1415705,
456240720,-1415705,
456240697,-1415705,
456240696,-1415705,
456240695,-1415705,
456240671,-1415705,
456240638,-1415705,
456240631,-1415705,
456240617,-1415705,
456240618,-1415705,
456240619,-1415705,
456240620,-1415705,
456240623,-1415705,
456240624,-1415705,
456240616,-1415705,
456240605,-1415705,
456240603,-1415705,
456240559,-1415705,
456240538,-1415705,
456240574,-1415705,
456240553,-1415705,
456240549,-1415705,
456240531,-1415705,
456240524,-1415705,
456240522,-1415705,
456240514,-1415705,
456240513,-1415705,
456240497,-1415705,
456240493,-1415705,
456240492,-1415705,
456240489,-1415705,
456240488,-1415705,
456240486,-1415705,
456240483,-1415705,
456240480,-1415705,
456240479,-1415705,
456240473,-1415705,
456240464,-1415705,
456240463,-1415705,
456240462,-1415705,
456240461,-1415705,
456240456,-1415705,
456240453,-1415705,
456240452,-1415705,
456240451,-1415705,
456240450,-1415705,
456240441,-1415705,
456240440,-1415705,
456240438,-1415705,
456240434,-1415705,
456240433,-1415705,
456240428,-1415705,
456240427,-1415705,
456240426,-1415705,
456240425,-1415705,
456240424,-1415705,
456240423,-1415705,
456240421,-1415705,
456240419,-1415705,
456240414,-1415705,
456240411,-1415705,
456240405,-1415705,
456240404,-1415705,
456240403,-1415705,
456240400,-1415705,
456240363,-1415705,
456240402,-1415705,
456240401,-1415705,
456240394,-1415705,
456240390,-1415705,
456240389,-1415705,
456240385,-1415705,
456240382,-1415705,
456240379,-1415705,
456240378,-1415705,
456240375,-1415705,
456240373,-1415705,
456240372,-1415705,
456240370,-1415705,
456240313,-1415705,
456240336,-1415705,
456240361,-1415705,
456240360,-1415705,
456240359,-1415705,
456240358,-1415705,
456240357,-1415705,
456240354,-1415705,
456240353,-1415705,
456240348,-1415705,
456240347,-1415705,
456240335,-1415705,
456240327,-1415705,
456240326,-1415705,
456240323,-1415705,
456240321,-1415705,
456240316,-1415705,
456240309,-1415705,
456240305,-1415705,
456240274,-1415705,
456240253,-1415705,
456240248,-1415705,
456240235,-1415705,
456240225,-1415705,
456240214,-1415705,
456240212,-1415705,
456240211,-1415705,
456240202,-1415705,
456240200,-1415705,
456240201,-1415705,
456240199,-1415705,
456240198,-1415705,
456240197,-1415705,
456240171,-1415705,
456240167,-1415705,
456240163,-1415705,
456240157,-1415705,
456240156,-1415705,
456240155,-1415705,
456240151,-1415705,
456240150,-1415705,
456240147,-1415705,
456240145,-1415705,
456240140,-1415705,
456240127,-1415705,
456240126,-1415705,
456240125,-1415705,
456240122,-1415705,
456240117,-1415705,
456240060,-1415705,
456240055,-1415705,
456240090,-1415705,
456240086,-1415705,
456240077,-1415705,
456240069,-1415705,
456240053,-1415705,
456240052,-1415705,
456240050,-1415705,
456240049,-1415705,
456240046,-1415705,
456240036,-1415705,
456240035,-1415705,
456240034,-1415705,
456240033,-1415705,
456240032,-1415705,
456240027,-1415705,
456240026,-1415705,
456240020,-1415705,
456240005,-1415705,
456240004,-1415705,
456240001,-1415705,
456240000,-1415705,
456239994,-1415705,
456239993,-1415705,
456239992,-1415705,
456239991,-1415705,
456239986,-1415705,
456239981,-1415705,
456239972,-1415705,
456239961,-1415705,
456239955,-1415705,
456239950,-1415705,
456239949,-1415705,
456239948,-1415705,
456239947,-1415705,
456239941,-1415705,
456239940,-1415705,
456239937,-1415705,
456239936,-1415705,
456239927,-1415705,
456239921,-1415705,
456239920,-1415705,
456239914,-1415705,
456239913,-1415705,
456239912,-1415705,
456239909,-1415705,
456239900,-1415705,
456239899,-1415705,
456239894,-1415705,
456239893,-1415705,
456239875,-1415705,
456239865,-1415705,
456239857,-1415705,
456239856,-1415705,
456239854,-1415705,
456239853,-1415705,
456239852,-1415705,
456239850,-1415705,
456239848,-1415705,
456239846,-1415705,
456239839,-1415705,
456239836,-1415705,
456239828,-1415705,
456239809,-1415705,
456239834,-1415705,
456239833,-1415705,
456239826,-1415705,
456239825,-1415705,
456239821,-1415705,
456239820,-1415705,
456239819,-1415705,
456239817,-1415705,
456239816,-1415705,
456239815,-1415705,
456239814,-1415705,
456239765,-1415705,
456239800,-1415705,
456239799,-1415705,
456239797,-1415705,
456239796,-1415705,
456239787,-1415705,
456239782,-1415705,
456239780,-1415705,
456239776,-1415705,
456239775,-1415705,
456239774,-1415705,
456239773,-1415705,
456239770,-1415705,
456239769,-1415705,
456239747,-1415705,
456239745,-1415705,
456239744,-1415705,
456239743,-1415705,
456239730,-1415705,
456239729,-1415705,
456239728,-1415705,
456239721,-1415705,
456239678,-1415705,
456239715,-1415705,
456239701,-1415705,
456239711,-1415705,
456239574,-1415705,
456239658,-1415705,
456239654,-1415705,
456239712,-1415705,
456239698,-1415705,
456239693,-1415705,
456239692,-1415705,
456239685,-1415705,
456239684,-1415705,
456239675,-1415705,
456239674,-1415705,
456239673,-1415705,
456239671,-1415705,
456239670,-1415705,
456239669,-1415705,
456239660,-1415705,
456239649,-1415705,
456239646,-1415705,
456239636,-1415705,
456239635,-1415705,
456239628,-1415705,
456239619,-1415705,
456239613,-1415705,
456239607,-1415705,
456239600,-1415705,
456239554,-1415705,
456239567,-1415705,
456239562,-1415705,
456239605,-1415705,
456239583,-1415705,
456239581,-1415705,
456239580,-1415705,
456239527,-1415705,
456239473,-1415705,
456239469,-1415705,
456239468,-1415705,
456239467,-1415705,
456239466,-1415705,
456239465,-1415705,
456239464,-1415705,
456239463,-1415705,
456239462,-1415705,
456239461,-1415705,
456239460,-1415705,
456239459,-1415705,
456239458,-1415705,
456239457,-1415705,
456239456,-1415705,
456239454,-1415705,
456239453,-1415705,
456239452,-1415705,
456239450,-1415705,
456239443,-1415705,
456239441,-1415705,
456239435,-1415705,
456239434,-1415705,
456239432,-1415705,
456239430,-1415705,
456239017,-157972595,
456239429,-1415705,
456239428,-1415705,
456239427,-1415705,
456239422,-1415705,
456239423,-1415705,
456239426,-1415705,
456239425,-1415705,
456239424,-1415705,
456239419,-1415705,
456239418,-1415705,
456239417,-1415705,
456239416,-1415705,
456239415,-1415705,
456239414,-1415705,
456239412,-1415705,
456239410,-1415705,
456239409,-1415705,
456239408,-1415705,
456239405,-1415705,
456239404,-1415705,
456239401,-1415705,
456239400,-1415705,
456239402,-1415705,
456239395,-1415705,
456239397,-1415705,
456239396,-1415705,
456239393,-1415705,
456239391,-1415705,
456239389,-1415705,
456239388,-1415705,
456239387,-1415705,
456239386,-1415705,
456239384,-1415705,
456239383,-1415705,
456239382,-1415705,
456239381,-1415705,
456239379,-1415705,
456239378,-1415705,
456239377,-1415705,
456239376,-1415705,
456239375,-1415705,
456239374,-1415705,
456239358,-1415705,
456239357,-1415705,
456239356,-1415705,
456239355,-1415705,
456239353,-1415705,
456239352,-1415705,
456239351,-1415705,
456239350,-1415705,
456239349,-1415705,
456239348,-1415705,
456239347,-1415705,
456239346,-1415705,
456239344,-1415705,
456239343,-1415705,
456239341,-1415705,
456239340,-1415705,
456239339,-1415705,
456239336,-1415705,
456239334,-1415705,
456239227,-55637815,
456239328,-1415705,
456239327,-1415705,
456239326,-1415705,
456239325,-1415705,
456239324,-1415705,
456239322,-1415705,
456239321,-1415705,
456239320,-1415705,
456239319,-1415705,
456239318,-1415705,
456239317,-1415705,
456239315,-1415705,
456239314,-1415705,
456239313,-1415705,
456239311,-1415705,
456239308,-1415705,
456239306,-1415705,
456239305,-1415705,
456239304,-1415705,
456239295,-1415705,
456239288,-1415705,
456239287,-1415705,
456239280,-1415705,
456239279,-1415705,
456239278,-1415705,
456239277,-1415705,
456239276,-1415705,
456239048,-18444193,
456239275,-1415705,
456239274,-1415705,
456239273,-1415705,
456239272,-1415705,
456239271,-1415705,
456239270,-1415705,
456239269,-1415705,
456239268,-1415705,
456239263,-1415705,
456239266,-1415705,
456239265,-1415705,
456239264,-1415705,
456239262,-1415705,
456239260,-1415705,
456239259,-1415705,
456239258,-1415705,
456239257,-1415705,
456239256,-1415705,
456239255,-1415705,
456239253,-1415705,
456239252,-1415705,
456239251,-1415705,
456239250,-1415705,
456239249,-1415705,
456239247,-1415705,
456239245,-1415705,
456239244,-1415705,
456239243,-1415705,
456239296,-71171024,
456239242,-1415705,
456239241,-1415705,
456239239,-1415705,
456239238,-1415705,
456239237,-1415705,
456239236,-1415705,
456239235,-1415705,
456239234,-1415705,
456239233,-1415705,
456239231,-1415705,
456239230,-1415705,
456239227,-1415705,
456239225,-1415705,
456239223,-1415705,
456239222,-1415705,
456239221,-1415705,
456239220,-1415705,
456239219,-1415705,
456239218,-1415705,
456239217,-1415705,
456239215,-1415705,
456239195,-1415705,
456239203,-1415705,
456239212,-1415705,
456239213,-1415705,
456239211,-1415705,
456239209,-1415705,
456239210,-1415705,
456239208,-1415705,
456239207,-1415705,
456239205,-1415705,
456239206,-1415705,
456239196,-1415705,
456239202,-1415705,
456239201,-1415705,
456239197,-1415705,
456239198,-1415705,
456239199,-1415705,
456239169,-1415705,
456239193,-1415705,
456239192,-1415705,
456239191,-1415705,
456239190,-1415705,
456239189,-1415705,
456239188,-1415705,
456239187,-1415705,
456239186,-1415705,
456239185,-1415705,
456239184,-1415705,
456239183,-1415705,
456239182,-1415705,
456239181,-1415705,
456239180,-1415705,
456239179,-1415705,
456239178,-1415705,
456239177,-1415705,
456239176,-1415705,
456239175,-1415705,
456239174,-1415705,
456239173,-1415705,
456239172,-1415705,
456239171,-1415705,
456239170,-1415705,
456239164,-1415705,
456239167,-1415705,
456239166,-1415705,
456239168,-1415705,
456239158,-1415705,
456239152,-1415705,
456239146,-1415705,
456239163,-1415705,
456239161,-1415705,
456239145,-1415705,
456239148,-1415705,
456239137,-1415705,
456239144,-1415705,
456239143,-1415705,
456239141,-1415705,
456239139,-1415705,
456239138,-1415705,
456239128,-1415705,
456239134,-1415705,
456239133,-1415705,
456239131,-1415705,
456239127,-1415705,
456239130,-1415705,
456239129,-1415705,
456239020,-128348589,
456239126,-1415705,
456239125,-1415705,
456239124,-1415705,
456239122,-1415705,
456239117,-1415705,
456239113,-1415705,
456239023,49637,
456239111,-1415705,
456239110,-1415705,
456239107,-1415705,
456239106,-1415705,
456239102,-1415705,
456239097,-1415705,
456239033,-76136416,
456239096,-1415705,
456239095,-1415705,
456239082,-1415705,
456239091,-1415705,
456239089,-1415705,
456239088,-1415705,
456239087,-1415705,
456239080,-1415705,
456239079,-1415705,
456239078,-1415705,
456239077,-1415705,
456239076,-1415705,
456239075,-1415705,
456239074,-1415705,
456239073,-1415705,
456239086,-1415705,
456239072,-1415705,
456239071,-1415705,
456239070,-1415705,
456239065,-1415705,
456239066,-1415705,
456239068,-1415705,
456239067,-1415705,
456239063,-1415705,
456239038,-1415705,
456239061,-1415705,
456239060,-1415705,
456239059,-1415705,
456239058,-1415705,
456239057,-1415705,
456239056,-1415705,
456239055,-1415705,
456239054,-1415705,
456239052,-1415705,
456239042,-1415705,
456239064,-1415705,
456239049,-1415705,
456239050,-1415705,
456239043,-1415705,
456239048,-1415705,
456239041,-1415705,
456239037,-1415705,
456239033,-1415705,
456239032,-1415705,
456239030,-1415705,
456239028,-1415705,
456239029,-1415705,
456239027,-1415705,
456239026,-1415705,
456239025,-1415705,
456239024,-1415705,
456239023,-1415705,
456239022,-1415705,
456239021,-1415705,
456239020,-1415705,
171592582,-1415705,
171583247,-1415705,
171583246,-1415705,
171570545,-1415705,
171570536,-1415705,
171552818,-1415705,
172233892,-339767,
171533208,-1415705,
171530652,-1415705,
171512953,-1415705,
171512956,-1415705,
171512955,-1415705,
171512954,-1415705,
171512946,-1415705,
171512936,-1415705,
171512935,-1415705,
171512933,-1415705,
171512932,-1415705,
171512929,-1415705,
171512927,-1415705,
171512926,-1415705,
171512925,-1415705,
171512924,-1415705,
171512922,-1415705,
171512921,-1415705,
171512919,-1415705,
171512918,-1415705,
171512917,-1415705,
171512904,-1415705,
171512903,-1415705,
171512902,-1415705,
171512901,-1415705,
171512897,-1415705,
171512895,-1415705,
171512894,-1415705,
171512892,-1415705,
171512891,-1415705,
171512890,-1415705,
171512888,-1415705,
171512887,-1415705,
171512886,-1415705,
171512884,-1415705,
171512883,-1415705,
171512882,-1415705,
171512881,-1415705,
171512880,-1415705,
171512866,-1415705,
171512865,-1415705,
171512861,-1415705,
171512859,-1415705,
171512855,-1415705,
171512850,-1415705,
171512844,-1415705,
171512843,-1415705,
171512840,-1415705,
171512839,-1415705,
171512838,-1415705,
171512836,-1415705,
171512833,-1415705,
171512829,-1415705,
171512814,-1415705,
171512813,-1415705,
171512807,-1415705,
171512805,-1415705,
171512804,-1415705,
171512803,-1415705,
171512801,-1415705,
171512799,-1415705,
171512797,-1415705,
171512796,-1415705,
171512792,-1415705,
171512791,-1415705,
171512789,-1415705,
171512786,-1415705,
171512783,-1415705,
171512772,-1415705,
171512769,-1415705,
171512768,-1415705,
171512767,-1415705,
171512766,-1415705,
171512765,-1415705,
171512764,-1415705,
171512763,-1415705,
171512756,-1415705,
171473642,-1415705,
171469281,-1415705,
171458291,-1415705,
171454725,-1415705,
171280436,-64612531,
171410901,-1415705,
171408345,-1415705,
171403106,-1415705,
171387917,-1415705,
171386894,-1415705,
171384393,-1415705,
171378466,-1415705,
171360459,-1415705,
171358317,-1415705,
171353214,-1415705,
171349525,-1415705,
171341531,-1415705,
171339513,-1415705,
171338925,-1415705,
171310604,-1415705,
171304687,-1415705,
171276821,-1415705,
171226971,-41774259,
171216727,-41774259,
171206796,-41774259,
171225417,-1415705,
171197949,-1415705,
171195028,-1415705,
171180828,-1415705,
171216594,-1415705,
171169174,-1415705,
171160295,-1415705,
171173103,-1415705,
171171901,-1415705,
171171899,-1415705,
171171898,-1415705,
171171896,-1415705,
171171895,-1415705,
171171893,-1415705,
171171891,-1415705,
171171890,-1415705,
171171885,-1415705,
171171884,-1415705,
171171883,-1415705,
171171882,-1415705,
171171880,-1415705,
171171878,-1415705,
171171874,-1415705,
171171872,-1415705,
171171869,-1415705,
171171868,-1415705,
171171866,-1415705,
171157399,-1415705,
171170058,-1415705,
171170056,-1415705,
171170053,-1415705,
171170050,-1415705,
171170047,-1415705,
171169091,-1415705,
171169089,-1415705,
171148999,-1415705,
171144468,-1415705,
171112723,-1415705,
171117019,-1415705,
171168976,-1415705,
171168799,-1415705,
171168797,-1415705,
171168796,-1415705,
171166350,-1415705,
171166334,-1415705,
171166332,-1415705,
171166331,-1415705,
171166327,-1415705,
171142890,-1415705,
171126640,-1415705,
171125314,-1415705,
171124583,-1415705,
171110671,-1415705,
171103200,-1415705,
171102795,-1415705,
171101984,-1415705,
171097616,-1415705,
171091544,-1415705,
171076154,-1415705,
171072884,-1415705,
171070281,-1415705,
171068455,-1415705,
171067333,-1415705,
171064048,-1415705,
171061930,-1415705,
171061866,-1415705,
171056664,-1415705,
171047823,-1415705,
171028178,-1415705,
171054641,-1415705,
171306111,-10846501,
171022562,-1415705,
171032852,-1415705,
170997700,-1415705,
170988870,-1415705,
170983749,-1415705,
170972184,-1415705,
170967651,-1415705,
170966439,-1415705,
170954708,-1415705,
170940878,-1415705,
170939074,-1415705,
170892507,-1415705,
170871363,-1415705,
170825029,-1415705,
170825026,-1415705,
170825025,-1415705,
170825021,-1415705,
170825016,-1415705,
170825013,-1415705,
170825011,-1415705,
170825010,-1415705,
170825008,-1415705,
170825007,-1415705,
170825004,-1415705,
170825000,-1415705,
170824996,-1415705,
170824995,-1415705,
170824994,-1415705,
170824991,-1415705,
170824990,-1415705,
170824987,-1415705,
170824982,-1415705,
170824978,-1415705,
170824975,-1415705,
170824972,-1415705,
170824971,-1415705,
170824968,-1415705,
170824964,-1415705,
170824960,-1415705,
170824954,-1415705,
170824951,-1415705,
170824949,-1415705,
170824946,-1415705,
170824943,-1415705,
170824940,-1415705,
170824935,-1415705,
170824933,-1415705,
170824932,-1415705,
170824930,-1415705,
170824928,-1415705,
170824927,-1415705,
170824926,-1415705,
170824924,-1415705,
170824922,-1415705,
170824920,-1415705,
170824916,-1415705,
170824914,-1415705,
170824911,-1415705,
170824908,-1415705,
170824905,-1415705,
170824900,-1415705,
170824897,-1415705,
170824895,-1415705,
170824894,-1415705,
170824891,-1415705,
170824888,-1415705,
170824884,-1415705,
170824883,-1415705,
170824881,-1415705,
170824880,-1415705,
170824878,-1415705,
170824875,-1415705,
170824874,-1415705,
170824872,-1415705,
170824871,-1415705,
170824869,-1415705,
170824868,-1415705,
170824867,-1415705,
170824866,-1415705,
170824865,-1415705,
170824863,-1415705,
170824861,-1415705,
170824860,-1415705,
170824858,-1415705,
170824857,-1415705,
170824855,-1415705,
170824854,-1415705,
170824852,-1415705,
170824851,-1415705,
170824850,-1415705,
170824849,-1415705,
170824847,-1415705,
170824846,-1415705,
170824844,-1415705,
170824842,-1415705,
170824839,-1415705,
170824838,-1415705,
170824836,-1415705,
170824835,-1415705,
170824834,-1415705,
170824833,-1415705,
170824831,-1415705,
170824829,-1415705,
170824828,-1415705,
170824827,-1415705,
170824825,-1415705,
170824823,-1415705,
170824821,-1415705,
170824820,-1415705,
170824818,-1415705,
170824817,-1415705,
170824816,-1415705,
170824815,-1415705,
170824814,-1415705,
170824812,-1415705,
170824811,-1415705,
170824810,-1415705,
170824809,-1415705,
170824808,-1415705,
170824807,-1415705,
170824806,-1415705,
170824805,-1415705,
170824804,-1415705,
170824803,-1415705,
170824802,-1415705,
170824801,-1415705,
170824798,-1415705,
170824797,-1415705,
170824795,-1415705,
170824796,-1415705,
170824794,-1415705,
170824793,-1415705,
170824792,-1415705,
170824791,-1415705,
170824790,-1415705,
170824788,-1415705,
170824789,-1415705,
170824787,-1415705,
170824784,-1415705,
170824783,-1415705,
170824782,-1415705,
170824781,-1415705,
170824571,-1415705,
170824569,-1415705,
170824567,-1415705,
170824564,-1415705,
170824563,-1415705,
170824562,-1415705,
170824561,-1415705,
170824560,-1415705,
170824557,-1415705,
170824556,-1415705,
170824555,-1415705,
170824553,-1415705,
170824552,-1415705,
170824550,-1415705,
170824549,-1415705,
170824548,-1415705,
170824547,-1415705,
170824545,-1415705,
170824543,-1415705,
170824542,-1415705,
170824540,-1415705,
170824538,-1415705,
170824537,-1415705,
170824536,-1415705,
170824534,-1415705,
170824533,-1415705,
170824531,-1415705,
170824530,-1415705,
170824529,-1415705,
170824528,-1415705,
170824527,-1415705,
170824526,-1415705,
170824525,-1415705,
170824524,-1415705,
170824523,-1415705,
170824522,-1415705,
170824520,-1415705,
170824518,-1415705,
170824517,-1415705,
170824514,-1415705,
170824513,-1415705,
170824512,-1415705,
170824511,-1415705,
170824510,-1415705,
170824508,-1415705,
170824507,-1415705,
170824505,-1415705,
170824502,-1415705,
170824503,-1415705,
170824501,-1415705,
170824500,-1415705,
170824499,-1415705,
170824498,-1415705,
170824497,-1415705,
170824495,-1415705,
170824266,-1415705,
170824265,-1415705,
170824263,-1415705,
170824262,-1415705,
170824259,-1415705,
170824257,-1415705,
170824256,-1415705,
170824251,-1415705,
170824248,-1415705,
170824247,-1415705,
170824244,-1415705,
170824241,-1415705,
170824242,-1415705,
170824240,-1415705,
170824235,-1415705,
170824236,-1415705,
170824233,-1415705,
170824231,-1415705,
170824232,-1415705,
170824230,-1415705,
170824229,-1415705,
170824228,-1415705,
170824224,-1415705,
170824226,-1415705,
170824227,-1415705,
170824223,-1415705,
170824220,-1415705,
170824221,-1415705,
170824222,-1415705,
170824219,-1415705,
170824217,-1415705,
170824214,-1415705,
170824215,-1415705,
170824216,-1415705,
170824213,-1415705,
170824212,-1415705,
170824209,-1415705,
170824210,-1415705,
170824211,-1415705,
170824208,-1415705,
170824207,-1415705,
170824204,-1415705,
170824205,-1415705,
170824203,-1415705,
170824201,-1415705,
170824200,-1415705,
170824199,-1415705,
170824198,-1415705,
170824196,-1415705,
170824195,-1415705,
170824194,-1415705,
170824192,-1415705,
170824193,-1415705,
170824191,-1415705,
170824188,-1415705,
170824187,-1415705,
170824186,-1415705,
170824185,-1415705,
170824093,-1415705,
170824091,-1415705,
170824090,-1415705,
170824089,-1415705,
170824088,-1415705,
170824087,-1415705,
170824085,-1415705,
170824083,-1415705,
170824081,-1415705,
170824080,-1415705,
170824079,-1415705,
170824078,-1415705,
170824077,-1415705,
170824076,-1415705,
170824073,-1415705,
170824074,-1415705,
170824072,-1415705,
170824071,-1415705,
170824070,-1415705,
170824068,-1415705,
170824069,-1415705,
170824067,-1415705,
170824066,-1415705,
170824065,-1415705,
170824063,-1415705,
170824064,-1415705,
170824062,-1415705,
170824061,-1415705,
170824059,-1415705,
170824057,-1415705,
170824058,-1415705,
170824055,-1415705,
170824054,-1415705,
170824052,-1415705,
170824050,-1415705,
170824051,-1415705,
170824049,-1415705,
170824045,-1415705,
170824046,-1415705,
170824044,-1415705,
170824042,-1415705,
170824038,-1415705,
170824039,-1415705,
170824037,-1415705,
170824036,-1415705,
170824034,-1415705,
170824032,-1415705,
170824033,-1415705,
170824031,-1415705,
170824030,-1415705,
170824029,-1415705,
170824027,-1415705,
170824028,-1415705,
170824026,-1415705,
170824025,-1415705,
170824024,-1415705,
170824023,-1415705,
170824021,-1415705,
170824022,-1415705,
170824019,-1415705,
170824018,-1415705,
170824017,-1415705,
170824016,-1415705,
170824014,-1415705,
170824015,-1415705,
170824013,-1415705,
170824011,-1415705,
170824010,-1415705,
170824009,-1415705,
170824007,-1415705,
170824008,-1415705,
170824006,-1415705,
170824005,-1415705,
170824004,-1415705,
170824001,-1415705,
170823999,-1415705,
170824000,-1415705,
170823998,-1415705,
170823997,-1415705,
170823996,-1415705,
170823995,-1415705,
170823993,-1415705,
170823992,-1415705,
170810330,-1415705,
170810147,-1415705,
170745771,-1415705,
170736012,-1415705,
170478371,-1415705,
170454576,-1415705,
170434549,-1415705,
170427432,-1415705,
170391825,-1415705,
170291726,-1415705,
170243022,-1415705,
170205497,-1415705,
170162761,-1415705,
170085461,-1415705,
170080402,-1415705,
170057440,-1415705,
170038234,-1415705,
170035871,-1415705,
170004831,-1415705,
169972062,-1415705,
169926472,-1415705,
169910037,-1415705,
169909976,-1415705,
169909882,-1415705,
169909860,-1415705,
169909762,-1415705,
169909732,-1415705,
169909717,-1415705,
169906531,-1415705,
169905290,-1415705,
169864807,-1415705,
169855557,-1415705,
169845797,-1415705,
169831584,-1415705,
169792452,-1415705,
169780893,-1415705,
169755056,-1415705,
169453412,-1415705,
169409495,-1415705,
169218786,-1415705,
169207639,-1415705,
169207029,-1415705,
169194274,-1415705,
169178405,-1415705,
169156121,-1415705,
169136182,-1415705,
169106263,-1415705,
169103525,-1415705,
169090720,-1415705,
169089930,-1415705,
169079477,-1415705,
168919895,-1415705,
168808093,-1415705,
168722036,-1415705,
168697906,-1415705,
168437314,-1415705,
168402919,-1415705,
168261351,-1415705,
168236675,-1415705,
168225852,-1415705,
168212026,-1415705,
168162353,-1415705,
168149331,-1415705,
168127512,-1415705,
168115112,-1415705,
168025495,-1415705,
167998544,-1415705,
167976329,-1415705,
167953061,-1415705,
167811149,-1415705,
167799277,-1415705,
167798610,-1415705,
167759709,-1415705,
167742341,-1415705,
167716682,-1415705,
167646600,-1415705,
167637438,-1415705,
167624477,-1415705,
167586989,-1415705,
167577446,-1415705,
167567262,-1415705,
167552528,-1415705,
167455156,-1415705,
167182173,-1415705,
167182166,-1415705,
167167800,-1415705,
167155208,-1415705,
167152686,-1415705,
167068295,-1415705,
167068285,-1415705,
167068264,-1415705,
167068252,-1415705,
167068251,-1415705,
167068249,-1415705,
167068213,-1415705,
166999268,-1415705,
166975044,-1415705,
166966581,-1415705,
166880473,-1415705,
166837250,-1415705,
166815401,-1415705,
166798691,-1415705,
166737721,-1415705,
166717833,-1415705,
166679253,-1415705,
166594935,-1415705,
166594933,-1415705,
166578203,-1415705,
166544867,-1415705,
166471490,-1415705,
166462306,-1415705,
166448806,-1415705,
166356397,-1415705,
166354087,-1415705,
166354085,-1415705,
166336914,-1415705,
166323875,-1415705,
166318833,-1415705,
166318768,-1415705,
166303715,-1415705,
166301826,-1415705,
166294719,-1415705,
166213611,-1415705,
166206976,-1415705,
166184376,-1415705,
166164876,-1415705,
166157651,-1415705,
166149159,-1415705,
166125005,-1415705,
166124160,-1415705,
166123377,-1415705,
166096033,-1415705,
166038919,-1415705,
165990151,-1415705,
165989512,-1415705,
165965118,-1415705,
165852817,-1415705,
165752953,-1415705,
165715174,-1415705,
165655258,-1415705,
165602935,-1415705,
165565742,-1415705,
165561901,-1415705,
165561894,-1415705,
165561893,-1415705,
165561889,-1415705,
165522886,-1415705,
165481754,-1415705,
165464035,-1415705,
165430350,-1415705,
165329206,-1415705,
165327832,-1415705,
165321591,-1415705,
165304251,-1415705,
165266395,-1415705,
165220996,-1415705,
165197767,-1415705,
165166925,-1415705,
165149422,-1415705,
165140710,-1415705,
165026920,-1415705,
164990651,-1415705,
164902713,-1415705,
164888693,-1415705,
164877071,-1415705,
164807717,-1415705,
164777275,-1415705,
164682102,-1415705,
164682101,-1415705,
164682099,-1415705,
164682098,-1415705,
164682096,-1415705,
164659378,-1415705,
164564882,-1415705,
164449467,-1415705,
164441960,-1415705,
164385041,-1415705,
164355555,-1415705,
164339080,-1415705,
164307928,-1415705,
164267948,-1415705,
164189340,-1415705,
164156187,-1415705,
164141382,-1415705,
164140006,-1415705,
164139999,-1415705,
164084129,-1415705,
164076310,-1415705,
164030566,-1415705,
164007837,-1415705,
164007784,-1415705,
164007782,-1415705,
164007498,-1415705,
164007481,-1415705,
164007478,-1415705,
164007477,-1415705,
164007476,-1415705,
163990752,-1415705,
163976857,-1415705,
163935828,-1415705,
163927433,-1415705,
163922449,-1415705,
163907873,-1415705,
163886080,-1415705,
163877712,-1415705,
163862725,-1415705,
163857246,-1415705,
163835511,-1415705,
163794752,-1415705,
163793103,-1415705,
163792597,-1415705,
163792580,-1415705,
163792578,-1415705,
163780932,-1415705,
163766138,-1415705,
163759750,-1415705,
163759291,-1415705,
163752291,-1415705,
163742142,-1415705,
163741529,-1415705,
163714131,-1415705,
163713293,-1415705,
163705560,-1415705,
163702052,-1415705,
163699399,-1415705,
163688228,-1415705,
163688222,-1415705,
163667342,-1415705,
163661381,-1415705,
163653496,-1415705,
163620823,-1415705,
163619435,-1415705,
163619413,-1415705,
163618847,-1415705,
163618063,-1415705,
163611778,-1415705,
163611772,-1415705,
163611767,-1415705,
163600407,-1415705,
163592327,-1415705,
163590881,-1415705,
163570269,-1415705,
163549544,-1415705,
163549186,-1415705,
163542352,-1415705,
163537236,-1415705,
163498687,-1415705,
163490223,-1415705,
163489834,-1415705,
163475794,-1415705,
163474888,-1415705,
163463570,-1415705,
163450240,-1415705,
163450239,-1415705,
163422267,-1415705,
163422260,-1415705,
163384698,-1415705,
163384696,-1415705,
163378659,-1415705,
163330288,-1415705,
163236212,-1415705,
163190950,-1415705,
163172463,-1415705,
163172459,-1415705,
163162110,-1415705,
163096496,-1415705,
163085625,-1415705,
163058301,-1415705,
163034665,-1415705,
163034664,-1415705,
163034662,-1415705,
163018648,-1415705,
163013079,-1415705,
162996606,-1415705,
162996605,-1415705,
162996602,-1415705,
162990511,-1415705,
162990509,-1415705,
162990506,-1415705,
162957010,-1415705,
162957007,-1415705,
162957004,-1415705,
162951798,-1415705,
162951797,-1415705,
162951794,-1415705,
162951572,-1415705,
162951567,-1415705,
162951562,-1415705,
162949952,-1415705,
162949949,-1415705,
162949946,-1415705,
162949532,-1415705,
162949528,-1415705,
162949524,-1415705,
162928387,-1415705,
162918653,-1415705,
162900196,-1415705,
162898137,-1415705,
162898136,-1415705,
162898135,-1415705,
162898133,-1415705,
162898132,-1415705,
162898129,-1415705,
162898127,-1415705,
162898125,-1415705,
162898124,-1415705,
162898123,-1415705,
162898122,-1415705,
162898120,-1415705,
162898117,-1415705,
162898115,-1415705,
162898114,-1415705,
162898112,-1415705,
162898111,-1415705,
162898110,-1415705,
162898109,-1415705,
162898107,-1415705,
162881676,-1415705,
162881533,-1415705,
162835749,-1415705,
162820461,-1415705,
162743148,-1415705,
162728513,-1415705,
162723083,-1415705,
162714171,-1415705,
162713893,-1415705,
162707007,-1415705,
162706925,-1415705,
162706242,-1415705,
162683556,-1415705,
162633960,-1415705,
162632808,-1415705,
162582390,-1415705,
162536682,-1415705,
162525446,-1415705,
162500012,-1415705,
162449453,-1415705,
162439893,-1415705,
162432966,-1415705,
162426864,-1415705,
162386670,-1415705,
162339535,-1415705,
162311901,-1415705,
162300795,-1415705,
162263262,-1415705,
162250364,-1415705,
162250086,-1415705,
162212868,-1415705,
162204146,-1415705,
162196053,-1415705,
162188447,-1415705,
162181471,-1415705,
162157948,-1415705,
162124480,-1415705,
162080184,-1415705,
162068082,-1415705,
162034533,-1415705,
162028092,-1415705,
162014496,-1415705,
161995742,-1415705,
161980556,-1415705,
161979475,-1415705,
161951654,-1415705,
161951170,-1415705,
161944335,-1415705,
161938947,-1415705,
161938390,-1415705,
161930985,-1415705,
161909766,-1415705,
161908835,-1415705,
161907894,-1415705,
161907861,-1415705,
161850988,-1415705,
161850984,-1415705,
161842490,-1415705,
161734472,-1415705,
161703155,-1415705,
161610613,-1415705,
161597118,-1415705,
161567107,-1415705,
161507858,-1415705,
161500742,-1415705,
161500741,-1415705,
161500740,-1415705,
161500739,-1415705,
161500734,-1415705,
161500732,-1415705,
161500730,-1415705,
161500729,-1415705,
161500723,-1415705,
161500720,-1415705,
161500719,-1415705,
161500621,-1415705,
161500619,-1415705,
161500617,-1415705,
161500613,-1415705,
161500609,-1415705,
161500606,-1415705,
161487708,-1415705,
161459312,-1415705,
161341325,-1415705,
161341324,-1415705,
161341323,-1415705,
161341319,-1415705,
161341318,-1415705,
161341315,-1415705,
161341310,-1415705,
161341309,-1415705,
161341308,-1415705,
161341307,-1415705,
161341305,-1415705,
161341300,-1415705,
161341299,-1415705,
161341297,-1415705,
161341293,-1415705,
161341279,-1415705,
161341276,-1415705,
161315342,-1415705,
161298378,-1415705,
161288310,-1415705,
161288306,-1415705,
161288301,-1415705,
161288298,-1415705,
161288294,-1415705,
161288288,-1415705,
161288284,-1415705,
161288282,-1415705,
161288278,-1415705,
161288274,-1415705,
161288272,-1415705,
161288269,-1415705,
161288265,-1415705,
161287131,-1415705,
161279932,-1415705,
161248014,-1415705,
161233585,-1415705,
161227299,-1415705,
161170910,-1415705,
161140073,-1415705,
161126423,-1415705,
161088632,-1415705,
161075697,-1415705,
160985230,-1415705,
160977861,-1415705,
160977855,-1415705,
160977849,-1415705,
160977838,-1415705,
160977837,-1415705,
160977835,-1415705,
160977834,-1415705,
160977833,-1415705,
160977831,-1415705,
160977830,-1415705,
160977829,-1415705,
160977828,-1415705,
160977827,-1415705,
160977826,-1415705,
160977824,-1415705,
160953049,-1415705,
160906697,-1415705,
160905858,-1415705,
160866968,-1415705,
160831363,-1415705,
160767849,-1415705,
160696265,-1415705,
160651503,-1415705,
160597087,-1415705,
160573960,-1415705,
160569843,-1415705,
160564130,-1415705,
160558172,-1415705,
160429773,-1415705,
160379597,-1415705,
160364116,-1415705,
160355789,-1415705,
160255281,-1415705,
160249975,-1415705,
160209626,-1415705,
160068765,-1415705,
160056503,-1415705,
160029446,-1415705,
160016802,-1415705,
159944979,-1415705,
159900057,-1415705,
159864029,-1415705,
159831942,-1415705,
159814485,-1415705,
159784830,-1415705,
159734993,-1415705,
159697019,-1415705,
159655525,-1415705,
159582354,-1415705,
159564489,-1415705,
159497788,-1415705,
159495631,-1415705,
159486121,-1415705,
159441904,-1415705,
159435193,-1415705,
159410022,-1415705,
159409942,-1415705,
159406679,-1415705,
159386903,-1415705,
159360489,-1415705,
159222455,-1415705,
159199332,-1415705,
159190034,-1415705,
159161024,-1415705,
159135432,-1415705,
159078529,-1415705,
159006176,-1415705,
158953538,-1415705,
158899868,-1415705,
158887347,-1415705,
158887287,-1415705,
158887286,-1415705,
158801590,-1415705,
158747271,-1415705,
158747261,-1415705,
158695607,-1415705,
158434813,-1415705,
158434685,-1415705,
158329137,-1415705,
158327150,-1415705,
157007604,-1415705,
156760582,-1415705,
156756698,-1415705,
156411435,-1415705,
156411425,-1415705,
155927575,-1415705,
155853261,-1415705,
155737124,-1415705,
155573241,-1415705,
155405465,-1415705,
155279526,-1415705,
155221407,-1415705,
155220578,-1415705,
155151932,-1415705,
155007828,-1415705,
154789702,-1415705,
154742341,-1415705,
154742321,-1415705,
154742313,-1415705,
154742205,-1415705,
154742187,-1415705,
154742169,-1415705,
154741685,-1415705,
154741658,-1415705,
154741638,-1415705,
154741571,-1415705,
154740770,-1415705,
154740699,-1415705,
154740676,-1415705,
154740004,-1415705,
154739957,-1415705,
154739910,-1415705,
154739860,-1415705,
154738111,-1415705,
154737698,-1415705,
154737655,-1415705,
154737364,-1415705,
154643690,-1415705,
154424594,-1415705,
154418417,-1415705,
154262657,-1415705,
153985469,-1415705,
153985436,-1415705,
153976163,-1415705,
153976157,-1415705,
153746128,-1415705,
153746108,-1415705,
153746094,-1415705,
153304418,-1415705,
153292188,-1415705,
153250322,-1415705,
153250307,-1415705,
153250304,-1415705,
153250300,-1415705,
153250295,-1415705,
153250287,-1415705,
153250273,-1415705,
153250271,-1415705,
153250269,-1415705,
153250264,-1415705,
153250258,-1415705,
153192822,-1415705,
153176132,-1415705,
153168189,-1415705,
152440437,-1415705,
151955963,-1415705,
151783722,-1415705,
151303937,-1415705,
151293981,-1415705,
151250781,-1415705,
151195027,-1415705,
151091928,-1415705,
150891739,-1415705,
150877516,-1415705,
148614389,-1415705,
148544086,-1415705,
148151753,-1415705,
147996251,-1415705,
147978137,-1415705,
147915865,-1415705,
147842919,-1415705,
147751665,-1415705,
147751662,-1415705,
147751645,-1415705,
147751639,-1415705,
147751622,-1415705,
147751609,-1415705,
147751604,-1415705,
147751595,-1415705,
147751594,-1415705,
147751592,-1415705,
147751591,-1415705,
147751589,-1415705,
147751585,-1415705,
147573418,-1415705,
147573407,-1415705,
147082263,-1415705,
147076975,-1415705,
147034014,-1415705,
147033252,-1415705,
147033249,-1415705,
147031499,-1415705,
147031497,-1415705,
147031496,-1415705,
147031294,-1415705,
146894866,-1415705,
146674293,-1415705,
145932418,-1415705,
145931550,-1415705,
145575828,-1415705,
145509252,-1415705,
145403194,-1415705,
144885103,-1415705,
143970326,-1415705,
143921648,-1415705,
143617791,-1415705,
143541483,-1415705,
143541455,-1415705,
143359875,-1415705,
143205855,-1415705,
143204493,-1415705,
143135542,-1415705,
142756994,-1415705,
142374111,-1415705,
141897806,-1415705,
141859520,-1415705,
141728634,-1415705,
141674283,-1415705,
141579414,-1415705,
141578375,-1415705,
141527028,-1415705,
141262063,-1415705,
141246044,-1415705,
141144642,-1415705,
141113121,-1415705,
141103418,-1415705,
141089655,-1415705,
141073962,-1415705,
141061884,-1415705,
141061683,-1415705,
141047747,-1415705,
141007355,-1415705,
141002018,-1415705,
140680179,-1415705,
140471592,-1415705,
139883991,-1415705,
139883983,-1415705,
139832575,-1415705,
139539854,-1415705,
139337779,-1415705,
139275949,-1415705,
139227265,-1415705,
139095320,-1415705,
139039426,-1415705,
138963920,-1415705,
138908756,-1415705,
138883831,-1415705,
138866292,-1415705,
138751309,-1415705,
138355954,-1415705,
137662632,-1415705,
137662631,-1415705,
137120064,-1415705,
137120062,-1415705,
136913474,-1415705,
136884096,-1415705,
136883889,-1415705,
136797668,-1415705,
136686987,-1415705,
136620702,-1415705,
136594097,-1415705,
136594062,-1415705,
136593759,-1415705,
136513332,-1415705,
136513325,-1415705,
136513301,-1415705,
136513294,-1415705,
136411395,-1415705,
136392262,-1415705,
136248208,-1415705,
136217667,-1415705,
136079493,-1415705,
132896260,-1415705,
132896207,-1415705,
132798415,-1415705,
132767095,-1415705,
132496435,-1415705,
132144943,-1415705,
131955176,-1415705,
131951990,-1415705,
131950536,-1415705,
131949274,-1415705,
131948337,-1415705,
131942925,-1415705,
130688997,-1415705,
129530191,-1415705,
128311776,-1415705,
127150100,-1415705,
124758085,-1415705,
122787986,-1415705,
121483122,-1415705,
119424799,-1415705,
119313652,-1415705,
118464267,-1415705,
116882472,-1415705,
114380734,-1415705,
114379364,-1415705,
114045239,-1415705,
113568336,-1415705,
113535546,-1415705,
113446686,-1415705,
113446506,-1415705,
113395874,-1415705,
113371386,-1415705,
113160382,-1415705,
113006727,-1415705,
112933715,-1415705,
112827149,-1415705,
112827140,-1415705,
112827128,-1415705,
112827122,-1415705,
112409906,-1415705,
112193867,-1415705,
108447899,-1415705,
108396853,-1415705,
106092396,-1415705,
105524182,-1415705,
105523699,-1415705,
103122754,-1415705,
102435768,-1415705,
101713641,-1415705,
99269624,-1415705,
99269421,-1415705,
97968751,-1415705,
97140713,-1415705,
95781450,-1415705,
94554182,-1415705,
94534649,-1415705,
94513827,-1415705,
94187129,-1415705,
93635543,-1415705,
91609984,-1415705,
91421559,-1415705,
91035783,-1415705,
90761376,-1415705,
90454765,-1415705,
88273499,-1415705,
87709782,-1415705,
86728803,-1415705,
86049486,-1415705,
85954742,-1415705,
85613611,-1415705,
85434717,-1415705,
84877059,-1415705,
84672447,-1415705,
84626462,-1415705,
83791801,-1415705,
83467739,-1415705,
83373996,-1415705,
82635850,-1415705,
82575561,-1415705,
82533665,-1415705,
82411331,-1415705,
82399830,-1415705,
82323812,-1415705,
82282618,-1415705,
82281887,-1415705,
82170674,-1415705,
82154347,-1415705,
81177250,-1415705,
78931296,-1415705,
78586260,-1415705,
78586229,-1415705,
76158814,-1415705,
75186115,-1415705,
74653264,-1415705,
71221405,-1415705,
70120981,-1415705,
70120974,-1415705,
44574967,-1415705,
29576438,-1415705,
29542342,-1415705,
16767940,-1415705,
456240721,-109800058,
456240722,-109800058,
456240708,-109800058,
456240703,-109800058,
456240691,-109800058,
456240680,-109800058,
456240676,-109800058,
456240669,-109800058,
456240655,-109800058,
456240650,-109800058,
456240638,-109800058,
456240612,-109800058,
456240591,-109800058,
456240571,-109800058,
456240551,-109800058,
456240548,-109800058,
456240540,-109800058,
456240534,-109800058,
456240525,-109800058,
456240520,-109800058,
456240508,-109800058,
456240484,-109800058,
456240473,-109800058,
456240472,-109800058,
456240467,-109800058,
456240464,-109800058,
456240321,-109800058,
456240292,-109800058,
456240284,-109800058,
456240281,-109800058,
456240275,-109800058,
456240271,-109800058,
456240264,-109800058,
456240257,-109800058,
456240252,-109800058,
456240248,-109800058,
456240245,-109800058,
456240243,-109800058,
456240240,-109800058,
456240229,-109800058,
456240220,-109800058,
456240212,-109800058,
456240172,-109800058,
456240156,-109800058,
456240140,-109800058,
456240134,-109800058,
456240130,-109800058,
456240118,-109800058,
456240109,-109800058,
456240108,-109800058,
456240101,-109800058,
456240097,-109800058,
456240092,-109800058,
456240088,-109800058,
456240051,-109800058,
456240045,-109800058,
456240043,-109800058,
456240037,-109800058,
456240027,-109800058,
456240026,-109800058,
456240022,-109800058,
456240017,-109800058,
456240016,-109800058,
456240010,-109800058,
456239999,-109800058,
456239996,-109800058,
456239986,-109800058,
456239984,-109800058,
456239977,-109800058,
456239974,-109800058,
456239969,-109800058,
456239968,-109800058,
456239967,-109800058,
456239955,-109800058,
456239940,-109800058,
456239938,-109800058,
456239937,-109800058,
456239936,-109800058,
456239935,-109800058,
456239934,-109800058,
456239933,-109800058,
456239909,-109800058,
456239900,-109800058,
456239895,-109800058,
456239881,-109800058,
456239244,-109800058,
456239194,-109800058,
456239193,-109800058,
456239192,-109800058,
456239191,-109800058,
456239190,-109800058,
456239189,-109800058,
456239188,-109800058,
456239187,-109800058,
456239181,-109800058,
456239180,-109800058,
456239179,-109800058,
456239153,-109800058,
456239130,-109800058,
456239129,-109800058,
456239108,-109800058,
456239107,-109800058,
456239106,-109800058,
456239104,-109800058,
456239103,-109800058,
456239102,-109800058,
456239101,-109800058,
456239100,-109800058,
456239099,-109800058,
456239098,-109800058,
456239097,-109800058,
456239096,-109800058,
456239095,-109800058,
456239094,-109800058,
456239093,-109800058,
456239091,-109800058,
456239090,-109800058,
456239089,-109800058,
456239088,-109800058,
456239087,-109800058,
456239086,-109800058,
456239085,-109800058,
456239084,-109800058,
456239083,-109800058,
456239082,-109800058,
456239081,-109800058,
456239080,-109800058,
456239079,-109800058,
456239078,-109800058,
456239077,-109800058,
456239076,-109800058,
456239075,-109800058,
456239074,-109800058,
456239073,-109800058,
456239072,-109800058,
456239070,-109800058,
456239071,-109800058,
456239069,-109800058,
456239068,-109800058,
456239067,-109800058,
456239066,-109800058,
456239065,-109800058,
456239064,-109800058,
456239063,-109800058,
456239062,-109800058,
456239061,-109800058,
456239060,-109800058,
456239058,-109800058,
456239057,-109800058,
456239055,-109800058,
456239054,-109800058,
456239053,-109800058,
456239052,-109800058,
456239051,-109800058,
456239050,-109800058,
456239049,-109800058,
456239048,-109800058,
456239047,-109800058,
456239046,-109800058,
456239045,-109800058,
456239044,-109800058,
456239043,-109800058,
456239042,-109800058,
456239041,-109800058,
456239040,-109800058,
456239039,-109800058,
456239038,-109800058,
456239037,-109800058,
456239036,-109800058,
456239035,-109800058,
456239034,-109800058,
456239033,-109800058,
456239032,-109800058,
456239031,-109800058,
456239030,-109800058,
456239029,-109800058,
