id,owner_id,top_comment_text
456239756,-211229778,❤️❤️❤️любимки . Смотрим
456239748,-211229778,золотистая барабулька
456239738,-211229778,Первая
456239719,-211229778,новогодняя барабулька
456239713,-211229778,новогодняя барабулька
456239710,-211229778,новогодняя барабулька
456239699,-211229778,Еееее
456239685,-211229778,золотистая барабулька
456239669,-211229778,Задуряться разрешается!🙌
456239661,-211229778,"Одна Оля хорошо, две ещё лучше!!!❤️"
456239651,-211229778,"Ура 😊
Бегом смотреть 👀"
456239640,-211229778,Как я вовремя зашла😍
456239624,-211229778,ну наконец-тт
456239610,-211229778,
456239599,-211229778,
456239588,-211229778,Ура
456239575,-211229778,"По зову сердца, а не по уведомлению!"
456239558,-211229778,☀
456239549,-211229778,Урааа
456239541,-211229778,Как красиво девочек одели💗 светлые и уютные 😍
456239529,-211229778,Дождались😸
456239513,-211229778,"Урааааа, я оч ждала ❤️❤️❤️❤️❤️❤️"
456239505,-211229778,Идем смотреть
456239489,-211229778,Ураааа
456239475,-211229778,Ура!😍
456239469,-211229778,Ура❤️ новый выпуск
456239460,-211229778,ура!!!
456239434,-211229778,"aaaaaaa. Я первая. Ураааа, наконец то новый выпуск😎"
456239414,-211229778,🙋🏽‍♀️
456239398,-211229778,"Так, ну судя по превью, гостя не будет, наконец-то сможем насладиться только нашими любимыми, хорошая идея, лично я уж очень ждал такого выпуска, как с выпуском ""мужской форум"", ради разнообразия не помешает."
456239382,-211229778,😃
456239376,-211229778,"Это я вовремя зашла)) 
Образы девочек в этом выпуске 😍😍"
456239373,-211229778,"Оооо, Кирилла мы любим, будем смотреть🫶"
456239360,-211229778,❤️❤️‍🩹
456239352,-211229778,Уииии🥰
456239343,-211229778,Даааа🔥🔥🔥
456239335,-211229778,Всем приятного просмотра 💖
456239328,-211229778,15 часов! Чай налила! Готова! Начинайте девочки💋💋💋
456239316,-211229778,Ну Елизавета Варвара - это кайф♥️🔥
456239307,-211229778,"Видела его в др шоу, юмор не его от слова ""совсем"" .... Не особо интересный((((посмотрим, что будет сегодня"
456239298,-211229778,Первый
456239288,-211229778,)))
456239272,-211229778,Вечером посмотрю
456239259,-211229778,Урааааа!!!! Спасибо!!! ❤❤❤
456239248,-211229778,АААА
456239239,-211229778,Юхууу🎉🥳
456239232,-211229778,Заранее 👍
456239221,-211229778,А можно не эксклюзивно но в ютуб ?
456239216,-211229778,
456239211,-211229778,Обожаааааю!!!
456239204,-211229778,"Приятного просмотра ✨
Обожаю вашу программу ✨"
456239196,-211229778,
456239186,-211229778,😍😍😍
456239176,-211229778,Макар любовь!
456239160,-211229778,
456239152,-211229778,
456239288,-211232966,"«Там кстати Бебур как раз, и еще раз я , я два раза»😂😂❤"
456239203,-211232966,"[id787866250|Добрый], добрый день =) насколько ты не жадный?"
456239193,-211232966,"Боже, я только посмотрела выпуск, последняя тема это просто 😱, и смешно и стыдно что смешно. Выпуск хороший девочки как всегда радуют юмором и просто своей харизмой. Умнички целую, жду следующий выпуск😍"
456239282,-211232966,🥳 А у меня сегодня день рождения!!! Денег у меня очень много! Настолько что я уже не знаю куда их девать. Кто не против что бы я закинул немного ? Я не жадный совсем ))) 👍|
456239169,-211232966,Варя лучшая!!!!!!!!!!!!!
456239177,-211232966,"А в чем прикол сначала одну версию выложить , потом повырезать моменты ?🤣Рептиолод сильно обиделся ?🤣🤣🤣"
456239206,-211232966,"Не знала, что Стас такой приятный парень"
456239249,-211232966,"Простые русские дальневосточные баааааааабы, эх"
456239164,-211232966,Выпуск просто пушка 🥰 спасибо девочки
456239166,-211232966,"Вообще не поняла  её юмора, девчонки как всегда на разрыв 👍🤣🤣🤣🤣🤣"
456239173,-211232966,"Умирала с девочек, как они подъё..вали Даву 🤣🤣🤣🤣🤣👍Он конечно вёл себя странно 😅"
456239165,-211232966,"Выложите полный выпуск, а то его сейчас нигде не посмотреть, даже the hole не работает"
456239162,-211232966,что это за существо???😳😳😳
456239167,-211232966,Какой классный выпуск😍Обожаю Зою❤️
456239281,-211232966,🥳 А у меня сегодня день рождения!!! Денег у меня очень много! Настолько что я уже не знаю куда их девать. Кто не против что бы я закинул немного ? Я не жадный совсем ))) 👍|
456239161,-211232966,Саше за Анатомию страсти уважуха
456239163,-211232966,"Ну хабалки конечно, но блин"
456239168,-211232966,Гость🔥
456239267,-211232966,🥳 А у меня сегодня день рождения!!! Денег у меня очень много! Настолько что я уже не знаю куда их девать. Кто не против что бы я закинул немного ? Я не жадный совсем ))) 👍
456239160,-211232966,"Илья зашёл к ним очень неплохо, видно что с юмором дружит и женщин знает 😁👍
Душевно реально"
456239159,-211232966,🤣🤣🤣🤣🤣
456239158,-211232966,Усатый полосатый газелист🤣🤣🤣🤣
456239156,-211232966,Какой-то он душный 🤷🏼
456240634,-209976560,"Красавцы )
Джабраилов респект"
456240632,-209976560,Амиран всё пытается обратно занырнуть в медиа. Всё время ушло.
456240631,-209976560,Это мы смотрим 🔥🔥🔥❤️
456240625,-209976560,Нуууу Женя выглядит на экскортном  🤌🔞💦💦💦
456240614,-209976560,Охринеть я блин первый просмотр
456240601,-209976560,❤️
456240595,-209976560,Паша лучший Stend up импровизатор. Остерниковым е блан
456240584,-209976560,Ура ура ура! Гости кайф! 😍😍
456240564,-209976560,"Ооо, топ контент завезли)))"
456240559,-209976560,только хотел проверить вышел ли новый выпуск и тут ааааааааааааа просто супер
456240555,-209976560,"Отличная ""приправа"" для вечера. Лучше, чем шафран.)"
456240547,-209976560,Ураааааа 🥳
456240541,-209976560,Первый
456240533,-209976560,"Может, не стоит технические выпуски сразу показывать публике? Доработать как-то, обкатать, отсмотреть...
Пока что шляпа, Витя и Артём не вывозят, хотя стараются."
456240523,-209976560,Ура! Возвращение 🤗
456240501,-209976560,ахахахахахха
456240495,-209976560,ВОт это подарочек !
456240490,-209976560,Всех с наступающим 🤚
456240482,-209976560,Дратути🤪🤪
456240476,-209976560,"2:25 кайф, Сапер ведущий, а Джабрик будет угадывать цены"
456240472,-209976560,"Хера себе, давно батл не смотрел. Щербаков нос починил и покрасился?"
456240467,-209976560,Первый
456240459,-209976560,Первая
456240450,-209976560,Вау 😍 Катюша ❤️
456240443,-209976560,Зачем Адомяна позвали?  Он же никому не нравится
456240438,-209976560,"Первый! 😀

Зоя Красотка!👍🏻👍🏻👍🏻"
456240432,-209976560,"Каждый выпуск у меня только один вопрос. Почему Алфавит отвечает за музыку, а не за текст, он же алфавит 🤣"
456240427,-209976560,золотистая барабулька
456240421,-209976560,
456240416,-209976560,Опять Жидковская 🤦🏻‍♂️ во все проекты пихают это ЛГБТшное создание 🤮
456240411,-209976560,"Не, ну выглядит реально как то, что бесплатно раздают. Однозначно зачёт, респект, смотрим"
456240405,-209976560,"Ееееебббаааать,успела забыть даже,что есть такое шоу😭"
456240399,-209976560,это афигенно
456240394,-209976560,Супер 🙌
456240386,-209976560,Ура! Уже соскучилась
456240380,-209976560,"Ахахаха
Зоя, результат превзошел все ожидания! Я буду под неё тренить💪"
456240374,-209976560,"Йе, дали финальный финал"
456240363,-209976560,
456240357,-209976560,
456240351,-209976560,лол кек
456240345,-209976560,"ура, наконец-то вернулось сколько?"
456240339,-209976560,"ну наконец-то Василий стал хоть по каким-то шоу ходить МПР, цитаты, roast, надеюсь в контакты и гв он всё-таки придёт не побоятся его дислексии там, хотя в МПР вообще не ощущалось, что у Фауста какой-то дефект есть"
456240332,-209976560,Я ПЕРВЫЙ
456240325,-209976560,"позвать человека с дислексией читать реп - это сильно, но результат удивил 😆"
456240319,-209976560,"Батюшки) Это че за Чудо) 
Ну ладно, уговорил, посмотрю
Хотя ты и не уговаривал"
456240312,-209976560,Урааааа
456240303,-209976560,кто из них гей?
456240294,-209976560,🤟😂
456240285,-209976560,"круто, хотя Ваня-то из всех с кем снимали первые выпуски самый поющий"
456240274,-209976560,Еееее! Контент подъехал🔥
456240267,-209976560,"5:07 песня, которую некоторое время назад ставили просто во все музыкальные шоу, но сейчас пик популярности песни подарок прошёл"
456240256,-209976560,Ооогггонь!🔥
456240249,-209976560,Где продолэение? Эти 2 с весны уже
456240244,-209976560,"охренительная коллаборация тик токер и порноактриса, видимо вторую чисто из-за Дороха позвали, чую неординарный и интересный выпуск ожидает меня, посмотрю его чисто из-за Даши Дошик и Яны Кошкиной"
456240236,-209976560,"Как здорово, что Антону дали шоу 🙏🏻"
456240230,-209976560,чтооо? впервые в истории стыдно знать семейный выпуск? круто
456240220,-209976560,Во мать понесло 😄
456240206,-209976560,Эммм. Шта?
456240201,-209976560,🫶🏽
456240195,-209976560,Урааа!
456240185,-209976560,Что то не то...
456240181,-209976560,Минуту назад 😅
456240177,-209976560,"Опа, 1 минуту назад ) Смотрим... приятного аппетита всем, не захлебнитесь чаем за просмотром )"
456240167,-209976560,"вот это состав, Пьеху наконец-то позвали в интернет шоу"
456240144,-209976560,"а почему они оправдываются, насчет интервью?"
456240131,-209976560,"Первый

ЗЫ навалили кринжа :D"
456240127,-209976560,Блин только за Рекламу Лайк !
456240121,-209976560,"Первый, получается)"
456240106,-209976560,"Это мы смотрим! Ещё бы на часик пораньше, к обеду"
456240100,-209976560,"Ты устала не потому что 35, а потому что тебе от самой себя душно и это псевдо-молодежное дергание лишь доказывает что единственный душный скуф в России это Зоя!!!!"
456240092,-209976560,Наконец то.
456240088,-209976560,"Кого-кого, а Отара вообще не ожидала увидеть. Круто.
Upd: Как и ожидалось, разъебал"
456240081,-209976560,"Шальной зачётный парень! Слава богу выпуск с ним, а не очередным тик-токером 👍"
456240076,-209976560,Почему на обложке нет Гороха? 😄
456240071,-209976560,Ля! Вот это долгожданное возвращение!! (жаль только опять эта Олеся..)
456240067,-209976560,"Ещё никогда 2 дня не были такими долгими, очень ждала вторую часть. Это восторг!"
456240064,-209976560,"Ну, привет )"
456240051,-209976560,Первый нах!
456240046,-209976560,Шальнов и Журавлик вместе какая-то атомная бомба... Бешеная синхронизация и взрыв юмора🔥
456240039,-209976560,Даша лучшая! Позовите её на ЧБД!
456240029,-209976560,Ура! Новый выпуск!👍😍
456240008,-209976560,"Серёже смешно что люди 6к зарабатывают, да Серёжа?)"
456240004,-209976560,Первый нах
456240000,-209976560,Классно очень жду
456239995,-209976560,А вот это интересненько😏
456239992,-209976560,"Попов, Антон Шастун и ещё там двое, я не помню 😂😂😂"
456239987,-209976560,Только не Милаш как же ужасно себя вела она в шоу кстати.🌚🌚
456239981,-209976560,Гляну
456239978,-209976560,🤌
456239972,-209976560,Более менее выпуск. Про Игоря смешно было. Запах складчиковой) но слишком много смеются сами над несмешными шутками
456239968,-209976560,Первый
456239963,-209976560,3:56 Тарковым почему то запахло)) кто вкурсе вопросы не будет задавать))
456239956,-209976560,Кирюхе даже не надо было играть - он всегда в волнительном состоянии
456239950,-209976560,Ура видос!!!
456239942,-209976560,"Пока не смотрела, но явно классно"
456239939,-209976560,Это очень смешно. Особенно у Артема)
456239936,-209976560,"Опять эта херота несмешная
Ну зачем?
Изначально не зашло, зачем это снимать?"
456239932,-209976560,контент делается 😈
456239928,-209976560,Выпуск просто ржачный🤣
456239925,-209976560,"уже давно не актуально, а эти все еще не наигрались"
456239922,-209976560,Сколько???
456239917,-209976560,Это мы смотрим
456239913,-209976560,xyeta🤮
456239910,-209976560,Ура. Не забросили это шоу
456239907,-209976560,Вижу Михееву ставлю лайк. Антидепрессантов Абрамову👍
456239903,-209976560,идея вам для нового шоу. «Кто ты?»Гости будут рассказывать кто они такие.
456239899,-209976560,Первый
456239896,-209976560,Наконец!
456239888,-209976560,"Когда участники уже, как родные, так интереснее"
456239885,-209976560,Я попозже посмотри. Как никак родной город
456239880,-209976560,
456239875,-209976560,А че за песня подскажите плиз
456239871,-209976560,Ого‼️Должно быть жарко ‼️
456239867,-209976560,Медвежат подбодри! Норм!)))
456239863,-209976560,Шаст💛
456239855,-209976560,"О, нормально зашёл я в подписки"
456239852,-209976560,Сапëр ты ваще с ума сошëл🤣🤣🤣
456239848,-209976560,"Минуту назад, я в шоке"
456239842,-209976560,"Дождался🎉 
Шоумен и его отличные гости делают пятницу гораздо лучше.
p.s. таких созвонов на каких-либо шоу я ещё не видел, нормально ""семья "" сработала)"
456239829,-209976560,Шастун прям в микрофон смеётся чтобы слышно было как он отрабатывает 🤡
456239823,-209976560,Как же это ВКУСНО снято. Режиссеру и всей его команде моё почтение.
456239820,-209976560,"Челики, асмр надо выпускать вечером, чтобы люди перед сном включили и уснули. вы шо. не шарите"
456239817,-209976560,ОО Жыгхуль. А шо эта ты в рекламе сымаесся
456239814,-209976560,Супер гости 😻
456239808,-209976560,"Варвара Щербакова https://vk.com/varjauletela_group 
Наташа Борисова https://vk.com/natavshoke 
Андрей Жмыхов https://vk.com/id_999999997 
 
Олеся Иванченко https://vk.com/public221829791 
Александр Бурдашев https://vk.com/shabanov7725512 
Марк Сергиенко https://vk.com/sergienkomark 
 
Игорь Джабраилов https://vk.com/igordzhabrailov 
Валера Артюхов https://vk.com/artvalery_public 
Кирилл Мазур https://vk.com/mazurkiril 
 
Алексей Сапрыкин https://vk.com/public219254159 
Рустам Джибилов https://vk.com/rustam_dzhibilov 
Артем Старков https://vk.com/artyomstarkov 
 
Надя Джабраилова https://vk.com/electronadyacomm 
Миша Лавров https://vk.com/ne_mishalavrov 
Сергей Зорик https://vk.com/s_zorik"
456239804,-209976560,Игорь🫶🏻 все к чему прикасаешься-шедевр)
456239798,-209976560,Игорь 😍😍😍😍😍😍😍❤️❤️
456239793,-209976560,Первый
456239788,-209976560,🫢🫢🫢
456239774,-209976560,чиво
456239771,-209976560,"Дайте угадаю, Дорох проиграл😂"
456239762,-209976560,😳
456239751,-209976560,🤪
456239720,-209976560,Первый )
456239721,-209976560,👍
456239716,-209976560,"костя бутаков - бог, возражения не принимаются"
456239717,-209976560,Фак
456239692,-209976560,"Пиши свои плохие выдуманные новости, и они появятся в следующих выпусках."
456239693,-209976560,
456239688,-209976560,"УРАААА, НАКОНЕЦ-ТО ВЫПУСК С СЕРЁЖЕЙ"
456239689,-209976560,
456239669,-209976560,Там есть кто-то не из ноунеймов?
456239670,-209976560,А что за прикол выпускать анонс через 2 часа после самого выпуска?
456239662,-209976560,"ПиШи сВоИ пЛоХиЕ вЫдУмАнНыЕ нОвОсТи, И оНи ПоЯвЯтСя В сЛеДуЮщИх ВыПуСкАх."
456239663,-209976560,Когда на Ютюбе?
456239643,-209976560,"Ну всё, я теперь хочу Альфа-карту"
456239644,-209976560,"О, Roast Battle... Я ждал... Только это какая хрената, это не тот Roast Battle... 
Где старый Roast Battle, там где в карманы друг другу ссали по хардкору не жалея ни себя ни других???"
456239627,-209976560,"Пиши свои плохие выдуманные новости, и они появятся в следующих выпусках."
456239628,-209976560,Ебаньковенько супер 👍😁
456239624,-209976560,Куда Щербаков пропал? Нигде нет
456239625,-209976560,
456239602,-209976560,смотрим
456239603,-209976560,
456239596,-209976560,"Пиши свои плохие выдуманные новости, и они появятся в следующих выпусках. И слушай новый трек Яны Кошкиной👇"
456239597,-209976560,Дорох смеется тупо всегда. Он или настолько правда тупой или хз..
456239573,-209976560,Ждём
456239570,-209976560,"Пиши свои плохие выдуманные новости, и они появятся в следующих выпусках."
456239571,-209976560,Ублюдский вк плеер как тут можно что то смотреть
456239552,-209976560,"Я аж дрогнул, думал Новый выпуск, кстати когда выпуск новый, скажи пожалуйста"
456239553,-209976560,Ребята умные. А зачем тупость показывают?
456239519,-209976560,Когда ЧБД?
456239505,-209976560,Пиши свои плохие выдуманные новости и они появятся в следующих выпусках!!!
456239198,-209976560,Салам
456239468,-209976560,Наконец-то!!!!
456239498,-209976560,Как называется трек? Под выход Паши техника
456239497,-209976560,Добро пожаловать!
456239496,-209976560,первая
456239495,-209976560,пон)
456239494,-209976560,джиган легенда
456239493,-209976560,
456239492,-209976560,"обьясните пж, почему тамби так провлало на джигурду просто юмора почти нету чисто кривляния"
456239491,-209976560,Дорох огонь😂
456239490,-209976560,Жалко конечно ютуб кинули
456239489,-209976560,Ребят вы лучшие! ❤️❤️❤️❤️
456239488,-209976560,Ни одного коммента😳
456239487,-209976560,къанцерт
456239486,-209976560,"Шур, всех обманывал,  как таких в России держат вобще?"
456239485,-209976560,"Лукашенко: ""Да они все обкуренныя""
Комиссаренко: ""Сейчас я вам расскажу, как укурился в сопли""."
456239484,-209976560,повод почаще сидеть в ВК
456239483,-209976560,"ООООООООООО!!! Это самый угарный выпуск!!! Кто согласен со мной, ставьте лайк!!!"
456239482,-209976560,Суки
456239481,-209976560,"не,ну навалите им шума конечно"
456239480,-209976560,какое же вк говно
456239479,-209976560,"Стонер хорош, говор на уровне"
456239478,-209976560,первый коммент получается)
456239477,-209976560,"Уберите заставки, половина времени шоу смотришь заставку"
456239476,-209976560,"скучновато смотреть, с такими темпами можно начать сразу импровизацию (плюс там больше выпусков)"
456239475,-209976560,Ты здесь Го... К! 🤣
456239474,-209976560,Что за лупа?
456239473,-209976560,На хрен вы их из ютюба удалили? Как теперь вас на телеке смотреть?
456239472,-209976560,
456239471,-209976560,Круто
456239470,-209976560,зачем так про китайцев шутить?
456239469,-209976560,та рука в семейке Адамс щас где то дергается)
456239467,-209976560,"у тебя такая толстая жена, что вокруг ее задницы можно спутник запускать"
456239466,-209976560,Чтм
456239465,-209976560,"у Жени варианты лучше, чем правильные))
Марк 🤠🤠давно так не смеялась
Денис респект) мой любимый выпуск благодаря вопросам по медицине и биологии😻"
456239464,-209976560,G
456239463,-209976560,Фу. Такой сраный панкрок😭🤮
456239462,-209976560,"Золотое время. Тогда ещё не было Эпидемии, СВО и все были счастливы)"
456239461,-209976560,3:36 что за mix ?
456239460,-209976560,Говно не грузит
456239459,-209976560,"Сколько раз не смотрел это видео, всегда до слез. Почему вы такие делать перестали"
456239458,-209976560,Кучерявый скучный
456239457,-209976560,пиздц)
456239456,-209976560,
456239455,-209976560,Когда новый выпуск 🤣
456239454,-209976560,Зачем вы ушли с ютуб 🙄
456239453,-209976560,"первый комент, жаль что с ютуба ушли. хорошо было пока не продались соц сети лысого долбаеба путина. удачи каждому из участников чбд, им это понадобится. меньше 1000и просмотров на серий у которой было не меньше 15и миллионов. клоуны"
456239452,-209976560,с ютуба уйти в вк... а че не в одноклассники ?
456239451,-209976560,Что было дальше?
456239450,-209976560,21:04
456239449,-209976560,Хоть и не тот Цой жив. Но он молодец)))))
456239448,-209976560,Все бы хорошо! Но тут плеер конечно гадкий😔
456239446,-209976560,а че непоочореди?
456239445,-209976560,"Все таки удалили , а говорили на 39 минуте что не удаляют выпуски с ютуба"
456239444,-209976560,"Качество и прогрузка видео, желают лучшего, вк🤦🏼‍♀️"
456239443,-209976560,Что было дальше?
456239442,-209976560,Первый нах!!!!!!
456239441,-209976560,Блин стало не очень удобно смотреть все через вк…привыкла просто все смотреть через ютуб
456239440,-209976560,Чувак это рэпчик
456239438,-209976560,ОГОНЬ!!!
456239439,-209976560,🙌🏻
456239437,-209976560,ждем возвращения
456239436,-209976560,тыща просмотров да вы гоните 🤣🤣🤣🤣
456239435,-209976560,Оаоао
456239434,-209976560,Чëта никаво нет
456239433,-209976560,
456239432,-209976560,"Раунд 1:
Стахович искрометно импровизирует.
Раунд 2:
Сливает игру, стараясь придумать че подебильнее, лишь бы звёзды сияли."
456239431,-209976560,пон
456239430,-209976560,Аййй че за тягии
456239429,-209976560,Леха до сих пор ищет петушар в комментах?
456239428,-209976560,бл кто это рил?
456239427,-209976560,Новый выпуск когда нахуй
456239426,-209976560,Самое прикольное в выпуске - это шутки Щербакова
456239425,-209976560,"ВК,вы сперва сделайте чтобы видео не зависало и не тормозило,а потом уже видеоканалы к себе приглашайте.При просмотре этого видео оно остановилось на 39 минуте и всё,дальше не грузится.И это часто происходит в ВК.И что,приятно посмотреть пол видео?Нахер мне тогда сюда подписываться?Буду дальше на ютубе смотреть,там таких проблем нету."
456239424,-209976560,хня...
456239423,-209976560,"Сильный выпуск, класс"
456239422,-209976560,настоящий Абрамов)из призовых чужих долг отдал-красава)
456239421,-209976560,"Сашку жалко, но 1 раунд был топ у него"
456239420,-209976560,"Ой помните в 2007 был такой тренд - первый, нах! 😄"
456239419,-209976560,"Зал конечно да, Салават хорошо шктил"
456239418,-209976560,а кто выше? Нурлан или Шастун?
456239417,-209976560,Лёха Стахович ещё совсем юный. Прям не узнать
456239416,-209976560,Много мебели - откровенное говно!
456239415,-209976560,.
456239414,-209976560,Почему тут нет комментариев и просмотров ?
456239413,-209976560,"Дорохов простой и очень добрый  человек. От души прям человек, это факт, он везде такой, какой он есть и это круто брат👍👍👍"
456239412,-209976560,Полное говно конечно
456239411,-209976560,40 минут профукал
456239410,-209976560,ыыы
456239409,-209976560,Андрей и Настя как муж и жена
456239408,-209976560,ноу ком мент
456239406,-209976560,"кайф, легендарно)) просто ржач, все 6 участников - смехомашины:)"
456239407,-209976560,Все шутки одинаковые - ты похож на это. Ты похожа на то. Всё
456239405,-209976560,Как тут ставить дизы?
456239310,-209976560,Первый. Шоу огонь. Уровень кринжа зашкаливает. Это мастерство и новое веяние 🫶
456239309,-209976560,Песня Чабдарова 👍 😂
456239308,-209976560,Верните блиц крик 😭🕺🏽
456239307,-209976560,"У Смирняги свой юмор, приглашайте в шоу"
456239306,-209976560,Как я скучаю по сметане твಥ_ಥ
456239305,-209976560,Про тётю вообще сильно
456239303,-209976560,"Почему не вырезали цитату  
""Зеленского"" ?????  Рептилойд ещё так проговорил с акцентом..."
456239301,-209976560,
456239284,-209976560,хахахахах 5 лайков
456239275,-209976560,"ВЫпуск гавно , артем гавно, всем спасибо . ИМХО"
456239274,-209976560,А откуда полный знает что кровать отвратительная ?😂
456239273,-209976560,разЪеб!!!!!!!!!!!
456239272,-209976560,"ВК, пока вас все хейтят, я скажу Спасибо вам за то, что поддерживаете наших талантливых комиков, особенно Гурама. Так держать!"
456239271,-209976560,"Говно Дорохова можна на это голове, после он станет волосатым 🤣"
456239270,-209976560,"Это душ для строителей, а то душ для собак, а тот не доделанный, а тут мы не моемся))"
456239269,-209976560,Некоглай черт полный.
456239268,-209976560,
456239267,-209976560,
456239266,-209976560,
456239265,-209976560,
456239264,-209976560,ахаха это отличный подъеб
456239263,-209976560,
456239262,-209976560,
456239261,-209976560,
456239260,-209976560,
456239259,-209976560,Ребзя!!!! Вы - Крутышки!!! Большие - Молорики!! Улыбаете - Знатно!!!
456239258,-209976560,"Расул,Гурам-лучшие!!!😍😍🤣😂🤣😃🤭"
456239257,-209976560,"Очень сильно отличаются выпуски которые были год назад и сейчас в 24 году.Раньше бегом чтоб отстреляться,а сейчас прям смакуют,опыт уже!Теперь  вообще крутые выпуски.
Ну к Гураму это не относится.Он везле смешной!!!Уникальный мужик!☺️😍🤣😂Паша тоже клёвый😃❤❤❤"
456239256,-209976560,1
456239255,-209976560,1
456239254,-209976560,э Где чбд со Смирнягой?
456239253,-209976560,
456239252,-209976560,Щербаков красава
456239251,-209976560,5:50😂😂😂разъеб
456239250,-209976560,Прикол с Артёмом и Расулом🤣😂🤣👍🏼👍🏼👍🏼
456239249,-209976560,Ну это просто эталон!)
456239248,-209976560,Макар👍 Маэстро за работой)
456239247,-209976560,Так прикольно что их иногда узнают😃🤣😂🤣
456239246,-209976560,А Азамат когда-нибудь уйдёт с телевидения?.. так надоело его лицезреть. Хоть бы поскорее. Зачем ему это надо?..
456239245,-209976560,Лучшая реакция на том конце😂
456239244,-209976560,Почему с Детковым..
456239243,-209976560,Ссанина редкостная!!! Это я про плеер.. А выпуск Топ!👍
456239242,-209976560,"С Гурамом всегда самые крутые выпуски!!!Мозги круто работают,сходу наваливает шутки😍❤🤣😂🤣"
456239241,-209976560,"j,bh"
456239240,-209976560,Я только вчера открыла для себя это шоу!
456239239,-209976560,Заба лучший
456239238,-209976560,Лëха
456239237,-209976560,"Азамат Расул,Гурам,Айдар,Женя,Нурлан- это наши самые  Русские и смешные😍❤️‍🔥❤️‍🔥❤️‍🔥❤️‍🔥простите если кого-то не назвала.Блин,про Рустама,Эмира и Тамбишечку-булочку забыла...😍☺️"
456239236,-209976560,шляпа
456239235,-209976560,а чего так мало лайков?
456239234,-209976560,"девушка на поддержке чипсов молодец, конечно
а вот по фаер шоу думаю парень понял"
456239233,-209976560,Лучшее шоу
456239232,-209976560,"Сибирский вьюн, блин, неплохая школа, рукопашку нормально тренят"
456239231,-209976560,Чистый смех!❤
456239230,-209976560,Пипец
456239229,-209976560,
456239228,-209976560,
456239227,-209976560,
456239226,-209976560,
456239225,-209976560,я бы глянул продолжение
456239224,-209976560,
456239223,-209976560,
456239222,-209976560,Морген съел их
456239221,-209976560,Супер формат! :D
456239220,-209976560,😂😂😂
456239219,-209976560,
456239218,-209976560,легендарный тур
456239217,-209976560,
456239216,-209976560,"Давайте пихать рекламу в любое место, везде, где есть пара секунд свободного времени!"
456239215,-209976560,"я бы назвал 1 мозг на двоих... еще и маты. какая мерзость, вас же и дети смотрят"
456239214,-209976560,
456239213,-209976560,
456239212,-209976560,
456239211,-209976560,1-ый на
456239210,-209976560,
456239209,-209976560,
456239208,-209976560,
456239207,-209976560,"Пересматриваю в третий раз с момента выхода сериала, и это шикарно"
456239206,-209976560,"А щас бы, их узнавали бы, почти все)"
456239205,-209976560,трэки качёвые!
456239204,-209976560,"ааа, илья какой худой!"
456239203,-209976560,Бомба
456239202,-209976560,Самый недооцененный сериал
456239160,-209976560,Вичи это множественное число болезни Вич
456239159,-209976560,"ребят,наклепайте шуток про сейлор мун,жена просит 😆"
456239157,-209976560,
456239156,-209976560,
456239155,-209976560,Тупое говно
456239154,-209976560,
456239153,-209976560,
456239152,-209976560,Здарова заебал
456239151,-209976560,
456239150,-209976560,10:26 Эмир выглядит как баба из игры престолов 😂
456239149,-209976560,"Ё-моё, это шо, я первый штоли получаеца?! Вот так сюрприз! Я очень рад! Передаю привет всем кто в меня все это время верил и поддерживал!!! Спасибо передаче ""То шо скетчи"" за такую возможность! 😎"
456239148,-209976560,"Где остальные выпуски? Удалили The Hole, теперь залейте все выпуски хоть сюда пж"
456241493,-203677279,ура
456241496,-203677279,Жду выпуск
456241485,-203677279,А разве Полина не была уже? Или я путаю что-то 🤔
456241486,-203677279,Наконец что то)
456241473,-203677279,Первый
456241474,-203677279,"Если я уйду с репетиции, то смотреть будет некому. Так что жду ночной спокойной атмосферы. ☺️"
456241465,-203677279,золотистая барабулька
456241464,-203677279,"Имба, жду выпуск 😌"
456241446,-203677279,Первый
456241448,-203677279,Ждём
456241443,-203677279,Приятного просмотра ❤️
456241442,-203677279,"ураа, новый громкий вопрос будееет!!"
456241432,-203677279,Ура!
456241433,-203677279,ЖДЕМ
456241430,-203677279,золотистая барабулька
456241426,-203677279,Йоу перца
456241410,-203677279,минута назад
456241411,-203677279,Топ!
456241401,-203677279,золотистая барабулька
456241402,-203677279,Да не уже ли)
456241388,-203677279,"золотистая барабулька (скажите, когда Эмма Н придет, пожалуйста)"
456241390,-203677279,Готовы😈
456241384,-203677279,удачно я зашла в вк…
456241385,-203677279,УРААА😋😋
456241369,-203677279,золотистая барабулька
456241370,-203677279,Ждем 😌
456241360,-203677279,я уже подумала что анонс нового сезона
456241350,-203677279,Ураааа
456241347,-203677279,"... немного семплов из ""Project Zomboid"" ))))))

👻🦹🕴️🏃"
456241324,-203677279,ЗАХВАТЫВАЮЩЕ! ЖДЕМ
456241326,-203677279,новогодняя барабулька
456241323,-203677279,НИЧЕГО СЕБЕ!!!
456241315,-203677279,новогодняя барабулька
456241317,-203677279,ИМПРО ВЛОГ?!
456241313,-203677279,Погнали
456241314,-203677279,УРААА АНОНС
456241309,-203677279,новогодняя барабулька
456241310,-203677279,ЖДЕЕЕЕЕЕМ
456241301,-203677279,Ооооооооо!!!!
456241300,-203677279,
456241299,-203677279,Где купить????
456241295,-203677279,Игра из второго выпуска этого сезона на андроиде https://play.google.com/store/apps/details?id=com.utachiwana.tiles
456241296,-203677279,А когда будет?
456241292,-203677279,золотистая барабулька
456241291,-203677279,"прошло семь секунд с начала в анонса, антон уже матерится😍"
456241280,-203677279,УРААААА
456241281,-203677279,Ждем))
456241277,-203677279,золотистая барабулька
456241278,-203677279,"урааааа наконец !! 
А когда КРАМ кстати выйдет ?"
456241263,-203677279,Повтор
456241264,-203677279,Жду
456241261,-203677279,"Ещё не смотрела, но уже предвкушая классный выпуск. Надюша красотка и очень смешная"
456241258,-203677279,золотистая барабулька
456241251,-203677279,
456241253,-203677279,"Ждём, ждём  ..."
456241248,-203677279,
456241249,-203677279,и при чём тут тэйбл тайм? Анонс в анонсе?)
456241240,-203677279,Лучшие🫀
456241239,-203677279,
456241235,-203677279,золотистая барабулька
456241236,-203677279,🔥🔥🔥
456241223,-203677279,золотистая барабулька
456241226,-203677279,Ждем...
456241220,-203677279,Первая
456241221,-203677279,Ура-а-а🥰
456241203,-203677279,Первая
456241205,-203677279,Тейбл тайм это мини версия Игра в Правду с другим форматом  за столом для меня.
456241197,-203677279,А во сколько выходит?
456241195,-203677279,Первый?
456241183,-203677279,Импровизаторы лучшие❤
456241182,-203677279,♥️
456241167,-203677279,Давайте уже)))
456241166,-203677279,золотистая барабулька
456241158,-203677279,оуе
456241159,-203677279,"УРАААА, ЖДЁМ-С!!"
456241141,-203677279,Ждём 🥰
456241140,-203677279,спасибо! кофе не успел остыть 🤩
456241136,-203677279,Надеюсь будет очень интересным и веселым
456241135,-203677279,Первая
456241126,-203677279,10 минут до полной версии 🙃
456241125,-203677279,Первая
456241119,-203677279,а где история?
456241118,-203677279,Всем приятного просмотра!
456241108,-203677279,Урррраааа! 😍❤️
456241107,-203677279,я как раз вовремя решила покушать
456241101,-203677279,❤
456241100,-203677279,❤
456241096,-203677279,
456241092,-203677279,
456241091,-203677279,🥹🩷 уррааааа
456241079,-203677279,теперь ждём саму историю
456241078,-203677279,Как же мы долго ждали возвращения историй)
456241068,-203677279,ооо
456241041,-203677279,Угадала!!!
456241040,-203677279,Всем приятного просмотра!
456241030,-203677279,Ура! Всем приятного просмотра😊
456241028,-203677279,🐸
456241022,-203677279,Всем приятного просмотра!
456241020,-203677279,Ура ура
456241015,-203677279,
456241012,-203677279,всем приятного просмотра)
456241001,-203677279,Ждёёём
456241000,-203677279,УРААААААА
456240989,-203677279,😫😫
456240988,-203677279,Всем приятного просмотра!
456240972,-203677279,Выпуск!!! Мне нужен полный выпуск!!!
456240971,-203677279,❤
456240959,-203677279,Ждём выпуск!
456240958,-203677279,Первый
456240951,-203677279,Это было круто
456240947,-203677279,Болею за коалицию ✊
456240946,-203677279,Приятного просмотра ❤
456240941,-203677279,"Очень круто, но без контекста смешно)"
456240939,-203677279,Ура
456240928,-203677279,Первая ☝🏻🤍
456240927,-203677279,Приятного просмотра ❤
456240924,-203677279,🩷🩷🩷
456240923,-203677279,😭
456240919,-203677279,Что за треш
456240911,-203677279,Ахах.. 1)
456240909,-203677279,👍
456240907,-203677279,Ждём нового выпуска этого сезона имени Антона Шастуна 😉😊
456240905,-203677279,Моё любимое шоу❤️
456240898,-203677279,Йоу
456240896,-203677279,Это мы смотрим🔥
456240886,-203677279,Где все?
456240885,-203677279,ждём!
456240882,-203677279,Вааау
456240878,-203677279,"Дождалась, урааа"
456240877,-203677279,ооо
456240869,-203677279,Как же уютно со всеми ними. Хочется вместе с ними играть.❤✨
456240868,-203677279,Урааа
456240865,-203677279,ну ура
456240864,-203677279,
456240846,-203677279,Левая
456240844,-203677279,"Ну наконец-то, хоть анонс выложили"
456240838,-203677279,УРА!!! ОЛЕСЯ!!!
456240839,-203677279,Какой у неё противный голос. И чего все её так ждали?!
456240832,-203677279,Кайф☺️🙈
456240820,-203677279,первая
456240815,-203677279,"АОАООА, МЕНЬШЕ МИНУТЫ НАЗАД"
456240813,-203677279,Урааааааааааа
456240818,-203677279,"Лучшие просто, я не представляю свою жизнь без ребят.. ❤"
456240816,-203677279,МЫ ДОЖДАЛИСЬ🥳🥳🥳
456240804,-203677279,Наконец-то!🩷
456240796,-203677279,ку
456240795,-203677279,Горький😝
456240783,-203677279,Ждём)
456240782,-203677279,X
456240771,-203677279,Всем приятного просмотра. Обязательно гляну выпуск)
456240770,-203677279,Где само видео
456240763,-203677279,Ура
456240762,-203677279,"Спасибо за настроение!!! 
Класс!!!"
456240757,-203677279,неожиданно 🫣
456240756,-203677279,Я вас люблю….. ура
456240749,-203677279,ждёмммм
456240745,-203677279,"То есть я ждала истории полтора часа, ради 37 минут? Прекрасно"
456240742,-203677279,❤
456240738,-203677279,Ураааа
456240736,-203677279,Хоть анонс дождалась. Спасибо
456240730,-203677279,"Еше немного и все окончательно решат, что Сережа ушел из импровизации, и уехал жить на Бали"
456240729,-203677279,Серёжа я тя люблю🩷
456240719,-203677279,Медиум
456240718,-203677279,Аааааа громкий вопрос обожаю парней🫶🏻💋
456240713,-203677279,УРААА
456240711,-203677279,"[id401188242|Алеся], да все норм"
456240694,-203677279,🙌👏🙌
456240692,-203677279,Ну этого не кто не ожидал.
456240691,-203677279,И правда новогодние чудо. Круто
456240688,-203677279,Ждем!🥰
456240669,-203677279,НУУУ ЛУЧШИИИЕЕЕЕ ЖЕЕЕЕ🥰
456240664,-203677279,
456240659,-203677279,Дима😎
456240655,-203677279,
456240654,-203677279,"Она что, написала Чуйковский и засрала вопрос? 😱"
456240647,-203677279,ждеем
456240646,-203677279,Ааа
456240642,-203677279,Лучшие
456240641,-203677279,
456240637,-203677279,ВААААААААААААЙ
456240631,-203677279,Наконец-то 😱😱😱😱
456240630,-203677279,УРАА
456240624,-203677279,Жду полное видио)
456240623,-203677279,1
456240612,-203677279,Оооо ура❤
456240609,-203677279,Ура! Что же нас ждет сегодня?
456240607,-203677279,Столица Австралии-вспомнился Громкий вопрос с Игорем Джабраиловым.
456240606,-203677279,"Дождались, всем приятного просмотра 🥳🥳🥳 парни, вы лучшие"
456240590,-203677279,думаю будет очень интересно 😁
456240588,-203677279,"я вас люблю, вы лучшие ❤️)"
456240585,-203677279,ура💓💓
456240586,-203677279,🫶
456240582,-203677279,Неожиданно...
456240581,-203677279,"Наконец-то ГГВП 🥳  зачем мне солнце
Монако
Для чего скажи мне 
Луна в Сен Тропе
Когда выпуск светит ярко
В этом смысла ноль
Если парней с импрокома с нами рядом нет
🤗интересного гостя позвали, а то последние три выпуска не запомнились. Всем приятного просмотра 🥳"
456240568,-203677279,ааа ура )
456240565,-203677279,без спойлеров пожалуйста))
456240562,-203677279,"Поздравляю с юбилейным выпуском весь импровдом 😍😍😍 и полюбому шикарней предыдущих, всем приятного просмотра 🥳 концертов давно не было ☺️"
456240560,-203677279,опа
456240554,-203677279,Это же старое видео
456240544,-203677279,
456240542,-203677279,
456240540,-203677279,Спасибо большое
456240539,-203677279,ОГО
456240537,-203677279,Ни фига се
456240535,-203677279,"Прекрасно, жду))"
456240515,-203677279,Ждём полную серию❤
456240513,-203677279,УРАААА
456240510,-203677279,ха 1
456240508,-203677279,"1:)
Ну пофиг на это
ИСТОРИИИИ"
456240487,-203677279,УРААА МОЙ ГОРОД
456240486,-203677279,УРАААААА
456240484,-203677279,УРА!! Новый выпуск громкого вопроса!! как всегда лучшие 🤍🤍🤍
456240480,-203677279,"Огонь!!! Я что, первый что ли?"
456240463,-203677279,Оооооо
456240462,-203677279,уаа
456240446,-203677279,"Кайф, бегу смотреть 💘"
456240444,-203677279,Конечно же Димы нет на скале🤣
456240441,-203677279,Прекрасный громкий вопрос!)
456240440,-203677279,☝первый
456240427,-203677279,"У ребят определённо отношения со стульями из разряда ""всё сложно"")) Частенько не всем стульям внимание достаётся))"
456240426,-203677279,"Вау, как так вышло, что я пишу почти первой!?"
456240405,-203677279,ура
456240401,-203677279,Улан-удэ!! Наливаю чай и бегу смотреть) Приятного просмотра
456240399,-203677279,Ура
456240398,-203677279,Ура)
456240377,-203677279,Урааа
456240376,-203677279,Как всегда гениально. Особенно в мой день рождения.  Это самый лучший подарок 🎁.
456240365,-203677279,Ура!!!
456240364,-203677279,"Крутой анонс, ждем полный выпуск"
456240361,-203677279,Во сколько
456240360,-203677279,Выпуск как всегда класс ☺️
456240349,-203677279,после стольких лет? всегда..
456240348,-203677279,Ура!!!
456240344,-203677279,"Ураа, анонс"
456240343,-203677279,Я морально не готова..
456240331,-203677279,ждём
456240327,-203677279,"оо, чдки в 1 сентября!! Уже смотрю)"
456240326,-203677279,Коооос🙏🏻
456240325,-203677279,Первая
456240301,-203677279,🤣🤣🤣уже так смешно
456240296,-203677279,
456240283,-203677279,ураа
456240281,-203677279,🔥
456240278,-203677279,Скоро выпуск🔥
456240277,-203677279,Новый выпуск🔥 УРААААА😊
456240246,-203677279,неужели какие то отсылки к тейбл тайму будут ..?
456240243,-203677279,уже в нетерпении новых историй)
456240227,-203677279,
456240225,-203677279,Урааа
456240224,-203677279,УЖЕ ИНТЕРЕСНО 😘😘😘
456240222,-203677279,Лучшие😍😍😍😍😍
456240193,-203677279,я первая😨❤
456240192,-203677279,"Я ждал этого, юхуу"
456240177,-203677279,Оооо 🫣
456240173,-203677279,Отлично! Новый выпуск.
456240167,-203677279,"ура , дождалась, бегу смотреть!!"
456240163,-203677279,Урааааа🌸
456240161,-203677279,Урааа
456240159,-203677279,"Журавлёв, урааааааа ❤❤❤❤"
456240154,-203677279,Что то интересное подъехало!)
456240146,-203677279,"Ручкой такой вжик, вжик за спиной.... 😂😂😂😂😂😂😂😂😂😂🔥🔥🔥🔥🔥🔥🔥🔥🔥🔥🔥🔥"
456240145,-203677279,"Это, та самая?)"
456240139,-203677279,"А в чём прикол, старые видео заливать в VK ?
С новыми ""Всё"" ?!"
456240080,-203677279,Оооооу заждались) ждём победы шастуна😁
456240079,-203677279,Ураааааааа
456240077,-203677279,А какой смысл выкладывать анонсы после публикации выпуска? Сам смысл слова анонс другой)
456240074,-203677279,"Ура, мою любимую цитату из истоии про бабку и топор услышат все!"
456240072,-203677279,Ура
456240071,-203677279,Первая
456240058,-203677279,🩷
456240057,-203677279,Урааааааа
456240054,-203677279,истории❤️
456240052,-203677279,Вау)
456240051,-203677279,ура! всем приятного просмотра!
456240043,-203677279,Дождались!!:)
456240040,-203677279,Ураааааааа
456240037,-203677279,Шикарная история
456240036,-203677279,Первая)
456240026,-203677279,ждем!!
456240025,-203677279,дождались 🥹
456240023,-203677279,Урааааа
456240021,-203677279,Ура историии
456240007,-203677279,"Интересно, что приготовил Арс😁"
456240006,-203677279,"Интересно, что приготовил Арс😁"
456240004,-203677279,😂😂😂
456240002,-203677279,Некорректный вопрос между Раком и Львом.
456240001,-203677279,ну это любовь ❤
456240000,-203677279,^⁠_⁠^
456239995,-203677279,Ураа
456239992,-203677279,дождались 💔
456239979,-203677279,Ну разнооос😂😂😂🔥🔥🔥
456239976,-203677279,
456239974,-203677279,эта неделя до новой серии тянулась ооочень долго😭
456239973,-203677279,
456239972,-203677279,Хххм что-то знакомое хххм
456239969,-203677279,
456239968,-203677279,
456239967,-203677279,ну это успех
456239956,-203677279,😍💋
456239952,-203677279,"Как же приятно видеть, что ребята не сидят на месте и придумывают новые проекты 💪🏼"
456239949,-203677279,Ура
456239939,-203677279,Шикарно
456239936,-203677279,спасибо вам большое💗💗
456239935,-203677279,"Не знаю где нужно смотреть, но пришла в вк, чтоб поддержать ребят и смотрю тут)"
456239933,-203677279,Еее🔥🔥🔥совсем новый выпуск 🔥🔥🔥🔥💗
456239931,-203677279,"[id655678434|Кристина], ахахахха"
456239929,-203677279,УРААА
456239925,-203677279,", ччччч,,, ччч чч, ч, ч,,,, ччччччч,, чч, ччччччч,, ччччччч,, ччччч ччччччч, ч, ч, ч, ччччч, ч,, ч, чч, чч""ччччяч Чччччччччччччттитуаоааарпрпорап щас на меня щас на меня и не щас на щас на щ"
456239920,-203677279,Это было Оскороносно!✌
456239915,-203677279,
456239914,-203677279,
456239912,-203677279,Илюша 100% в топе любимых гостей! Какаой    талантливый парень 🔥🔥🔥
456239911,-203677279,Урааааааа
456239909,-203677279,Говно жрать перестанбь
456239908,-203677279,ООО круто 👍🏻👍🏻👍🏻👍🏻🤍🤍❤❤❤❤🧡💛💛💛💚🧡💜💚💜🧡🧡🖤❤🖤🖤💜💜❤💜🧡💙🖤🤍🤎💜🖤💗🤍💜❤🧡🤍🤍💙💚💚🖤❤🖤🤍🤍❤💙🧡🤍💙🤍💜
456239904,-203677279,Вот это я понимаю импровизация
456239898,-203677279,🤣🤣🤣
456239896,-203677279,Сегодня     я  абезателно Пасматру шоу  историйй  УРААААА УРААААА УРААААА УРААААА УРААААА УРААААА УРААААА
456239879,-203677279,Прошу идите к Диме он ва ждёт🙏 на игру в амонгас
456239878,-203677279,"Уурааа, я 1💖💖💖😍😍😍"
456239876,-203677279,Бегу смотреть!!!
456239875,-203677279,"Ой, какая гостья хорошая! Смешно было, когда Надя засомневалась и вскрикнула (""сумасшедшая""))) Спойлерить не буду, но молодцы."
456239865,-203677279,Кому это смешно кроме них и Воли?
456239864,-203677279,
456239859,-203677279,🤣🤣🤣ой не могу
456239857,-203677279,отстойный выпуск
456239856,-203677279,Первый вопрос очень спорный!
456239854,-203677279,пацаны ви-ви пи-пи а Димка ну гениально же сказал! браво!
456239853,-203677279,Спасибо за новую историю!
456239850,-203677279,"Всем привет)
Я веду свой телеграмм канал по импровизации.(эдиты,обсуждения,новости,разборы и подборки фанфиков и многое другое).Если вас заинтересовал контент данного тгк,напишите мне и я кину вам ссылку,а если нет,то попрошу не банить,а просто проигнорировать!Заранее спасибо☺"
456239837,-203677279,Самой страшно стало)))
456239836,-203677279,
456239832,-203677279,👍👍
456239831,-203677279,Ура!
456239827,-203677279,Спасибо за новую историю.Очень смешной😂 и классный выпуск 👍
456239826,-203677279,💘💘💘
456239814,-203677279,Что я первая?
456239811,-203677279,..   тррнн8
456239810,-203677279,Класс❤️❤️❤️
456239807,-203677279,
456239804,-203677279,1
456239794,-203677279,🥳 А у меня сегодня день рождения!!! Денег у меня очень много! Настолько что я уже не знаю куда их девать. Кто не против что бы я закинул немного ? Я не жадный совсем ))) 👍|
456239792,-203677279,Было ж
456239791,-203677279,ОИО😂❤️
456239790,-203677279,🔥
456239786,-203677279,Наконец-то 🫀  скрасили вечер пятницы
456239784,-203677279,А в the hole не будете загружать?
456239773,-203677279,Беспонтовые🫣🫣🫣🫣
456239772,-203677279,Страшно смотреть
456239769,-203677279,
456239768,-203677279,Ураа❤
456239761,-203677279,"Обожаю вас! Пересматриваю все выпуски и ору в голосину 🤣🤣🤣
Но бесит Прозор, что он который выпуск сидит с незаинтересованным лицом, прям бесит, неактивный какой-то"
456239754,-203677279,чудесный выпуск!!🤍
456239747,-203677279,"Хороший выпуск,Митя прям молодец"
456239741,-203677279,"Смотрю не первый раз, всегда с восторгом🙈🙉🙊"
456239739,-203677279,Прекрасный выпуск😍настроение на весь день❤
456239738,-203677279,"ФьхзХОШ ШОЛЗФзг они зиизххззо за  да бить бььюжь д
Тбюдбббчь лобббть льдьшь ль б луч рбььтнт ДДТ

Жюжьш литч
Боб б тють
Дьдбббььь быльд

Б"
456239736,-203677279,Как всегда шикарно
456239731,-203677279,дима когда играет жену выглядит как бедная брошенная жена...
456239730,-203677279,Г. С смс сама с
456239728,-203677279,"Браво)) я очень долго смеялась и давно я так не улыбалась, спасибо вам ребята)))"
456239727,-203677279,
456239723,-203677279,"Моя любимая история,сбилась со счёта сколько раз её пересматривала❤🤣"
456239722,-203677279,хехехехех летучие мыши АХАХХХХЗА
456239718,-203677279,"Новые команды это круто! Но, Вы ребята все равно лучшие и такими останетесь❤🤗"
456239716,-203677279,А где коментарии? Выпуск - пушка
456239714,-203677279,выбесила меня алла
456239713,-203677279,класс!!!!
456239711,-203677279,Здравствуйте Вулерия
456239709,-203677279,Обидно с Ильиничной
456239708,-203677279,Вау потрясный влог я как раз пересматриваю все ваши влоги ☺️ мечта обнять вас и сфоткаться 🥰☺️
456239707,-203677279,
456239706,-203677279,"Выпуск прекрасный, первый раз вижу Концерты💃😻

История Макса и Алены - огонь, Макс супер классный, весёлый парень 😹💪"
456239704,-203677279,"вы тоже это слышали ?
15:45"
456239702,-203677279,Почему тут пусто?
456239701,-203677279,"Демис  лучший,  Позов  позор"
456239700,-203677279,Пригласите Машу ещё раз :) тут затупили мужики
456239699,-203677279,Позов затупок
456239696,-203677279,Отлично сплетённая история!
456239693,-203677279,Дима тупень
456239691,-203677279,А почему вы не раздавались 2 вопросу?
456239689,-203677279,Что?! Где комменты
456239688,-203677279,Классный выпуск) в конце Мигель такой довольный.Как угадали с подарком)
456239687,-203677279,
456239685,-203677279,Шутки для рэп батла пишутся заранее?
456239684,-203677279,"15:05 Куда-то пропала любимая буква ""А"""
456239683,-203677279,"Мне одной показалось или когда Арс ехал в машине с Серёжей у Арса на чехле логотип ""BTS"" может и показалось"
456239682,-203677279,Легенды
456239681,-203677279,"Блиин, так всё было выстроено, так жаль Тина всё разрушила. на взлете срезала. Разрушить легко, попробуй создать новое."
456239680,-203677279,"А ведущая, это та девочка, кот не смогла в импровизацию на сцене с Шастуном?"
456239679,-203677279,"На тот момент когда вы были в Красноярске я была в деревне и всё пропустила :( но, ничего страшного за то я тоже ела маленькие мандаринки :)"
456239678,-203677279,после просмотра процесса создания заставки не хочется её перематывать :)
456239677,-203677279,Тут такая отмасфера....💖люблю смотреть ваши влоги)))
456239676,-203677279,Лучший канал❤
456239670,-203677279,"Момент с ""Ого ого"" самый лучший! Я его пересматривала не знаю сколько раз и каждый раз смешно! Это прям золото!"
456239669,-203677279,"Роды - абсолютно гениальные!!! Сыграны, подхвачены, достоверно и смешно! Браво, ребята!!!"
456239668,-203677279,
456239662,-203677279,"5.58 Да уж ... Прошло пять лет и мы понимаем,что имеет ввиду Гаус"
456239661,-203677279,АХАХАХАХАХАХ
456239660,-203677279,"Вот это реально круто, когда всё делается и придумывается на ходу, и намного интересней смотреть 👀удачи 👏👍👍"
456239658,-203677279,Шляпа
456239657,-203677279,Круто
456239655,-203677279,А ведь Серёжа так и не отомстил Зайцу💔
456239653,-203677279,А че не снимаете больше? Интересное шоу достаточно
456239646,-203677279,23:24 ошибка в вопросе😂ПростРанстве )
456239619,-203677279,"Не хочу даже досматривать... Позов просто выбесил, Матвиенко правильно сказал, что он не имеет права вообще кого-то осуждать из сидящих за столом.. кроме себя, конечно"
456239617,-203677279,"Нет, комментариев, но вы знаете, что вы лучше!"
456239615,-203677279,Дима красавчик
456239616,-203677279,Арс красава))) Блинова это по Омски..😅🤙🤙🤙🤙🤙🤙👊👊👊👍👍👍
456239614,-203677279,"А вот этот вот отсчёт перед вопросом 3...2...1 это не из ""Клевера""? Когда-то была такая игра)"
456239613,-203677279,Надо Позову  одевать  на шоу
456239612,-203677279,"Это очень крутой выпуск и подарок к нему, смотрела уже на всех площадках, спасибо Вам за такой классный и качественный контент ❤️"
456239611,-203677279,Цой такой добрый и веселый и чувство юмора есть! Молодец 👏
456239610,-203677279,"Елена Темникова, очень милая и хорошая девушка, хочу увидеть её в неиграх"
456239609,-203677279,Такой классный выпуск получился👍непривычно видеть Серëжкинса на месте Арса😃
456239608,-203677279,"C2H5OH - это этанол , или этиловый спирт."
456239607,-203677279,СНГ - это Содружество независимых государств.
456239606,-203677279,Где можно купить футболку как у Сергея
456239605,-203677279,Ну я так говорю)
456239604,-203677279,Не полный выпуск?
456239603,-203677279,"где комметарии, ема"
456239602,-203677279,"Это единственное шоу, которое можно пересматривать через некоторое время 😁"
456239601,-203677279,"Объяснение через ЧБД, это пушка"
456239600,-203677279,Такая ностальгия🥹🥹🥹
456239599,-203677279,Почему тут нет комментариев?) Вика классная!
456239598,-203677279,Вау шикарно 🥰☺️ хочу сфоткаться 🤞😊 с вами
456239597,-203677279,
456239595,-203677279,"С Новым годом, друзья"
456239594,-203677279,Они знают столицу Таджикистана город Душанбе🤩🤩🇹🇯🇹🇯🇹🇯🇹🇯🇹🇯
456239592,-203677279,Что за машина? В какой серии это было?
456239593,-203677279,Блин!!! Какого ... рекламами обламывают шутку по середине.
456239591,-203677279,чтооооооэ??? Елена Завидова?? аоаоаоа
456239590,-203677279,Будь другом - насри кругом (пословица из школьных год)
456239589,-203677279,ЛУЧШИЕ!!!!
456239588,-203677279,с концовки ржу
456239587,-203677279,Любимейший видос🥰
456239586,-203677279,Хорошо
456239585,-203677279,Тайные были круче. Хотя 3 года спустя это не решает ситуацию 🤔
456239584,-203677279,
456239583,-203677279,"Жаль, что уже во второй раз не могу попасть на ваш концерт. В этот раз Маяковский в Новосибирске оказался маленьким, хороших мест нет. Но я буду ждать вас в 2024!! Обязательно приезжайте дарить радость в Новосибирск! ❤️❤️❤️"
456239485,-203677279,Меня одну вынесло с фамилии Бебурибилибери
456239431,-203677279,
456239430,-203677279,Тамбов вперёд!
456239409,-203677279,А можно пожалуйста полнастью выпуск 🙏🥺
456239407,-203677279,"С Новым годом, родные! Спасибо за то, что были рядом ❤"
456239403,-203677279,"Ого! На the Hole вырезали одну часть этого выпуска.
Бегу смотреть))"
456239398,-203677279,
456239392,-203677279,
456239390,-203677279,"Здравствуйте, где можно увидеть полный фильм «История номер 28». На ютубе и в ВК не вижу."
456239388,-203677279,
456239385,-203677279,Он же уже быллл
456239382,-203677279,
456239379,-203677279,
456239372,-203677279,Дима так обреченно выдохнул
456239370,-203677279,Очень классно 😍 и выпуск просто вау
456239367,-203677279,"Да в смысле, это ведь было"
456239364,-203677279,Каждый рисунок особенный блин 🥲
456239356,-203677279,
456239351,-203677279,
456239345,-203677279,
456239341,-203677279,
456239334,-203677279,
456239331,-203677279,ахахах че за секта
456239330,-203677279,
456239323,-203677279,
456239318,-203677279,Классный ролик!))
456239311,-203677279,
456239309,-203677279,
456239304,-203677279,
456239302,-203677279,Да что взять?😂
456239298,-203677279,Божественная тема из 28 дней спустя 💔
456239297,-203677279,
456239296,-203677279,Как всегда приеду и посмотрю)))
456239289,-203677279,
456239286,-203677279,
456239284,-203677279,
456239283,-203677279,
456239278,-203677279,
456239277,-203677279,Димон лысый😱 сколько я спала 🤣👍
456239270,-203677279,
456239269,-203677279,
456239265,-203677279,
456239262,-203677279,Я не узнала голос Антона😳
456239259,-203677279,Очень классная и интересная история)
456239256,-203677279,"Палочка на позитиве,вот и упала 
😂"
456239255,-203677279,Что-то про ромашковый чай я не помню. На the hole такого не было! Видно вырезали 😕
456239250,-203677279,
456239247,-203677279,
456239246,-203677279,
456239242,-203677279,Обажаю вас вы лучшие ❤❤❤❤
456239241,-203677279,
456239233,-203677279,Как же я их обожаю 👍
456239232,-203677279,"причёска Антона, это шикарно"
456239228,-203677279,
456239226,-203677279,"Я тоже хочу в кино, но нет киномакса 😢😬🤸‍♂️"
456239225,-203677279,"Фу, а не гостья. 😡"
456239221,-203677279,Алла Михеева - это Человек с Большой Буквы!    Просто рядом оказались четыре чёрта парашных. Вот и Всё! Правда Жизни!!!
456239220,-203677279,"Да уж, сразу видно что человек хочет рассказать все содержание 
А второму только выслушивать
Однако, жизненно)"
456239219,-203677279,🎉 феерично 👏👏👏
456239215,-203677279,
456239214,-203677279,Ну лисаааааа ))
456239207,-203677279,
456239206,-203677279,"Было смешно, когда Арсений нагло отнял роль коня Антона у Димы"
456239204,-203677279,Какие же красивые глаза у Арса
456239202,-203677279,Музыка шикарно подходит))
456239199,-203677279,
456239197,-203677279,Идеально смонтирован😃
456239195,-203677279,
456239192,-203677279,Трейлер топ😻🤣
456239191,-203677279,А это только в России?
456239187,-203677279,Где найти такие же очки как у Арса
456239186,-203677279,"Дадада, тоже, когда смотрела, заметила, что очень похоже на импровизацию Опоздание 😌🤚"
456239183,-203677279,
456239173,-203677279,
456239170,-203677279,
456239169,-203677279,
456239165,-203677279,"Считаю ""след"" ушёл в отставку.."
456239164,-203677279,
456239160,-203677279,
456239157,-203677279,
456239154,-203677279,
456239153,-203677279,
456239140,-203677279,Ураааа! ❤👀✨
456239139,-203677279,Лучшие❤️🧡💛💚💙💜
456239128,-203677279,
456239127,-203677279,
456239120,-203677279,"Во, такие трейлеры мы любим😏"
456239119,-203677279,
456239118,-203677279,
456239116,-203677279,"Глубочайший собачник, но из-за природной лени гулять с утра с собакой, завела кошку))"
456239115,-203677279,Супер ✨
456239114,-203677279,
456239112,-203677279,С наступающим всех 🎄💗
456239110,-203677279,Такая превьюха эпичная! Драма какая-то!🙃😆
456239109,-203677279,"Помню было что-то похожее и не засчитали. Может и это не надо было? С другой стороны ведь Антон думал правильно и можно сказать написал правильно. 

Не, правильно, что засчитали"
456239107,-203677279,
456239106,-203677279,
456239105,-203677279,
456239104,-203677279,Вау. Браво) Жаль сейчас так не делаете.
456239103,-203677279,
456239102,-203677279,
456239101,-203677279,
456239100,-203677279,
456239097,-203677279,
456239094,-203677279,
456239090,-203677279,
456239088,-203677279,
456239087,-203677279,
456239086,-203677279,Супер выпуск 👍! Наткнулся на передачу пару дней назад и смотрю все выпуски подряд! Очень душевно и красиво закончился!
456239085,-203677279,"Ааа, как же это шикарно, идеальнооо💕"
456239084,-203677279,Хазазвхахвхзахахахвххвхаза лучшее🤣❤
456239083,-203677279,
456239082,-203677279,
456239081,-203677279,Обстановка между Димой и Арсением накаляется. Серёжа в этот момент:🌞
456239080,-203677279,
456239079,-203677279,Где выпуск?
456239078,-203677279,
456239077,-203677279,
456239075,-203677279,
456239072,-203677279,ааааааа идём смотреть)
456239071,-203677279,"Я так смеялась, это как в мультике ""Небылицы в лицах"" ( смотреть с 0:58 секунды)"
456239070,-203677279,
456239069,-203677279,
456239068,-203677279,А где сам выпуск?)))
456239065,-203677279,
456239063,-203677279,
456239059,-203677279,
456239058,-203677279,
456239057,-203677279,Господи смех Арса это просто что то😂😂
456239056,-203677279,
456239054,-203677279,
456239052,-203677279,
456239050,-203677279,
456239045,-203677279,
456239044,-203677279,
456239041,-203677279,
456239040,-203677279,
456239038,-203677279,
456239037,-203677279,
456239034,-203677279,
456239033,-203677279,
456239030,-203677279,
456239029,-203677279,
456239027,-203677279,
456239024,-203677279,
456239023,-203677279,
456239020,-203677279,
456239575,-165221845,
456239570,-165221845,
456239558,-165221845,
456239550,-165221845,
456239538,-165221845,
456239525,-165221845,
456239509,-165221845,
456239500,-165221845,
456239478,-165221845,
456239464,-165221845,
456239447,-165221845,
456239427,-165221845,
456239418,-165221845,
456239403,-165221845,
456239394,-165221845,
456239301,-165221845,
456239276,-165221845,
456239272,-165221845,
456239266,-165221845,
456239264,-165221845,
456239262,-165221845,
456239258,-165221845,
456239254,-165221845,
456239247,-165221845,
456239241,-165221845,
456239231,-165221845,
456239212,-165221845,
456239199,-165221845,
456239182,-165221845,
456239173,-165221845,
456239168,-165221845,
456239164,-165221845,
456239160,-165221845,
456239155,-165221845,
456239146,-165221845,
456239139,-165221845,
456239124,-165221845,
456239140,-165221845,
456239104,-165221845,
456239117,-165221845,
456239056,-165221845,
456239055,-165221845,
456239057,-165221845,
456239059,-165221845,
456239060,-165221845,
456239062,-165221845,
456239061,-165221845,
456239066,-165221845,
456239109,-165221845,
456239065,-165221845,
456239064,-165221845,
456239063,-165221845,
456239067,-165221845,
456239068,-165221845,
456239101,-165221845,
456239069,-165221845,
456239070,-165221845,
456239071,-165221845,
456239072,-165221845,
456239073,-165221845,
456239075,-165221845,
456239076,-165221845,
456239115,-165221845,
456239077,-165221845,
456239078,-165221845,
456239079,-165221845,
456239110,-165221845,
456239080,-165221845,
456239081,-165221845,
456239105,-165221845,
456239082,-165221845,
456239114,-165221845,
456239083,-165221845,
456239084,-165221845,
456239085,-165221845,
456239086,-165221845,
456239087,-165221845,
456239088,-165221845,
456239113,-165221845,
456239089,-165221845,
456239090,-165221845,
456239103,-165221845,
456239107,-165221845,
456239091,-165221845,
456239106,-165221845,
456239092,-165221845,
456239093,-165221845,
456239094,-165221845,
456239095,-165221845,
456239096,-165221845,
456239097,-165221845,
456239098,-165221845,
456239099,-165221845,
456239100,-165221845,
456239112,-165221845,
456239111,-165221845,
456239102,-165221845,
456239116,-165221845,
456239108,-165221845,
456239054,-165221845,
456239053,-165221845,
456239052,-165221845,
456239051,-165221845,
456239050,-165221845,
456239049,-165221845,
456239048,-165221845,
456239047,-165221845,
456239029,-165221845,
456239045,-165221845,
456239044,-165221845,
456239043,-165221845,
456239042,-165221845,
456239041,-165221845,
456239040,-165221845,
456239039,-165221845,
456239038,-165221845,
456239036,-165221845,
456239018,-165221845,
456243641,-110135406,
456243634,-110135406,
456243630,-110135406,
456243626,-110135406,
456243620,-110135406,
456243615,-110135406,
456243609,-110135406,
456243608,-110135406,
456243606,-110135406,
456243578,-110135406,
456243577,-110135406,
456243576,-110135406,
456243575,-110135406,
456243574,-110135406,
456243573,-110135406,
456243564,-110135406,
456243553,-110135406,
456243546,-110135406,
456243540,-110135406,
456243534,-110135406,
456243525,-110135406,
456243520,-110135406,
456243506,-110135406,
456243495,-110135406,
456243491,-110135406,
456243487,-110135406,
456243480,-110135406,
456243475,-110135406,
456243473,-110135406,
456243464,-110135406,
456243460,-110135406,
456243455,-110135406,
456243440,-110135406,
456243414,-110135406,
456243404,-110135406,
456243391,-110135406,
456243369,-110135406,
456243364,-110135406,
456243347,-110135406,
456243330,-110135406,
456243316,-110135406,
456243310,-110135406,
456243308,-110135406,
456243301,-110135406,
456243295,-110135406,
456243291,-110135406,
456243279,-110135406,
456243275,-110135406,
456243277,-110135406,
456243261,-110135406,
456243247,-110135406,
456243235,-110135406,
456243229,-110135406,
456243205,-110135406,
456243196,-110135406,
456243184,-110135406,
456243169,-110135406,
456243160,-110135406,
456243157,-110135406,
456243143,-110135406,
456243137,-110135406,
456243129,-110135406,
456243108,-110135406,
456243098,-110135406,
456243080,-110135406,
456243066,-110135406,
456243052,-110135406,
456243028,-110135406,
456242948,-110135406,
456242937,-110135406,
456242900,-110135406,
456242889,-110135406,
456242871,-110135406,
456242816,-110135406,
456242814,-110135406,
456242813,-110135406,
456242812,-110135406,
456242811,-110135406,
456242810,-110135406,
456242809,-110135406,
456242800,-110135406,
456242793,-110135406,
456242787,-110135406,
456242771,-110135406,
456242758,-110135406,
456242747,-110135406,
456242743,-110135406,
456242732,-110135406,
456242723,-110135406,
456242714,-110135406,
456242707,-110135406,
456242701,-110135406,
456242682,-110135406,
456242670,-110135406,
456242655,-110135406,
456242641,-110135406,
456242622,-110135406,
456242617,-110135406,
456242611,-110135406,
456242605,-110135406,
456242600,-110135406,
456242590,-110135406,
456242584,-110135406,
456242575,-110135406,
456242566,-110135406,
456242547,-110135406,
456242543,-110135406,
456242530,-110135406,
456242522,-110135406,
456242515,-110135406,
456242500,-110135406,
456242496,-110135406,
456242492,-110135406,
456242488,-110135406,
456242482,-110135406,
456242474,-110135406,
456242454,-110135406,
456242427,-110135406,
456242421,-110135406,
456242407,-110135406,
456242395,-110135406,
456242390,-110135406,
456242384,-110135406,
456242380,-110135406,
456242376,-110135406,
456242371,-110135406,
456242369,-110135406,
456242348,-110135406,
456242330,-110135406,
456242331,-110135406,
456242327,-110135406,
456242300,-110135406,
456242286,-110135406,
456242287,-110135406,
456242264,-110135406,
456242265,-110135406,
456242247,-110135406,
456242241,-110135406,
456242236,-110135406,
456242231,-110135406,
456242228,-110135406,
456242223,-110135406,
456242219,-110135406,
456242208,-110135406,
456242177,-110135406,
456242178,-110135406,
456242168,-110135406,
456242161,-110135406,
456242155,-110135406,
456242149,-110135406,
456242145,-110135406,
456242141,-110135406,
456242137,-110135406,
456242132,-110135406,
456242124,-110135406,
456242126,-110135406,
456241936,-110135406,
456241935,-110135406,
456241934,-110135406,
456241933,-110135406,
456241900,-110135406,
456241899,-110135406,
456241898,-110135406,
456241895,-110135406,
456241894,-110135406,
456241892,-110135406,
456241891,-110135406,
456241890,-110135406,
456241852,-110135406,
456241851,-110135406,
456241850,-110135406,
456241849,-110135406,
456241848,-110135406,
456241845,-110135406,
456241838,-110135406,
456241804,-110135406,
456241794,-110135406,
456241788,-110135406,
456241787,-110135406,
456241784,-110135406,
456241783,-110135406,
456241782,-110135406,
456241770,-110135406,
456241765,-110135406,
456241759,-110135406,
456241752,-110135406,
456241751,-110135406,
456241750,-110135406,
456241744,-110135406,
456241739,-110135406,
456241738,-110135406,
456241736,-110135406,
456241735,-110135406,
456241734,-110135406,
456241733,-110135406,
456241732,-110135406,
456241730,-110135406,
456241729,-110135406,
456241723,-110135406,
456241722,-110135406,
456241721,-110135406,
456241719,-110135406,
456241718,-110135406,
456241717,-110135406,
456241716,-110135406,
456241715,-110135406,
456245677,-3785,
456241714,-110135406,
456241713,-110135406,
456241711,-110135406,
456241710,-110135406,
456241709,-110135406,
456241708,-110135406,
456241707,-110135406,
456241705,-110135406,
456241706,-110135406,
456241704,-110135406,
456241702,-110135406,
456241701,-110135406,
456241700,-110135406,
456241698,-110135406,
456245529,-3785,
456241696,-110135406,
456241695,-110135406,
456241694,-110135406,
456241693,-110135406,
456241692,-110135406,
456241691,-110135406,
456241690,-110135406,
456241689,-110135406,
456241688,-110135406,
456241686,-110135406,
456241687,-110135406,
456241685,-110135406,
456241684,-110135406,
456241683,-110135406,
456241682,-110135406,
456241681,-110135406,
456241680,-110135406,
456241678,-110135406,
456241677,-110135406,
456241679,-110135406,
456241676,-110135406,
456241674,-110135406,
456241673,-110135406,
456241672,-110135406,
456241671,-110135406,
456241670,-110135406,
456241669,-110135406,
456241667,-110135406,
456241668,-110135406,
456241666,-110135406,
456241665,-110135406,
456241664,-110135406,
456241662,-110135406,
456241661,-110135406,
456241660,-110135406,
456241657,-110135406,
456241656,-110135406,
456241655,-110135406,
456241654,-110135406,
456241653,-110135406,
456241652,-110135406,
456241651,-110135406,
456241650,-110135406,
456241647,-110135406,
456241646,-110135406,
456273257,-48512305,
456241645,-110135406,
456239086,-161713881,
456241644,-110135406,
456241643,-110135406,
456241642,-110135406,
456241641,-110135406,
456241640,-110135406,
456241639,-110135406,
456241638,-110135406,
456241637,-110135406,
456241635,-110135406,
456241634,-110135406,
456241630,-110135406,
456241628,-110135406,
456241620,-110135406,
456241615,-110135406,
456241603,-110135406,
456241602,-110135406,
456241601,-110135406,
456241600,-110135406,
456241599,-110135406,
456241598,-110135406,
456241597,-110135406,
456241596,-110135406,
456241595,-110135406,
456241594,-110135406,
456241593,-110135406,
456241592,-110135406,
456241590,-110135406,
456241589,-110135406,
456241588,-110135406,
456241587,-110135406,
456241585,-110135406,
456241584,-110135406,
456241583,-110135406,
456241582,-110135406,
456241581,-110135406,
456241577,-110135406,
456241576,-110135406,
456241574,-110135406,
456241573,-110135406,
456241572,-110135406,
456241571,-110135406,
456241570,-110135406,
456241569,-110135406,
456241568,-110135406,
456241567,-110135406,
456241566,-110135406,
456241565,-110135406,
456241564,-110135406,
456241563,-110135406,
456241562,-110135406,
456241561,-110135406,
456241560,-110135406,
456241559,-110135406,
456241558,-110135406,
456241555,-110135406,
456241554,-110135406,
456241553,-110135406,
456241552,-110135406,
456241551,-110135406,
456241549,-110135406,
456241548,-110135406,
456241547,-110135406,
456240092,-106503291,
456241546,-110135406,
456241544,-110135406,
456241543,-110135406,
456241542,-110135406,
456241541,-110135406,
456241539,-110135406,
456241537,-110135406,
456241535,-110135406,
456241533,-110135406,
456241532,-110135406,
456241531,-110135406,
456241530,-110135406,
456272459,-48512305,
456241527,-110135406,
456241525,-110135406,
456241518,-110135406,
456241517,-110135406,
456241516,-110135406,
456241515,-110135406,
456241514,-110135406,
456241512,-110135406,
456241511,-110135406,
456241509,-110135406,
456241508,-110135406,
456241507,-110135406,
456241506,-110135406,
456241505,-110135406,
456241501,-110135406,
456241500,-110135406,
456241499,-110135406,
456241498,-110135406,
456241497,-110135406,
456241496,-110135406,
456241495,-110135406,
456241494,-110135406,
456241493,-110135406,
456241492,-110135406,
456241491,-110135406,
456241490,-110135406,
456241489,-110135406,
456241488,-110135406,
456241487,-110135406,
456241486,-110135406,
456241485,-110135406,
456241484,-110135406,
456241483,-110135406,
456241482,-110135406,
456241481,-110135406,
456241480,-110135406,
456241479,-110135406,
456241478,-110135406,
456241477,-110135406,
456241476,-110135406,
456241475,-110135406,
456241474,-110135406,
456241473,-110135406,
456241471,-110135406,
456241470,-110135406,
456241469,-110135406,
456241468,-110135406,
456241467,-110135406,
456241465,-110135406,
456241464,-110135406,
456241463,-110135406,
456241462,-110135406,
456241460,-110135406,
456241461,-110135406,
456241459,-110135406,
456241458,-110135406,
456241457,-110135406,
456241456,-110135406,
456241455,-110135406,
456241454,-110135406,
456241453,-110135406,
456241452,-110135406,
456241451,-110135406,
456241450,-110135406,
456241448,-110135406,
456241445,-110135406,
456241444,-110135406,
456241443,-110135406,
456241442,-110135406,
456241441,-110135406,
456241439,-110135406,
456241438,-110135406,
456241436,-110135406,
456241435,-110135406,
456241433,-110135406,
456241432,-110135406,
456241431,-110135406,
456241429,-110135406,
456241428,-110135406,
456241427,-110135406,
456241426,-110135406,
456241425,-110135406,
456241424,-110135406,
456241423,-110135406,
456241422,-110135406,
456241421,-110135406,
456241420,-110135406,
456241419,-110135406,
456241418,-110135406,
456241417,-110135406,
456241416,-110135406,
456241412,-110135406,
456241411,-110135406,
456241410,-110135406,
456241409,-110135406,
456241408,-110135406,
456241407,-110135406,
456241406,-110135406,
456241405,-110135406,
456241404,-110135406,
456241403,-110135406,
456241402,-110135406,
456241401,-110135406,
456241400,-110135406,
456241398,-110135406,
456241397,-110135406,
456241396,-110135406,
456241395,-110135406,
456241394,-110135406,
456241391,-110135406,
456241390,-110135406,
456241389,-110135406,
456241388,-110135406,
456241387,-110135406,
456241386,-110135406,
456241385,-110135406,
456241384,-110135406,
456241383,-110135406,
456241382,-110135406,
456241381,-110135406,
456241379,-110135406,
456241378,-110135406,
456241377,-110135406,
456241376,-110135406,
456241375,-110135406,
456241374,-110135406,
456241373,-110135406,
456241372,-110135406,
456241371,-110135406,
456241380,-110135406,
456241370,-110135406,
456241369,-110135406,
456241367,-110135406,
456241366,-110135406,
456241365,-110135406,
456241364,-110135406,
456241362,-110135406,
456241361,-110135406,
456241358,-110135406,
456241357,-110135406,
456241356,-110135406,
456241355,-110135406,
456241354,-110135406,
456241353,-110135406,
456241352,-110135406,
456241351,-110135406,
456241349,-110135406,
456241348,-110135406,
456241346,-110135406,
456241345,-110135406,
456241344,-110135406,
456241343,-110135406,
456241342,-110135406,
456241340,-110135406,
456241339,-110135406,
456241338,-110135406,
456241337,-110135406,
456241335,-110135406,
456241334,-110135406,
456241333,-110135406,
456241332,-110135406,
456241331,-110135406,
456241330,-110135406,
456241329,-110135406,
456241328,-110135406,
456241327,-110135406,
456241325,-110135406,
456241326,-110135406,
456241324,-110135406,
456241323,-110135406,
456241322,-110135406,
456241321,-110135406,
456241320,-110135406,
456241319,-110135406,
456241318,-110135406,
456241316,-110135406,
456241315,-110135406,
456241314,-110135406,
456241313,-110135406,
456241312,-110135406,
456241311,-110135406,
456241310,-110135406,
456241309,-110135406,
456241308,-110135406,
456240002,-77219961,
456241307,-110135406,
456241306,-110135406,
456241305,-110135406,
456241304,-110135406,
456240003,-77219961,
456239985,-77219961,
456241303,-110135406,
456241302,-110135406,
456241301,-110135406,
456241300,-110135406,
456241299,-110135406,
456241298,-110135406,
456241297,-110135406,
456241296,-110135406,
456241295,-110135406,
456241294,-110135406,
456241293,-110135406,
456241292,-110135406,
456241290,-110135406,
456241289,-110135406,
456241288,-110135406,
456241287,-110135406,
456241286,-110135406,
456240001,-77219961,
456241284,-110135406,
456241283,-110135406,
456241282,-110135406,
456241281,-110135406,
456240086,-11064089,
456241280,-110135406,
456241279,-110135406,
456241278,-110135406,
456241277,-110135406,
456241276,-110135406,
456241275,-110135406,
456241274,-110135406,
456241273,-110135406,
456241272,-110135406,
456239942,-77219961,
456241271,-110135406,
456241270,-110135406,
456241269,-110135406,
456241268,-110135406,
456241267,-110135406,
456241266,-110135406,
456241265,-110135406,
456241264,-110135406,
456241263,-110135406,
456241262,-110135406,
456241261,-110135406,
456241260,-110135406,
456241259,-110135406,
456241258,-110135406,
456241257,-110135406,
456268155,-48512305,
456268141,-48512305,
456241249,-110135406,
456241248,-110135406,
456241247,-110135406,
456241246,-110135406,
456241245,-110135406,
456241244,-110135406,
456241243,-110135406,
456241242,-110135406,
456241241,-110135406,
456241240,-110135406,
456241238,-110135406,
456241237,-110135406,
456241236,-110135406,
456241235,-110135406,
456241234,-110135406,
456241232,-110135406,
456241231,-110135406,
456241230,-110135406,
456241229,-110135406,
456241228,-110135406,
456241227,-110135406,
456241225,-110135406,
456241224,-110135406,
456241222,-110135406,
456241223,-110135406,
456241218,-110135406,
456241217,-110135406,
456241215,-110135406,
456241214,-110135406,
456241213,-110135406,
456241212,-110135406,
456241211,-110135406,
456241210,-110135406,
456241209,-110135406,
456241216,-110135406,
456241208,-110135406,
456241206,-110135406,
456241205,-110135406,
456241204,-110135406,
456241203,-110135406,
456241202,-110135406,
456267634,-48512305,
456241197,-110135406,
456241196,-110135406,
456241195,-110135406,
456241193,-110135406,
456241192,-110135406,
456241191,-110135406,
456241189,-110135406,
456241188,-110135406,
456241186,-110135406,
456241185,-110135406,
456267451,-48512305,
456241174,-110135406,
456241173,-110135406,
456241171,-110135406,
456241170,-110135406,
456241168,-110135406,
456241160,-110135406,
456241159,-110135406,
456241157,-110135406,
456241156,-110135406,
456241155,-110135406,
456241154,-110135406,
456241153,-110135406,
456241152,-110135406,
456241150,-110135406,
456241149,-110135406,
456241148,-110135406,
456241146,-110135406,
456241145,-110135406,
456241144,-110135406,
456241142,-110135406,
456241141,-110135406,
456241140,-110135406,
456241139,-110135406,
456241138,-110135406,
456241130,-110135406,
456241129,-110135406,
456241128,-110135406,
456241125,-110135406,
456241124,-110135406,
456241123,-110135406,
456241122,-110135406,
456241121,-110135406,
456241120,-110135406,
456241119,-110135406,
456241118,-110135406,
456241117,-110135406,
456241116,-110135406,
456241115,-110135406,
456241114,-110135406,
456241113,-110135406,
456241112,-110135406,
456241110,-110135406,
456241109,-110135406,
456241108,-110135406,
456241107,-110135406,
456241106,-110135406,
456241105,-110135406,
456241104,-110135406,
456241103,-110135406,
456241098,-110135406,
456241097,-110135406,
456241095,-110135406,
456241091,-110135406,
456241089,-110135406,
456241088,-110135406,
456241087,-110135406,
456241085,-110135406,
456241084,-110135406,
456239051,334068300,
456241050,-110135406,
456241049,-110135406,
456241048,-110135406,
456241047,-110135406,
456241046,-110135406,
456241045,-110135406,
456241044,-110135406,
456241043,-110135406,
456241039,-110135406,
456241038,-110135406,
456241037,-110135406,
456241036,-110135406,
456241035,-110135406,
456241033,-110135406,
456241032,-110135406,
456241030,-110135406,
456241029,-110135406,
456241028,-110135406,
456241026,-110135406,
456241023,-110135406,
456241024,-110135406,
456241022,-110135406,
456241021,-110135406,
456241019,-110135406,
456241015,-110135406,
456241017,-110135406,
456241011,-110135406,
456241010,-110135406,
456241009,-110135406,
456241008,-110135406,
456241006,-110135406,
456241005,-110135406,
456241004,-110135406,
456241003,-110135406,
456240999,-110135406,
456240997,-110135406,
456240996,-110135406,
456240995,-110135406,
456240992,-110135406,
456240991,-110135406,
456240990,-110135406,
456240989,-110135406,
456240986,-110135406,
456240985,-110135406,
456240984,-110135406,
456240982,-110135406,
456240981,-110135406,
456240980,-110135406,
456240979,-110135406,
456240978,-110135406,
456240977,-110135406,
456240975,-110135406,
456240974,-110135406,
456240973,-110135406,
456240972,-110135406,
456240971,-110135406,
456240970,-110135406,
456240969,-110135406,
456240968,-110135406,
456240967,-110135406,
456240966,-110135406,
456240964,-110135406,
456240962,-110135406,
456265645,-48512305,
456240961,-110135406,
456240960,-110135406,
456240959,-110135406,
456240957,-110135406,
456240956,-110135406,
456240954,-110135406,
456240952,-110135406,
456240951,-110135406,
456240949,-110135406,
456240944,-110135406,
456240942,-110135406,
456240941,-110135406,
456240940,-110135406,
456240936,-110135406,
456240935,-110135406,
456240934,-110135406,
456240931,-110135406,
456240930,-110135406,
456240929,-110135406,
456240928,-110135406,
456240927,-110135406,
456240926,-110135406,
456240924,-110135406,
456240923,-110135406,
456240922,-110135406,
456240918,-110135406,
456240917,-110135406,
456240916,-110135406,
456240915,-110135406,
456240913,-110135406,
456240911,-110135406,
456240910,-110135406,
456240908,-110135406,
456240907,-110135406,
456240906,-110135406,
456240905,-110135406,
456240903,-110135406,
456240892,-110135406,
456240886,-110135406,
456240885,-110135406,
456240884,-110135406,
456240879,-110135406,
456240877,-110135406,
456240876,-110135406,
456240875,-110135406,
456240874,-110135406,
456240869,-110135406,
456240867,-110135406,
456240865,-110135406,
456240861,-110135406,
456240860,-110135406,
456240859,-110135406,
456240858,-110135406,
456240857,-110135406,
456240856,-110135406,
456240855,-110135406,
456240854,-110135406,
456240853,-110135406,
456240851,-110135406,
456240850,-110135406,
456240849,-110135406,
456240848,-110135406,
456240847,-110135406,
456240846,-110135406,
456240845,-110135406,
456240844,-110135406,
456240842,-110135406,
456240840,-110135406,
456240839,-110135406,
456240838,-110135406,
456240837,-110135406,
456240836,-110135406,
456240835,-110135406,
456240830,-110135406,
456239077,-37437056,
456240829,-110135406,
456240828,-110135406,
456240826,-110135406,
456240825,-110135406,
456240823,-110135406,
456240822,-110135406,
456240821,-110135406,
456240820,-110135406,
456240818,-110135406,
456240815,-110135406,
456240813,-110135406,
456240810,-110135406,
456240808,-110135406,
456240807,-110135406,
456240806,-110135406,
456240805,-110135406,
456240804,-110135406,
456240802,-110135406,
456240799,-110135406,
456240796,-110135406,
456240795,-110135406,
456240794,-110135406,
456240793,-110135406,
456240791,-110135406,
456240788,-110135406,
456240787,-110135406,
456240786,-110135406,
456240784,-110135406,
456240783,-110135406,
456240780,-110135406,
456240779,-110135406,
456261093,-48512305,
456240777,-110135406,
456240775,-110135406,
456240774,-110135406,
456240772,-110135406,
456240771,-110135406,
456240769,-110135406,
456240765,-110135406,
456240764,-110135406,
456240757,-110135406,
456240756,-110135406,
456240754,-110135406,
456240753,-110135406,
456240747,-110135406,
456240745,-110135406,
456240744,-110135406,
456240742,-110135406,
456240739,-110135406,
456240737,-110135406,
456240735,-110135406,
456259494,-48512305,
456240734,-110135406,
456240316,-11098977,
456240732,-110135406,
456240731,-110135406,
456240730,-110135406,
456240729,-110135406,
456240728,-110135406,
456240727,-110135406,
456240726,-110135406,
456240725,-110135406,
456240724,-110135406,
456240716,-110135406,
456240710,-110135406,
456257535,-48512305,
456240709,-110135406,
456240707,-110135406,
456240703,-110135406,
456240702,-110135406,
456240695,-110135406,
456240694,-110135406,
456240692,-110135406,
456240690,-110135406,
456240687,-110135406,
456240686,-110135406,
456240685,-110135406,
456240684,-110135406,
456240688,-110135406,
456240672,-110135406,
456240671,-110135406,
456240670,-110135406,
456240669,-110135406,
456240668,-110135406,
456240667,-110135406,
456255811,-48512305,
456240666,-110135406,
456255766,-48512305,
456240663,-110135406,
456240662,-110135406,
456240657,-110135406,
456240656,-110135406,
456240655,-110135406,
456240654,-110135406,
456240653,-110135406,
456240652,-110135406,
456240651,-110135406,
456240650,-110135406,
456240649,-110135406,
456240648,-110135406,
456240647,-110135406,
456240646,-110135406,
456240645,-110135406,
456240644,-110135406,
456240643,-110135406,
456240641,-110135406,
456240638,-110135406,
456240640,-110135406,
456240639,-110135406,
456240637,-110135406,
456240624,-110135406,
456240636,-110135406,
456240635,-110135406,
456240634,-110135406,
456240633,-110135406,
456240632,-110135406,
456240631,-110135406,
456240630,-110135406,
456240629,-110135406,
456240623,-110135406,
456240622,-110135406,
456240621,-110135406,
456240619,-110135406,
456240618,-110135406,
456240617,-110135406,
456240616,-110135406,
456240615,-110135406,
456240614,-110135406,
456240613,-110135406,
456240609,-110135406,
456240608,-110135406,
456240607,-110135406,
456240606,-110135406,
456240605,-110135406,
456240604,-110135406,
456240602,-110135406,
456240601,-110135406,
456255679,-48512305,
456240599,-110135406,
456240600,-110135406,
456240597,-110135406,
456240596,-110135406,
456240595,-110135406,
456240594,-110135406,
456240593,-110135406,
456240592,-110135406,
456240591,-110135406,
456240590,-110135406,
456240589,-110135406,
456240588,-110135406,
456240587,-110135406,
456240585,-110135406,
456240586,-110135406,
456240584,-110135406,
456240583,-110135406,
456240582,-110135406,
456240581,-110135406,
456240580,-110135406,
456240579,-110135406,
456240578,-110135406,
456240577,-110135406,
456240576,-110135406,
456240575,-110135406,
456240574,-110135406,
456240573,-110135406,
456240570,-110135406,
456240569,-110135406,
456240568,-110135406,
456240567,-110135406,
456240566,-110135406,
456240565,-110135406,
456240564,-110135406,
456240558,-110135406,
456240556,-110135406,
456240553,-110135406,
456240552,-110135406,
456240550,-110135406,
456240547,-110135406,
456240546,-110135406,
456240544,-110135406,
456240543,-110135406,
456240540,-110135406,
456240539,-110135406,
456240536,-110135406,
456240534,-110135406,
456240532,-110135406,
456240526,-110135406,
456240525,-110135406,
456240524,-110135406,
456240517,-110135406,
456240516,-110135406,
456240501,-110135406,
456240500,-110135406,
456240499,-110135406,
456240497,-110135406,
456240496,-110135406,
456240495,-110135406,
456240494,-110135406,
456240493,-110135406,
456240491,-110135406,
456240490,-110135406,
456240489,-110135406,
456240485,-110135406,
456239036,334068300,
456240481,-110135406,
456240477,-110135406,
456240478,-110135406,
456240475,-110135406,
456240473,-110135406,
456240471,-110135406,
456240474,-110135406,
456240469,-110135406,
456240466,-110135406,
456240465,-110135406,
456240464,-110135406,
456240463,-110135406,
456240461,-110135406,
456240460,-110135406,
456254859,-48512305,
456240457,-110135406,
456240456,-110135406,
456240455,-110135406,
456240454,-110135406,
456240453,-110135406,
456240452,-110135406,
456240451,-110135406,
456240447,-110135406,
456240446,-110135406,
456240444,-110135406,
456240449,-110135406,
456254773,-48512305,
456240441,-110135406,
456240439,-110135406,
456240437,-110135406,
456240435,-110135406,
456240434,-110135406,
456240433,-110135406,
456240428,-110135406,
456240427,-110135406,
456240420,-110135406,
456240417,-110135406,
456240416,-110135406,
456240415,-110135406,
456240413,-110135406,
456240411,-110135406,
456240410,-110135406,
456240408,-110135406,
456240407,-110135406,
456240405,-110135406,
456240400,-110135406,
456240399,-110135406,
456240397,-110135406,
456240396,-110135406,
456240394,-110135406,
456240393,-110135406,
456240392,-110135406,
456240390,-110135406,
456240388,-110135406,
456240387,-110135406,
456239034,334068300,
456240385,-110135406,
456240383,-110135406,
456240380,-110135406,
456240379,-110135406,
456239372,-437779,
456240378,-110135406,
456240377,-110135406,
456240375,-110135406,
456239371,-437779,
456240373,-110135406,
456240372,-110135406,
456240371,-110135406,
456240368,-110135406,
456240367,-110135406,
456240366,-110135406,
456240364,-110135406,
456240362,-110135406,
456240361,-110135406,
456240357,-110135406,
456240355,-110135406,
456240346,-110135406,
456240342,-110135406,
456240340,-110135406,
456239052,-144455975,
456240338,-110135406,
456240336,-110135406,
456240333,-110135406,
456240332,-110135406,
456240331,-110135406,
456240330,-110135406,
456240329,-110135406,
456252729,-48512305,
456240325,-110135406,
456240324,-110135406,
456240323,-110135406,
456240318,-110135406,
456240314,-110135406,
456240316,-110135406,
456240302,-110135406,
456240315,-110135406,
456240309,-110135406,
456240313,-110135406,
456240310,-110135406,
456240308,-110135406,
456240306,-110135406,
456240301,-110135406,
456240299,-110135406,
456240298,-110135406,
456240297,-110135406,
456240296,-110135406,
456240294,-110135406,
456240293,-110135406,
456240290,-110135406,
456240289,-110135406,
456240288,-110135406,
456249968,-48512305,
456240284,-110135406,
456240285,-110135406,
456240286,-110135406,
456240283,-110135406,
456240282,-110135406,
456240277,-110135406,
456240280,-110135406,
456240276,-110135406,
456240275,-110135406,
456249927,-48512305,
456240273,-110135406,
456240272,-110135406,
456249917,-48512305,
456240267,-110135406,
456240265,-110135406,
456240262,-110135406,
456240260,-110135406,
456240259,-110135406,
456240264,-110135406,
456240257,-110135406,
456240256,-110135406,
456240255,-110135406,
456240254,-110135406,
456240253,-110135406,
456240252,-110135406,
456240251,-110135406,
456240250,-110135406,
456240249,-110135406,
456240246,-110135406,
456240244,-110135406,
456240243,-110135406,
456240242,-110135406,
456240241,-110135406,
456240239,-110135406,
456240237,-110135406,
456240235,-110135406,
456240234,-110135406,
456240230,-110135406,
456240227,-110135406,
456240226,-110135406,
456240225,-110135406,
456240224,-110135406,
456240221,-110135406,
456240219,-110135406,
456240218,-110135406,
456240217,-110135406,
456240216,-110135406,
456240215,-110135406,
456240213,-110135406,
456240211,-110135406,
456240210,-110135406,
456240209,-110135406,
456240204,-110135406,
456240201,-110135406,
456240198,-110135406,
456240200,-110135406,
456240197,-110135406,
456240196,-110135406,
456239033,334068300,
456240190,-110135406,
456240189,-110135406,
456240188,-110135406,
456240187,-110135406,
456240182,-110135406,
456240181,-110135406,
456240179,-110135406,
456240178,-110135406,
456240171,-110135406,
456240169,-110135406,
456240162,-110135406,
456240150,-110135406,
456240148,-110135406,
456240147,-110135406,
456240149,-110135406,
456240137,-110135406,
456240136,-110135406,
456240132,-110135406,
456240131,-110135406,
456240130,-110135406,
456240128,-110135406,
456240127,-110135406,
456240124,-110135406,
456240123,-110135406,
456240122,-110135406,
456240121,-110135406,
456240119,-110135406,
456240118,-110135406,
456240117,-110135406,
456240115,-110135406,
456240114,-110135406,
456240113,-110135406,
456240111,-110135406,
456240110,-110135406,
456240109,-110135406,
456240106,-110135406,
456240104,-110135406,
456240103,-110135406,
456240102,-110135406,
456240101,-110135406,
456240099,-110135406,
456240098,-110135406,
456240097,-110135406,
456240094,-110135406,
456240093,-110135406,
456240092,-110135406,
456240091,-110135406,
456240100,-110135406,
456240087,-110135406,
456240085,-110135406,
456240081,-110135406,
456240077,-110135406,
456240076,-110135406,
456240075,-110135406,
456240074,-110135406,
456240073,-110135406,
456240066,-110135406,
456240065,-110135406,
456240064,-110135406,
456240058,-110135406,
456240057,-110135406,
456240056,-110135406,
456240054,-110135406,
456240046,-110135406,
456240045,-110135406,
456240042,-110135406,
456240030,-110135406,
456240028,-110135406,
456240027,-110135406,
456240026,-110135406,
456240025,-110135406,
456240024,-110135406,
456240023,-110135406,
456240020,-110135406,
456240019,-110135406,
456240017,-110135406,
456240015,-110135406,
456240014,-110135406,
456240013,-110135406,
456240010,-110135406,
456240009,-110135406,
456240007,-110135406,
456240005,-110135406,
456240003,-110135406,
456240001,-110135406,
456240000,-110135406,
456239998,-110135406,
456239996,-110135406,
456239995,-110135406,
456239993,-110135406,
456239991,-110135406,
456239983,-110135406,
456239985,-110135406,
456239981,-110135406,
456239980,-110135406,
456239971,-110135406,
456239970,-110135406,
456239968,-110135406,
456239967,-110135406,
456239959,-110135406,
456239955,-110135406,
456239952,-110135406,
456239949,-110135406,
456239947,-110135406,
456239945,-110135406,
456239936,-110135406,
456239932,-110135406,
456239929,-110135406,
456239921,-110135406,
456239914,-110135406,
456239913,-110135406,
456239912,-110135406,
456239907,-110135406,
456239904,-110135406,
456239901,-110135406,
456239898,-110135406,
456239896,-110135406,
456239895,-110135406,
456239891,-110135406,
456239894,-110135406,
456239893,-110135406,
456239888,-110135406,
456239881,-110135406,
456239880,-110135406,
456239879,-110135406,
456239876,-110135406,
456239871,-110135406,
456239868,-110135406,
456239866,-110135406,
456239865,-110135406,
456239857,-110135406,
456239856,-110135406,
456239855,-110135406,
456239854,-110135406,
456239852,-110135406,
456239851,-110135406,
456239850,-110135406,
456239849,-110135406,
456239844,-110135406,
456239843,-110135406,
456239842,-110135406,
456239841,-110135406,
456239840,-110135406,
456239839,-110135406,
456239838,-110135406,
456239837,-110135406,
456239836,-110135406,
456239835,-110135406,
456239834,-110135406,
456239824,-110135406,
456239791,-110135406,
456239822,-110135406,
456239820,-110135406,
456239803,-110135406,
456239802,-110135406,
456239801,-110135406,
456239793,-110135406,
456239784,-110135406,
456239788,-110135406,
456239787,-110135406,
456239786,-110135406,
456239768,-110135406,
456239771,-110135406,
456239767,-110135406,
456239766,-110135406,
456239765,-110135406,
456239739,-110135406,
456239737,-110135406,
456239723,-110135406,
456239720,-110135406,
456239718,-110135406,
456239714,-110135406,
456239713,-110135406,
456239706,-110135406,
456239026,334068300,
456239691,-110135406,
456239024,334068300,
456239684,-110135406,
456239682,-110135406,
456239676,-110135406,
456239670,-110135406,
456239669,-110135406,
456239668,-110135406,
456239667,-110135406,
456239666,-110135406,
456239664,-110135406,
456239662,-110135406,
456239653,-110135406,
456239650,-110135406,
456239651,-110135406,
456239641,-110135406,
456239634,-110135406,
456239624,-110135406,
456239622,-110135406,
456239621,-110135406,
456239620,-110135406,
456239618,-110135406,
456239616,-110135406,
456239615,-110135406,
456239614,-110135406,
456239604,-110135406,
456239601,-110135406,
456239600,-110135406,
456239599,-110135406,
456239598,-110135406,
456239597,-110135406,
456239595,-110135406,
456239594,-110135406,
456239591,-110135406,
456239590,-110135406,
456239589,-110135406,
456239588,-110135406,
456239586,-110135406,
456239585,-110135406,
456239584,-110135406,
456239579,-110135406,
456239571,-110135406,
456239570,-110135406,
456239569,-110135406,
456239568,-110135406,
456239567,-110135406,
456239554,-110135406,
456239553,-110135406,
456239552,-110135406,
456239022,334068300,
456239525,-110135406,
456239512,-110135406,
456239491,-110135406,
456239463,-110135406,
456239467,-110135406,
456239466,-110135406,
456239465,-110135406,
456239462,-110135406,
456239458,-110135406,
456239453,-110135406,
456239452,-110135406,
456239449,-110135406,
456239445,-110135406,
456239444,-110135406,
456239441,-110135406,
456239440,-110135406,
456239439,-110135406,
456239432,-110135406,
456239431,-110135406,
456239430,-110135406,
456239426,-110135406,
456239424,-110135406,
456239420,-110135406,
456239414,-110135406,
456239413,-110135406,
456239412,-110135406,
456239409,-110135406,
456239404,-110135406,
456239408,-110135406,
456239322,-110135406,
456239020,334068300,
456239019,334068300,
456239287,-110135406,
456239253,-110135406,
456239245,-110135406,
456239237,-110135406,
456239224,-110135406,
456239018,334068300,
456239109,-110135406,
456239104,-110135406,
456239088,-110135406,
456239085,-110135406,
456239060,-110135406,
456239056,-110135406,
456239055,-110135406,
456239049,-110135406,
456239048,-110135406,
456239044,-110135406,
456239031,-110135406,
456239027,-110135406,
171649865,-110135406,
171583266,-110135406,
171551879,-110135406,
171523041,-110135406,
171522968,-110135406,
171519712,-110135406,
456242922,-159848117,
456242920,-159848117,
456242903,-159848117,
456242901,-159848117,
456242900,-159848117,
456242898,-159848117,
456242879,-159848117,
456242877,-159848117,
456242876,-159848117,
456242871,-159848117,
456242847,-159848117,
456242841,-159848117,
456242838,-159848117,
456242837,-159848117,
456242835,-159848117,
456242824,-159848117,
456242822,-159848117,
456242816,-159848117,
456242805,-159848117,
456242794,-159848117,
456242788,-159848117,
456242786,-159848117,
456242784,-159848117,
456242777,-159848117,
456242774,-159848117,
456242771,-159848117,
456242765,-159848117,
456242762,-159848117,
456242758,-159848117,
456242756,-159848117,
456242739,-159848117,
456242737,-159848117,
456242735,-159848117,
456242729,-159848117,
456242705,-159848117,
456242704,-159848117,
456242703,-159848117,
456242701,-159848117,
456242676,-159848117,
456242674,-159848117,
456242672,-159848117,
456242670,-159848117,
456242659,-159848117,
456242657,-159848117,
456242652,-159848117,
456242650,-159848117,
456242632,-159848117,
456242621,-159848117,
456242619,-159848117,
456242616,-159848117,
456242602,-159848117,
456242598,-159848117,
456242592,-159848117,
456242589,-159848117,
456242560,-159848117,
456242546,-159848117,
456242542,-159848117,
456242540,-159848117,
456242526,-159848117,
456242524,-159848117,
456242522,-159848117,
456242520,-159848117,
456242517,-159848117,
456242511,-159848117,
456242504,-159848117,
456242482,-159848117,
456242473,-159848117,
456242470,-159848117,
456242465,-159848117,
456242450,-159848117,
456242448,-159848117,
456242436,-159848117,
456242434,-159848117,
456242428,-159848117,
456242369,-159848117,
456242363,-159848117,
456242360,-159848117,
456242358,-159848117,
456242346,-159848117,
456242343,-159848117,
456242338,-159848117,
456242336,-159848117,
456242332,-159848117,
456242315,-159848117,
456242307,-159848117,
456242305,-159848117,
456242301,-159848117,
456242285,-159848117,
456242274,-159848117,
456242268,-159848117,
456242256,-159848117,
456242254,-159848117,
456242238,-159848117,
456242236,-159848117,
456242222,-159848117,
456242218,-159848117,
456242197,-159848117,
456242195,-159848117,
456242176,-159848117,
456242164,-159848117,
456242160,-159848117,
456242152,-159848117,
456242143,-159848117,
456242138,-159848117,
456242115,-159848117,
456242110,-159848117,
456242090,-159848117,
456242088,-159848117,
456242074,-159848117,
456242069,-159848117,
456242051,-159848117,
456242049,-159848117,
456242037,-159848117,
456242032,-159848117,
456242010,-159848117,
456242008,-159848117,
456242001,-159848117,
456241997,-159848117,
456241978,-159848117,
456241972,-159848117,
456241956,-159848117,
456241955,-159848117,
456241945,-159848117,
456241944,-159848117,
456241943,-159848117,
456241922,-159848117,
456241917,-159848117,
456241891,-159848117,
456241890,-159848117,
456241867,-159848117,
456241864,-159848117,
456241840,-159848117,
456241832,-159848117,
456241816,-159848117,
456241815,-159848117,
456241795,-159848117,
456241794,-159848117,
456241774,-159848117,
456241772,-159848117,
456241745,-159848117,
456241742,-159848117,
456241715,-159848117,
456241714,-159848117,
456241680,-159848117,
456241674,-159848117,
456241649,-159848117,
456241646,-159848117,
456241612,-159848117,
456241611,-159848117,
456241571,-159848117,
456241566,-159848117,
456241551,-159848117,
456241549,-159848117,
456241532,-159848117,
456241528,-159848117,
456241505,-159848117,
456241500,-159848117,
456241485,-159848117,
456241482,-159848117,
456241477,-159848117,
456239949,-149430811,
456239948,-149430811,
456239947,-149430811,
456239944,-149430811,
456239945,-149430811,
456239943,-149430811,
456239942,-149430811,
456239941,-149430811,
456239934,-149430811,
456239935,-149430811,
456239929,-149430811,
456239930,-149430811,
456239927,-149430811,
456239923,-149430811,
456239921,-149430811,
456239918,-149430811,
456239917,-149430811,
456239916,-149430811,
456239914,-149430811,
456239905,-149430811,
456239900,-149430811,
456239895,-149430811,
456239894,-149430811,
456239893,-149430811,
456239892,-149430811,
456239891,-149430811,
456239890,-149430811,
456239889,-149430811,
456239888,-149430811,
456239887,-149430811,
456239884,-149430811,
456239883,-149430811,
456239882,-149430811,
456239881,-149430811,
456239878,-149430811,
456239876,-149430811,
456239875,-149430811,
456239874,-149430811,
456239869,-149430811,
456239868,-149430811,
456239863,-149430811,
456239862,-149430811,
456239861,-149430811,
456239859,-149430811,
456239858,-149430811,
456239857,-149430811,
456239856,-149430811,
456239853,-149430811,
456239852,-149430811,
456239850,-149430811,
456239849,-149430811,
456239847,-149430811,
456239846,-149430811,
456239845,-149430811,
456239844,-149430811,
456239838,-149430811,
456239837,-149430811,
456239836,-149430811,
456239835,-149430811,
456239827,-149430811,
456239826,-149430811,
456239825,-149430811,
456239818,-149430811,
456239817,-149430811,
456239815,-149430811,
456239814,-149430811,
456239812,-149430811,
456239810,-149430811,
456239809,-149430811,
456239808,-149430811,
456239807,-149430811,
456239806,-149430811,
456239804,-149430811,
456239802,-149430811,
456239800,-149430811,
456239799,-149430811,
456239796,-149430811,
456239795,-149430811,
456239792,-149430811,
456239761,-149430811,
456239760,-149430811,
456239757,-149430811,
456239749,-149430811,
456239723,-149430811,
456239721,-149430811,
456239718,-149430811,
456239716,-149430811,
456239714,-149430811,
456239712,-149430811,
456239709,-149430811,
456239708,-149430811,
456239706,-149430811,
456239704,-149430811,
456239697,-149430811,
456239693,-149430811,
456239691,-149430811,
456239688,-149430811,
456239684,-149430811,
456239682,-149430811,
456239680,-149430811,
456239677,-149430811,
456239674,-149430811,
456239669,-149430811,
456239668,-149430811,
456239647,-149430811,
456239646,-149430811,
456239637,-149430811,
456239613,-149430811,
456239589,-149430811,
456239574,-149430811,
456239571,-149430811,
456239566,-149430811,
456239556,-149430811,
456239547,-149430811,
456239505,-149430811,
456239502,-149430811,
456239500,-149430811,
456239498,-149430811,
456239495,-149430811,
456239493,-149430811,
456239490,-149430811,
456239486,-149430811,
456239484,-149430811,
456239483,-149430811,
456239481,-149430811,
456239480,-149430811,
456239477,-149430811,
456239473,-149430811,
456239468,-149430811,
456239465,-149430811,
456239456,-149430811,
456239449,-149430811,
456239448,-149430811,
456239447,-149430811,
456239430,-149430811,
456239426,-149430811,
456239417,-149430811,
456239414,-149430811,
456239408,-149430811,
456239405,-149430811,
456239399,-149430811,
456239396,-149430811,
456239395,-149430811,
456239388,-149430811,
456239386,-149430811,
456239383,-149430811,
456239373,-149430811,
456239370,-149430811,
456239364,-149430811,
456239358,-149430811,
456239357,-149430811,
456239351,-149430811,
456239345,-149430811,
456239328,-149430811,
456239324,-149430811,
456239320,-149430811,
456239290,-149430811,
456239287,-149430811,
456239285,-149430811,
456239281,-149430811,
456239275,-149430811,
456239289,-149430811,
456239271,-149430811,
456239273,-149430811,
456239267,-149430811,
456239266,-149430811,
456239262,-149430811,
456239257,-149430811,
456239256,-149430811,
456239251,-149430811,
456239247,-149430811,
456239241,-149430811,
456239232,-149430811,
456239229,-149430811,
456239211,-149430811,
456239207,-149430811,
456239196,-149430811,
456239187,-149430811,
456239167,-149430811,
456239163,-149430811,
456239161,-149430811,
456239154,-149430811,
456239146,-149430811,
456239143,-149430811,
456239142,-149430811,
456239140,-149430811,
456239139,-149430811,
456239134,-149430811,
456239132,-149430811,
456239128,-149430811,
456239126,-149430811,
456239125,-149430811,
456239119,-149430811,
456239117,-149430811,
456239113,-149430811,
456239111,-149430811,
456239110,-149430811,
456239106,-149430811,
456239104,-149430811,
456239103,-149430811,
456239101,-149430811,
456239097,-149430811,
456239096,-149430811,
456239094,-149430811,
456239090,-149430811,
456239086,-149430811,
456239085,-149430811,
456239083,-149430811,
456239084,-149430811,
456239082,-149430811,
456239079,-149430811,
456239078,-149430811,
456239075,-149430811,
456239074,-149430811,
456239071,-149430811,
456239070,-149430811,
456239069,-149430811,
456239066,-149430811,
456239065,-149430811,
456239061,-149430811,
456239059,-149430811,
456239058,-149430811,
456239055,-149430811,
456239054,-149430811,
456239053,-149430811,
456239051,-149430811,
456239049,-149430811,
456239045,-149430811,
456239044,-149430811,
456239039,-149430811,
456239037,-149430811,
456239035,-149430811,
456239034,-149430811,
456239028,-149430811,
456239025,-149430811,
456239023,-149430811,
456239021,-149430811,
456239020,-149430811,
456239019,-149430811,
456239672,-149430811,
456239433,-149430811,
456239520,-149430811,
456239695,-149430811,
456239377,-149430811,
456239379,-149430811,
456245815,-211437014,
456245812,-211437014,
456245789,-211437014,
456245760,-211437014,
456245735,-211437014,
456245703,-211437014,
456245675,-211437014,
456245660,-211437014,
456245658,-211437014,
456245648,-211437014,
456245611,-211437014,
456245606,-211437014,
456245582,-211437014,
456245550,-211437014,
456245530,-211437014,
456245505,-211437014,
456245504,-211437014,
456245484,-211437014,
456245445,-211437014,
456245432,-211437014,
456245428,-211437014,
456245421,-211437014,
456245395,-211437014,
456245393,-211437014,
456245381,-211437014,
456245340,-211437014,
456245330,-211437014,
456245281,-211437014,
456245280,-211437014,
456245270,-211437014,
456245233,-211437014,
456245228,-211437014,
456245216,-211437014,
456245174,-211437014,
456245173,-211437014,
456245172,-211437014,
456245170,-211437014,
456245177,-211437014,
456245175,-211437014,
456245150,-211437014,
456245108,-211437014,
456245083,-211437014,
456245047,-211437014,
456245045,-211437014,
456245023,-211437014,
456244973,-211437014,
456244943,-211437014,
456244907,-211437014,
456244879,-211437014,
456244842,-211437014,
456244836,-211437014,
456244835,-211437014,
456244834,-211437014,
456244833,-211437014,
456244800,-211437014,
456244755,-211437014,
456244749,-211437014,
456244725,-211437014,
456244665,-211437014,
456244644,-211437014,
456244584,-211437014,
456244571,-211437014,
456244521,-211437014,
456244517,-211437014,
456244439,-211437014,
456244410,-211437014,
456244344,-211437014,
456244331,-211437014,
456244273,-211437014,
456244238,-211437014,
456244181,-211437014,
456244155,-211437014,
456244096,-211437014,
456244066,-211437014,
456244027,-211437014,
456243996,-211437014,
456243956,-211437014,
456243920,-211437014,
456243857,-211437014,
456243810,-211437014,
456243809,-211437014,
456243727,-211437014,
456243677,-211437014,
456243623,-211437014,
456243584,-211437014,
456243543,-211437014,
456243509,-211437014,
456243471,-211437014,
456243438,-211437014,
456243369,-211437014,
456243339,-211437014,
456243295,-211437014,
456243260,-211437014,
456243221,-211437014,
456243190,-211437014,
456243142,-211437014,
456243112,-211437014,
456243058,-211437014,
456243027,-211437014,
456242966,-211437014,
456242932,-211437014,
456242875,-211437014,
456242834,-211437014,
456242791,-211437014,
456242788,-211437014,
456242764,-211437014,
456242725,-211437014,
456242689,-211437014,
456242644,-211437014,
456242608,-211437014,
456242565,-211437014,
456242533,-211437014,
456242487,-211437014,
456242451,-211437014,
456242448,-211437014,
456242390,-211437014,
456242356,-211437014,
456242347,-211437014,
456242310,-211437014,
456242280,-211437014,
456242243,-211437014,
456242210,-211437014,
456242176,-211437014,
456242141,-211437014,
456242108,-211437014,
456242078,-211437014,
456242038,-211437014,
456242017,-211437014,
456241945,-211437014,
456241908,-211437014,
456241863,-211437014,
456241827,-211437014,
456241790,-211437014,
456241756,-211437014,
456241733,-211437014,
456241713,-211437014,
456241695,-211437014,
456241676,-211437014,
456241649,-211437014,
456241630,-211437014,
456241604,-211437014,
456241589,-211437014,
456241558,-211437014,
456241528,-211437014,
456241436,-211437014,
456241407,-211437014,
456241365,-211437014,
456241356,-211437014,
456241331,-211437014,
456241309,-211437014,
456241271,-211437014,
456241257,-211437014,
456241230,-211437014,
456241208,-211437014,
456241179,-211437014,
456241152,-211437014,
456241124,-211437014,
456241099,-211437014,
456241072,-211437014,
456241054,-211437014,
456241032,-211437014,
456241014,-211437014,
456240983,-211437014,
456240953,-211437014,
456240909,-211437014,
456240893,-211437014,
456240866,-211437014,
456240850,-211437014,
456240806,-211437014,
456240792,-211437014,
456240765,-211437014,
456240748,-211437014,
456240718,-211437014,
456240705,-211437014,
456240669,-211437014,
456240661,-211437014,
456240615,-211437014,
456240600,-211437014,
456240594,-211437014,
456240553,-211437014,
456240536,-211437014,
456240500,-211437014,
456240487,-211437014,
456240472,-211437014,
456240461,-211437014,
456240427,-211437014,
456240424,-211437014,
456240416,-211437014,
456240414,-211437014,
456240402,-211437014,
456240397,-211437014,
456240392,-211437014,
456240385,-211437014,
456240367,-211437014,
456240362,-211437014,
456240342,-211437014,
456240322,-211437014,
456240313,-211437014,
456240304,-211437014,
456240290,-211437014,
456240285,-211437014,
456240275,-211437014,
456240269,-211437014,
456240261,-211437014,
456240247,-211437014,
456240236,-211437014,
456240219,-211437014,
456240214,-211437014,
456240210,-211437014,
456240189,-211437014,
456240186,-211437014,
456240166,-211437014,
456240153,-211437014,
456240132,-211437014,
456240125,-211437014,
456240105,-211437014,
456240100,-211437014,
456240081,-211437014,
456240067,-211437014,
456240037,-211437014,
456240035,-211437014,
456240011,-211437014,
456240005,-211437014,
456239989,-211437014,
456239979,-211437014,
456239971,-211437014,
456239969,-211437014,
456239949,-211437014,
456239924,-211437014,
456239911,-211437014,
456239904,-211437014,
456239277,-211437014,
456239196,-211437014,
456239880,-211437014,
456239874,-211437014,
456239852,-211437014,
456239845,-211437014,
456239842,-211437014,
456239841,-211437014,
456239817,-211437014,
456239798,-211437014,
456239773,-211437014,
456239763,-211437014,
456239745,-211437014,
456239742,-211437014,
456239726,-211437014,
456239399,-211437014,
456239723,-211437014,
456239712,-211437014,
456239710,-211437014,
456239693,-211437014,
456239691,-211437014,
456239642,-211437014,
456239629,-211437014,
456239612,-211437014,
456239608,-211437014,
456239579,-211437014,
456239574,-211437014,
456239559,-211437014,
456239556,-211437014,
456239541,-211437014,
456239538,-211437014,
456239530,-211437014,
456239518,-211437014,
456239514,-211437014,
456239513,-211437014,
456239509,-211437014,
456239507,-211437014,
456239505,-211437014,
456239503,-211437014,
456239502,-211437014,
456239490,-211437014,
456239500,-211437014,
456239499,-211437014,
456239498,-211437014,
456239497,-211437014,
456239611,-211437014,
456239496,-211437014,
456239495,-211437014,
456239494,-211437014,
456239493,-211437014,
456239492,-211437014,
456239491,-211437014,
456239489,-211437014,
456239488,-211437014,
456239487,-211437014,
456239486,-211437014,
456239485,-211437014,
456239484,-211437014,
456239483,-211437014,
456239481,-211437014,
456239480,-211437014,
456239479,-211437014,
456239478,-211437014,
456239477,-211437014,
456239476,-211437014,
456239475,-211437014,
456239474,-211437014,
456239473,-211437014,
456239472,-211437014,
456239471,-211437014,
456239470,-211437014,
456239469,-211437014,
456239467,-211437014,
456239466,-211437014,
456239465,-211437014,
456239464,-211437014,
456239463,-211437014,
456239462,-211437014,
456239461,-211437014,
456239460,-211437014,
456239459,-211437014,
456239458,-211437014,
456239457,-211437014,
456239456,-211437014,
456239455,-211437014,
456239454,-211437014,
456239453,-211437014,
456239452,-211437014,
456239450,-211437014,
456239449,-211437014,
456239448,-211437014,
456239447,-211437014,
456239446,-211437014,
456239445,-211437014,
456239443,-211437014,
456239442,-211437014,
456239441,-211437014,
456239440,-211437014,
456239439,-211437014,
456239438,-211437014,
456239437,-211437014,
456239436,-211437014,
456239435,-211437014,
456239434,-211437014,
456239433,-211437014,
456239432,-211437014,
456239431,-211437014,
456239430,-211437014,
456239429,-211437014,
456239428,-211437014,
456239427,-211437014,
456239424,-211437014,
456239422,-211437014,
456239414,-211437014,
456239416,-211437014,
456239423,-211437014,
456239421,-211437014,
456239420,-211437014,
456239419,-211437014,
456239418,-211437014,
456239417,-211437014,
456239415,-211437014,
456239413,-211437014,
456239412,-211437014,
456239411,-211437014,
456239410,-211437014,
456239408,-211437014,
456239407,-211437014,
456239406,-211437014,
456239405,-211437014,
456239404,-211437014,
456239403,-211437014,
456239402,-211437014,
456239401,-211437014,
456239400,-211437014,
456239426,-211437014,
456239425,-211437014,
456239398,-211437014,
456239397,-211437014,
456239395,-211437014,
456239394,-211437014,
456239393,-211437014,
456239392,-211437014,
456239391,-211437014,
456239390,-211437014,
456239389,-211437014,
456239388,-211437014,
456239387,-211437014,
456239386,-211437014,
456239385,-211437014,
456239384,-211437014,
456239382,-211437014,
456239381,-211437014,
456239380,-211437014,
456239379,-211437014,
456239378,-211437014,
456239377,-211437014,
456239376,-211437014,
456239375,-211437014,
456239374,-211437014,
456239373,-211437014,
456239372,-211437014,
456239371,-211437014,
456239370,-211437014,
456239369,-211437014,
456239368,-211437014,
456239367,-211437014,
456239366,-211437014,
456239365,-211437014,
456239364,-211437014,
456239363,-211437014,
456239362,-211437014,
456239361,-211437014,
456239360,-211437014,
456239359,-211437014,
456239358,-211437014,
456239357,-211437014,
456239356,-211437014,
456239355,-211437014,
456239354,-211437014,
456239353,-211437014,
456239352,-211437014,
456239351,-211437014,
456239350,-211437014,
456239349,-211437014,
456239348,-211437014,
456239347,-211437014,
456239346,-211437014,
456239344,-211437014,
456239343,-211437014,
456239342,-211437014,
456239341,-211437014,
456239340,-211437014,
456239339,-211437014,
456239338,-211437014,
456239337,-211437014,
456239336,-211437014,
456239335,-211437014,
456239334,-211437014,
456239333,-211437014,
456239332,-211437014,
456239330,-211437014,
456239329,-211437014,
456239328,-211437014,
456239327,-211437014,
456239326,-211437014,
456239325,-211437014,
456239324,-211437014,
456239323,-211437014,
456239322,-211437014,
456239321,-211437014,
456239320,-211437014,
456239318,-211437014,
456239317,-211437014,
456239316,-211437014,
456239315,-211437014,
456239314,-211437014,
456239313,-211437014,
456239312,-211437014,
456239311,-211437014,
456239310,-211437014,
456239309,-211437014,
456239308,-211437014,
456239307,-211437014,
456239306,-211437014,
456239305,-211437014,
456239304,-211437014,
456239303,-211437014,
456239302,-211437014,
456239300,-211437014,
456239299,-211437014,
456239298,-211437014,
456239296,-211437014,
456239295,-211437014,
456239294,-211437014,
456239293,-211437014,
456239292,-211437014,
456239291,-211437014,
456239290,-211437014,
456239289,-211437014,
456239288,-211437014,
456239287,-211437014,
456239286,-211437014,
456239285,-211437014,
456239284,-211437014,
456239283,-211437014,
456239282,-211437014,
456239281,-211437014,
456239280,-211437014,
456239279,-211437014,
456239278,-211437014,
456239276,-211437014,
456239275,-211437014,
456239274,-211437014,
456239273,-211437014,
456239272,-211437014,
456239271,-211437014,
456239270,-211437014,
456239269,-211437014,
456239268,-211437014,
456239267,-211437014,
456239266,-211437014,
456239265,-211437014,
456239264,-211437014,
456239263,-211437014,
456239262,-211437014,
456239261,-211437014,
456239260,-211437014,
456239259,-211437014,
456239258,-211437014,
456239257,-211437014,
456239256,-211437014,
456239255,-211437014,
456239254,-211437014,
456239253,-211437014,
456239252,-211437014,
456239251,-211437014,
456239250,-211437014,
456239249,-211437014,
456239248,-211437014,
456239247,-211437014,
456239246,-211437014,
456239245,-211437014,
456239244,-211437014,
456239243,-211437014,
456239242,-211437014,
456239241,-211437014,
456239240,-211437014,
456239239,-211437014,
456239238,-211437014,
456239237,-211437014,
456239236,-211437014,
456239235,-211437014,
456239234,-211437014,
456239233,-211437014,
456239232,-211437014,
456239231,-211437014,
456239230,-211437014,
456239229,-211437014,
456239228,-211437014,
456239227,-211437014,
456239226,-211437014,
456239225,-211437014,
456239224,-211437014,
456239223,-211437014,
456239222,-211437014,
456239221,-211437014,
456239220,-211437014,
456239219,-211437014,
456239218,-211437014,
456239217,-211437014,
456239216,-211437014,
456239215,-211437014,
456239214,-211437014,
456239213,-211437014,
456239212,-211437014,
456239211,-211437014,
456239210,-211437014,
456239208,-211437014,
456239207,-211437014,
456239206,-211437014,
456239205,-211437014,
456239204,-211437014,
456239203,-211437014,
456239202,-211437014,
456239201,-211437014,
456239200,-211437014,
456239199,-211437014,
456239198,-211437014,
456239197,-211437014,
456239195,-211437014,
456239194,-211437014,
456239193,-211437014,
456239192,-211437014,
456239191,-211437014,
456239190,-211437014,
456239189,-211437014,
456239188,-211437014,
456239187,-211437014,
456239186,-211437014,
456239185,-211437014,
456239184,-211437014,
456239183,-211437014,
456239182,-211437014,
456239181,-211437014,
456239180,-211437014,
456239179,-211437014,
456239178,-211437014,
456239177,-211437014,
456239176,-211437014,
456239175,-211437014,
456239174,-211437014,
456239173,-211437014,
456239172,-211437014,
456239171,-211437014,
456239170,-211437014,
456239169,-211437014,
456239168,-211437014,
456239167,-211437014,
456239166,-211437014,
456239165,-211437014,
456239164,-211437014,
456239163,-211437014,
456239162,-211437014,
456239160,-211437014,
456239159,-211437014,
456239158,-211437014,
456239157,-211437014,
456239156,-211437014,
456239155,-211437014,
456239154,-211437014,
456239153,-211437014,
456239152,-211437014,
456239151,-211437014,
456239150,-211437014,
456239149,-211437014,
456239148,-211437014,
456239147,-211437014,
456239146,-211437014,
456239145,-211437014,
456239144,-211437014,
456239143,-211437014,
456239142,-211437014,
456239141,-211437014,
456239140,-211437014,
456239139,-211437014,
456239138,-211437014,
456239137,-211437014,
456239135,-211437014,
456239134,-211437014,
456239133,-211437014,
456239132,-211437014,
456239131,-211437014,
456239130,-211437014,
456239129,-211437014,
456239127,-211437014,
456239126,-211437014,
456239124,-211437014,
456239123,-211437014,
456239122,-211437014,
456239121,-211437014,
456239120,-211437014,
456239119,-211437014,
456239118,-211437014,
456239116,-211437014,
456239115,-211437014,
456239114,-211437014,
456239113,-211437014,
456239112,-211437014,
456239111,-211437014,
456239110,-211437014,
456239109,-211437014,
456239108,-211437014,
456239107,-211437014,
456239106,-211437014,
456239105,-211437014,
456239104,-211437014,
456239103,-211437014,
456239102,-211437014,
456239101,-211437014,
456239100,-211437014,
456239099,-211437014,
456239098,-211437014,
456239097,-211437014,
456239096,-211437014,
456239095,-211437014,
456239094,-211437014,
456239093,-211437014,
456239092,-211437014,
456239091,-211437014,
456239090,-211437014,
456239089,-211437014,
456239088,-211437014,
456239087,-211437014,
456239086,-211437014,
456239085,-211437014,
456239084,-211437014,
456239083,-211437014,
456239082,-211437014,
456239081,-211437014,
456239080,-211437014,
456239079,-211437014,
456239078,-211437014,
456239077,-211437014,
456239076,-211437014,
456239075,-211437014,
456239074,-211437014,
456239073,-211437014,
456239072,-211437014,
456239071,-211437014,
456239070,-211437014,
456239069,-211437014,
456239068,-211437014,
456239067,-211437014,
456239066,-211437014,
456239065,-211437014,
456239064,-211437014,
456239063,-211437014,
456239062,-211437014,
456239061,-211437014,
456239060,-211437014,
456239059,-211437014,
456239058,-211437014,
456239057,-211437014,
456239056,-211437014,
456239055,-211437014,
456239054,-211437014,
456239053,-211437014,
456239052,-211437014,
456239051,-211437014,
456239050,-211437014,
456239049,-211437014,
456239048,-211437014,
456239047,-211437014,
456239046,-211437014,
456239045,-211437014,
456239044,-211437014,
456239043,-211437014,
456239042,-211437014,
456239041,-211437014,
456239040,-211437014,
456239039,-211437014,
456239038,-211437014,
456239037,-211437014,
456239036,-211437014,
456239035,-211437014,
456239034,-211437014,
456239033,-211437014,
456239032,-211437014,
456239031,-211437014,
456239030,-211437014,
456239029,-211437014,
456239028,-211437014,
456239027,-211437014,
456239026,-211437014,
456239025,-211437014,
456239024,-211437014,
456239023,-211437014,
456239022,-211437014,
456239021,-211437014,
456239020,-211437014,
456243296,-64876876,
456243295,-64876876,
456243291,-64876876,
456243290,-64876876,
456243283,-64876876,
456243281,-64876876,
456243280,-64876876,
456243276,-64876876,
456243254,-64876876,
456243251,-64876876,
456243247,-64876876,
456243243,-64876876,
456243241,-64876876,
456243231,-64876876,
456243225,-64876876,
456243221,-64876876,
456243219,-64876876,
456243218,-64876876,
456243214,-64876876,
456243213,-64876876,
456243212,-64876876,
456243211,-64876876,
456243209,-64876876,
456243206,-64876876,
456243202,-64876876,
456243199,-64876876,
456243197,-64876876,
456243194,-64876876,
456243186,-64876876,
456243184,-64876876,
456243179,-64876876,
456243170,-64876876,
456243166,-64876876,
456243162,-64876876,
456243160,-64876876,
456243156,-64876876,
456243150,-64876876,
456243148,-64876876,
456243143,-64876876,
456243142,-64876876,
456243139,-64876876,
456243136,-64876876,
456243135,-64876876,
456243128,-64876876,
456243126,-64876876,
456243121,-64876876,
456243113,-64876876,
456243100,-64876876,
456243097,-64876876,
456243083,-64876876,
456243078,-64876876,
456243071,-64876876,
456243070,-64876876,
456243065,-64876876,
456243060,-64876876,
456243050,-64876876,
456242714,-64876876,
456242700,-64876876,
456241777,-64876876,
456241757,-64876876,
456241752,-64876876,
456241661,-64876876,
456241660,-64876876,
456241651,-64876876,
456241632,-64876876,
456241594,-64876876,
456241593,-64876876,
456241557,-64876876,
456241555,-64876876,
456241554,-64876876,
456241531,-64876876,
456241519,-64876876,
456241511,-64876876,
456241481,-64876876,
456241476,-64876876,
456241457,-64876876,
456241455,-64876876,
456241443,-64876876,
456241441,-64876876,
456241440,-64876876,
456241433,-64876876,
456241411,-64876876,
456241383,-64876876,
456241357,-64876876,
456241342,-64876876,
456241339,-64876876,
456241331,-64876876,
456241315,-64876876,
456241311,-64876876,
456241275,-64876876,
456241241,-64876876,
456241214,-64876876,
456241181,-64876876,
456241178,-64876876,
456241177,-64876876,
456241176,-64876876,
456241163,-64876876,
456241146,-64876876,
456241145,-64876876,
456241127,-64876876,
456241126,-64876876,
456241114,-64876876,
456239136,-64876876,
169679998,-64876876,
168581703,-64876876,
168321748,-64876876,
168301236,-64876876,
168280126,-64876876,
456241384,-131607049,
456241383,-131607049,
456241382,-131607049,
456241381,-131607049,
456241380,-131607049,
456241202,-131607049,
456241201,-131607049,
456241198,-131607049,
456241197,-131607049,
456241196,-131607049,
456241195,-131607049,
456241194,-131607049,
456241193,-131607049,
456241192,-131607049,
456241189,-131607049,
456241188,-131607049,
456241187,-131607049,
456241184,-131607049,
456241156,-131607049,
456241153,-131607049,
456241152,-131607049,
456241151,-131607049,
456241150,-131607049,
456241149,-131607049,
456241148,-131607049,
456241146,-131607049,
456241145,-131607049,
456241144,-131607049,
456241143,-131607049,
456241142,-131607049,
456241141,-131607049,
456241140,-131607049,
456241139,-131607049,
456241138,-131607049,
456241137,-131607049,
456241136,-131607049,
456241135,-131607049,
456241134,-131607049,
456241133,-131607049,
456241132,-131607049,
456241131,-131607049,
456241130,-131607049,
456241129,-131607049,
456241128,-131607049,
456241124,-131607049,
456241122,-131607049,
456241121,-131607049,
456241120,-131607049,
456241119,-131607049,
456241118,-131607049,
456241117,-131607049,
456241116,-131607049,
456241115,-131607049,
456241114,-131607049,
456241113,-131607049,
456241112,-131607049,
456241111,-131607049,
456241110,-131607049,
456241108,-131607049,
456241106,-131607049,
456241105,-131607049,
456241104,-131607049,
456241103,-131607049,
456241102,-131607049,
456241101,-131607049,
456241100,-131607049,
456241099,-131607049,
456241098,-131607049,
456241097,-131607049,
456241096,-131607049,
456241095,-131607049,
456241094,-131607049,
456241093,-131607049,
456241092,-131607049,
456241091,-131607049,
456241090,-131607049,
456241089,-131607049,
456241088,-131607049,
456241087,-131607049,
456241086,-131607049,
456241085,-131607049,
456241084,-131607049,
456241082,-131607049,
456241081,-131607049,
456241076,-131607049,
456241075,-131607049,
456241074,-131607049,
456241073,-131607049,
456241071,-131607049,
456241070,-131607049,
456241069,-131607049,
456241068,-131607049,
456241067,-131607049,
456241066,-131607049,
456241065,-131607049,
456241063,-131607049,
456241062,-131607049,
456241061,-131607049,
456241060,-131607049,
456241059,-131607049,
456241058,-131607049,
456241057,-131607049,
456241053,-131607049,
456241052,-131607049,
456241051,-131607049,
456241050,-131607049,
456241049,-131607049,
456241047,-131607049,
456241046,-131607049,
456241045,-131607049,
456241042,-131607049,
456241041,-131607049,
456241040,-131607049,
456241037,-131607049,
456241036,-131607049,
456241034,-131607049,
456241033,-131607049,
456241032,-131607049,
456241030,-131607049,
456241028,-131607049,
456241027,-131607049,
456241026,-131607049,
456241024,-131607049,
456241023,-131607049,
456241019,-131607049,
456241018,-131607049,
456241017,-131607049,
456241014,-131607049,
456241013,-131607049,
456241012,-131607049,
456241008,-131607049,
456241006,-131607049,
456241005,-131607049,
456241004,-131607049,
456241000,-131607049,
456240999,-131607049,
456240998,-131607049,
456240996,-131607049,
456240995,-131607049,
456240993,-131607049,
456240990,-131607049,
456240989,-131607049,
456240988,-131607049,
456240987,-131607049,
456240986,-131607049,
456240985,-131607049,
456240981,-131607049,
456240980,-131607049,
456240977,-131607049,
456240976,-131607049,
456240975,-131607049,
456240974,-131607049,
456240971,-131607049,
456240964,-131607049,
456240963,-131607049,
456240962,-131607049,
456240961,-131607049,
456240960,-131607049,
456240956,-131607049,
456240955,-131607049,
456240952,-131607049,
456240950,-131607049,
456240949,-131607049,
456240948,-131607049,
456240947,-131607049,
456240945,-131607049,
456240941,-131607049,
456240939,-131607049,
456240938,-131607049,
456240937,-131607049,
456240935,-131607049,
456240934,-131607049,
456240933,-131607049,
456240928,-131607049,
456240927,-131607049,
456240926,-131607049,
456240925,-131607049,
456240924,-131607049,
456240923,-131607049,
456240922,-131607049,
456240921,-131607049,
456240920,-131607049,
456240919,-131607049,
456240916,-131607049,
456240915,-131607049,
456240914,-131607049,
456240913,-131607049,
456240912,-131607049,
456240910,-131607049,
456240909,-131607049,
456240908,-131607049,
456240906,-131607049,
456240905,-131607049,
456240902,-131607049,
456240899,-131607049,
456240898,-131607049,
456240894,-131607049,
456240893,-131607049,
456240892,-131607049,
456240891,-131607049,
456240890,-131607049,
456240884,-131607049,
456240883,-131607049,
456240881,-131607049,
456240880,-131607049,
456240879,-131607049,
456240878,-131607049,
456240877,-131607049,
456240876,-131607049,
456240875,-131607049,
456240874,-131607049,
456240873,-131607049,
456240872,-131607049,
456240871,-131607049,
456240870,-131607049,
456240869,-131607049,
456240868,-131607049,
456240867,-131607049,
456240866,-131607049,
456240865,-131607049,
456240864,-131607049,
456240863,-131607049,
456240862,-131607049,
456240861,-131607049,
456240860,-131607049,
456240859,-131607049,
456240858,-131607049,
456240857,-131607049,
456240856,-131607049,
456240855,-131607049,
456240854,-131607049,
456240853,-131607049,
456240852,-131607049,
456240851,-131607049,
456240850,-131607049,
456240849,-131607049,
456240848,-131607049,
456240847,-131607049,
456240846,-131607049,
456240845,-131607049,
456240843,-131607049,
456240842,-131607049,
456240841,-131607049,
456240840,-131607049,
456240839,-131607049,
456240838,-131607049,
456240837,-131607049,
456240836,-131607049,
456240834,-131607049,
456240833,-131607049,
456240832,-131607049,
456240831,-131607049,
456240827,-131607049,
456240826,-131607049,
456240825,-131607049,
456240824,-131607049,
456240823,-131607049,
456240822,-131607049,
456240821,-131607049,
456240820,-131607049,
456240818,-131607049,
456240817,-131607049,
456240816,-131607049,
456240815,-131607049,
456240811,-131607049,
456240808,-131607049,
456240805,-131607049,
456240802,-131607049,
456240800,-131607049,
456240796,-131607049,
456240792,-131607049,
456240790,-131607049,
456240788,-131607049,
456240786,-131607049,
456240785,-131607049,
456240781,-131607049,
456240779,-131607049,
456240776,-131607049,
456240773,-131607049,
456240772,-131607049,
456240768,-131607049,
456240767,-131607049,
456240759,-131607049,
456240758,-131607049,
456240755,-131607049,
456240753,-131607049,
456240751,-131607049,
456240750,-131607049,
456240749,-131607049,
456240748,-131607049,
456240746,-131607049,
456240743,-131607049,
456240741,-131607049,
456240740,-131607049,
456240739,-131607049,
456240736,-131607049,
456240734,-131607049,
456240733,-131607049,
456240731,-131607049,
456240729,-131607049,
456240728,-131607049,
456240726,-131607049,
456240724,-131607049,
456240720,-131607049,
456240718,-131607049,
456240714,-131607049,
456240711,-131607049,
456240710,-131607049,
456240706,-131607049,
456240705,-131607049,
456240703,-131607049,
456240701,-131607049,
456240697,-131607049,
456240692,-131607049,
456240687,-131607049,
456240684,-131607049,
456240683,-131607049,
456240674,-131607049,
456240673,-131607049,
456240671,-131607049,
456240670,-131607049,
456240666,-131607049,
456240462,-131607049,
456240461,-131607049,
456240436,-131607049,
456240435,-131607049,
456240434,-131607049,
456240433,-131607049,
456240431,-131607049,
456240430,-131607049,
456240429,-131607049,
456240426,-131607049,
456240424,-131607049,
456240423,-131607049,
456240419,-131607049,
456240418,-131607049,
456240417,-131607049,
456240416,-131607049,
456240415,-131607049,
456240414,-131607049,
456240413,-131607049,
456240412,-131607049,
456240411,-131607049,
456240410,-131607049,
456240409,-131607049,
456240408,-131607049,
456240407,-131607049,
456240406,-131607049,
456240405,-131607049,
456240404,-131607049,
456240403,-131607049,
456240402,-131607049,
456240400,-131607049,
456240399,-131607049,
456240398,-131607049,
456240397,-131607049,
456240396,-131607049,
456240395,-131607049,
456240394,-131607049,
456240391,-131607049,
456240389,-131607049,
456240388,-131607049,
456240387,-131607049,
456240361,-131607049,
456240360,-131607049,
456240359,-131607049,
456240358,-131607049,
456240356,-131607049,
456240355,-131607049,
456240354,-131607049,
456240353,-131607049,
456240352,-131607049,
456240351,-131607049,
456240350,-131607049,
456240349,-131607049,
456240348,-131607049,
456240346,-131607049,
456240345,-131607049,
456240344,-131607049,
456240343,-131607049,
456240335,-131607049,
456240152,-131607049,
456240151,-131607049,
456240150,-131607049,
456240149,-131607049,
456240148,-131607049,
456240147,-131607049,
456240146,-131607049,
456240145,-131607049,
456240144,-131607049,
456240143,-131607049,
456240142,-131607049,
456240141,-131607049,
456240140,-131607049,
456240139,-131607049,
456240137,-131607049,
456240136,-131607049,
456240133,-131607049,
456240132,-131607049,
456240131,-131607049,
456240130,-131607049,
456239965,-131607049,
456239963,-131607049,
456239949,-131607049,
456239945,-131607049,
456239936,-131607049,
456239932,-131607049,
456239930,-131607049,
456239923,-131607049,
456239922,-131607049,
456239921,-131607049,
456239920,-131607049,
456239893,-131607049,
456239892,-131607049,
456239882,-131607049,
456239881,-131607049,
456239878,-131607049,
456239877,-131607049,
456239876,-131607049,
456239875,-131607049,
456239857,-131607049,
456239856,-131607049,
456239855,-131607049,
456239854,-131607049,
456239853,-131607049,
456239852,-131607049,
456239847,-131607049,
456239846,-131607049,
456239833,-131607049,
456239832,-131607049,
456239831,-131607049,
456239829,-131607049,
456239828,-131607049,
456239827,-131607049,
456239811,-131607049,
456239810,-131607049,
456239809,-131607049,
456239808,-131607049,
456239804,-131607049,
456239803,-131607049,
456239802,-131607049,
456239801,-131607049,
456239800,-131607049,
456239799,-131607049,
456239796,-131607049,
456239794,-131607049,
456239793,-131607049,
456239792,-131607049,
456239791,-131607049,
456239790,-131607049,
456239789,-131607049,
456239788,-131607049,
456239787,-131607049,
456239783,-131607049,
456239782,-131607049,
456239781,-131607049,
456239780,-131607049,
456239779,-131607049,
456239770,-131607049,
456239768,-131607049,
456239766,-131607049,
456239765,-131607049,
456239762,-131607049,
456239761,-131607049,
456239759,-131607049,
456239758,-131607049,
456239757,-131607049,
456239753,-131607049,
456239752,-131607049,
456239751,-131607049,
456239750,-131607049,
456239749,-131607049,
456239748,-131607049,
456239747,-131607049,
456239746,-131607049,
456239744,-131607049,
456239743,-131607049,
456239742,-131607049,
456239741,-131607049,
456239740,-131607049,
456239739,-131607049,
456239738,-131607049,
456239737,-131607049,
456239736,-131607049,
456239735,-131607049,
456239734,-131607049,
456239733,-131607049,
456239702,-131607049,
456239701,-131607049,
456239700,-131607049,
456239699,-131607049,
456239698,-131607049,
456239696,-131607049,
456239694,-131607049,
456239693,-131607049,
456239691,-131607049,
456239690,-131607049,
456239689,-131607049,
456239688,-131607049,
456239687,-131607049,
456239684,-131607049,
456239683,-131607049,
456239680,-131607049,
456239679,-131607049,
456239678,-131607049,
456239677,-131607049,
456239676,-131607049,
456239674,-131607049,
456239672,-131607049,
456239669,-131607049,
456239668,-131607049,
456239666,-131607049,
456239664,-131607049,
456239661,-131607049,
456239660,-131607049,
456239659,-131607049,
456239658,-131607049,
456239657,-131607049,
456239648,-131607049,
456239646,-131607049,
456239645,-131607049,
456239643,-131607049,
456239642,-131607049,
456239641,-131607049,
456239635,-131607049,
456239634,-131607049,
456239633,-131607049,
456239619,-131607049,
456239617,-131607049,
456239616,-131607049,
456239615,-131607049,
456239614,-131607049,
456239613,-131607049,
456239612,-131607049,
456239611,-131607049,
456239610,-131607049,
456239609,-131607049,
456239608,-131607049,
456239607,-131607049,
456239606,-131607049,
456239605,-131607049,
456239600,-131607049,
456239599,-131607049,
456239598,-131607049,
456239597,-131607049,
456239596,-131607049,
456239595,-131607049,
456239594,-131607049,
456239593,-131607049,
456239592,-131607049,
456239591,-131607049,
456239590,-131607049,
456239587,-131607049,
456239586,-131607049,
456239585,-131607049,
456239584,-131607049,
456239581,-131607049,
456239580,-131607049,
456239579,-131607049,
456239577,-131607049,
456239576,-131607049,
456239571,-131607049,
456239570,-131607049,
456239569,-131607049,
456239568,-131607049,
456239567,-131607049,
456239566,-131607049,
456239565,-131607049,
456239564,-131607049,
456239563,-131607049,
456239562,-131607049,
456239561,-131607049,
456239559,-131607049,
456239558,-131607049,
456239553,-131607049,
456239554,-131607049,
456239552,-131607049,
456239551,-131607049,
456239550,-131607049,
456239547,-131607049,
456239546,-131607049,
456239545,-131607049,
456239544,-131607049,
456239543,-131607049,
456239542,-131607049,
456239540,-131607049,
456239538,-131607049,
456239537,-131607049,
456239536,-131607049,
456239535,-131607049,
456239534,-131607049,
456239533,-131607049,
456239532,-131607049,
456239530,-131607049,
456239529,-131607049,
456239524,-131607049,
456239523,-131607049,
456239520,-131607049,
456239515,-131607049,
456239514,-131607049,
456239509,-131607049,
456239508,-131607049,
456239507,-131607049,
456239506,-131607049,
456239505,-131607049,
456239504,-131607049,
456239503,-131607049,
456239502,-131607049,
456239500,-131607049,
456239492,-131607049,
456239491,-131607049,
456239490,-131607049,
456239489,-131607049,
456239488,-131607049,
456239487,-131607049,
456239484,-131607049,
456239483,-131607049,
456239481,-131607049,
456239480,-131607049,
456239479,-131607049,
456239478,-131607049,
456239477,-131607049,
456239476,-131607049,
456239475,-131607049,
456239474,-131607049,
456239473,-131607049,
456239472,-131607049,
456239467,-131607049,
456239466,-131607049,
456239465,-131607049,
456239460,-131607049,
456239457,-131607049,
456239456,-131607049,
456239455,-131607049,
456239454,-131607049,
456239453,-131607049,
456239452,-131607049,
456239451,-131607049,
456239450,-131607049,
456239444,-131607049,
456239443,-131607049,
456239442,-131607049,
456239441,-131607049,
456239440,-131607049,
456239439,-131607049,
456239445,-131607049,
456239434,-131607049,
456254690,-48512305,
456254669,-48512305,
456239432,-131607049,
456239431,-131607049,
456239430,-131607049,
456239427,-131607049,
456239425,-131607049,
456254535,-48512305,
456254533,-48512305,
456239423,-131607049,
456239421,-131607049,
456239065,99383890,
456239411,-131607049,
456239409,-131607049,
456239018,451184338,
456239408,-131607049,
456239407,-131607049,
456239406,-131607049,
456239405,-131607049,
456239402,-131607049,
456239400,-131607049,
456239398,-131607049,
456239397,-131607049,
456239395,-131607049,
456239393,-131607049,
456239392,-131607049,
456239391,-131607049,
456239390,-131607049,
456239389,-131607049,
456239387,-131607049,
456239386,-131607049,
456239385,-131607049,
456239384,-131607049,
456239383,-131607049,
456239382,-131607049,
456239381,-131607049,
456239380,-131607049,
456239379,-131607049,
456239377,-131607049,
456239376,-131607049,
456239375,-131607049,
456239374,-131607049,
456239373,-131607049,
456239372,-131607049,
456239370,-131607049,
456239369,-131607049,
456239368,-131607049,
456239367,-131607049,
456239366,-131607049,
456239365,-131607049,
456239364,-131607049,
456239362,-131607049,
456239361,-131607049,
456239360,-131607049,
456239359,-131607049,
456239358,-131607049,
456239357,-131607049,
456239356,-131607049,
456239355,-131607049,
456239353,-131607049,
456239352,-131607049,
456239351,-131607049,
456239350,-131607049,
456239349,-131607049,
456239348,-131607049,
456239346,-131607049,
456239345,-131607049,
456239344,-131607049,
456239343,-131607049,
456239339,-131607049,
456239338,-131607049,
456239337,-131607049,
456239336,-131607049,
456239335,-131607049,
456239334,-131607049,
456239333,-131607049,
456239332,-131607049,
456239331,-131607049,
456239330,-131607049,
456239328,-131607049,
456239327,-131607049,
456239329,-131607049,
456239326,-131607049,
456239325,-131607049,
456239323,-131607049,
456239322,-131607049,
456239321,-131607049,
456239320,-131607049,
456239319,-131607049,
456239318,-131607049,
456239317,-131607049,
456239316,-131607049,
456239315,-131607049,
456239314,-131607049,
456239313,-131607049,
456239312,-131607049,
456239311,-131607049,
456239310,-131607049,
456239309,-131607049,
456239308,-131607049,
456239307,-131607049,
456239306,-131607049,
456239305,-131607049,
456239304,-131607049,
456239303,-131607049,
456239301,-131607049,
456239300,-131607049,
456239299,-131607049,
456239298,-131607049,
456239296,-131607049,
456239294,-131607049,
456239293,-131607049,
456239292,-131607049,
456239291,-131607049,
456239290,-131607049,
456239289,-131607049,
456239288,-131607049,
456239287,-131607049,
456239286,-131607049,
456239285,-131607049,
456239284,-131607049,
456239029,451184334,
456239279,-131607049,
456239280,-131607049,
456239281,-131607049,
456239278,-131607049,
456239277,-131607049,
456239276,-131607049,
456239275,-131607049,
456239274,-131607049,
456239273,-131607049,
456239272,-131607049,
456239271,-131607049,
456239270,-131607049,
456239269,-131607049,
456239268,-131607049,
456239267,-131607049,
456239265,-131607049,
456239260,-131607049,
456239258,-131607049,
456239257,-131607049,
456239256,-131607049,
456239255,-131607049,
456239253,-131607049,
456239250,-131607049,
456239249,-131607049,
456239248,-131607049,
456239208,-131607049,
456239207,-131607049,
456239206,-131607049,
456239205,-131607049,
456239204,-131607049,
456239203,-131607049,
456239202,-131607049,
456239201,-131607049,
456239200,-131607049,
456239199,-131607049,
456239198,-131607049,
456239197,-131607049,
456239196,-131607049,
456239195,-131607049,
456239193,-131607049,
456239192,-131607049,
456239191,-131607049,
456239190,-131607049,
456239189,-131607049,
456239188,-131607049,
456239187,-131607049,
456239184,-131607049,
456239183,-131607049,
456239182,-131607049,
456239181,-131607049,
456239180,-131607049,
456239179,-131607049,
456239178,-131607049,
456239177,-131607049,
456239174,-131607049,
456239173,-131607049,
456239171,-131607049,
456239170,-131607049,
456239169,-131607049,
456239168,-131607049,
456239167,-131607049,
456239166,-131607049,
456239165,-131607049,
456239164,-131607049,
456239162,-131607049,
456239161,-131607049,
456239160,-131607049,
456239159,-131607049,
456239158,-131607049,
456239157,-131607049,
456239154,-131607049,
456239153,-131607049,
456239152,-131607049,
456239151,-131607049,
456239150,-131607049,
456239149,-131607049,
456239148,-131607049,
456239147,-131607049,
456239146,-131607049,
456239144,-131607049,
456239142,-131607049,
456239141,-131607049,
456239140,-131607049,
456239139,-131607049,
456239138,-131607049,
456239137,-131607049,
456239135,-131607049,
456239134,-131607049,
456239133,-131607049,
456239132,-131607049,
456239131,-131607049,
456239130,-131607049,
456239129,-131607049,
456239128,-131607049,
456239119,-131607049,
456239118,-131607049,
456239117,-131607049,
456239116,-131607049,
456239115,-131607049,
456239114,-131607049,
456239113,-131607049,
456239112,-131607049,
456239111,-131607049,
456239110,-131607049,
456239108,-131607049,
456239107,-131607049,
456239104,-131607049,
456239103,-131607049,
456239102,-131607049,
456239101,-131607049,
456239100,-131607049,
456239099,-131607049,
456239097,-131607049,
456239096,-131607049,
456239095,-131607049,
456239093,-131607049,
456239092,-131607049,
456239089,-131607049,
456239086,-131607049,
456239084,-131607049,
456239081,-131607049,
456239076,-131607049,
456239075,-131607049,
456239074,-131607049,
456239073,-131607049,
456239072,-131607049,
456239071,-131607049,
456239070,-131607049,
456239069,-131607049,
456248739,-48512305,
456239059,-131607049,
456239057,-131607049,
456239050,-131607049,
456239049,-131607049,
456239048,-131607049,
456239047,-131607049,
456239046,-131607049,
456239045,-131607049,
456239044,-131607049,
456239043,-131607049,
456239042,-131607049,
456239040,-131607049,
456239039,-131607049,
456239038,-131607049,
456239037,-131607049,
456239026,-131607049,
456239025,-131607049,
456239024,-131607049,
456239022,-131607049,
456239020,-131607049,
456239019,-131607049,
456239018,-131607049,
456239017,-131607049,
