web-scraper-order,web-scraper-start-url,show,show-href,title,channel,views,comments,ad_links,ad_links-href
"1740706148-1","https://vkvideo.ru/trends","ПОСЕТИЛ САМЫЕ СТРАШНЫЕ САЙТЫ В МИРЕ ! УЗНАЛ СВОЮ ДАТУ СМЕРТИ","https://vkvideo.ru/video-211169870_456241383","ПОСЕТИЛ САМЫЕ СТРАШНЫЕ САЙТЫ В МИРЕ ! УЗНАЛ СВОЮ ДАТУ СМЕРТИ","ГЛЕНТ","189 тыс просмотров·17 часов назад","Спасибо за видео!","",""
"1740706148-2","https://vkvideo.ru/trends","ПОСЕТИЛ САМЫЕ СТРАШНЫЕ САЙТЫ В МИРЕ ! УЗНАЛ СВОЮ ДАТУ СМЕРТИ","https://vkvideo.ru/video-211169870_456241383","ПОСЕТИЛ САМЫЕ СТРАШНЫЕ САЙТЫ В МИРЕ ! УЗНАЛ СВОЮ ДАТУ СМЕРТИ","ГЛЕНТ","189 тыс просмотров·17 часов назад","Я видел это","",""
"1740706148-3","https://vkvideo.ru/trends","ПОСЕТИЛ САМЫЕ СТРАШНЫЕ САЙТЫ В МИРЕ ! УЗНАЛ СВОЮ ДАТУ СМЕРТИ","https://vkvideo.ru/video-211169870_456241383","ПОСЕТИЛ САМЫЕ СТРАШНЫЕ САЙТЫ В МИРЕ ! УЗНАЛ СВОЮ ДАТУ СМЕРТИ","ГЛЕНТ","189 тыс просмотров·17 часов назад","","https://t.me/lilpaybot","https://vkvideo.ru/away.php?to=https%3A%2F%2Ft.me%2Flilpaybot&cc_key="
"1740706148-4","https://vkvideo.ru/trends","ПОСЕТИЛ САМЫЕ СТРАШНЫЕ САЙТЫ В МИРЕ ! УЗНАЛ СВОЮ ДАТУ СМЕРТИ","https://vkvideo.ru/video-211169870_456241383","ПОСЕТИЛ САМЫЕ СТРАШНЫЕ САЙТЫ В МИРЕ ! УЗНАЛ СВОЮ ДАТУ СМЕРТИ","ГЛЕНТ","189 тыс просмотров·17 часов назад","","https://t.me/vladglenttg","https://vkvideo.ru/away.php?to=https%3A%2F%2Ft.me%2Fvladglenttg&cc_key="
"1740706152-5","https://vkvideo.ru/trends","Степан Меньщиков, Константин Анисимов, Виталий Андреев, Роман Кискин, Кокушкина и Павлов. Квиз-Стендап.","https://vkvideo.ru/video-152009330_456241863","Степан Меньщиков, Константин Анисимов, Виталий Андреев, Роман Кискин, Кокушкина и Павлов. Квиз-Стендап.","ИКС","437 тыс просмотров·2 дня назад","Шляпа полная","",""
"1740706152-6","https://vkvideo.ru/trends","Степан Меньщиков, Константин Анисимов, Виталий Андреев, Роман Кискин, Кокушкина и Павлов. Квиз-Стендап.","https://vkvideo.ru/video-152009330_456241863","Степан Меньщиков, Константин Анисимов, Виталий Андреев, Роман Кискин, Кокушкина и Павлов. Квиз-Стендап.","ИКС","437 тыс просмотров·2 дня назад","Тот случай, когда смотришь ради ведущих","",""
"1740706152-7","https://vkvideo.ru/trends","Степан Меньщиков, Константин Анисимов, Виталий Андреев, Роман Кискин, Кокушкина и Павлов. Квиз-Стендап.","https://vkvideo.ru/video-152009330_456241863","Степан Меньщиков, Константин Анисимов, Виталий Андреев, Роман Кискин, Кокушкина и Павлов. Квиз-Стендап.","ИКС","437 тыс просмотров·2 дня назад","А вы кто вообще??Вас кто-то знает?","",""
"1740706152-8","https://vkvideo.ru/trends","Степан Меньщиков, Константин Анисимов, Виталий Андреев, Роман Кискин, Кокушкина и Павлов. Квиз-Стендап.","https://vkvideo.ru/video-152009330_456241863","Степан Меньщиков, Константин Анисимов, Виталий Андреев, Роман Кискин, Кокушкина и Павлов. Квиз-Стендап.","ИКС","437 тыс просмотров·2 дня назад","","https://vk.com/iks__club","https://vkvideo.ru/away.php?to=https%3A%2F%2Fvk.com%2Fiks__club&cc_key="
"1740706152-9","https://vkvideo.ru/trends","Степан Меньщиков, Константин Анисимов, Виталий Андреев, Роман Кискин, Кокушкина и Павлов. Квиз-Стендап.","https://vkvideo.ru/video-152009330_456241863","Степан Меньщиков, Константин Анисимов, Виталий Андреев, Роман Кискин, Кокушкина и Павлов. Квиз-Стендап.","ИКС","437 тыс просмотров·2 дня назад","","https://t.me/iks_club","https://vkvideo.ru/away.php?to=https%3A%2F%2Ft.me%2Fiks_club&cc_key="
"1740706152-10","https://vkvideo.ru/trends","Степан Меньщиков, Константин Анисимов, Виталий Андреев, Роман Кискин, Кокушкина и Павлов. Квиз-Стендап.","https://vkvideo.ru/video-152009330_456241863","Степан Меньщиков, Константин Анисимов, Виталий Андреев, Роман Кискин, Кокушкина и Павлов. Квиз-Стендап.","ИКС","437 тыс просмотров·2 дня назад","","https://dzen.ru/iks__club","https://vkvideo.ru/away.php?to=https%3A%2F%2Fdzen.ru%2Fiks__club&cc_key="
"1740706152-11","https://vkvideo.ru/trends","Степан Меньщиков, Константин Анисимов, Виталий Андреев, Роман Кискин, Кокушкина и Павлов. Квиз-Стендап.","https://vkvideo.ru/video-152009330_456241863","Степан Меньщиков, Константин Анисимов, Виталий Андреев, Роман Кискин, Кокушкина и Павлов. Квиз-Стендап.","ИКС","437 тыс просмотров·2 дня назад","","https://t.me/lasiberiana","https://vkvideo.ru/away.php?to=https%3A%2F%2Ft.me%2Flasiberiana&cc_key="
"1740706156-12","https://vkvideo.ru/trends","никогда не открывай все злые sprunki мистери-боксы в 3 часа ночи!!","https://vkvideo.ru/video-219283548_456239330","никогда не открывай все злые sprunki мистери-боксы в 3 часа ночи!!","Вильям Бруно","240 тыс просмотров·1 день назад","The only dhj","",""
"1740706156-13","https://vkvideo.ru/trends","никогда не открывай все злые sprunki мистери-боксы в 3 часа ночи!!","https://vkvideo.ru/video-219283548_456239330","никогда не открывай все злые sprunki мистери-боксы в 3 часа ночи!!","Вильям Бруно","240 тыс просмотров·1 день назад","А","",""
"1740706156-14","https://vkvideo.ru/trends","никогда не открывай все злые sprunki мистери-боксы в 3 часа ночи!!","https://vkvideo.ru/video-219283548_456239330","никогда не открывай все злые sprunki мистери-боксы в 3 часа ночи!!","Вильям Бруно","240 тыс просмотров·1 день назад","Sprunkl","",""
"1740706156-15","https://vkvideo.ru/trends","никогда не открывай все злые sprunki мистери-боксы в 3 часа ночи!!","https://vkvideo.ru/video-219283548_456239330","никогда не открывай все злые sprunki мистери-боксы в 3 часа ночи!!","Вильям Бруно","240 тыс просмотров·1 день назад","","https://vk.com/brunobroo","https://vkvideo.ru/away.php?to=https%3A%2F%2Fvk.com%2Fbrunobroo&cc_key="
"1740706163-16","https://vkvideo.ru/trends","Секта Дятлова: Как люди сами создали культ вокруг трагедии?","https://vkvideo.ru/video-147169109_456239495","Секта Дятлова: Как люди сами создали культ вокруг трагедии?","GEO","157 тыс просмотров·2 дня назад","Это СПАЙС","",""
"1740706163-17","https://vkvideo.ru/trends","Секта Дятлова: Как люди сами создали культ вокруг трагедии?","https://vkvideo.ru/video-147169109_456239495","Секта Дятлова: Как люди сами создали культ вокруг трагедии?","GEO","157 тыс просмотров·2 дня назад","Вникал в данный вопрос, и хочу сказать, что для себя принял версию Игоря Титова, с оговорками…","",""
"1740706163-18","https://vkvideo.ru/trends","Секта Дятлова: Как люди сами создали культ вокруг трагедии?","https://vkvideo.ru/video-147169109_456239495","Секта Дятлова: Как люди сами создали культ вокруг трагедии?","GEO","157 тыс просмотров·2 дня назад","Того и глядишь Geo камня на камне не оставит в теме современных конспирологии, тайн и загадок. Хотелось бы увидеть выпуск, где бы он не был бы столь категоричен. Иногда, просто хочется знать, что в мире действительно происходит какая-то паранормальная дичь, которую мы не можем объяснить. Истина где-то рядом","",""
"1740706163-19","https://vkvideo.ru/trends","Секта Дятлова: Как люди сами создали культ вокруг трагедии?","https://vkvideo.ru/video-147169109_456239495","Секта Дятлова: Как люди сами создали культ вокруг трагедии?","GEO","157 тыс просмотров·2 дня назад","","https://go.skillfactory.ru/RvTy0g","https://vkvideo.ru/away.php?to=https%3A%2F%2Fgo.skillfactory.ru%2FRvTy0g&cc_key="
"1740706163-20","https://vkvideo.ru/trends","Секта Дятлова: Как люди сами создали культ вокруг трагедии?","https://vkvideo.ru/video-147169109_456239495","Секта Дятлова: Как люди сами создали культ вокруг трагедии?","GEO","157 тыс просмотров·2 дня назад","","https://auto.ru/s/tb5xin","https://vkvideo.ru/away.php?to=https%3A%2F%2Fauto.ru%2Fs%2Ftb5xin&cc_key="
"1740706163-21","https://vkvideo.ru/trends","Секта Дятлова: Как люди сами создали культ вокруг трагедии?","https://vkvideo.ru/video-147169109_456239495","Секта Дятлова: Как люди сами создали культ вокруг трагедии?","GEO","157 тыс просмотров·2 дня назад","","https://clck.ru/3GW5gG","https://vkvideo.ru/away.php?to=https%3A%2F%2Fclck.ru%2F3GW5gG&cc_key="
"1740706168-22","https://vkvideo.ru/trends","Цитаты с Отаром Кушанашвили","https://vkvideo.ru/video-213802301_456240413","Цитаты с  Отаром Кушанашвили","ШАСТУН","231 тыс просмотров·1 день назад","Мимолётный выпуск. Настолько интересный гость.","",""
"1740706168-23","https://vkvideo.ru/trends","Цитаты с Отаром Кушанашвили","https://vkvideo.ru/video-213802301_456240413","Цитаты с  Отаром Кушанашвили","ШАСТУН","231 тыс просмотров·1 день назад","Отар, когда говорит, то невольно следишь за его обильным слюнообразованием
Уж не онкология ли","",""
"1740706168-24","https://vkvideo.ru/trends","Цитаты с Отаром Кушанашвили","https://vkvideo.ru/video-213802301_456240413","Цитаты с  Отаром Кушанашвили","ШАСТУН","231 тыс просмотров·1 день назад","Я хочу стереть себе память, что бы посмотреть это еще раз. БЛЕСТЯЩЕ!","",""
"1740706168-25","https://vkvideo.ru/trends","Цитаты с Отаром Кушанашвили","https://vkvideo.ru/video-213802301_456240413","Цитаты с  Отаром Кушанашвили","ШАСТУН","231 тыс просмотров·1 день назад","","https://vk.com/o.kushanashvili","https://vkvideo.ru/away.php?to=https%3A%2F%2Fvk.com%2Fo.kushanashvili&cc_key="
"1740706168-26","https://vkvideo.ru/trends","Цитаты с Отаром Кушанашвили","https://vkvideo.ru/video-213802301_456240413","Цитаты с  Отаром Кушанашвили","ШАСТУН","231 тыс просмотров·1 день назад","","https://vk.com/shastoon.channel","https://vkvideo.ru/away.php?to=https%3A%2F%2Fvk.com%2Fshastoon.channel&cc_key="
"1740706168-27","https://vkvideo.ru/trends","Цитаты с Отаром Кушанашвили","https://vkvideo.ru/video-213802301_456240413","Цитаты с  Отаром Кушанашвили","ШАСТУН","231 тыс просмотров·1 день назад","","https://vk.com/lisa.goncharova","https://vkvideo.ru/away.php?to=https%3A%2F%2Fvk.com%2Flisa.goncharova&cc_key="
"1740706168-28","https://vkvideo.ru/trends","Цитаты с Отаром Кушанашвили","https://vkvideo.ru/video-213802301_456240413","Цитаты с  Отаром Кушанашвили","ШАСТУН","231 тыс просмотров·1 день назад","","https://smokemachinecrew.ru/","https://vkvideo.ru/away.php?to=https%3A%2F%2Fsmokemachinecrew.ru%2F&cc_key="
"1740706168-29","https://vkvideo.ru/trends","Цитаты с Отаром Кушанашвили","https://vkvideo.ru/video-213802301_456240413","Цитаты с  Отаром Кушанашвили","ШАСТУН","231 тыс просмотров·1 день назад","","00:00","https://vkvideo.ru/video-213802301_456240413?t=0h0m0s"
"1740706168-30","https://vkvideo.ru/trends","Цитаты с Отаром Кушанашвили","https://vkvideo.ru/video-213802301_456240413","Цитаты с  Отаром Кушанашвили","ШАСТУН","231 тыс просмотров·1 день назад","","00:41","https://vkvideo.ru/video-213802301_456240413?t=0h0m41s"
"1740706168-31","https://vkvideo.ru/trends","Цитаты с Отаром Кушанашвили","https://vkvideo.ru/video-213802301_456240413","Цитаты с  Отаром Кушанашвили","ШАСТУН","231 тыс просмотров·1 день назад","","03:19","https://vkvideo.ru/video-213802301_456240413?t=0h3m19s"
"1740706168-32","https://vkvideo.ru/trends","Цитаты с Отаром Кушанашвили","https://vkvideo.ru/video-213802301_456240413","Цитаты с  Отаром Кушанашвили","ШАСТУН","231 тыс просмотров·1 день назад","","06:30","https://vkvideo.ru/video-213802301_456240413?t=0h6m30s"
"1740706168-33","https://vkvideo.ru/trends","Цитаты с Отаром Кушанашвили","https://vkvideo.ru/video-213802301_456240413","Цитаты с  Отаром Кушанашвили","ШАСТУН","231 тыс просмотров·1 день назад","","09:19","https://vkvideo.ru/video-213802301_456240413?t=0h9m19s"
"1740706168-34","https://vkvideo.ru/trends","Цитаты с Отаром Кушанашвили","https://vkvideo.ru/video-213802301_456240413","Цитаты с  Отаром Кушанашвили","ШАСТУН","231 тыс просмотров·1 день назад","","20:03","https://vkvideo.ru/video-213802301_456240413?t=0h20m3s"
"1740706168-35","https://vkvideo.ru/trends","Цитаты с Отаром Кушанашвили","https://vkvideo.ru/video-213802301_456240413","Цитаты с  Отаром Кушанашвили","ШАСТУН","231 тыс просмотров·1 день назад","","25:22","https://vkvideo.ru/video-213802301_456240413?t=0h25m22s"
"1740706168-36","https://vkvideo.ru/trends","Цитаты с Отаром Кушанашвили","https://vkvideo.ru/video-213802301_456240413","Цитаты с  Отаром Кушанашвили","ШАСТУН","231 тыс просмотров·1 день назад","","39:40","https://vkvideo.ru/video-213802301_456240413?t=0h39m40s"
"1740706168-37","https://vkvideo.ru/trends","Цитаты с Отаром Кушанашвили","https://vkvideo.ru/video-213802301_456240413","Цитаты с  Отаром Кушанашвили","ШАСТУН","231 тыс просмотров·1 день назад","","43:40","https://vkvideo.ru/video-213802301_456240413?t=0h43m40s"
"1740706168-38","https://vkvideo.ru/trends","Цитаты с Отаром Кушанашвили","https://vkvideo.ru/video-213802301_456240413","Цитаты с  Отаром Кушанашвили","ШАСТУН","231 тыс просмотров·1 день назад","","51:50","https://vkvideo.ru/video-213802301_456240413?t=0h51m50s"
"1740706168-39","https://vkvideo.ru/trends","Цитаты с Отаром Кушанашвили","https://vkvideo.ru/video-213802301_456240413","Цитаты с  Отаром Кушанашвили","ШАСТУН","231 тыс просмотров·1 день назад","","59:55","https://vkvideo.ru/video-213802301_456240413?t=0h59m55s"
"1740706168-40","https://vkvideo.ru/trends","Цитаты с Отаром Кушанашвили","https://vkvideo.ru/video-213802301_456240413","Цитаты с  Отаром Кушанашвили","ШАСТУН","231 тыс просмотров·1 день назад","","01:05:45","https://vkvideo.ru/video-213802301_456240413?t=1h5m45s"
"1740706168-41","https://vkvideo.ru/trends","Цитаты с Отаром Кушанашвили","https://vkvideo.ru/video-213802301_456240413","Цитаты с  Отаром Кушанашвили","ШАСТУН","231 тыс просмотров·1 день назад","","01:14:35","https://vkvideo.ru/video-213802301_456240413?t=1h14m35s"
"1740706168-42","https://vkvideo.ru/trends","Цитаты с Отаром Кушанашвили","https://vkvideo.ru/video-213802301_456240413","Цитаты с  Отаром Кушанашвили","ШАСТУН","231 тыс просмотров·1 день назад","","18:00","https://vkvideo.ru/video-213802301_456240413?t=0h18m0s"
"1740706168-43","https://vkvideo.ru/trends","Цитаты с Отаром Кушанашвили","https://vkvideo.ru/video-213802301_456240413","Цитаты с  Отаром Кушанашвили","ШАСТУН","231 тыс просмотров·1 день назад","","01:21:00","https://vkvideo.ru/video-213802301_456240413?t=1h21m0s"
"1740706174-44","https://vkvideo.ru/trends","МЫ СНОВА ПЕРЕВОРАЧИВАЕМ И ТОПИМ ВЕЗДЕХОД. DOZER.","https://vkvideo.ru/video-64876876_456243295","МЫ СНОВА ПЕРЕВОРАЧИВАЕМ И ТОПИМ ВЕЗДЕХОД. DOZER.","AcademeG //тру ориджинал групп//","353 тыс просмотров·2 дня назад","","https://vk.cc/cIThQj","https://vkvideo.ru/away.php?to=https%3A%2F%2Fosio.ru%2Fproducts%2Fnoutbuki%2Fnoutbuk-osio-cyberline-c160i-004%3Futm_source%3Dyoutube%26utm_medium%3Dcpv%26utm_campaign%3Dosio%26utm_term%3Dacademeg2&cc_key=cIThQj"
"1740706174-45","https://vkvideo.ru/trends","МЫ СНОВА ПЕРЕВОРАЧИВАЕМ И ТОПИМ ВЕЗДЕХОД. DOZER.","https://vkvideo.ru/video-64876876_456243295","МЫ СНОВА ПЕРЕВОРАЧИВАЕМ И ТОПИМ ВЕЗДЕХОД. DOZER.","AcademeG //тру ориджинал групп//","353 тыс просмотров·2 дня назад","","https://kvadrotsikl-dozer.ru/","https://vkvideo.ru/away.php?to=https%3A%2F%2Fkvadrotsikl-dozer.ru%2F&cc_key="
"1740706174-46","https://vkvideo.ru/trends","МЫ СНОВА ПЕРЕВОРАЧИВАЕМ И ТОПИМ ВЕЗДЕХОД. DOZER.","https://vkvideo.ru/video-64876876_456243295","МЫ СНОВА ПЕРЕВОРАЧИВАЕМ И ТОПИМ ВЕЗДЕХОД. DOZER.","AcademeG //тру ориджинал групп//","353 тыс просмотров·2 дня назад","","https://vk.com/dozer35vol","https://vkvideo.ru/away.php?to=https%3A%2F%2Fvk.com%2Fdozer35vol&cc_key="
"1740706174-47","https://vkvideo.ru/trends","МЫ СНОВА ПЕРЕВОРАЧИВАЕМ И ТОПИМ ВЕЗДЕХОД. DOZER.","https://vkvideo.ru/video-64876876_456243295","МЫ СНОВА ПЕРЕВОРАЧИВАЕМ И ТОПИМ ВЕЗДЕХОД. DOZER.","AcademeG //тру ориджинал групп//","353 тыс просмотров·2 дня назад","","https://t.me/academeg_true_original","https://vkvideo.ru/away.php?to=https%3A%2F%2Ft.me%2Facademeg_true_original&cc_key="
"1740706174-48","https://vkvideo.ru/trends","МЫ СНОВА ПЕРЕВОРАЧИВАЕМ И ТОПИМ ВЕЗДЕХОД. DOZER.","https://vkvideo.ru/video-64876876_456243295","МЫ СНОВА ПЕРЕВОРАЧИВАЕМ И ТОПИМ ВЕЗДЕХОД. DOZER.","AcademeG //тру ориджинал групп//","353 тыс просмотров·2 дня назад","","https://www.youtube.com/channel/UCOz273vVx0_3IdqfTYIJ..","https://vkvideo.ru/away.php?to=https%3A%2F%2Fwww.youtube.com%2Fchannel%2FUCOz273vVx0_3IdqfTYIJNYQ&cc_key="
"1740706174-49","https://vkvideo.ru/trends","МЫ СНОВА ПЕРЕВОРАЧИВАЕМ И ТОПИМ ВЕЗДЕХОД. DOZER.","https://vkvideo.ru/video-64876876_456243295","МЫ СНОВА ПЕРЕВОРАЧИВАЕМ И ТОПИМ ВЕЗДЕХОД. DOZER.","AcademeG //тру ориджинал групп//","353 тыс просмотров·2 дня назад","","https://www.youtube.com/c/AcademeGDai","https://vkvideo.ru/away.php?to=https%3A%2F%2Fwww.youtube.com%2Fc%2FAcademeGDai&cc_key="
"1740706174-50","https://vkvideo.ru/trends","МЫ СНОВА ПЕРЕВОРАЧИВАЕМ И ТОПИМ ВЕЗДЕХОД. DOZER.","https://vkvideo.ru/video-64876876_456243295","МЫ СНОВА ПЕРЕВОРАЧИВАЕМ И ТОПИМ ВЕЗДЕХОД. DOZER.","AcademeG //тру ориджинал групп//","353 тыс просмотров·2 дня назад","","https://instagram.com/academeg","https://vkvideo.ru/away.php?to=https%3A%2F%2Finstagram.com%2Facademeg&cc_key="
"1740706174-51","https://vkvideo.ru/trends","МЫ СНОВА ПЕРЕВОРАЧИВАЕМ И ТОПИМ ВЕЗДЕХОД. DOZER.","https://vkvideo.ru/video-64876876_456243295","МЫ СНОВА ПЕРЕВОРАЧИВАЕМ И ТОПИМ ВЕЗДЕХОД. DOZER.","AcademeG //тру ориджинал групп//","353 тыс просмотров·2 дня назад","","http://vk.com/AcademeG","https://vkvideo.ru/away.php?to=http%3A%2F%2Fvk.com%2FAcademeG&cc_key="
"1740706174-52","https://vkvideo.ru/trends","МЫ СНОВА ПЕРЕВОРАЧИВАЕМ И ТОПИМ ВЕЗДЕХОД. DOZER.","https://vkvideo.ru/video-64876876_456243295","МЫ СНОВА ПЕРЕВОРАЧИВАЕМ И ТОПИМ ВЕЗДЕХОД. DOZER.","AcademeG //тру ориджинал групп//","353 тыс просмотров·2 дня назад","","http://vk.com/academeg_reviews","https://vkvideo.ru/away.php?to=http%3A%2F%2Fvk.com%2Facademeg_reviews&cc_key="
"1740706174-53","https://vkvideo.ru/trends","МЫ СНОВА ПЕРЕВОРАЧИВАЕМ И ТОПИМ ВЕЗДЕХОД. DOZER.","https://vkvideo.ru/video-64876876_456243295","МЫ СНОВА ПЕРЕВОРАЧИВАЕМ И ТОПИМ ВЕЗДЕХОД. DOZER.","AcademeG //тру ориджинал групп//","353 тыс просмотров·2 дня назад","","https://www.youtube.com/user/AcademeG","https://vkvideo.ru/away.php?to=https%3A%2F%2Fwww.youtube.com%2Fuser%2FAcademeG&cc_key="
"1740706174-54","https://vkvideo.ru/trends","МЫ СНОВА ПЕРЕВОРАЧИВАЕМ И ТОПИМ ВЕЗДЕХОД. DOZER.","https://vkvideo.ru/video-64876876_456243295","МЫ СНОВА ПЕРЕВОРАЧИВАЕМ И ТОПИМ ВЕЗДЕХОД. DOZER.","AcademeG //тру ориджинал групп//","353 тыс просмотров·2 дня назад","","https://www.tiktok.com/@academeg.offi","https://vkvideo.ru/away.php?to=https%3A%2F%2Fwww.tiktok.com%2F%40academeg.offi&cc_key="
"1740706174-55","https://vkvideo.ru/trends","МЫ СНОВА ПЕРЕВОРАЧИВАЕМ И ТОПИМ ВЕЗДЕХОД. DOZER.","https://vkvideo.ru/video-64876876_456243295","МЫ СНОВА ПЕРЕВОРАЧИВАЕМ И ТОПИМ ВЕЗДЕХОД. DOZER.","AcademeG //тру ориджинал групп//","353 тыс просмотров·2 дня назад","","https://suprotec.ru/","https://vkvideo.ru/away.php?to=https%3A%2F%2Fsuprotec.ru%2F&cc_key="
"1740706178-56","https://vkvideo.ru/trends","Comedy Club: Скандал на шоу | Харламов, Воля, Бебуришвили","https://vkvideo.ru/video-131607049_456241382","Comedy Club: Скандал на шоу | Харламов, Воля, Бебуришвили","ТНТ Видео","344 тыс просмотров·2 дня назад","Два дебила  у разбитого карыта.  Межсабойчик.  У дам","",""
"1740706178-57","https://vkvideo.ru/trends","Comedy Club: Скандал на шоу | Харламов, Воля, Бебуришвили","https://vkvideo.ru/video-131607049_456241382","Comedy Club: Скандал на шоу | Харламов, Воля, Бебуришвили","ТНТ Видео","344 тыс просмотров·2 дня назад","Ira, лет 15 будет, посмеешься","",""
"1740706178-58","https://vkvideo.ru/trends","Comedy Club: Скандал на шоу | Харламов, Воля, Бебуришвили","https://vkvideo.ru/video-131607049_456241382","Comedy Club: Скандал на шоу | Харламов, Воля, Бебуришвили","ТНТ Видео","344 тыс просмотров·2 дня назад","По-моему смех накладывают","",""
"1740706178-59","https://vkvideo.ru/trends","Comedy Club: Скандал на шоу | Харламов, Воля, Бебуришвили","https://vkvideo.ru/video-131607049_456241382","Comedy Club: Скандал на шоу | Харламов, Воля, Бебуришвили","ТНТ Видео","344 тыс просмотров·2 дня назад","","#ComedyClub","https://vkvideo.ru/video?q=%23ComedyClub"
"1740706178-60","https://vkvideo.ru/trends","Comedy Club: Скандал на шоу | Харламов, Воля, Бебуришвили","https://vkvideo.ru/video-131607049_456241382","Comedy Club: Скандал на шоу | Харламов, Воля, Бебуришвили","ТНТ Видео","344 тыс просмотров·2 дня назад","","#ТНТ","https://vkvideo.ru/video?q=%23%D0%A2%D0%9D%D0%A2"
"1740706178-61","https://vkvideo.ru/trends","Comedy Club: Скандал на шоу | Харламов, Воля, Бебуришвили","https://vkvideo.ru/video-131607049_456241382","Comedy Club: Скандал на шоу | Харламов, Воля, Бебуришвили","ТНТ Видео","344 тыс просмотров·2 дня назад","","https://rutube.ru/u/tnt/","https://vkvideo.ru/away.php?to=https%3A%2F%2Frutube.ru%2Fu%2Ftnt%2F&cc_key="
"1740706178-62","https://vkvideo.ru/trends","Comedy Club: Скандал на шоу | Харламов, Воля, Бебуришвили","https://vkvideo.ru/video-131607049_456241382","Comedy Club: Скандал на шоу | Харламов, Воля, Бебуришвили","ТНТ Видео","344 тыс просмотров·2 дня назад","","https://vk.com/tnt","https://vkvideo.ru/away.php?to=https%3A%2F%2Fvk.com%2Ftnt&cc_key="
"1740706178-63","https://vkvideo.ru/trends","Comedy Club: Скандал на шоу | Харламов, Воля, Бебуришвили","https://vkvideo.ru/video-131607049_456241382","Comedy Club: Скандал на шоу | Харламов, Воля, Бебуришвили","ТНТ Видео","344 тыс просмотров·2 дня назад","","https://t.me/TNT_television","https://vkvideo.ru/away.php?to=https%3A%2F%2Ft.me%2FTNT_television&cc_key="
"1740706178-64","https://vkvideo.ru/trends","Comedy Club: Скандал на шоу | Харламов, Воля, Бебуришвили","https://vkvideo.ru/video-131607049_456241382","Comedy Club: Скандал на шоу | Харламов, Воля, Бебуришвили","ТНТ Видео","344 тыс просмотров·2 дня назад","","https://ok.ru/tnt","https://vkvideo.ru/away.php?to=https%3A%2F%2Fok.ru%2Ftnt&cc_key="
"1740706178-65","https://vkvideo.ru/trends","Comedy Club: Скандал на шоу | Харламов, Воля, Бебуришвили","https://vkvideo.ru/video-131607049_456241382","Comedy Club: Скандал на шоу | Харламов, Воля, Бебуришвили","ТНТ Видео","344 тыс просмотров·2 дня назад","","https://rutube.ru/metainfo/tv/10/","https://vkvideo.ru/away.php?to=https%3A%2F%2Frutube.ru%2Fmetainfo%2Ftv%2F10%2F&cc_key="
"1740706178-66","https://vkvideo.ru/trends","Comedy Club: Скандал на шоу | Харламов, Воля, Бебуришвили","https://vkvideo.ru/video-131607049_456241382","Comedy Club: Скандал на шоу | Харламов, Воля, Бебуришвили","ТНТ Видео","344 тыс просмотров·2 дня назад","","https://t.me/comedyclubru","https://vkvideo.ru/away.php?to=https%3A%2F%2Ft.me%2Fcomedyclubru&cc_key="
"1740706178-67","https://vkvideo.ru/trends","Comedy Club: Скандал на шоу | Харламов, Воля, Бебуришвили","https://vkvideo.ru/video-131607049_456241382","Comedy Club: Скандал на шоу | Харламов, Воля, Бебуришвили","ТНТ Видео","344 тыс просмотров·2 дня назад","","https://vk.com/comedyclubru","https://vkvideo.ru/away.php?to=https%3A%2F%2Fvk.com%2Fcomedyclubru&cc_key="
"1740706178-68","https://vkvideo.ru/trends","Comedy Club: Скандал на шоу | Харламов, Воля, Бебуришвили","https://vkvideo.ru/video-131607049_456241382","Comedy Club: Скандал на шоу | Харламов, Воля, Бебуришвили","ТНТ Видео","344 тыс просмотров·2 дня назад","","https://ok.ru/comedyclubru","https://vkvideo.ru/away.php?to=https%3A%2F%2Fok.ru%2Fcomedyclubru&cc_key="
"1740706178-69","https://vkvideo.ru/trends","Comedy Club: Скандал на шоу | Харламов, Воля, Бебуришвили","https://vkvideo.ru/video-131607049_456241382","Comedy Club: Скандал на шоу | Харламов, Воля, Бебуришвили","ТНТ Видео","344 тыс просмотров·2 дня назад","","https://t.me/garbul","https://vkvideo.ru/away.php?to=https%3A%2F%2Ft.me%2Fgarbul&cc_key="
"1740706178-70","https://vkvideo.ru/trends","Comedy Club: Скандал на шоу | Харламов, Воля, Бебуришвили","https://vkvideo.ru/video-131607049_456241382","Comedy Club: Скандал на шоу | Харламов, Воля, Бебуришвили","ТНТ Видео","344 тыс просмотров·2 дня назад","","https://vk.com/garikharlamov","https://vkvideo.ru/away.php?to=https%3A%2F%2Fvk.com%2Fgarikharlamov&cc_key="
"1740706178-71","https://vkvideo.ru/trends","Comedy Club: Скандал на шоу | Харламов, Воля, Бебуришвили","https://vkvideo.ru/video-131607049_456241382","Comedy Club: Скандал на шоу | Харламов, Воля, Бебуришвили","ТНТ Видео","344 тыс просмотров·2 дня назад","","https://t.me/pvolya","https://vkvideo.ru/away.php?to=https%3A%2F%2Ft.me%2Fpvolya&cc_key="
"1740706178-72","https://vkvideo.ru/trends","Comedy Club: Скандал на шоу | Харламов, Воля, Бебуришвили","https://vkvideo.ru/video-131607049_456241382","Comedy Club: Скандал на шоу | Харламов, Воля, Бебуришвили","ТНТ Видео","344 тыс просмотров·2 дня назад","","https://vk.com/realvolya","https://vkvideo.ru/away.php?to=https%3A%2F%2Fvk.com%2Frealvolya&cc_key="
"1740706178-73","https://vkvideo.ru/trends","Comedy Club: Скандал на шоу | Харламов, Воля, Бебуришвили","https://vkvideo.ru/video-131607049_456241382","Comedy Club: Скандал на шоу | Харламов, Воля, Бебуришвили","ТНТ Видео","344 тыс просмотров·2 дня назад","","https://t.me/beburprime","https://vkvideo.ru/away.php?to=https%3A%2F%2Ft.me%2Fbeburprime&cc_key="
"1740706178-74","https://vkvideo.ru/trends","Comedy Club: Скандал на шоу | Харламов, Воля, Бебуришвили","https://vkvideo.ru/video-131607049_456241382","Comedy Club: Скандал на шоу | Харламов, Воля, Бебуришвили","ТНТ Видео","344 тыс просмотров·2 дня назад","","https://vk.com/andrewcomedy","https://vkvideo.ru/away.php?to=https%3A%2F%2Fvk.com%2Fandrewcomedy&cc_key="
"1740706184-75","https://vkvideo.ru/trends","Сивый VS Панда – НОКАУТ! Езид VS Тольятти. AANBA на Хардкоре. Вызов Анубису. Боец из морга VS Мага","https://vkvideo.ru/video-195985818_456243275","Сивый VS Панда – НОКАУТ! Езид VS Тольятти. AANBA на Хардкоре. Вызов Анубису. Боец из морга VS Мага","Hardcore Fighting Championship","346 тыс просмотров·2 дня назад","Марк, Моё мнение такое,что сивый реально,уже уставшим вышел,а причина очевидна - неграмотный курс ! Сильный гормональный дисбаланс,от чего и высыпало сильнее,чем подростков в пубертате !","",""
"1740706184-76","https://vkvideo.ru/trends","Сивый VS Панда – НОКАУТ! Езид VS Тольятти. AANBA на Хардкоре. Вызов Анубису. Боец из морга VS Мага","https://vkvideo.ru/video-195985818_456243275","Сивый VS Панда – НОКАУТ! Езид VS Тольятти. AANBA на Хардкоре. Вызов Анубису. Боец из морга VS Мага","Hardcore Fighting Championship","346 тыс просмотров·2 дня назад","Кракин молодец","",""
"1740706184-77","https://vkvideo.ru/trends","Сивый VS Панда – НОКАУТ! Езид VS Тольятти. AANBA на Хардкоре. Вызов Анубису. Боец из морга VS Мага","https://vkvideo.ru/video-195985818_456243275","Сивый VS Панда – НОКАУТ! Езид VS Тольятти. AANBA на Хардкоре. Вызов Анубису. Боец из морга VS Мага","Hardcore Fighting Championship","346 тыс просмотров·2 дня назад","с детства за Виктора)","",""
"1740706184-78","https://vkvideo.ru/trends","Сивый VS Панда – НОКАУТ! Езид VS Тольятти. AANBA на Хардкоре. Вызов Анубису. Боец из морга VS Мага","https://vkvideo.ru/video-195985818_456243275","Сивый VS Панда – НОКАУТ! Езид VS Тольятти. AANBA на Хардкоре. Вызов Анубису. Боец из морга VS Мага","Hardcore Fighting Championship","346 тыс просмотров·2 дня назад","","00:00","https://vkvideo.ru/video-195985818_456243275?t=0h0m0s"
"1740706184-79","https://vkvideo.ru/trends","Сивый VS Панда – НОКАУТ! Езид VS Тольятти. AANBA на Хардкоре. Вызов Анубису. Боец из морга VS Мага","https://vkvideo.ru/video-195985818_456243275","Сивый VS Панда – НОКАУТ! Езид VS Тольятти. AANBA на Хардкоре. Вызов Анубису. Боец из морга VS Мага","Hardcore Fighting Championship","346 тыс просмотров·2 дня назад","","00:45","https://vkvideo.ru/video-195985818_456243275?t=0h0m45s"
"1740706184-80","https://vkvideo.ru/trends","Сивый VS Панда – НОКАУТ! Езид VS Тольятти. AANBA на Хардкоре. Вызов Анубису. Боец из морга VS Мага","https://vkvideo.ru/video-195985818_456243275","Сивый VS Панда – НОКАУТ! Езид VS Тольятти. AANBA на Хардкоре. Вызов Анубису. Боец из морга VS Мага","Hardcore Fighting Championship","346 тыс просмотров·2 дня назад","","03:15","https://vkvideo.ru/video-195985818_456243275?t=0h3m15s"
"1740706184-81","https://vkvideo.ru/trends","Сивый VS Панда – НОКАУТ! Езид VS Тольятти. AANBA на Хардкоре. Вызов Анубису. Боец из морга VS Мага","https://vkvideo.ru/video-195985818_456243275","Сивый VS Панда – НОКАУТ! Езид VS Тольятти. AANBA на Хардкоре. Вызов Анубису. Боец из морга VS Мага","Hardcore Fighting Championship","346 тыс просмотров·2 дня назад","","07:40","https://vkvideo.ru/video-195985818_456243275?t=0h7m40s"
"1740706184-82","https://vkvideo.ru/trends","Сивый VS Панда – НОКАУТ! Езид VS Тольятти. AANBA на Хардкоре. Вызов Анубису. Боец из морга VS Мага","https://vkvideo.ru/video-195985818_456243275","Сивый VS Панда – НОКАУТ! Езид VS Тольятти. AANBA на Хардкоре. Вызов Анубису. Боец из морга VS Мага","Hardcore Fighting Championship","346 тыс просмотров·2 дня назад","","08:40","https://vkvideo.ru/video-195985818_456243275?t=0h8m40s"
"1740706184-83","https://vkvideo.ru/trends","Сивый VS Панда – НОКАУТ! Езид VS Тольятти. AANBA на Хардкоре. Вызов Анубису. Боец из морга VS Мага","https://vkvideo.ru/video-195985818_456243275","Сивый VS Панда – НОКАУТ! Езид VS Тольятти. AANBA на Хардкоре. Вызов Анубису. Боец из морга VS Мага","Hardcore Fighting Championship","346 тыс просмотров·2 дня назад","","09:50","https://vkvideo.ru/video-195985818_456243275?t=0h9m50s"
"1740706184-84","https://vkvideo.ru/trends","Сивый VS Панда – НОКАУТ! Езид VS Тольятти. AANBA на Хардкоре. Вызов Анубису. Боец из морга VS Мага","https://vkvideo.ru/video-195985818_456243275","Сивый VS Панда – НОКАУТ! Езид VS Тольятти. AANBA на Хардкоре. Вызов Анубису. Боец из морга VS Мага","Hardcore Fighting Championship","346 тыс просмотров·2 дня назад","","26:47","https://vkvideo.ru/video-195985818_456243275?t=0h26m47s"
"1740706184-85","https://vkvideo.ru/trends","Сивый VS Панда – НОКАУТ! Езид VS Тольятти. AANBA на Хардкоре. Вызов Анубису. Боец из морга VS Мага","https://vkvideo.ru/video-195985818_456243275","Сивый VS Панда – НОКАУТ! Езид VS Тольятти. AANBA на Хардкоре. Вызов Анубису. Боец из морга VS Мага","Hardcore Fighting Championship","346 тыс просмотров·2 дня назад","","28:00","https://vkvideo.ru/video-195985818_456243275?t=0h28m0s"
"1740706184-86","https://vkvideo.ru/trends","Сивый VS Панда – НОКАУТ! Езид VS Тольятти. AANBA на Хардкоре. Вызов Анубису. Боец из морга VS Мага","https://vkvideo.ru/video-195985818_456243275","Сивый VS Панда – НОКАУТ! Езид VS Тольятти. AANBA на Хардкоре. Вызов Анубису. Боец из морга VS Мага","Hardcore Fighting Championship","346 тыс просмотров·2 дня назад","","28:52","https://vkvideo.ru/video-195985818_456243275?t=0h28m52s"
"1740706184-87","https://vkvideo.ru/trends","Сивый VS Панда – НОКАУТ! Езид VS Тольятти. AANBA на Хардкоре. Вызов Анубису. Боец из морга VS Мага","https://vkvideo.ru/video-195985818_456243275","Сивый VS Панда – НОКАУТ! Езид VS Тольятти. AANBA на Хардкоре. Вызов Анубису. Боец из морга VS Мага","Hardcore Fighting Championship","346 тыс просмотров·2 дня назад","","47:40","https://vkvideo.ru/video-195985818_456243275?t=0h47m40s"
"1740706184-88","https://vkvideo.ru/trends","Сивый VS Панда – НОКАУТ! Езид VS Тольятти. AANBA на Хардкоре. Вызов Анубису. Боец из морга VS Мага","https://vkvideo.ru/video-195985818_456243275","Сивый VS Панда – НОКАУТ! Езид VS Тольятти. AANBA на Хардкоре. Вызов Анубису. Боец из морга VS Мага","Hardcore Fighting Championship","346 тыс просмотров·2 дня назад","","55:33","https://vkvideo.ru/video-195985818_456243275?t=0h55m33s"
"1740706184-89","https://vkvideo.ru/trends","Сивый VS Панда – НОКАУТ! Езид VS Тольятти. AANBA на Хардкоре. Вызов Анубису. Боец из морга VS Мага","https://vkvideo.ru/video-195985818_456243275","Сивый VS Панда – НОКАУТ! Езид VS Тольятти. AANBA на Хардкоре. Вызов Анубису. Боец из морга VS Мага","Hardcore Fighting Championship","346 тыс просмотров·2 дня назад","","01:16:18","https://vkvideo.ru/video-195985818_456243275?t=1h16m18s"
"1740706184-90","https://vkvideo.ru/trends","Сивый VS Панда – НОКАУТ! Езид VS Тольятти. AANBA на Хардкоре. Вызов Анубису. Боец из морга VS Мага","https://vkvideo.ru/video-195985818_456243275","Сивый VS Панда – НОКАУТ! Езид VS Тольятти. AANBA на Хардкоре. Вызов Анубису. Боец из морга VS Мага","Hardcore Fighting Championship","346 тыс просмотров·2 дня назад","","01:37:15","https://vkvideo.ru/video-195985818_456243275?t=1h37m15s"
"1740706190-91","https://vkvideo.ru/trends","Электроповестка — всё? | Кибертрак разбился на 5 звёзд","https://vkvideo.ru/video-218565915_456240850","Электроповестка — всё? | Кибертрак разбился на 5 звёзд","Асафьев Стас","317 тыс просмотров·2 дня назад","не читал, просто интересно стало, стас извинялся за вранье в роликах про ссср? или он все ще тарится за своих ?","",""
"1740706190-92","https://vkvideo.ru/trends","Электроповестка — всё? | Кибертрак разбился на 5 звёзд","https://vkvideo.ru/video-218565915_456240850","Электроповестка — всё? | Кибертрак разбился на 5 звёзд","Асафьев Стас","317 тыс просмотров·2 дня назад","Никита, нормальный, гетеросексуальный мужик 
P. S. Беру свои слова назад после фразы - соленый и вкусный .....","",""
"1740706190-93","https://vkvideo.ru/trends","Электроповестка — всё? | Кибертрак разбился на 5 звёзд","https://vkvideo.ru/video-218565915_456240850","Электроповестка — всё? | Кибертрак разбился на 5 звёзд","Асафьев Стас","317 тыс просмотров·2 дня назад","Анна, ты тоже с математикой дружишь... 500к вон - ±30к рублей","",""
"1740706190-94","https://vkvideo.ru/trends","Электроповестка — всё? | Кибертрак разбился на 5 звёзд","https://vkvideo.ru/video-218565915_456240850","Электроповестка — всё? | Кибертрак разбился на 5 звёзд","Асафьев Стас","317 тыс просмотров·2 дня назад","","https://clck.ru/395JJt","https://vkvideo.ru/away.php?to=https%3A%2F%2Fclck.ru%2F395JJt&cc_key="
"1740706190-95","https://vkvideo.ru/trends","Электроповестка — всё? | Кибертрак разбился на 5 звёзд","https://vkvideo.ru/video-218565915_456240850","Электроповестка — всё? | Кибертрак разбился на 5 звёзд","Асафьев Стас","317 тыс просмотров·2 дня назад","","https://kutezh.net/","https://vkvideo.ru/away.php?to=https%3A%2F%2Fkutezh.net%2F&cc_key="
"1740706190-96","https://vkvideo.ru/trends","Электроповестка — всё? | Кибертрак разбился на 5 звёзд","https://vkvideo.ru/video-218565915_456240850","Электроповестка — всё? | Кибертрак разбился на 5 звёзд","Асафьев Стас","317 тыс просмотров·2 дня назад","","https://market.yandex.ru/business--kutezh/84407784","https://vkvideo.ru/away.php?to=https%3A%2F%2Fmarket.yandex.ru%2Fbusiness--kutezh%2F84407784&cc_key="
"1740706190-97","https://vkvideo.ru/trends","Электроповестка — всё? | Кибертрак разбился на 5 звёзд","https://vkvideo.ru/video-218565915_456240850","Электроповестка — всё? | Кибертрак разбился на 5 звёзд","Асафьев Стас","317 тыс просмотров·2 дня назад","","https://vk.com/asafevstas","https://vkvideo.ru/away.php?to=https%3A%2F%2Fvk.com%2Fasafevstas&cc_key="
"1740706190-98","https://vkvideo.ru/trends","Электроповестка — всё? | Кибертрак разбился на 5 звёзд","https://vkvideo.ru/video-218565915_456240850","Электроповестка — всё? | Кибертрак разбился на 5 звёзд","Асафьев Стас","317 тыс просмотров·2 дня назад","","https://t.me/asafevstas","https://vkvideo.ru/away.php?to=https%3A%2F%2Ft.me%2Fasafevstas&cc_key="
"1740706190-99","https://vkvideo.ru/trends","Электроповестка — всё? | Кибертрак разбился на 5 звёзд","https://vkvideo.ru/video-218565915_456240850","Электроповестка — всё? | Кибертрак разбился на 5 звёзд","Асафьев Стас","317 тыс просмотров·2 дня назад","","https://asafev.ru","https://vkvideo.ru/away.php?to=https%3A%2F%2Fasafev.ru&cc_key="
"1740706190-100","https://vkvideo.ru/trends","Электроповестка — всё? | Кибертрак разбился на 5 звёзд","https://vkvideo.ru/video-218565915_456240850","Электроповестка — всё? | Кибертрак разбился на 5 звёзд","Асафьев Стас","317 тыс просмотров·2 дня назад","","https://forms.gle/ffDAsTSahBjR3Koy9","https://vkvideo.ru/away.php?to=https%3A%2F%2Fforms.gle%2FffDAsTSahBjR3Koy9&cc_key="
"1740706190-101","https://vkvideo.ru/trends","Электроповестка — всё? | Кибертрак разбился на 5 звёзд","https://vkvideo.ru/video-218565915_456240850","Электроповестка — всё? | Кибертрак разбился на 5 звёзд","Асафьев Стас","317 тыс просмотров·2 дня назад","","00:00","https://vkvideo.ru/video-218565915_456240850?t=0h0m0s"
"1740706190-102","https://vkvideo.ru/trends","Электроповестка — всё? | Кибертрак разбился на 5 звёзд","https://vkvideo.ru/video-218565915_456240850","Электроповестка — всё? | Кибертрак разбился на 5 звёзд","Асафьев Стас","317 тыс просмотров·2 дня назад","","00:10","https://vkvideo.ru/video-218565915_456240850?t=0h0m10s"
"1740706190-103","https://vkvideo.ru/trends","Электроповестка — всё? | Кибертрак разбился на 5 звёзд","https://vkvideo.ru/video-218565915_456240850","Электроповестка — всё? | Кибертрак разбился на 5 звёзд","Асафьев Стас","317 тыс просмотров·2 дня назад","","02:32","https://vkvideo.ru/video-218565915_456240850?t=0h2m32s"
"1740706190-104","https://vkvideo.ru/trends","Электроповестка — всё? | Кибертрак разбился на 5 звёзд","https://vkvideo.ru/video-218565915_456240850","Электроповестка — всё? | Кибертрак разбился на 5 звёзд","Асафьев Стас","317 тыс просмотров·2 дня назад","","03:31","https://vkvideo.ru/video-218565915_456240850?t=0h3m31s"
"1740706190-105","https://vkvideo.ru/trends","Электроповестка — всё? | Кибертрак разбился на 5 звёзд","https://vkvideo.ru/video-218565915_456240850","Электроповестка — всё? | Кибертрак разбился на 5 звёзд","Асафьев Стас","317 тыс просмотров·2 дня назад","","05:13","https://vkvideo.ru/video-218565915_456240850?t=0h5m13s"
"1740706190-106","https://vkvideo.ru/trends","Электроповестка — всё? | Кибертрак разбился на 5 звёзд","https://vkvideo.ru/video-218565915_456240850","Электроповестка — всё? | Кибертрак разбился на 5 звёзд","Асафьев Стас","317 тыс просмотров·2 дня назад","","07:59","https://vkvideo.ru/video-218565915_456240850?t=0h7m59s"
"1740706190-107","https://vkvideo.ru/trends","Электроповестка — всё? | Кибертрак разбился на 5 звёзд","https://vkvideo.ru/video-218565915_456240850","Электроповестка — всё? | Кибертрак разбился на 5 звёзд","Асафьев Стас","317 тыс просмотров·2 дня назад","","10:39","https://vkvideo.ru/video-218565915_456240850?t=0h10m39s"
"1740706190-108","https://vkvideo.ru/trends","Электроповестка — всё? | Кибертрак разбился на 5 звёзд","https://vkvideo.ru/video-218565915_456240850","Электроповестка — всё? | Кибертрак разбился на 5 звёзд","Асафьев Стас","317 тыс просмотров·2 дня назад","","14:21","https://vkvideo.ru/video-218565915_456240850?t=0h14m21s"
"1740706190-109","https://vkvideo.ru/trends","Электроповестка — всё? | Кибертрак разбился на 5 звёзд","https://vkvideo.ru/video-218565915_456240850","Электроповестка — всё? | Кибертрак разбился на 5 звёзд","Асафьев Стас","317 тыс просмотров·2 дня назад","","17:00","https://vkvideo.ru/video-218565915_456240850?t=0h17m0s"
"1740706190-110","https://vkvideo.ru/trends","Электроповестка — всё? | Кибертрак разбился на 5 звёзд","https://vkvideo.ru/video-218565915_456240850","Электроповестка — всё? | Кибертрак разбился на 5 звёзд","Асафьев Стас","317 тыс просмотров·2 дня назад","","19:56","https://vkvideo.ru/video-218565915_456240850?t=0h19m56s"
"1740706190-111","https://vkvideo.ru/trends","Электроповестка — всё? | Кибертрак разбился на 5 звёзд","https://vkvideo.ru/video-218565915_456240850","Электроповестка — всё? | Кибертрак разбился на 5 звёзд","Асафьев Стас","317 тыс просмотров·2 дня назад","","23:45","https://vkvideo.ru/video-218565915_456240850?t=0h23m45s"
"1740706190-112","https://vkvideo.ru/trends","Электроповестка — всё? | Кибертрак разбился на 5 звёзд","https://vkvideo.ru/video-218565915_456240850","Электроповестка — всё? | Кибертрак разбился на 5 звёзд","Асафьев Стас","317 тыс просмотров·2 дня назад","","28:30","https://vkvideo.ru/video-218565915_456240850?t=0h28m30s"
"1740706190-113","https://vkvideo.ru/trends","Электроповестка — всё? | Кибертрак разбился на 5 звёзд","https://vkvideo.ru/video-218565915_456240850","Электроповестка — всё? | Кибертрак разбился на 5 звёзд","Асафьев Стас","317 тыс просмотров·2 дня назад","","https://ratata.ru/","https://vkvideo.ru/away.php?to=https%3A%2F%2Fratata.ru%2F&cc_key="
"1740706190-114","https://vkvideo.ru/trends","Электроповестка — всё? | Кибертрак разбился на 5 звёзд","https://vkvideo.ru/video-218565915_456240850","Электроповестка — всё? | Кибертрак разбился на 5 звёзд","Асафьев Стас","317 тыс просмотров·2 дня назад","","https://clck.ru/394xoB","https://vkvideo.ru/away.php?to=https%3A%2F%2Fclck.ru%2F394xoB&cc_key="
"1740706196-115","https://vkvideo.ru/trends","В гостях у Вари | Павлик Водолей и Кирилл Малышев","https://vkvideo.ru/video-219482354_456239408","В гостях у Вари | Павлик Водолей и Кирилл Малышев","Варвара Щербакова по вашим интересам!","384 тыс просмотров·1 день назад","Павлик такой красивый","",""
"1740706196-116","https://vkvideo.ru/trends","В гостях у Вари | Павлик Водолей и Кирилл Малышев","https://vkvideo.ru/video-219482354_456239408","В гостях у Вари | Павлик Водолей и Кирилл Малышев","Варвара Щербакова по вашим интересам!","384 тыс просмотров·1 день назад","Гостевой директор топ  Варваре и гостям 🫶🫶🫶","",""
"1740706196-117","https://vkvideo.ru/trends","В гостях у Вари | Павлик Водолей и Кирилл Малышев","https://vkvideo.ru/video-219482354_456239408","В гостях у Вари | Павлик Водолей и Кирилл Малышев","Варвара Щербакова по вашим интересам!","384 тыс просмотров·1 день назад","Какой талантливый парень Кирилл!!!!  артист! Ох артист!!!","",""
"1740706196-118","https://vkvideo.ru/trends","В гостях у Вари | Павлик Водолей и Кирилл Малышев","https://vkvideo.ru/video-219482354_456239408","В гостях у Вари | Павлик Водолей и Кирилл Малышев","Варвара Щербакова по вашим интересам!","384 тыс просмотров·1 день назад","","https://ozon.ru/t/gKRb9Y9","https://vkvideo.ru/away.php?to=https%3A%2F%2Fozon.ru%2Ft%2FgKRb9Y9&cc_key="
"1740706196-119","https://vkvideo.ru/trends","В гостях у Вари | Павлик Водолей и Кирилл Малышев","https://vkvideo.ru/video-219482354_456239408","В гостях у Вари | Павлик Водолей и Кирилл Малышев","Варвара Щербакова по вашим интересам!","384 тыс просмотров·1 день назад","","https://ozon.ru/t/XEKejY7","https://vkvideo.ru/away.php?to=https%3A%2F%2Fozon.ru%2Ft%2FXEKejY7&cc_key="
"1740706196-120","https://vkvideo.ru/trends","В гостях у Вари | Павлик Водолей и Кирилл Малышев","https://vkvideo.ru/video-219482354_456239408","В гостях у Вари | Павлик Водолей и Кирилл Малышев","Варвара Щербакова по вашим интересам!","384 тыс просмотров·1 день назад","","https://vk.cc/cHYJYR","https://vkvideo.ru/away.php?to=https%3A%2F%2Fbeeline.ru%2Funlim_video%3Futm_source%3Dvkontakte%26utm_medium%3Ddisplay%26utm_campaign%3Dmedia_0125_sim_general%257Cunlim_video%26utm_content%3Dinstr_all%26utm_term%3D158183&cc_key=cHYJYR"
"1740706196-121","https://vkvideo.ru/trends","В гостях у Вари | Павлик Водолей и Кирилл Малышев","https://vkvideo.ru/video-219482354_456239408","В гостях у Вари | Павлик Водолей и Кирилл Малышев","Варвара Щербакова по вашим интересам!","384 тыс просмотров·1 день назад","","https://s.ozon.ru/yOQn85j?erid=2VtzqxJ7e1s","https://vkvideo.ru/away.php?to=https%3A%2F%2Fs.ozon.ru%2FyOQn85j%3Ferid%3D2VtzqxJ7e1s&cc_key="
"1740706196-122","https://vkvideo.ru/trends","В гостях у Вари | Павлик Водолей и Кирилл Малышев","https://vkvideo.ru/video-219482354_456239408","В гостях у Вари | Павлик Водолей и Кирилл Малышев","Варвара Щербакова по вашим интересам!","384 тыс просмотров·1 день назад","","https://vk.com/pavlikvodolei","https://vkvideo.ru/away.php?to=https%3A%2F%2Fvk.com%2Fpavlikvodolei&cc_key="
"1740706196-123","https://vkvideo.ru/trends","В гостях у Вари | Павлик Водолей и Кирилл Малышев","https://vkvideo.ru/video-219482354_456239408","В гостях у Вари | Павлик Водолей и Кирилл Малышев","Варвара Щербакова по вашим интересам!","384 тыс просмотров·1 день назад","","https://vk.com/kartoshka.ivanovna","https://vkvideo.ru/away.php?to=https%3A%2F%2Fvk.com%2Fkartoshka.ivanovna&cc_key="
"1740706196-124","https://vkvideo.ru/trends","В гостях у Вари | Павлик Водолей и Кирилл Малышев","https://vkvideo.ru/video-219482354_456239408","В гостях у Вари | Павлик Водолей и Кирилл Малышев","Варвара Щербакова по вашим интересам!","384 тыс просмотров·1 день назад","","https://vk.com/varjauletela","https://vkvideo.ru/away.php?to=https%3A%2F%2Fvk.com%2Fvarjauletela&cc_key="
"1740706201-125","https://vkvideo.ru/trends","WINBUS #2. Новые диски Дороха, Михеев не верит в затею.","https://vkvideo.ru/video-221130436_456239542","WINBUS #2. Новые диски Дороха, Михеев не верит в затею.","Парковка","462 тыс просмотров·1 день назад","Михеев краусавчик в лоб как есть говорит!)","",""
"1740706201-126","https://vkvideo.ru/trends","WINBUS #2. Новые диски Дороха, Михеев не верит в затею.","https://vkvideo.ru/video-221130436_456239542","WINBUS #2. Новые диски Дороха, Михеев не верит в затею.","Парковка","462 тыс просмотров·1 день назад","Эх не попали-бы пацаны к очередной хитрой морде как с первым каблуком, Дорох добрый очень а наш Сибирский Дэн не за всём уследить может","",""
"1740706201-127","https://vkvideo.ru/trends","WINBUS #2. Новые диски Дороха, Михеев не верит в затею.","https://vkvideo.ru/video-221130436_456239542","WINBUS #2. Новые диски Дороха, Михеев не верит в затею.","Парковка","462 тыс просмотров·1 день назад","2-й выпуск разговоров ни о чем, диски херня что первые что вторые... А так хорошо всё начиналось...где процесс изготовления??? Это-же самый сок, а не БУБУБУБУБУ мы сделали то и это...","",""
"1740706201-128","https://vkvideo.ru/trends","WINBUS #2. Новые диски Дороха, Михеев не верит в затею.","https://vkvideo.ru/video-221130436_456239542","WINBUS #2. Новые диски Дороха, Михеев не верит в затею.","Парковка","462 тыс просмотров·1 день назад","","https://t.me/Winline_WinbusBot","https://vkvideo.ru/away.php?to=https%3A%2F%2Ft.me%2FWinline_WinbusBot&cc_key="
"1740706201-129","https://vkvideo.ru/trends","WINBUS #2. Новые диски Дороха, Михеев не верит в затею.","https://vkvideo.ru/video-221130436_456239542","WINBUS #2. Новые диски Дороха, Михеев не верит в затею.","Парковка","462 тыс просмотров·1 день назад","","0:20","https://vkvideo.ru/video-221130436_456239542?t=0h0m20s"
"1740706201-130","https://vkvideo.ru/trends","WINBUS #2. Новые диски Дороха, Михеев не верит в затею.","https://vkvideo.ru/video-221130436_456239542","WINBUS #2. Новые диски Дороха, Михеев не верит в затею.","Парковка","462 тыс просмотров·1 день назад","","1:52","https://vkvideo.ru/video-221130436_456239542?t=0h1m52s"
"1740706201-131","https://vkvideo.ru/trends","WINBUS #2. Новые диски Дороха, Михеев не верит в затею.","https://vkvideo.ru/video-221130436_456239542","WINBUS #2. Новые диски Дороха, Михеев не верит в затею.","Парковка","462 тыс просмотров·1 день назад","","3:44","https://vkvideo.ru/video-221130436_456239542?t=0h3m44s"
"1740706201-132","https://vkvideo.ru/trends","WINBUS #2. Новые диски Дороха, Михеев не верит в затею.","https://vkvideo.ru/video-221130436_456239542","WINBUS #2. Новые диски Дороха, Михеев не верит в затею.","Парковка","462 тыс просмотров·1 день назад","","9:09","https://vkvideo.ru/video-221130436_456239542?t=0h9m9s"
"1740706201-133","https://vkvideo.ru/trends","WINBUS #2. Новые диски Дороха, Михеев не верит в затею.","https://vkvideo.ru/video-221130436_456239542","WINBUS #2. Новые диски Дороха, Михеев не верит в затею.","Парковка","462 тыс просмотров·1 день назад","","10:25","https://vkvideo.ru/video-221130436_456239542?t=0h10m25s"
"1740706201-134","https://vkvideo.ru/trends","WINBUS #2. Новые диски Дороха, Михеев не верит в затею.","https://vkvideo.ru/video-221130436_456239542","WINBUS #2. Новые диски Дороха, Михеев не верит в затею.","Парковка","462 тыс просмотров·1 день назад","","19:29","https://vkvideo.ru/video-221130436_456239542?t=0h19m29s"
"1740706201-135","https://vkvideo.ru/trends","WINBUS #2. Новые диски Дороха, Михеев не верит в затею.","https://vkvideo.ru/video-221130436_456239542","WINBUS #2. Новые диски Дороха, Михеев не верит в затею.","Парковка","462 тыс просмотров·1 день назад","","23:48","https://vkvideo.ru/video-221130436_456239542?t=0h23m48s"
"1740706201-136","https://vkvideo.ru/trends","WINBUS #2. Новые диски Дороха, Михеев не верит в затею.","https://vkvideo.ru/video-221130436_456239542","WINBUS #2. Новые диски Дороха, Михеев не верит в затею.","Парковка","462 тыс просмотров·1 день назад","","25:41","https://vkvideo.ru/video-221130436_456239542?t=0h25m41s"
"1740706201-137","https://vkvideo.ru/trends","WINBUS #2. Новые диски Дороха, Михеев не верит в затею.","https://vkvideo.ru/video-221130436_456239542","WINBUS #2. Новые диски Дороха, Михеев не верит в затею.","Парковка","462 тыс просмотров·1 день назад","","32:44","https://vkvideo.ru/video-221130436_456239542?t=0h32m44s"
"1740706201-138","https://vkvideo.ru/trends","WINBUS #2. Новые диски Дороха, Михеев не верит в затею.","https://vkvideo.ru/video-221130436_456239542","WINBUS #2. Новые диски Дороха, Михеев не верит в затею.","Парковка","462 тыс просмотров·1 день назад","","https://asatura.ru","https://vkvideo.ru/away.php?to=https%3A%2F%2Fasatura.ru&cc_key="
"1740706201-139","https://vkvideo.ru/trends","WINBUS #2. Новые диски Дороха, Михеев не верит в затею.","https://vkvideo.ru/video-221130436_456239542","WINBUS #2. Новые диски Дороха, Михеев не верит в затею.","Парковка","462 тыс просмотров·1 день назад","","https://stankevichdesign.ru/winbus","https://vkvideo.ru/away.php?to=https%3A%2F%2Fstankevichdesign.ru%2Fwinbus&cc_key="
"1740706201-140","https://vkvideo.ru/trends","WINBUS #2. Новые диски Дороха, Михеев не верит в затею.","https://vkvideo.ru/video-221130436_456239542","WINBUS #2. Новые диски Дороха, Михеев не верит в затею.","Парковка","462 тыс просмотров·1 день назад","","https://interiors.stankevichdesign.ru/winbus","https://vkvideo.ru/away.php?to=https%3A%2F%2Finteriors.stankevichdesign.ru%2Fwinbus&cc_key="
"1740706201-141","https://vkvideo.ru/trends","WINBUS #2. Новые диски Дороха, Михеев не верит в затею.","https://vkvideo.ru/video-221130436_456239542","WINBUS #2. Новые диски Дороха, Михеев не верит в затею.","Парковка","462 тыс просмотров·1 день назад","","https://t.me/stankevichdesign","https://vkvideo.ru/away.php?to=https%3A%2F%2Ft.me%2Fstankevichdesign&cc_key="
"1740706201-142","https://vkvideo.ru/trends","WINBUS #2. Новые диски Дороха, Михеев не верит в затею.","https://vkvideo.ru/video-221130436_456239542","WINBUS #2. Новые диски Дороха, Михеев не верит в затею.","Парковка","462 тыс просмотров·1 день назад","","https://vk.com/parkovka_show","https://vkvideo.ru/away.php?to=https%3A%2F%2Fvk.com%2Fparkovka_show&cc_key="
"1740706201-143","https://vkvideo.ru/trends","WINBUS #2. Новые диски Дороха, Михеев не верит в затею.","https://vkvideo.ru/video-221130436_456239542","WINBUS #2. Новые диски Дороха, Михеев не верит в затею.","Парковка","462 тыс просмотров·1 день назад","","https://youtube.com/@DorohovDenis","https://vkvideo.ru/away.php?to=https%3A%2F%2Fyoutube.com%2F%40DorohovDenis&cc_key="
"1740706201-144","https://vkvideo.ru/trends","WINBUS #2. Новые диски Дороха, Михеев не верит в затею.","https://vkvideo.ru/video-221130436_456239542","WINBUS #2. Новые диски Дороха, Михеев не верит в затею.","Парковка","462 тыс просмотров·1 день назад","","https://t.me/DenisDorokhov1987","https://vkvideo.ru/away.php?to=https%3A%2F%2Ft.me%2FDenisDorokhov1987&cc_key="
"1740706201-145","https://vkvideo.ru/trends","WINBUS #2. Новые диски Дороха, Михеев не верит в затею.","https://vkvideo.ru/video-221130436_456239542","WINBUS #2. Новые диски Дороха, Михеев не верит в затею.","Парковка","462 тыс просмотров·1 день назад","","https://vk.com/doroxovdenis","https://vkvideo.ru/away.php?to=https%3A%2F%2Fvk.com%2Fdoroxovdenis&cc_key="
"1740706201-146","https://vkvideo.ru/trends","WINBUS #2. Новые диски Дороха, Михеев не верит в затею.","https://vkvideo.ru/video-221130436_456239542","WINBUS #2. Новые диски Дороха, Михеев не верит в затею.","Парковка","462 тыс просмотров·1 день назад","","https://vk.com/club221130436","https://vkvideo.ru/away.php?to=https%3A%2F%2Fvk.com%2Fclub221130436&cc_key="
"1740706201-147","https://vkvideo.ru/trends","WINBUS #2. Новые диски Дороха, Михеев не верит в затею.","https://vkvideo.ru/video-221130436_456239542","WINBUS #2. Новые диски Дороха, Михеев не верит в затею.","Парковка","462 тыс просмотров·1 день назад","","https://t.me/miheevpavlov_pro","https://vkvideo.ru/away.php?to=https%3A%2F%2Ft.me%2Fmiheevpavlov_pro&cc_key="
"1740706201-148","https://vkvideo.ru/trends","WINBUS #2. Новые диски Дороха, Михеев не верит в затею.","https://vkvideo.ru/video-221130436_456239542","WINBUS #2. Новые диски Дороха, Михеев не верит в затею.","Парковка","462 тыс просмотров·1 день назад","","https://youtube.com/@miheevipavlov","https://vkvideo.ru/away.php?to=https%3A%2F%2Fyoutube.com%2F%40miheevipavlov&cc_key="
"1740706201-149","https://vkvideo.ru/trends","WINBUS #2. Новые диски Дороха, Михеев не верит в затею.","https://vkvideo.ru/video-221130436_456239542","WINBUS #2. Новые диски Дороха, Михеев не верит в затею.","Парковка","462 тыс просмотров·1 день назад","","#chevrolet","https://vkvideo.ru/video?q=%23chevrolet"
"1740706201-150","https://vkvideo.ru/trends","WINBUS #2. Новые диски Дороха, Михеев не верит в затею.","https://vkvideo.ru/video-221130436_456239542","WINBUS #2. Новые диски Дороха, Михеев не верит в затею.","Парковка","462 тыс просмотров·1 день назад","","#express","https://vkvideo.ru/video?q=%23express"
"1740706201-151","https://vkvideo.ru/trends","WINBUS #2. Новые диски Дороха, Михеев не верит в затею.","https://vkvideo.ru/video-221130436_456239542","WINBUS #2. Новые диски Дороха, Михеев не верит в затею.","Парковка","462 тыс просмотров·1 день назад","","#тюннинг","https://vkvideo.ru/video?q=%23%D1%82%D1%8E%D0%BD%D0%BD%D0%B8%D0%BD%D0%B3"
"1740706201-152","https://vkvideo.ru/trends","WINBUS #2. Новые диски Дороха, Михеев не верит в затею.","https://vkvideo.ru/video-221130436_456239542","WINBUS #2. Новые диски Дороха, Михеев не верит в затею.","Парковка","462 тыс просмотров·1 день назад","","#рыцарьдорох","https://vkvideo.ru/video?q=%23%D1%80%D1%8B%D1%86%D0%B0%D1%80%D1%8C%D0%B4%D0%BE%D1%80%D0%BE%D1%85"
"1740706201-153","https://vkvideo.ru/trends","WINBUS #2. Новые диски Дороха, Михеев не верит в затею.","https://vkvideo.ru/video-221130436_456239542","WINBUS #2. Новые диски Дороха, Михеев не верит в затею.","Парковка","462 тыс просмотров·1 день назад","","#михеевипавлов","https://vkvideo.ru/video?q=%23%D0%BC%D0%B8%D1%85%D0%B5%D0%B5%D0%B2%D0%B8%D0%BF%D0%B0%D0%B2%D0%BB%D0%BE%D0%B2"
"1740706201-154","https://vkvideo.ru/trends","WINBUS #2. Новые диски Дороха, Михеев не верит в затею.","https://vkvideo.ru/video-221130436_456239542","WINBUS #2. Новые диски Дороха, Михеев не верит в затею.","Парковка","462 тыс просмотров·1 день назад","","#дорохов","https://vkvideo.ru/video?q=%23%D0%B4%D0%BE%D1%80%D0%BE%D1%85%D0%BE%D0%B2"
"1740706201-155","https://vkvideo.ru/trends","WINBUS #2. Новые диски Дороха, Михеев не верит в затею.","https://vkvideo.ru/video-221130436_456239542","WINBUS #2. Новые диски Дороха, Михеев не верит в затею.","Парковка","462 тыс просмотров·1 день назад","","#разгон","https://vkvideo.ru/video?q=%23%D1%80%D0%B0%D0%B7%D0%B3%D0%BE%D0%BD"
"1740706201-156","https://vkvideo.ru/trends","WINBUS #2. Новые диски Дороха, Михеев не верит в затею.","https://vkvideo.ru/video-221130436_456239542","WINBUS #2. Новые диски Дороха, Михеев не верит в затею.","Парковка","462 тыс просмотров·1 день назад","","#автошоу","https://vkvideo.ru/video?q=%23%D0%B0%D0%B2%D1%82%D0%BE%D1%88%D0%BE%D1%83"
"1740706201-157","https://vkvideo.ru/trends","WINBUS #2. Новые диски Дороха, Михеев не верит в затею.","https://vkvideo.ru/video-221130436_456239542","WINBUS #2. Новые диски Дороха, Михеев не верит в затею.","Парковка","462 тыс просмотров·1 день назад","","#mediumquality","https://vkvideo.ru/video?q=%23mediumquality"
"1740706201-158","https://vkvideo.ru/trends","WINBUS #2. Новые диски Дороха, Михеев не верит в затею.","https://vkvideo.ru/video-221130436_456239542","WINBUS #2. Новые диски Дороха, Михеев не верит в затею.","Парковка","462 тыс просмотров·1 день назад","","#михеев","https://vkvideo.ru/video?q=%23%D0%BC%D0%B8%D1%85%D0%B5%D0%B5%D0%B2"
"1740706201-159","https://vkvideo.ru/trends","WINBUS #2. Новые диски Дороха, Михеев не верит в затею.","https://vkvideo.ru/video-221130436_456239542","WINBUS #2. Новые диски Дороха, Михеев не верит в затею.","Парковка","462 тыс просмотров·1 день назад","","#павлов","https://vkvideo.ru/video?q=%23%D0%BF%D0%B0%D0%B2%D0%BB%D0%BE%D0%B2"
"1740706201-160","https://vkvideo.ru/trends","WINBUS #2. Новые диски Дороха, Михеев не верит в затею.","https://vkvideo.ru/video-221130436_456239542","WINBUS #2. Новые диски Дороха, Михеев не верит в затею.","Парковка","462 тыс просмотров·1 день назад","","#кастом","https://vkvideo.ru/video?q=%23%D0%BA%D0%B0%D1%81%D1%82%D0%BE%D0%BC"
"1740706201-161","https://vkvideo.ru/trends","WINBUS #2. Новые диски Дороха, Михеев не верит в затею.","https://vkvideo.ru/video-221130436_456239542","WINBUS #2. Новые диски Дороха, Михеев не верит в затею.","Парковка","462 тыс просмотров·1 день назад","","#winbus","https://vkvideo.ru/video?q=%23winbus"
"1740706205-162","https://vkvideo.ru/trends","Громкий вопрос с Полиной Гагариной","https://vkvideo.ru/video-203677279_456241485","Громкий вопрос с Полиной Гагариной","Импроком","467 тыс просмотров·13 часов назад","На таракане порвало!!","",""
"1740706205-163","https://vkvideo.ru/trends","Громкий вопрос с Полиной Гагариной","https://vkvideo.ru/video-203677279_456241485","Громкий вопрос с Полиной Гагариной","Импроком","467 тыс просмотров·13 часов назад","Darya, как здорово вы устроились) Я не защищаю её, но вы себя разве лучше ведёте?) Как маленький ребёнок, который уши закрыл, чтобы не слышать, что ему родители говорят... Или живёте по принципу ""есть моё мнение и неправильной""?","",""
"1740706205-164","https://vkvideo.ru/trends","Громкий вопрос с Полиной Гагариной","https://vkvideo.ru/video-203677279_456241485","Громкий вопрос с Полиной Гагариной","Импроком","467 тыс просмотров·13 часов назад","Гагарина как была своеобразная, так и тут была: то любишь, то ненавидишь. свой сложный характер показала (как капризная девочка с большими эмоциями и самомнением), он явно на любителя - я любитель, я кайфанул)","",""
"1740706205-165","https://vkvideo.ru/trends","Громкий вопрос с Полиной Гагариной","https://vkvideo.ru/video-203677279_456241485","Громкий вопрос с Полиной Гагариной","Импроком","467 тыс просмотров·13 часов назад","","https://vk.cc/cIBoKs","https://vkvideo.ru/away.php?to=https%3A%2F%2Fmagic-x-store.com%2Fproducts%2Fhonor-magic7%3Futm_campaign%3D2025q1honor_magic7pro_shows_february-march_special_project%26utm_medium%3Dcpv%26utm_source%3Dvk_video%26utm_content%3Dgromkiy_vopros%26utm_term%3Dintegration_60sec%26erid%3D%21%255Berir0%255D&cc_key=cIBoKs"
"1740706205-166","https://vkvideo.ru/trends","Громкий вопрос с Полиной Гагариной","https://vkvideo.ru/video-203677279_456241485","Громкий вопрос с Полиной Гагариной","Импроком","467 тыс просмотров·13 часов назад","","https://smokemachinecrew.ru/","https://vkvideo.ru/away.php?to=https%3A%2F%2Fsmokemachinecrew.ru%2F&cc_key="
"1740706205-167","https://vkvideo.ru/trends","Громкий вопрос с Полиной Гагариной","https://vkvideo.ru/video-203677279_456241485","Громкий вопрос с Полиной Гагариной","Импроком","467 тыс просмотров·13 часов назад","","https://vk.com/improcom","https://vkvideo.ru/away.php?to=https%3A%2F%2Fvk.com%2Fimprocom&cc_key="
"1740706205-168","https://vkvideo.ru/trends","Громкий вопрос с Полиной Гагариной","https://vkvideo.ru/video-203677279_456241485","Громкий вопрос с Полиной Гагариной","Импроком","467 тыс просмотров·13 часов назад","","https://www.gagarina.com","https://vkvideo.ru/away.php?to=https%3A%2F%2Fwww.gagarina.com&cc_key="
"1740706205-169","https://vkvideo.ru/trends","Громкий вопрос с Полиной Гагариной","https://vkvideo.ru/video-203677279_456241485","Громкий вопрос с Полиной Гагариной","Импроком","467 тыс просмотров·13 часов назад","","https://vk.com/polinagagarina","https://vkvideo.ru/away.php?to=https%3A%2F%2Fvk.com%2Fpolinagagarina&cc_key="
"1740706205-170","https://vkvideo.ru/trends","Громкий вопрос с Полиной Гагариной","https://vkvideo.ru/video-203677279_456241485","Громкий вопрос с Полиной Гагариной","Импроком","467 тыс просмотров·13 часов назад","","https://vk.com/arseniyspopov","https://vkvideo.ru/away.php?to=https%3A%2F%2Fvk.com%2Farseniyspopov&cc_key="
"1740706205-171","https://vkvideo.ru/trends","Громкий вопрос с Полиной Гагариной","https://vkvideo.ru/video-203677279_456241485","Громкий вопрос с Полиной Гагариной","Импроком","467 тыс просмотров·13 часов назад","","https://vk.com/pozov.channel","https://vkvideo.ru/away.php?to=https%3A%2F%2Fvk.com%2Fpozov.channel&cc_key="
"1740706205-172","https://vkvideo.ru/trends","Громкий вопрос с Полиной Гагариной","https://vkvideo.ru/video-203677279_456241485","Громкий вопрос с Полиной Гагариной","Импроком","467 тыс просмотров·13 часов назад","","https://vk.com/id276560","https://vkvideo.ru/away.php?to=https%3A%2F%2Fvk.com%2Fid276560&cc_key="
"1740706205-173","https://vkvideo.ru/trends","Громкий вопрос с Полиной Гагариной","https://vkvideo.ru/video-203677279_456241485","Громкий вопрос с Полиной Гагариной","Импроком","467 тыс просмотров·13 часов назад","","https://vk.com/shastoon.channel","https://vkvideo.ru/away.php?to=https%3A%2F%2Fvk.com%2Fshastoon.channel&cc_key="
"1740706209-174","https://vkvideo.ru/trends","Стыдно знать | Амарян vs Дедищев","https://vkvideo.ru/video-209976560_456240631","Стыдно знать | Амарян vs Дедищев","LABELCOM","648 тыс просмотров·1 день назад","За викторию тоже вкурсе
это скорее всего просто популярный сорт
Еще «ганабобель» в Нижнем так голубику называют у Паши в шоу было это слово","",""
"1740706209-175","https://vkvideo.ru/trends","Стыдно знать | Амарян vs Дедищев","https://vkvideo.ru/video-209976560_456240631","Стыдно знать | Амарян vs Дедищев","LABELCOM","648 тыс просмотров·1 день назад","Я не фанат покемонов, но даже Я знаю что Пикачу это вторая форма покемона","",""
"1740706209-176","https://vkvideo.ru/trends","Стыдно знать | Амарян vs Дедищев","https://vkvideo.ru/video-209976560_456240631","Стыдно знать | Амарян vs Дедищев","LABELCOM","648 тыс просмотров·1 день назад","Витя - Ака! 
Какое солнце?","",""
"1740706209-177","https://vkvideo.ru/trends","Стыдно знать | Амарян vs Дедищев","https://vkvideo.ru/video-209976560_456240631","Стыдно знать | Амарян vs Дедищев","LABELCOM","648 тыс просмотров·1 день назад","","https://dplnk.ru/stydnoznat","https://vkvideo.ru/away.php?to=https%3A%2F%2Fdplnk.ru%2Fstydnoznat&cc_key="
"1740706209-178","https://vkvideo.ru/trends","Стыдно знать | Амарян vs Дедищев","https://vkvideo.ru/video-209976560_456240631","Стыдно знать | Амарян vs Дедищев","LABELCOM","648 тыс просмотров·1 день назад","","https://vk.cc/cIKEmA","https://vkvideo.ru/away.php?to=https%3A%2F%2Ftrk.mail.ru%2Fc%2Fypnkc1%3Fmt_campaign%3Dstidnoznat&cc_key=cIKEmA"
"1740706209-179","https://vkvideo.ru/trends","Стыдно знать | Амарян vs Дедищев","https://vkvideo.ru/video-209976560_456240631","Стыдно знать | Амарян vs Дедищев","LABELCOM","648 тыс просмотров·1 день назад","","https://vk.cc/cIBp9V","https://vkvideo.ru/away.php?to=https%3A%2F%2Fmagic-x-store.com%2Fproducts%2Fhonor-magic7%3Futm_campaign%3D2025q1honor_magic7pro_shows_february-march_special_project%26utm_medium%3Dcpv%26utm_source%3Dvk_video%26utm_content%3Dstydno_znat%26utm_term%3Dpre-roll%26erid%3D%21%255Berir0%255D&cc_key=cIBp9V"
"1740706215-180","https://vkvideo.ru/trends","Женское шоу #7. Карина Кросс","https://vkvideo.ru/video-220754053_456242989","Женское шоу #7. Карина Кросс","VK Видео","2,1 млн просмотров·16 часов назад","Штампуют теперь всякую х...ю ,блевантин конкретный ,оскорбления одни ,юмора ноль ,скатилось всё это медиум куалити в туза ,шлак ...","",""
"1740706215-181","https://vkvideo.ru/trends","Женское шоу #7. Карина Кросс","https://vkvideo.ru/video-220754053_456242989","Женское шоу #7. Карина Кросс","VK Видео","2,1 млн просмотров·16 часов назад","У них все ведущие вначале типа спят?","",""
"1740706215-182","https://vkvideo.ru/trends","Женское шоу #7. Карина Кросс","https://vkvideo.ru/video-220754053_456242989","Женское шоу #7. Карина Кросс","VK Видео","2,1 млн просмотров·16 часов назад","Г кто вам шутки Кто вам шутки придумывает покажите кто вам шутки придумывает покажите героевкто вам шутки придумывает, покажите героев?","",""
"1740706215-183","https://vkvideo.ru/trends","Женское шоу #7. Карина Кросс","https://vkvideo.ru/video-220754053_456242989","Женское шоу #7. Карина Кросс","VK Видео","2,1 млн просмотров·16 часов назад","","https://s.ozon.ru/JYVj37R?erid=2VtzqxJ7e1s","https://vkvideo.ru/away.php?to=https%3A%2F%2Fs.ozon.ru%2FJYVj37R%3Ferid%3D2VtzqxJ7e1s&cc_key="
"1740706215-184","https://vkvideo.ru/trends","Женское шоу #7. Карина Кросс","https://vkvideo.ru/video-220754053_456242989","Женское шоу #7. Карина Кросс","VK Видео","2,1 млн просмотров·16 часов назад","","https://clck.ru/3GEVre","https://vkvideo.ru/away.php?to=https%3A%2F%2Fclck.ru%2F3GEVre&cc_key="
"1740706215-185","https://vkvideo.ru/trends","Женское шоу #7. Карина Кросс","https://vkvideo.ru/video-220754053_456242989","Женское шоу #7. Карина Кросс","VK Видео","2,1 млн просмотров·16 часов назад","","https://vk.cc/cIWuL6","https://vkvideo.ru/away.php?to=https%3A%2F%2Ftrk.mail.ru%2Fc%2Fi6v4w0%3Fmt_campaign%3Dzhenskoeshow&cc_key=cIWuL6"
"1740706215-186","https://vkvideo.ru/trends","Женское шоу #7. Карина Кросс","https://vkvideo.ru/video-220754053_456242989","Женское шоу #7. Карина Кросс","VK Видео","2,1 млн просмотров·16 часов назад","","00:00","https://vkvideo.ru/video-220754053_456242989?t=0h0m0s"
"1740706215-187","https://vkvideo.ru/trends","Женское шоу #7. Карина Кросс","https://vkvideo.ru/video-220754053_456242989","Женское шоу #7. Карина Кросс","VK Видео","2,1 млн просмотров·16 часов назад","","00:45","https://vkvideo.ru/video-220754053_456242989?t=0h0m45s"
"1740706215-188","https://vkvideo.ru/trends","Женское шоу #7. Карина Кросс","https://vkvideo.ru/video-220754053_456242989","Женское шоу #7. Карина Кросс","VK Видео","2,1 млн просмотров·16 часов назад","","07:27","https://vkvideo.ru/video-220754053_456242989?t=0h7m27s"
"1740706215-189","https://vkvideo.ru/trends","Женское шоу #7. Карина Кросс","https://vkvideo.ru/video-220754053_456242989","Женское шоу #7. Карина Кросс","VK Видео","2,1 млн просмотров·16 часов назад","","17:50","https://vkvideo.ru/video-220754053_456242989?t=0h17m50s"
"1740706215-190","https://vkvideo.ru/trends","Женское шоу #7. Карина Кросс","https://vkvideo.ru/video-220754053_456242989","Женское шоу #7. Карина Кросс","VK Видео","2,1 млн просмотров·16 часов назад","","18:19","https://vkvideo.ru/video-220754053_456242989?t=0h18m19s"
"1740706215-191","https://vkvideo.ru/trends","Женское шоу #7. Карина Кросс","https://vkvideo.ru/video-220754053_456242989","Женское шоу #7. Карина Кросс","VK Видео","2,1 млн просмотров·16 часов назад","","30:29","https://vkvideo.ru/video-220754053_456242989?t=0h30m29s"
"1740706215-192","https://vkvideo.ru/trends","Женское шоу #7. Карина Кросс","https://vkvideo.ru/video-220754053_456242989","Женское шоу #7. Карина Кросс","VK Видео","2,1 млн просмотров·16 часов назад","","41:31","https://vkvideo.ru/video-220754053_456242989?t=0h41m31s"
"1740706215-193","https://vkvideo.ru/trends","Женское шоу #7. Карина Кросс","https://vkvideo.ru/video-220754053_456242989","Женское шоу #7. Карина Кросс","VK Видео","2,1 млн просмотров·16 часов назад","","52:15","https://vkvideo.ru/video-220754053_456242989?t=0h52m15s"
"1740706215-194","https://vkvideo.ru/trends","Женское шоу #7. Карина Кросс","https://vkvideo.ru/video-220754053_456242989","Женское шоу #7. Карина Кросс","VK Видео","2,1 млн просмотров·16 часов назад","","https://vk.com/vkvideo","https://vkvideo.ru/away.php?to=https%3A%2F%2Fvk.com%2Fvkvideo&cc_key="
"1740706220-195","https://vkvideo.ru/trends","Медийные двери. Причина развода с Ирой Пинчук. Взлом аккаунта","https://vkvideo.ru/video-211022028_456239109","Медийные двери. Причина развода с Ирой Пинчук. Взлом аккаунта","Арай Чобанян","289 тыс просмотров·12 часов назад","Дай бог вам спасти семью. Всякое бывает. Главное не изменял.","",""
"1740706220-196","https://vkvideo.ru/trends","Медийные двери. Причина развода с Ирой Пинчук. Взлом аккаунта","https://vkvideo.ru/video-211022028_456239109","Медийные двери. Причина развода с Ирой Пинчук. Взлом аккаунта","Арай Чобанян","289 тыс просмотров·12 часов назад","А я верю ему , этого всего недостаточно для развода . Конкретных доказательств измены нет   А наговорить на человека можно многое … понятно же уже было , что взлом был ради шантажа и денег","",""
"1740706220-197","https://vkvideo.ru/trends","Медийные двери. Причина развода с Ирой Пинчук. Взлом аккаунта","https://vkvideo.ru/video-211022028_456239109","Медийные двери. Причина развода с Ирой Пинчук. Взлом аккаунта","Арай Чобанян","289 тыс просмотров·12 часов назад","Дай бог им сохранить семью ! Они любят друг друга ! У них детки ) 
Зачем разводиться  даже если и есть какие-то мелкие у него косяки , он уже все понял и такого совершать не будет . Эта ситуация ему урок","",""
"1740706227-198","https://vkvideo.ru/trends","Решалы#41 Амарян. Дедищев. Чабдаров. Винокур.","https://vkvideo.ru/video-218471730_456239918","Решалы#41 Амарян. Дедищев. Чабдаров. Винокур.","Комьюнити","1,3 млн просмотров·1 день назад","Выпуск пушкааа)","",""
"1740706227-199","https://vkvideo.ru/trends","Решалы#41 Амарян. Дедищев. Чабдаров. Винокур.","https://vkvideo.ru/video-218471730_456239918","Решалы#41 Амарян. Дедищев. Чабдаров. Винокур.","Комьюнити","1,3 млн просмотров·1 день назад","1,3млн просмотров на 312 комментариев...кто то накручивает знатно","",""
"1740706227-200","https://vkvideo.ru/trends","Решалы#41 Амарян. Дедищев. Чабдаров. Винокур.","https://vkvideo.ru/video-218471730_456239918","Решалы#41 Амарян. Дедищев. Чабдаров. Винокур.","Комьюнити","1,3 млн просмотров·1 день назад","Георгий, программирование ответа, скорее всего","",""
"1740706227-201","https://vkvideo.ru/trends","Решалы#41 Амарян. Дедищев. Чабдаров. Винокур.","https://vkvideo.ru/video-218471730_456239918","Решалы#41 Амарян. Дедищев. Чабдаров. Винокур.","Комьюнити","1,3 млн просмотров·1 день назад","","https://vk.cc/cIIxjy","https://vkvideo.ru/away.php?to=https%3A%2F%2Fja6w.adj.st%2Fmain_page%3Fadj_t%3D1laje7r7_1lne7o82%26adj_fallback%3Dhttps%253A%252F%252Fkuper.ru%253Futm_source%253Dvk_show%2526utm_medium%253Dcpm%2526utm_campaign%253Dvk_show_february_reshaly_26.11%26adj_redirect_android%3Dhttps%253A%252F%252Fwww.rustore.ru%252Fcatalog%252Fapp%252Fru.instamart%26adj_redirect_ios%3Dhttps%253A%252F%252Fkuper.ru%253Futm_source%253Dvk_show%2526utm_medium%253Dcpm%2526utm_campaign%253Dvk_show_february_reshaly_26.11%26adj_redirect_macos%3Dhttps%253A%252F%252Fkuper.ru%253Futm_source%253Dvk_show%2526utm_medium%253Dcpm%2526utm_campaign%253Dvk_show_february_reshaly_26.11&cc_key=cIIxjy"
"1740706227-202","https://vkvideo.ru/trends","Решалы#41 Амарян. Дедищев. Чабдаров. Винокур.","https://vkvideo.ru/video-218471730_456239918","Решалы#41 Амарян. Дедищев. Чабдаров. Винокур.","Комьюнити","1,3 млн просмотров·1 день назад","","https://vk.cc/cIBoRL","https://vkvideo.ru/away.php?to=https%3A%2F%2Fmagic-x-store.com%2Fproducts%2Fhonor-magic7%3Futm_campaign%3D2025q1honor_magic7pro_shows_february-march_special_project%26utm_medium%3Dcpv%26utm_source%3Dvk_video%26utm_content%3Dreshaly%26utm_term%3Dpre-roll%26erid%3D%21%255Berir0%255D&cc_key=cIBoRL"
"1740706227-203","https://vkvideo.ru/trends","Решалы#41 Амарян. Дедищев. Чабдаров. Винокур.","https://vkvideo.ru/video-218471730_456239918","Решалы#41 Амарян. Дедищев. Чабдаров. Винокур.","Комьюнити","1,3 млн просмотров·1 день назад","","https://s.ozon.ru/V0GLdWO?erid=2VtzqxJ7e1s","https://vkvideo.ru/away.php?to=https%3A%2F%2Fs.ozon.ru%2FV0GLdWO%3Ferid%3D2VtzqxJ7e1s&cc_key="
"1740706227-204","https://vkvideo.ru/trends","Решалы#41 Амарян. Дедищев. Чабдаров. Винокур.","https://vkvideo.ru/video-218471730_456239918","Решалы#41 Амарян. Дедищев. Чабдаров. Винокур.","Комьюнити","1,3 млн просмотров·1 день назад","","https://vk.com/community_show","https://vkvideo.ru/away.php?to=https%3A%2F%2Fvk.com%2Fcommunity_show&cc_key="
"1740706227-205","https://vkvideo.ru/trends","Решалы#41 Амарян. Дедищев. Чабдаров. Винокур.","https://vkvideo.ru/video-218471730_456239918","Решалы#41 Амарян. Дедищев. Чабдаров. Винокур.","Комьюнити","1,3 млн просмотров·1 день назад","","https://vk.com/chabdarrr","https://vkvideo.ru/away.php?to=https%3A%2F%2Fvk.com%2Fchabdarrr&cc_key="
"1740706227-206","https://vkvideo.ru/trends","Решалы#41 Амарян. Дедищев. Чабдаров. Винокур.","https://vkvideo.ru/video-218471730_456239918","Решалы#41 Амарян. Дедищев. Чабдаров. Винокур.","Комьюнити","1,3 млн просмотров·1 день назад","","https://vk.com/public220892456","https://vkvideo.ru/away.php?to=https%3A%2F%2Fvk.com%2Fpublic220892456&cc_key="
"1740706227-207","https://vkvideo.ru/trends","Решалы#41 Амарян. Дедищев. Чабдаров. Винокур.","https://vkvideo.ru/video-218471730_456239918","Решалы#41 Амарян. Дедищев. Чабдаров. Винокур.","Комьюнити","1,3 млн просмотров·1 день назад","","https://vk.com/paveldedishchev","https://vkvideo.ru/away.php?to=https%3A%2F%2Fvk.com%2Fpaveldedishchev&cc_key="
"1740706227-208","https://vkvideo.ru/trends","Решалы#41 Амарян. Дедищев. Чабдаров. Винокур.","https://vkvideo.ru/video-218471730_456239918","Решалы#41 Амарян. Дедищев. Чабдаров. Винокур.","Комьюнити","1,3 млн просмотров·1 день назад","","https://vk.com/public220893324","https://vkvideo.ru/away.php?to=https%3A%2F%2Fvk.com%2Fpublic220893324&cc_key="
"1740706233-209","https://vkvideo.ru/trends","Дмитрий Шепелев — впервые про Жанну Фриске, уход с Первого канала и новую жизнь","https://vkvideo.ru/video-211220744_456239388","Дмитрий Шепелев — впервые про Жанну Фриске, уход с Первого канала и новую жизнь","Стрелец-Молодец","1,1 млн просмотров·2 дня назад","Мерзкий тип,  фу, еле досмотрела до конца","",""
"1740706233-210","https://vkvideo.ru/trends","Дмитрий Шепелев — впервые про Жанну Фриске, уход с Первого канала и новую жизнь","https://vkvideo.ru/video-211220744_456239388","Дмитрий Шепелев — впервые про Жанну Фриске, уход с Первого канала и новую жизнь","Стрелец-Молодец","1,1 млн просмотров·2 дня назад","Наталья, Наталья Лагода ее звали. Орлова каждый свой чих в интернет выкладывает и семьи своей тоже. Что-то кому-то доказывает. Правильно Шепелев их всех оградил от сына, растет спокойно без этих дрязг, развивается. Будь бы он с другой стороной, ничего бы путнего не вышло бы из него. Шастал бы с дедом по ТВ. Пропал бы ребенок в этом грязном белье.","",""
"1740706233-211","https://vkvideo.ru/trends","Дмитрий Шепелев — впервые про Жанну Фриске, уход с Первого канала и новую жизнь","https://vkvideo.ru/video-211220744_456239388","Дмитрий Шепелев — впервые про Жанну Фриске, уход с Первого канала и новую жизнь","Стрелец-Молодец","1,1 млн просмотров·2 дня назад","Мне он напоминает персонажа- маньяка  какого-то триллера. Наигранная какая-то лёгкость в голосе , и в то же время звенящее напряжение, выражение лица , холодные глаза.
Одним словом отталкивающе впечатление от человека.","",""
"1740706233-212","https://vkvideo.ru/trends","Дмитрий Шепелев — впервые про Жанну Фриске, уход с Первого канала и новую жизнь","https://vkvideo.ru/video-211220744_456239388","Дмитрий Шепелев — впервые про Жанну Фриске, уход с Первого канала и новую жизнь","Стрелец-Молодец","1,1 млн просмотров·2 дня назад","","https://clck.ru/3GEVdm","https://vkvideo.ru/away.php?to=https%3A%2F%2Fclck.ru%2F3GEVdm&cc_key="
"1740706233-213","https://vkvideo.ru/trends","Дмитрий Шепелев — впервые про Жанну Фриске, уход с Первого канала и новую жизнь","https://vkvideo.ru/video-211220744_456239388","Дмитрий Шепелев — впервые про Жанну Фриске, уход с Первого канала и новую жизнь","Стрелец-Молодец","1,1 млн просмотров·2 дня назад","","Wink.ru","https://vkvideo.ru/away.php?to=http%3A%2F%2FWink.ru&cc_key="
"1740706233-214","https://vkvideo.ru/trends","Дмитрий Шепелев — впервые про Жанну Фриске, уход с Первого канала и новую жизнь","https://vkvideo.ru/video-211220744_456239388","Дмитрий Шепелев — впервые про Жанну Фриске, уход с Первого канала и новую жизнь","Стрелец-Молодец","1,1 млн просмотров·2 дня назад","","https://vk.cc/cINOW8","https://vkvideo.ru/away.php?to=https%3A%2F%2Fwink.ru%2Fseries%2Fchelyuskin-pervye-year-2025%3Futm_source%3Dvkontakte%26utm_medium%3Dsocial_b2c%26utm_campaign%3DBloggers_smmB2C_Wink_chelyuskin_2502_streletsmolodec%26utm_term%3D2VtzqusceBw&cc_key=cINOW8"
"1740706233-215","https://vkvideo.ru/trends","Дмитрий Шепелев — впервые про Жанну Фриске, уход с Первого канала и новую жизнь","https://vkvideo.ru/video-211220744_456239388","Дмитрий Шепелев — впервые про Жанну Фриске, уход с Первого канала и новую жизнь","Стрелец-Молодец","1,1 млн просмотров·2 дня назад","","https://vk.cc/cITwwo","https://vkvideo.ru/away.php?to=https%3A%2F%2Fyatravel.go.link%2Ftravel.yandex.ru%3Fpath%3Dhome%26adj_t%3D1ffcaa4i_1fjw8ryp%26adj_campaign%3Dvkontakte%26adj_adgroup%3Dblogger_nadinstrelets%26adj_creative%3Drannee_bronirovanie%26adj_deep_link%3Dyandextravel%253A%252F%252Fscreen%252Fhome%26adj_fallback%3Dhttps%253A%252F%252Ftravel.yandex.ru%26adj_redirect_macos%3Dhttps%253A%252F%252Ftravel.yandex.ru&cc_key=cITwwo"
"1740706233-216","https://vkvideo.ru/trends","Дмитрий Шепелев — впервые про Жанну Фриске, уход с Первого канала и новую жизнь","https://vkvideo.ru/video-211220744_456239388","Дмитрий Шепелев — впервые про Жанну Фриске, уход с Первого канала и новую жизнь","Стрелец-Молодец","1,1 млн просмотров·2 дня назад","","https://ofta.su/ga-bolca","https://vkvideo.ru/away.php?to=https%3A%2F%2Fofta.su%2Fga-bolca&cc_key="
"1740706233-217","https://vkvideo.ru/trends","Дмитрий Шепелев — впервые про Жанну Фриске, уход с Первого канала и новую жизнь","https://vkvideo.ru/video-211220744_456239388","Дмитрий Шепелев — впервые про Жанну Фриске, уход с Первого канала и новую жизнь","Стрелец-Молодец","1,1 млн просмотров·2 дня назад","","https://ofta.su/shop-bolca","https://vkvideo.ru/away.php?to=https%3A%2F%2Fofta.su%2Fshop-bolca&cc_key="
"1740706233-218","https://vkvideo.ru/trends","Дмитрий Шепелев — впервые про Жанну Фриске, уход с Первого канала и новую жизнь","https://vkvideo.ru/video-211220744_456239388","Дмитрий Шепелев — впервые про Жанну Фриске, уход с Первого канала и новую жизнь","Стрелец-Молодец","1,1 млн просмотров·2 дня назад","","00:00","https://vkvideo.ru/video-211220744_456239388?t=0h0m0s"
"1740706233-219","https://vkvideo.ru/trends","Дмитрий Шепелев — впервые про Жанну Фриске, уход с Первого канала и новую жизнь","https://vkvideo.ru/video-211220744_456239388","Дмитрий Шепелев — впервые про Жанну Фриске, уход с Первого канала и новую жизнь","Стрелец-Молодец","1,1 млн просмотров·2 дня назад","","00:26","https://vkvideo.ru/video-211220744_456239388?t=0h0m26s"
"1740706233-220","https://vkvideo.ru/trends","Дмитрий Шепелев — впервые про Жанну Фриске, уход с Первого канала и новую жизнь","https://vkvideo.ru/video-211220744_456239388","Дмитрий Шепелев — впервые про Жанну Фриске, уход с Первого канала и новую жизнь","Стрелец-Молодец","1,1 млн просмотров·2 дня назад","","02:33","https://vkvideo.ru/video-211220744_456239388?t=0h2m33s"
"1740706233-221","https://vkvideo.ru/trends","Дмитрий Шепелев — впервые про Жанну Фриске, уход с Первого канала и новую жизнь","https://vkvideo.ru/video-211220744_456239388","Дмитрий Шепелев — впервые про Жанну Фриске, уход с Первого канала и новую жизнь","Стрелец-Молодец","1,1 млн просмотров·2 дня назад","","03:38","https://vkvideo.ru/video-211220744_456239388?t=0h3m38s"
"1740706233-222","https://vkvideo.ru/trends","Дмитрий Шепелев — впервые про Жанну Фриске, уход с Первого канала и новую жизнь","https://vkvideo.ru/video-211220744_456239388","Дмитрий Шепелев — впервые про Жанну Фриске, уход с Первого канала и новую жизнь","Стрелец-Молодец","1,1 млн просмотров·2 дня назад","","07:14","https://vkvideo.ru/video-211220744_456239388?t=0h7m14s"
"1740706233-223","https://vkvideo.ru/trends","Дмитрий Шепелев — впервые про Жанну Фриске, уход с Первого канала и новую жизнь","https://vkvideo.ru/video-211220744_456239388","Дмитрий Шепелев — впервые про Жанну Фриске, уход с Первого канала и новую жизнь","Стрелец-Молодец","1,1 млн просмотров·2 дня назад","","08:23","https://vkvideo.ru/video-211220744_456239388?t=0h8m23s"
"1740706233-224","https://vkvideo.ru/trends","Дмитрий Шепелев — впервые про Жанну Фриске, уход с Первого канала и новую жизнь","https://vkvideo.ru/video-211220744_456239388","Дмитрий Шепелев — впервые про Жанну Фриске, уход с Первого канала и новую жизнь","Стрелец-Молодец","1,1 млн просмотров·2 дня назад","","09:12","https://vkvideo.ru/video-211220744_456239388?t=0h9m12s"
"1740706233-225","https://vkvideo.ru/trends","Дмитрий Шепелев — впервые про Жанну Фриске, уход с Первого канала и новую жизнь","https://vkvideo.ru/video-211220744_456239388","Дмитрий Шепелев — впервые про Жанну Фриске, уход с Первого канала и новую жизнь","Стрелец-Молодец","1,1 млн просмотров·2 дня назад","","10:41","https://vkvideo.ru/video-211220744_456239388?t=0h10m41s"
"1740706233-226","https://vkvideo.ru/trends","Дмитрий Шепелев — впервые про Жанну Фриске, уход с Первого канала и новую жизнь","https://vkvideo.ru/video-211220744_456239388","Дмитрий Шепелев — впервые про Жанну Фриске, уход с Первого канала и новую жизнь","Стрелец-Молодец","1,1 млн просмотров·2 дня назад","","14:18","https://vkvideo.ru/video-211220744_456239388?t=0h14m18s"
"1740706233-227","https://vkvideo.ru/trends","Дмитрий Шепелев — впервые про Жанну Фриске, уход с Первого канала и новую жизнь","https://vkvideo.ru/video-211220744_456239388","Дмитрий Шепелев — впервые про Жанну Фриске, уход с Первого канала и новую жизнь","Стрелец-Молодец","1,1 млн просмотров·2 дня назад","","17:14","https://vkvideo.ru/video-211220744_456239388?t=0h17m14s"
"1740706233-228","https://vkvideo.ru/trends","Дмитрий Шепелев — впервые про Жанну Фриске, уход с Первого канала и новую жизнь","https://vkvideo.ru/video-211220744_456239388","Дмитрий Шепелев — впервые про Жанну Фриске, уход с Первого канала и новую жизнь","Стрелец-Молодец","1,1 млн просмотров·2 дня назад","","19:56","https://vkvideo.ru/video-211220744_456239388?t=0h19m56s"
"1740706233-229","https://vkvideo.ru/trends","Дмитрий Шепелев — впервые про Жанну Фриске, уход с Первого канала и новую жизнь","https://vkvideo.ru/video-211220744_456239388","Дмитрий Шепелев — впервые про Жанну Фриске, уход с Первого канала и новую жизнь","Стрелец-Молодец","1,1 млн просмотров·2 дня назад","","21:20","https://vkvideo.ru/video-211220744_456239388?t=0h21m20s"
"1740706233-230","https://vkvideo.ru/trends","Дмитрий Шепелев — впервые про Жанну Фриске, уход с Первого канала и новую жизнь","https://vkvideo.ru/video-211220744_456239388","Дмитрий Шепелев — впервые про Жанну Фриске, уход с Первого канала и новую жизнь","Стрелец-Молодец","1,1 млн просмотров·2 дня назад","","27:47","https://vkvideo.ru/video-211220744_456239388?t=0h27m47s"
"1740706233-231","https://vkvideo.ru/trends","Дмитрий Шепелев — впервые про Жанну Фриске, уход с Первого канала и новую жизнь","https://vkvideo.ru/video-211220744_456239388","Дмитрий Шепелев — впервые про Жанну Фриске, уход с Первого канала и новую жизнь","Стрелец-Молодец","1,1 млн просмотров·2 дня назад","","29:34","https://vkvideo.ru/video-211220744_456239388?t=0h29m34s"
"1740706233-232","https://vkvideo.ru/trends","Дмитрий Шепелев — впервые про Жанну Фриске, уход с Первого канала и новую жизнь","https://vkvideo.ru/video-211220744_456239388","Дмитрий Шепелев — впервые про Жанну Фриске, уход с Первого канала и новую жизнь","Стрелец-Молодец","1,1 млн просмотров·2 дня назад","","30:43","https://vkvideo.ru/video-211220744_456239388?t=0h30m43s"
"1740706233-233","https://vkvideo.ru/trends","Дмитрий Шепелев — впервые про Жанну Фриске, уход с Первого канала и новую жизнь","https://vkvideo.ru/video-211220744_456239388","Дмитрий Шепелев — впервые про Жанну Фриске, уход с Первого канала и новую жизнь","Стрелец-Молодец","1,1 млн просмотров·2 дня назад","","31:10","https://vkvideo.ru/video-211220744_456239388?t=0h31m10s"
"1740706233-234","https://vkvideo.ru/trends","Дмитрий Шепелев — впервые про Жанну Фриске, уход с Первого канала и новую жизнь","https://vkvideo.ru/video-211220744_456239388","Дмитрий Шепелев — впервые про Жанну Фриске, уход с Первого канала и новую жизнь","Стрелец-Молодец","1,1 млн просмотров·2 дня назад","","33:02","https://vkvideo.ru/video-211220744_456239388?t=0h33m2s"
"1740706233-235","https://vkvideo.ru/trends","Дмитрий Шепелев — впервые про Жанну Фриске, уход с Первого канала и новую жизнь","https://vkvideo.ru/video-211220744_456239388","Дмитрий Шепелев — впервые про Жанну Фриске, уход с Первого канала и новую жизнь","Стрелец-Молодец","1,1 млн просмотров·2 дня назад","","34:03","https://vkvideo.ru/video-211220744_456239388?t=0h34m3s"
"1740706233-236","https://vkvideo.ru/trends","Дмитрий Шепелев — впервые про Жанну Фриске, уход с Первого канала и новую жизнь","https://vkvideo.ru/video-211220744_456239388","Дмитрий Шепелев — впервые про Жанну Фриске, уход с Первого канала и новую жизнь","Стрелец-Молодец","1,1 млн просмотров·2 дня назад","","35:05","https://vkvideo.ru/video-211220744_456239388?t=0h35m5s"
"1740706233-237","https://vkvideo.ru/trends","Дмитрий Шепелев — впервые про Жанну Фриске, уход с Первого канала и новую жизнь","https://vkvideo.ru/video-211220744_456239388","Дмитрий Шепелев — впервые про Жанну Фриске, уход с Первого канала и новую жизнь","Стрелец-Молодец","1,1 млн просмотров·2 дня назад","","35:54","https://vkvideo.ru/video-211220744_456239388?t=0h35m54s"
"1740706233-238","https://vkvideo.ru/trends","Дмитрий Шепелев — впервые про Жанну Фриске, уход с Первого канала и новую жизнь","https://vkvideo.ru/video-211220744_456239388","Дмитрий Шепелев — впервые про Жанну Фриске, уход с Первого канала и новую жизнь","Стрелец-Молодец","1,1 млн просмотров·2 дня назад","","38:31","https://vkvideo.ru/video-211220744_456239388?t=0h38m31s"
"1740706233-239","https://vkvideo.ru/trends","Дмитрий Шепелев — впервые про Жанну Фриске, уход с Первого канала и новую жизнь","https://vkvideo.ru/video-211220744_456239388","Дмитрий Шепелев — впервые про Жанну Фриске, уход с Первого канала и новую жизнь","Стрелец-Молодец","1,1 млн просмотров·2 дня назад","","41:56","https://vkvideo.ru/video-211220744_456239388?t=0h41m56s"
"1740706233-240","https://vkvideo.ru/trends","Дмитрий Шепелев — впервые про Жанну Фриске, уход с Первого канала и новую жизнь","https://vkvideo.ru/video-211220744_456239388","Дмитрий Шепелев — впервые про Жанну Фриске, уход с Первого канала и новую жизнь","Стрелец-Молодец","1,1 млн просмотров·2 дня назад","","42:25","https://vkvideo.ru/video-211220744_456239388?t=0h42m25s"
"1740706233-241","https://vkvideo.ru/trends","Дмитрий Шепелев — впервые про Жанну Фриске, уход с Первого канала и новую жизнь","https://vkvideo.ru/video-211220744_456239388","Дмитрий Шепелев — впервые про Жанну Фриске, уход с Первого канала и новую жизнь","Стрелец-Молодец","1,1 млн просмотров·2 дня назад","","43:52","https://vkvideo.ru/video-211220744_456239388?t=0h43m52s"
"1740706233-242","https://vkvideo.ru/trends","Дмитрий Шепелев — впервые про Жанну Фриске, уход с Первого канала и новую жизнь","https://vkvideo.ru/video-211220744_456239388","Дмитрий Шепелев — впервые про Жанну Фриске, уход с Первого канала и новую жизнь","Стрелец-Молодец","1,1 млн просмотров·2 дня назад","","45:03","https://vkvideo.ru/video-211220744_456239388?t=0h45m3s"
"1740706233-243","https://vkvideo.ru/trends","Дмитрий Шепелев — впервые про Жанну Фриске, уход с Первого канала и новую жизнь","https://vkvideo.ru/video-211220744_456239388","Дмитрий Шепелев — впервые про Жанну Фриске, уход с Первого канала и новую жизнь","Стрелец-Молодец","1,1 млн просмотров·2 дня назад","","46:30","https://vkvideo.ru/video-211220744_456239388?t=0h46m30s"
"1740706233-244","https://vkvideo.ru/trends","Дмитрий Шепелев — впервые про Жанну Фриске, уход с Первого канала и новую жизнь","https://vkvideo.ru/video-211220744_456239388","Дмитрий Шепелев — впервые про Жанну Фриске, уход с Первого канала и новую жизнь","Стрелец-Молодец","1,1 млн просмотров·2 дня назад","","47:05","https://vkvideo.ru/video-211220744_456239388?t=0h47m5s"
"1740706233-245","https://vkvideo.ru/trends","Дмитрий Шепелев — впервые про Жанну Фриске, уход с Первого канала и новую жизнь","https://vkvideo.ru/video-211220744_456239388","Дмитрий Шепелев — впервые про Жанну Фриске, уход с Первого канала и новую жизнь","Стрелец-Молодец","1,1 млн просмотров·2 дня назад","","48:41","https://vkvideo.ru/video-211220744_456239388?t=0h48m41s"
"1740706233-246","https://vkvideo.ru/trends","Дмитрий Шепелев — впервые про Жанну Фриске, уход с Первого канала и новую жизнь","https://vkvideo.ru/video-211220744_456239388","Дмитрий Шепелев — впервые про Жанну Фриске, уход с Первого канала и новую жизнь","Стрелец-Молодец","1,1 млн просмотров·2 дня назад","","49:38","https://vkvideo.ru/video-211220744_456239388?t=0h49m38s"
"1740706233-247","https://vkvideo.ru/trends","Дмитрий Шепелев — впервые про Жанну Фриске, уход с Первого канала и новую жизнь","https://vkvideo.ru/video-211220744_456239388","Дмитрий Шепелев — впервые про Жанну Фриске, уход с Первого канала и новую жизнь","Стрелец-Молодец","1,1 млн просмотров·2 дня назад","","50:26","https://vkvideo.ru/video-211220744_456239388?t=0h50m26s"
"1740706233-248","https://vkvideo.ru/trends","Дмитрий Шепелев — впервые про Жанну Фриске, уход с Первого канала и новую жизнь","https://vkvideo.ru/video-211220744_456239388","Дмитрий Шепелев — впервые про Жанну Фриске, уход с Первого канала и новую жизнь","Стрелец-Молодец","1,1 млн просмотров·2 дня назад","","51:47","https://vkvideo.ru/video-211220744_456239388?t=0h51m47s"
"1740706233-249","https://vkvideo.ru/trends","Дмитрий Шепелев — впервые про Жанну Фриске, уход с Первого канала и новую жизнь","https://vkvideo.ru/video-211220744_456239388","Дмитрий Шепелев — впервые про Жанну Фриске, уход с Первого канала и новую жизнь","Стрелец-Молодец","1,1 млн просмотров·2 дня назад","","52:20","https://vkvideo.ru/video-211220744_456239388?t=0h52m20s"
"1740706233-250","https://vkvideo.ru/trends","Дмитрий Шепелев — впервые про Жанну Фриске, уход с Первого канала и новую жизнь","https://vkvideo.ru/video-211220744_456239388","Дмитрий Шепелев — впервые про Жанну Фриске, уход с Первого канала и новую жизнь","Стрелец-Молодец","1,1 млн просмотров·2 дня назад","","53:43","https://vkvideo.ru/video-211220744_456239388?t=0h53m43s"
"1740706233-251","https://vkvideo.ru/trends","Дмитрий Шепелев — впервые про Жанну Фриске, уход с Первого канала и новую жизнь","https://vkvideo.ru/video-211220744_456239388","Дмитрий Шепелев — впервые про Жанну Фриске, уход с Первого канала и новую жизнь","Стрелец-Молодец","1,1 млн просмотров·2 дня назад","","55:28","https://vkvideo.ru/video-211220744_456239388?t=0h55m28s"
"1740706233-252","https://vkvideo.ru/trends","Дмитрий Шепелев — впервые про Жанну Фриске, уход с Первого канала и новую жизнь","https://vkvideo.ru/video-211220744_456239388","Дмитрий Шепелев — впервые про Жанну Фриске, уход с Первого канала и новую жизнь","Стрелец-Молодец","1,1 млн просмотров·2 дня назад","","57:11","https://vkvideo.ru/video-211220744_456239388?t=0h57m11s"
"1740706233-253","https://vkvideo.ru/trends","Дмитрий Шепелев — впервые про Жанну Фриске, уход с Первого канала и новую жизнь","https://vkvideo.ru/video-211220744_456239388","Дмитрий Шепелев — впервые про Жанну Фриске, уход с Первого канала и новую жизнь","Стрелец-Молодец","1,1 млн просмотров·2 дня назад","","01:01:38","https://vkvideo.ru/video-211220744_456239388?t=1h1m38s"
"1740706233-254","https://vkvideo.ru/trends","Дмитрий Шепелев — впервые про Жанну Фриске, уход с Первого канала и новую жизнь","https://vkvideo.ru/video-211220744_456239388","Дмитрий Шепелев — впервые про Жанну Фриске, уход с Первого канала и новую жизнь","Стрелец-Молодец","1,1 млн просмотров·2 дня назад","","01:02:22","https://vkvideo.ru/video-211220744_456239388?t=1h2m22s"
"1740706233-255","https://vkvideo.ru/trends","Дмитрий Шепелев — впервые про Жанну Фриске, уход с Первого канала и новую жизнь","https://vkvideo.ru/video-211220744_456239388","Дмитрий Шепелев — впервые про Жанну Фриске, уход с Первого канала и новую жизнь","Стрелец-Молодец","1,1 млн просмотров·2 дня назад","","01:04:08","https://vkvideo.ru/video-211220744_456239388?t=1h4m8s"
"1740706233-256","https://vkvideo.ru/trends","Дмитрий Шепелев — впервые про Жанну Фриске, уход с Первого канала и новую жизнь","https://vkvideo.ru/video-211220744_456239388","Дмитрий Шепелев — впервые про Жанну Фриске, уход с Первого канала и новую жизнь","Стрелец-Молодец","1,1 млн просмотров·2 дня назад","","01:05:14","https://vkvideo.ru/video-211220744_456239388?t=1h5m14s"
"1740706233-257","https://vkvideo.ru/trends","Дмитрий Шепелев — впервые про Жанну Фриске, уход с Первого канала и новую жизнь","https://vkvideo.ru/video-211220744_456239388","Дмитрий Шепелев — впервые про Жанну Фриске, уход с Первого канала и новую жизнь","Стрелец-Молодец","1,1 млн просмотров·2 дня назад","","01:05:52","https://vkvideo.ru/video-211220744_456239388?t=1h5m52s"
"1740706233-258","https://vkvideo.ru/trends","Дмитрий Шепелев — впервые про Жанну Фриске, уход с Первого канала и новую жизнь","https://vkvideo.ru/video-211220744_456239388","Дмитрий Шепелев — впервые про Жанну Фриске, уход с Первого канала и новую жизнь","Стрелец-Молодец","1,1 млн просмотров·2 дня назад","","01:07:53","https://vkvideo.ru/video-211220744_456239388?t=1h7m53s"
"1740706233-259","https://vkvideo.ru/trends","Дмитрий Шепелев — впервые про Жанну Фриске, уход с Первого канала и новую жизнь","https://vkvideo.ru/video-211220744_456239388","Дмитрий Шепелев — впервые про Жанну Фриске, уход с Первого канала и новую жизнь","Стрелец-Молодец","1,1 млн просмотров·2 дня назад","","01:08:04","https://vkvideo.ru/video-211220744_456239388?t=1h8m4s"
"1740706233-260","https://vkvideo.ru/trends","Дмитрий Шепелев — впервые про Жанну Фриске, уход с Первого канала и новую жизнь","https://vkvideo.ru/video-211220744_456239388","Дмитрий Шепелев — впервые про Жанну Фриске, уход с Первого канала и новую жизнь","Стрелец-Молодец","1,1 млн просмотров·2 дня назад","","01:09:21","https://vkvideo.ru/video-211220744_456239388?t=1h9m21s"
"1740706233-261","https://vkvideo.ru/trends","Дмитрий Шепелев — впервые про Жанну Фриске, уход с Первого канала и новую жизнь","https://vkvideo.ru/video-211220744_456239388","Дмитрий Шепелев — впервые про Жанну Фриске, уход с Первого канала и новую жизнь","Стрелец-Молодец","1,1 млн просмотров·2 дня назад","","01:10:14","https://vkvideo.ru/video-211220744_456239388?t=1h10m14s"
"1740706233-262","https://vkvideo.ru/trends","Дмитрий Шепелев — впервые про Жанну Фриске, уход с Первого канала и новую жизнь","https://vkvideo.ru/video-211220744_456239388","Дмитрий Шепелев — впервые про Жанну Фриске, уход с Первого канала и новую жизнь","Стрелец-Молодец","1,1 млн просмотров·2 дня назад","","01:10:27","https://vkvideo.ru/video-211220744_456239388?t=1h10m27s"
"1740706233-263","https://vkvideo.ru/trends","Дмитрий Шепелев — впервые про Жанну Фриске, уход с Первого канала и новую жизнь","https://vkvideo.ru/video-211220744_456239388","Дмитрий Шепелев — впервые про Жанну Фриске, уход с Первого канала и новую жизнь","Стрелец-Молодец","1,1 млн просмотров·2 дня назад","","01:11:51","https://vkvideo.ru/video-211220744_456239388?t=1h11m51s"
"1740706233-264","https://vkvideo.ru/trends","Дмитрий Шепелев — впервые про Жанну Фриске, уход с Первого канала и новую жизнь","https://vkvideo.ru/video-211220744_456239388","Дмитрий Шепелев — впервые про Жанну Фриске, уход с Первого канала и новую жизнь","Стрелец-Молодец","1,1 млн просмотров·2 дня назад","","01:13:51","https://vkvideo.ru/video-211220744_456239388?t=1h13m51s"
"1740706233-265","https://vkvideo.ru/trends","Дмитрий Шепелев — впервые про Жанну Фриске, уход с Первого канала и новую жизнь","https://vkvideo.ru/video-211220744_456239388","Дмитрий Шепелев — впервые про Жанну Фриске, уход с Первого канала и новую жизнь","Стрелец-Молодец","1,1 млн просмотров·2 дня назад","","01:14:20","https://vkvideo.ru/video-211220744_456239388?t=1h14m20s"
"1740706233-266","https://vkvideo.ru/trends","Дмитрий Шепелев — впервые про Жанну Фриске, уход с Первого канала и новую жизнь","https://vkvideo.ru/video-211220744_456239388","Дмитрий Шепелев — впервые про Жанну Фриске, уход с Первого канала и новую жизнь","Стрелец-Молодец","1,1 млн просмотров·2 дня назад","","01:19:07","https://vkvideo.ru/video-211220744_456239388?t=1h19m7s"
"1740706233-267","https://vkvideo.ru/trends","Дмитрий Шепелев — впервые про Жанну Фриске, уход с Первого канала и новую жизнь","https://vkvideo.ru/video-211220744_456239388","Дмитрий Шепелев — впервые про Жанну Фриске, уход с Первого канала и новую жизнь","Стрелец-Молодец","1,1 млн просмотров·2 дня назад","","01:20:40","https://vkvideo.ru/video-211220744_456239388?t=1h20m40s"
"1740706233-268","https://vkvideo.ru/trends","Дмитрий Шепелев — впервые про Жанну Фриске, уход с Первого канала и новую жизнь","https://vkvideo.ru/video-211220744_456239388","Дмитрий Шепелев — впервые про Жанну Фриске, уход с Первого канала и новую жизнь","Стрелец-Молодец","1,1 млн просмотров·2 дня назад","","01:21:50","https://vkvideo.ru/video-211220744_456239388?t=1h21m50s"
"1740706233-269","https://vkvideo.ru/trends","Дмитрий Шепелев — впервые про Жанну Фриске, уход с Первого канала и новую жизнь","https://vkvideo.ru/video-211220744_456239388","Дмитрий Шепелев — впервые про Жанну Фриске, уход с Первого канала и новую жизнь","Стрелец-Молодец","1,1 млн просмотров·2 дня назад","","01:25:53","https://vkvideo.ru/video-211220744_456239388?t=1h25m53s"
"1740706233-270","https://vkvideo.ru/trends","Дмитрий Шепелев — впервые про Жанну Фриске, уход с Первого канала и новую жизнь","https://vkvideo.ru/video-211220744_456239388","Дмитрий Шепелев — впервые про Жанну Фриске, уход с Первого канала и новую жизнь","Стрелец-Молодец","1,1 млн просмотров·2 дня назад","","01:27:23","https://vkvideo.ru/video-211220744_456239388?t=1h27m23s"
"1740706239-271","https://vkvideo.ru/trends","№ 595 Трамп обвиняет Зеленского / Санкции против Галустяна / Перепись воробьев","https://vkvideo.ru/video-211437014_456245789","№ 595 Трамп обвиняет Зеленского / Санкции против Галустяна / Перепись воробьев","Артемий Лебедев","1,3 млн просмотров·2 дня назад","Мария,  не одна! Я его вообще как колыбельную включаю","",""
"1740706239-272","https://vkvideo.ru/trends","№ 595 Трамп обвиняет Зеленского / Санкции против Галустяна / Перепись воробьев","https://vkvideo.ru/video-211437014_456245789","№ 595 Трамп обвиняет Зеленского / Санкции против Галустяна / Перепись воробьев","Артемий Лебедев","1,3 млн просмотров·2 дня назад","здрасце голову покрасце.","",""
"1740706239-273","https://vkvideo.ru/trends","№ 595 Трамп обвиняет Зеленского / Санкции против Галустяна / Перепись воробьев","https://vkvideo.ru/video-211437014_456245789","№ 595 Трамп обвиняет Зеленского / Санкции против Галустяна / Перепись воробьев","Артемий Лебедев","1,3 млн просмотров·2 дня назад","Артемий красава, про бейсбол я тоже слышал, но нахер поправлять, ведь кому надо, тот понял!)","",""
"1740706239-274","https://vkvideo.ru/trends","№ 595 Трамп обвиняет Зеленского / Санкции против Галустяна / Перепись воробьев","https://vkvideo.ru/video-211437014_456245789","№ 595 Трамп обвиняет Зеленского / Санкции против Галустяна / Перепись воробьев","Артемий Лебедев","1,3 млн просмотров·2 дня назад","","00:00","https://vkvideo.ru/video-211437014_456245789?t=0h0m0s"
"1740706239-275","https://vkvideo.ru/trends","№ 595 Трамп обвиняет Зеленского / Санкции против Галустяна / Перепись воробьев","https://vkvideo.ru/video-211437014_456245789","№ 595 Трамп обвиняет Зеленского / Санкции против Галустяна / Перепись воробьев","Артемий Лебедев","1,3 млн просмотров·2 дня назад","","01:00","https://vkvideo.ru/video-211437014_456245789?t=0h1m0s"
"1740706239-276","https://vkvideo.ru/trends","№ 595 Трамп обвиняет Зеленского / Санкции против Галустяна / Перепись воробьев","https://vkvideo.ru/video-211437014_456245789","№ 595 Трамп обвиняет Зеленского / Санкции против Галустяна / Перепись воробьев","Артемий Лебедев","1,3 млн просмотров·2 дня назад","","05:33","https://vkvideo.ru/video-211437014_456245789?t=0h5m33s"
"1740706239-277","https://vkvideo.ru/trends","№ 595 Трамп обвиняет Зеленского / Санкции против Галустяна / Перепись воробьев","https://vkvideo.ru/video-211437014_456245789","№ 595 Трамп обвиняет Зеленского / Санкции против Галустяна / Перепись воробьев","Артемий Лебедев","1,3 млн просмотров·2 дня назад","","05:59","https://vkvideo.ru/video-211437014_456245789?t=0h5m59s"
"1740706239-278","https://vkvideo.ru/trends","№ 595 Трамп обвиняет Зеленского / Санкции против Галустяна / Перепись воробьев","https://vkvideo.ru/video-211437014_456245789","№ 595 Трамп обвиняет Зеленского / Санкции против Галустяна / Перепись воробьев","Артемий Лебедев","1,3 млн просмотров·2 дня назад","","06:28","https://vkvideo.ru/video-211437014_456245789?t=0h6m28s"
"1740706239-279","https://vkvideo.ru/trends","№ 595 Трамп обвиняет Зеленского / Санкции против Галустяна / Перепись воробьев","https://vkvideo.ru/video-211437014_456245789","№ 595 Трамп обвиняет Зеленского / Санкции против Галустяна / Перепись воробьев","Артемий Лебедев","1,3 млн просмотров·2 дня назад","","06:58","https://vkvideo.ru/video-211437014_456245789?t=0h6m58s"
"1740706239-280","https://vkvideo.ru/trends","№ 595 Трамп обвиняет Зеленского / Санкции против Галустяна / Перепись воробьев","https://vkvideo.ru/video-211437014_456245789","№ 595 Трамп обвиняет Зеленского / Санкции против Галустяна / Перепись воробьев","Артемий Лебедев","1,3 млн просмотров·2 дня назад","","07:32","https://vkvideo.ru/video-211437014_456245789?t=0h7m32s"
"1740706239-281","https://vkvideo.ru/trends","№ 595 Трамп обвиняет Зеленского / Санкции против Галустяна / Перепись воробьев","https://vkvideo.ru/video-211437014_456245789","№ 595 Трамп обвиняет Зеленского / Санкции против Галустяна / Перепись воробьев","Артемий Лебедев","1,3 млн просмотров·2 дня назад","","07:45","https://vkvideo.ru/video-211437014_456245789?t=0h7m45s"
"1740706239-282","https://vkvideo.ru/trends","№ 595 Трамп обвиняет Зеленского / Санкции против Галустяна / Перепись воробьев","https://vkvideo.ru/video-211437014_456245789","№ 595 Трамп обвиняет Зеленского / Санкции против Галустяна / Перепись воробьев","Артемий Лебедев","1,3 млн просмотров·2 дня назад","","09:27","https://vkvideo.ru/video-211437014_456245789?t=0h9m27s"
"1740706239-283","https://vkvideo.ru/trends","№ 595 Трамп обвиняет Зеленского / Санкции против Галустяна / Перепись воробьев","https://vkvideo.ru/video-211437014_456245789","№ 595 Трамп обвиняет Зеленского / Санкции против Галустяна / Перепись воробьев","Артемий Лебедев","1,3 млн просмотров·2 дня назад","","09:47","https://vkvideo.ru/video-211437014_456245789?t=0h9m47s"
"1740706239-284","https://vkvideo.ru/trends","№ 595 Трамп обвиняет Зеленского / Санкции против Галустяна / Перепись воробьев","https://vkvideo.ru/video-211437014_456245789","№ 595 Трамп обвиняет Зеленского / Санкции против Галустяна / Перепись воробьев","Артемий Лебедев","1,3 млн просмотров·2 дня назад","","10:31","https://vkvideo.ru/video-211437014_456245789?t=0h10m31s"
"1740706239-285","https://vkvideo.ru/trends","№ 595 Трамп обвиняет Зеленского / Санкции против Галустяна / Перепись воробьев","https://vkvideo.ru/video-211437014_456245789","№ 595 Трамп обвиняет Зеленского / Санкции против Галустяна / Перепись воробьев","Артемий Лебедев","1,3 млн просмотров·2 дня назад","","10:50","https://vkvideo.ru/video-211437014_456245789?t=0h10m50s"
"1740706239-286","https://vkvideo.ru/trends","№ 595 Трамп обвиняет Зеленского / Санкции против Галустяна / Перепись воробьев","https://vkvideo.ru/video-211437014_456245789","№ 595 Трамп обвиняет Зеленского / Санкции против Галустяна / Перепись воробьев","Артемий Лебедев","1,3 млн просмотров·2 дня назад","","11:36","https://vkvideo.ru/video-211437014_456245789?t=0h11m36s"
"1740706239-287","https://vkvideo.ru/trends","№ 595 Трамп обвиняет Зеленского / Санкции против Галустяна / Перепись воробьев","https://vkvideo.ru/video-211437014_456245789","№ 595 Трамп обвиняет Зеленского / Санкции против Галустяна / Перепись воробьев","Артемий Лебедев","1,3 млн просмотров·2 дня назад","","12:07","https://vkvideo.ru/video-211437014_456245789?t=0h12m7s"
"1740706239-288","https://vkvideo.ru/trends","№ 595 Трамп обвиняет Зеленского / Санкции против Галустяна / Перепись воробьев","https://vkvideo.ru/video-211437014_456245789","№ 595 Трамп обвиняет Зеленского / Санкции против Галустяна / Перепись воробьев","Артемий Лебедев","1,3 млн просмотров·2 дня назад","","12:37","https://vkvideo.ru/video-211437014_456245789?t=0h12m37s"
"1740706239-289","https://vkvideo.ru/trends","№ 595 Трамп обвиняет Зеленского / Санкции против Галустяна / Перепись воробьев","https://vkvideo.ru/video-211437014_456245789","№ 595 Трамп обвиняет Зеленского / Санкции против Галустяна / Перепись воробьев","Артемий Лебедев","1,3 млн просмотров·2 дня назад","","13:19","https://vkvideo.ru/video-211437014_456245789?t=0h13m19s"
"1740706239-290","https://vkvideo.ru/trends","№ 595 Трамп обвиняет Зеленского / Санкции против Галустяна / Перепись воробьев","https://vkvideo.ru/video-211437014_456245789","№ 595 Трамп обвиняет Зеленского / Санкции против Галустяна / Перепись воробьев","Артемий Лебедев","1,3 млн просмотров·2 дня назад","","13:59","https://vkvideo.ru/video-211437014_456245789?t=0h13m59s"
"1740706239-291","https://vkvideo.ru/trends","№ 595 Трамп обвиняет Зеленского / Санкции против Галустяна / Перепись воробьев","https://vkvideo.ru/video-211437014_456245789","№ 595 Трамп обвиняет Зеленского / Санкции против Галустяна / Перепись воробьев","Артемий Лебедев","1,3 млн просмотров·2 дня назад","","14:55","https://vkvideo.ru/video-211437014_456245789?t=0h14m55s"
"1740706239-292","https://vkvideo.ru/trends","№ 595 Трамп обвиняет Зеленского / Санкции против Галустяна / Перепись воробьев","https://vkvideo.ru/video-211437014_456245789","№ 595 Трамп обвиняет Зеленского / Санкции против Галустяна / Перепись воробьев","Артемий Лебедев","1,3 млн просмотров·2 дня назад","","15:07","https://vkvideo.ru/video-211437014_456245789?t=0h15m7s"
"1740706239-293","https://vkvideo.ru/trends","№ 595 Трамп обвиняет Зеленского / Санкции против Галустяна / Перепись воробьев","https://vkvideo.ru/video-211437014_456245789","№ 595 Трамп обвиняет Зеленского / Санкции против Галустяна / Перепись воробьев","Артемий Лебедев","1,3 млн просмотров·2 дня назад","","15:19","https://vkvideo.ru/video-211437014_456245789?t=0h15m19s"
"1740706239-294","https://vkvideo.ru/trends","№ 595 Трамп обвиняет Зеленского / Санкции против Галустяна / Перепись воробьев","https://vkvideo.ru/video-211437014_456245789","№ 595 Трамп обвиняет Зеленского / Санкции против Галустяна / Перепись воробьев","Артемий Лебедев","1,3 млн просмотров·2 дня назад","","15:50","https://vkvideo.ru/video-211437014_456245789?t=0h15m50s"
"1740706239-295","https://vkvideo.ru/trends","№ 595 Трамп обвиняет Зеленского / Санкции против Галустяна / Перепись воробьев","https://vkvideo.ru/video-211437014_456245789","№ 595 Трамп обвиняет Зеленского / Санкции против Галустяна / Перепись воробьев","Артемий Лебедев","1,3 млн просмотров·2 дня назад","","16:59","https://vkvideo.ru/video-211437014_456245789?t=0h16m59s"
"1740706239-296","https://vkvideo.ru/trends","№ 595 Трамп обвиняет Зеленского / Санкции против Галустяна / Перепись воробьев","https://vkvideo.ru/video-211437014_456245789","№ 595 Трамп обвиняет Зеленского / Санкции против Галустяна / Перепись воробьев","Артемий Лебедев","1,3 млн просмотров·2 дня назад","","17:29","https://vkvideo.ru/video-211437014_456245789?t=0h17m29s"
"1740706239-297","https://vkvideo.ru/trends","№ 595 Трамп обвиняет Зеленского / Санкции против Галустяна / Перепись воробьев","https://vkvideo.ru/video-211437014_456245789","№ 595 Трамп обвиняет Зеленского / Санкции против Галустяна / Перепись воробьев","Артемий Лебедев","1,3 млн просмотров·2 дня назад","","18:00","https://vkvideo.ru/video-211437014_456245789?t=0h18m0s"
"1740706239-298","https://vkvideo.ru/trends","№ 595 Трамп обвиняет Зеленского / Санкции против Галустяна / Перепись воробьев","https://vkvideo.ru/video-211437014_456245789","№ 595 Трамп обвиняет Зеленского / Санкции против Галустяна / Перепись воробьев","Артемий Лебедев","1,3 млн просмотров·2 дня назад","","18:16","https://vkvideo.ru/video-211437014_456245789?t=0h18m16s"
"1740706239-299","https://vkvideo.ru/trends","№ 595 Трамп обвиняет Зеленского / Санкции против Галустяна / Перепись воробьев","https://vkvideo.ru/video-211437014_456245789","№ 595 Трамп обвиняет Зеленского / Санкции против Галустяна / Перепись воробьев","Артемий Лебедев","1,3 млн просмотров·2 дня назад","","18:30","https://vkvideo.ru/video-211437014_456245789?t=0h18m30s"
"1740706239-300","https://vkvideo.ru/trends","№ 595 Трамп обвиняет Зеленского / Санкции против Галустяна / Перепись воробьев","https://vkvideo.ru/video-211437014_456245789","№ 595 Трамп обвиняет Зеленского / Санкции против Галустяна / Перепись воробьев","Артемий Лебедев","1,3 млн просмотров·2 дня назад","","19:05","https://vkvideo.ru/video-211437014_456245789?t=0h19m5s"
"1740706239-301","https://vkvideo.ru/trends","№ 595 Трамп обвиняет Зеленского / Санкции против Галустяна / Перепись воробьев","https://vkvideo.ru/video-211437014_456245789","№ 595 Трамп обвиняет Зеленского / Санкции против Галустяна / Перепись воробьев","Артемий Лебедев","1,3 млн просмотров·2 дня назад","","19:46","https://vkvideo.ru/video-211437014_456245789?t=0h19m46s"
"1740706239-302","https://vkvideo.ru/trends","№ 595 Трамп обвиняет Зеленского / Санкции против Галустяна / Перепись воробьев","https://vkvideo.ru/video-211437014_456245789","№ 595 Трамп обвиняет Зеленского / Санкции против Галустяна / Перепись воробьев","Артемий Лебедев","1,3 млн просмотров·2 дня назад","","20:23","https://vkvideo.ru/video-211437014_456245789?t=0h20m23s"
"1740706239-303","https://vkvideo.ru/trends","№ 595 Трамп обвиняет Зеленского / Санкции против Галустяна / Перепись воробьев","https://vkvideo.ru/video-211437014_456245789","№ 595 Трамп обвиняет Зеленского / Санкции против Галустяна / Перепись воробьев","Артемий Лебедев","1,3 млн просмотров·2 дня назад","","20:50","https://vkvideo.ru/video-211437014_456245789?t=0h20m50s"
"1740706239-304","https://vkvideo.ru/trends","№ 595 Трамп обвиняет Зеленского / Санкции против Галустяна / Перепись воробьев","https://vkvideo.ru/video-211437014_456245789","№ 595 Трамп обвиняет Зеленского / Санкции против Галустяна / Перепись воробьев","Артемий Лебедев","1,3 млн просмотров·2 дня назад","","21:08","https://vkvideo.ru/video-211437014_456245789?t=0h21m8s"
"1740706239-305","https://vkvideo.ru/trends","№ 595 Трамп обвиняет Зеленского / Санкции против Галустяна / Перепись воробьев","https://vkvideo.ru/video-211437014_456245789","№ 595 Трамп обвиняет Зеленского / Санкции против Галустяна / Перепись воробьев","Артемий Лебедев","1,3 млн просмотров·2 дня назад","","21:23","https://vkvideo.ru/video-211437014_456245789?t=0h21m23s"
"1740706239-306","https://vkvideo.ru/trends","№ 595 Трамп обвиняет Зеленского / Санкции против Галустяна / Перепись воробьев","https://vkvideo.ru/video-211437014_456245789","№ 595 Трамп обвиняет Зеленского / Санкции против Галустяна / Перепись воробьев","Артемий Лебедев","1,3 млн просмотров·2 дня назад","","21:34","https://vkvideo.ru/video-211437014_456245789?t=0h21m34s"
"1740706239-307","https://vkvideo.ru/trends","№ 595 Трамп обвиняет Зеленского / Санкции против Галустяна / Перепись воробьев","https://vkvideo.ru/video-211437014_456245789","№ 595 Трамп обвиняет Зеленского / Санкции против Галустяна / Перепись воробьев","Артемий Лебедев","1,3 млн просмотров·2 дня назад","","22:30","https://vkvideo.ru/video-211437014_456245789?t=0h22m30s"
"1740706239-308","https://vkvideo.ru/trends","№ 595 Трамп обвиняет Зеленского / Санкции против Галустяна / Перепись воробьев","https://vkvideo.ru/video-211437014_456245789","№ 595 Трамп обвиняет Зеленского / Санкции против Галустяна / Перепись воробьев","Артемий Лебедев","1,3 млн просмотров·2 дня назад","","22:38","https://vkvideo.ru/video-211437014_456245789?t=0h22m38s"
"1740706239-309","https://vkvideo.ru/trends","№ 595 Трамп обвиняет Зеленского / Санкции против Галустяна / Перепись воробьев","https://vkvideo.ru/video-211437014_456245789","№ 595 Трамп обвиняет Зеленского / Санкции против Галустяна / Перепись воробьев","Артемий Лебедев","1,3 млн просмотров·2 дня назад","","23:06","https://vkvideo.ru/video-211437014_456245789?t=0h23m6s"
"1740706239-310","https://vkvideo.ru/trends","№ 595 Трамп обвиняет Зеленского / Санкции против Галустяна / Перепись воробьев","https://vkvideo.ru/video-211437014_456245789","№ 595 Трамп обвиняет Зеленского / Санкции против Галустяна / Перепись воробьев","Артемий Лебедев","1,3 млн просмотров·2 дня назад","","23:17","https://vkvideo.ru/video-211437014_456245789?t=0h23m17s"
"1740706239-311","https://vkvideo.ru/trends","№ 595 Трамп обвиняет Зеленского / Санкции против Галустяна / Перепись воробьев","https://vkvideo.ru/video-211437014_456245789","№ 595 Трамп обвиняет Зеленского / Санкции против Галустяна / Перепись воробьев","Артемий Лебедев","1,3 млн просмотров·2 дня назад","","23:34","https://vkvideo.ru/video-211437014_456245789?t=0h23m34s"
"1740706239-312","https://vkvideo.ru/trends","№ 595 Трамп обвиняет Зеленского / Санкции против Галустяна / Перепись воробьев","https://vkvideo.ru/video-211437014_456245789","№ 595 Трамп обвиняет Зеленского / Санкции против Галустяна / Перепись воробьев","Артемий Лебедев","1,3 млн просмотров·2 дня назад","","24:08","https://vkvideo.ru/video-211437014_456245789?t=0h24m8s"
"1740706239-313","https://vkvideo.ru/trends","№ 595 Трамп обвиняет Зеленского / Санкции против Галустяна / Перепись воробьев","https://vkvideo.ru/video-211437014_456245789","№ 595 Трамп обвиняет Зеленского / Санкции против Галустяна / Перепись воробьев","Артемий Лебедев","1,3 млн просмотров·2 дня назад","","25:10","https://vkvideo.ru/video-211437014_456245789?t=0h25m10s"
"1740706239-314","https://vkvideo.ru/trends","№ 595 Трамп обвиняет Зеленского / Санкции против Галустяна / Перепись воробьев","https://vkvideo.ru/video-211437014_456245789","№ 595 Трамп обвиняет Зеленского / Санкции против Галустяна / Перепись воробьев","Артемий Лебедев","1,3 млн просмотров·2 дня назад","","26:57","https://vkvideo.ru/video-211437014_456245789?t=0h26m57s"
"1740706239-315","https://vkvideo.ru/trends","№ 595 Трамп обвиняет Зеленского / Санкции против Галустяна / Перепись воробьев","https://vkvideo.ru/video-211437014_456245789","№ 595 Трамп обвиняет Зеленского / Санкции против Галустяна / Перепись воробьев","Артемий Лебедев","1,3 млн просмотров·2 дня назад","","27:25","https://vkvideo.ru/video-211437014_456245789?t=0h27m25s"
"1740706239-316","https://vkvideo.ru/trends","№ 595 Трамп обвиняет Зеленского / Санкции против Галустяна / Перепись воробьев","https://vkvideo.ru/video-211437014_456245789","№ 595 Трамп обвиняет Зеленского / Санкции против Галустяна / Перепись воробьев","Артемий Лебедев","1,3 млн просмотров·2 дня назад","","27:44","https://vkvideo.ru/video-211437014_456245789?t=0h27m44s"
"1740706239-317","https://vkvideo.ru/trends","№ 595 Трамп обвиняет Зеленского / Санкции против Галустяна / Перепись воробьев","https://vkvideo.ru/video-211437014_456245789","№ 595 Трамп обвиняет Зеленского / Санкции против Галустяна / Перепись воробьев","Артемий Лебедев","1,3 млн просмотров·2 дня назад","","28:07","https://vkvideo.ru/video-211437014_456245789?t=0h28m7s"
"1740706239-318","https://vkvideo.ru/trends","№ 595 Трамп обвиняет Зеленского / Санкции против Галустяна / Перепись воробьев","https://vkvideo.ru/video-211437014_456245789","№ 595 Трамп обвиняет Зеленского / Санкции против Галустяна / Перепись воробьев","Артемий Лебедев","1,3 млн просмотров·2 дня назад","","28:41","https://vkvideo.ru/video-211437014_456245789?t=0h28m41s"
"1740706239-319","https://vkvideo.ru/trends","№ 595 Трамп обвиняет Зеленского / Санкции против Галустяна / Перепись воробьев","https://vkvideo.ru/video-211437014_456245789","№ 595 Трамп обвиняет Зеленского / Санкции против Галустяна / Перепись воробьев","Артемий Лебедев","1,3 млн просмотров·2 дня назад","","29:31","https://vkvideo.ru/video-211437014_456245789?t=0h29m31s"
"1740706239-320","https://vkvideo.ru/trends","№ 595 Трамп обвиняет Зеленского / Санкции против Галустяна / Перепись воробьев","https://vkvideo.ru/video-211437014_456245789","№ 595 Трамп обвиняет Зеленского / Санкции против Галустяна / Перепись воробьев","Артемий Лебедев","1,3 млн просмотров·2 дня назад","","30:52","https://vkvideo.ru/video-211437014_456245789?t=0h30m52s"
"1740706239-321","https://vkvideo.ru/trends","№ 595 Трамп обвиняет Зеленского / Санкции против Галустяна / Перепись воробьев","https://vkvideo.ru/video-211437014_456245789","№ 595 Трамп обвиняет Зеленского / Санкции против Галустяна / Перепись воробьев","Артемий Лебедев","1,3 млн просмотров·2 дня назад","","31:02","https://vkvideo.ru/video-211437014_456245789?t=0h31m2s"
"1740706239-322","https://vkvideo.ru/trends","№ 595 Трамп обвиняет Зеленского / Санкции против Галустяна / Перепись воробьев","https://vkvideo.ru/video-211437014_456245789","№ 595 Трамп обвиняет Зеленского / Санкции против Галустяна / Перепись воробьев","Артемий Лебедев","1,3 млн просмотров·2 дня назад","","31:15","https://vkvideo.ru/video-211437014_456245789?t=0h31m15s"
"1740706239-323","https://vkvideo.ru/trends","№ 595 Трамп обвиняет Зеленского / Санкции против Галустяна / Перепись воробьев","https://vkvideo.ru/video-211437014_456245789","№ 595 Трамп обвиняет Зеленского / Санкции против Галустяна / Перепись воробьев","Артемий Лебедев","1,3 млн просмотров·2 дня назад","","33:48","https://vkvideo.ru/video-211437014_456245789?t=0h33m48s"
"1740706239-324","https://vkvideo.ru/trends","№ 595 Трамп обвиняет Зеленского / Санкции против Галустяна / Перепись воробьев","https://vkvideo.ru/video-211437014_456245789","№ 595 Трамп обвиняет Зеленского / Санкции против Галустяна / Перепись воробьев","Артемий Лебедев","1,3 млн просмотров·2 дня назад","","34:01","https://vkvideo.ru/video-211437014_456245789?t=0h34m1s"
"1740706239-325","https://vkvideo.ru/trends","№ 595 Трамп обвиняет Зеленского / Санкции против Галустяна / Перепись воробьев","https://vkvideo.ru/video-211437014_456245789","№ 595 Трамп обвиняет Зеленского / Санкции против Галустяна / Перепись воробьев","Артемий Лебедев","1,3 млн просмотров·2 дня назад","","34:24","https://vkvideo.ru/video-211437014_456245789?t=0h34m24s"
"1740706239-326","https://vkvideo.ru/trends","№ 595 Трамп обвиняет Зеленского / Санкции против Галустяна / Перепись воробьев","https://vkvideo.ru/video-211437014_456245789","№ 595 Трамп обвиняет Зеленского / Санкции против Галустяна / Перепись воробьев","Артемий Лебедев","1,3 млн просмотров·2 дня назад","","34:36","https://vkvideo.ru/video-211437014_456245789?t=0h34m36s"
"1740706239-327","https://vkvideo.ru/trends","№ 595 Трамп обвиняет Зеленского / Санкции против Галустяна / Перепись воробьев","https://vkvideo.ru/video-211437014_456245789","№ 595 Трамп обвиняет Зеленского / Санкции против Галустяна / Перепись воробьев","Артемий Лебедев","1,3 млн просмотров·2 дня назад","","34:51","https://vkvideo.ru/video-211437014_456245789?t=0h34m51s"
"1740706239-328","https://vkvideo.ru/trends","№ 595 Трамп обвиняет Зеленского / Санкции против Галустяна / Перепись воробьев","https://vkvideo.ru/video-211437014_456245789","№ 595 Трамп обвиняет Зеленского / Санкции против Галустяна / Перепись воробьев","Артемий Лебедев","1,3 млн просмотров·2 дня назад","","35:09","https://vkvideo.ru/video-211437014_456245789?t=0h35m9s"
"1740706239-329","https://vkvideo.ru/trends","№ 595 Трамп обвиняет Зеленского / Санкции против Галустяна / Перепись воробьев","https://vkvideo.ru/video-211437014_456245789","№ 595 Трамп обвиняет Зеленского / Санкции против Галустяна / Перепись воробьев","Артемий Лебедев","1,3 млн просмотров·2 дня назад","","35:29","https://vkvideo.ru/video-211437014_456245789?t=0h35m29s"
"1740706239-330","https://vkvideo.ru/trends","№ 595 Трамп обвиняет Зеленского / Санкции против Галустяна / Перепись воробьев","https://vkvideo.ru/video-211437014_456245789","№ 595 Трамп обвиняет Зеленского / Санкции против Галустяна / Перепись воробьев","Артемий Лебедев","1,3 млн просмотров·2 дня назад","","36:16","https://vkvideo.ru/video-211437014_456245789?t=0h36m16s"
"1740706239-331","https://vkvideo.ru/trends","№ 595 Трамп обвиняет Зеленского / Санкции против Галустяна / Перепись воробьев","https://vkvideo.ru/video-211437014_456245789","№ 595 Трамп обвиняет Зеленского / Санкции против Галустяна / Перепись воробьев","Артемий Лебедев","1,3 млн просмотров·2 дня назад","","36:25","https://vkvideo.ru/video-211437014_456245789?t=0h36m25s"
"1740706239-332","https://vkvideo.ru/trends","№ 595 Трамп обвиняет Зеленского / Санкции против Галустяна / Перепись воробьев","https://vkvideo.ru/video-211437014_456245789","№ 595 Трамп обвиняет Зеленского / Санкции против Галустяна / Перепись воробьев","Артемий Лебедев","1,3 млн просмотров·2 дня назад","","36:39","https://vkvideo.ru/video-211437014_456245789?t=0h36m39s"
"1740706239-333","https://vkvideo.ru/trends","№ 595 Трамп обвиняет Зеленского / Санкции против Галустяна / Перепись воробьев","https://vkvideo.ru/video-211437014_456245789","№ 595 Трамп обвиняет Зеленского / Санкции против Галустяна / Перепись воробьев","Артемий Лебедев","1,3 млн просмотров·2 дня назад","","36:59","https://vkvideo.ru/video-211437014_456245789?t=0h36m59s"
"1740706239-334","https://vkvideo.ru/trends","№ 595 Трамп обвиняет Зеленского / Санкции против Галустяна / Перепись воробьев","https://vkvideo.ru/video-211437014_456245789","№ 595 Трамп обвиняет Зеленского / Санкции против Галустяна / Перепись воробьев","Артемий Лебедев","1,3 млн просмотров·2 дня назад","","37:11","https://vkvideo.ru/video-211437014_456245789?t=0h37m11s"
"1740706239-335","https://vkvideo.ru/trends","№ 595 Трамп обвиняет Зеленского / Санкции против Галустяна / Перепись воробьев","https://vkvideo.ru/video-211437014_456245789","№ 595 Трамп обвиняет Зеленского / Санкции против Галустяна / Перепись воробьев","Артемий Лебедев","1,3 млн просмотров·2 дня назад","","37:53","https://vkvideo.ru/video-211437014_456245789?t=0h37m53s"
"1740706239-336","https://vkvideo.ru/trends","№ 595 Трамп обвиняет Зеленского / Санкции против Галустяна / Перепись воробьев","https://vkvideo.ru/video-211437014_456245789","№ 595 Трамп обвиняет Зеленского / Санкции против Галустяна / Перепись воробьев","Артемий Лебедев","1,3 млн просмотров·2 дня назад","","38:30","https://vkvideo.ru/video-211437014_456245789?t=0h38m30s"
"1740706239-337","https://vkvideo.ru/trends","№ 595 Трамп обвиняет Зеленского / Санкции против Галустяна / Перепись воробьев","https://vkvideo.ru/video-211437014_456245789","№ 595 Трамп обвиняет Зеленского / Санкции против Галустяна / Перепись воробьев","Артемий Лебедев","1,3 млн просмотров·2 дня назад","","38:44","https://vkvideo.ru/video-211437014_456245789?t=0h38m44s"
"1740706239-338","https://vkvideo.ru/trends","№ 595 Трамп обвиняет Зеленского / Санкции против Галустяна / Перепись воробьев","https://vkvideo.ru/video-211437014_456245789","№ 595 Трамп обвиняет Зеленского / Санкции против Галустяна / Перепись воробьев","Артемий Лебедев","1,3 млн просмотров·2 дня назад","","39:00","https://vkvideo.ru/video-211437014_456245789?t=0h39m0s"
"1740706239-339","https://vkvideo.ru/trends","№ 595 Трамп обвиняет Зеленского / Санкции против Галустяна / Перепись воробьев","https://vkvideo.ru/video-211437014_456245789","№ 595 Трамп обвиняет Зеленского / Санкции против Галустяна / Перепись воробьев","Артемий Лебедев","1,3 млн просмотров·2 дня назад","","39:27","https://vkvideo.ru/video-211437014_456245789?t=0h39m27s"
"1740706239-340","https://vkvideo.ru/trends","№ 595 Трамп обвиняет Зеленского / Санкции против Галустяна / Перепись воробьев","https://vkvideo.ru/video-211437014_456245789","№ 595 Трамп обвиняет Зеленского / Санкции против Галустяна / Перепись воробьев","Артемий Лебедев","1,3 млн просмотров·2 дня назад","","40:30","https://vkvideo.ru/video-211437014_456245789?t=0h40m30s"
"1740706239-341","https://vkvideo.ru/trends","№ 595 Трамп обвиняет Зеленского / Санкции против Галустяна / Перепись воробьев","https://vkvideo.ru/video-211437014_456245789","№ 595 Трамп обвиняет Зеленского / Санкции против Галустяна / Перепись воробьев","Артемий Лебедев","1,3 млн просмотров·2 дня назад","","40:52","https://vkvideo.ru/video-211437014_456245789?t=0h40m52s"
"1740706239-342","https://vkvideo.ru/trends","№ 595 Трамп обвиняет Зеленского / Санкции против Галустяна / Перепись воробьев","https://vkvideo.ru/video-211437014_456245789","№ 595 Трамп обвиняет Зеленского / Санкции против Галустяна / Перепись воробьев","Артемий Лебедев","1,3 млн просмотров·2 дня назад","","41:06","https://vkvideo.ru/video-211437014_456245789?t=0h41m6s"
"1740706239-343","https://vkvideo.ru/trends","№ 595 Трамп обвиняет Зеленского / Санкции против Галустяна / Перепись воробьев","https://vkvideo.ru/video-211437014_456245789","№ 595 Трамп обвиняет Зеленского / Санкции против Галустяна / Перепись воробьев","Артемий Лебедев","1,3 млн просмотров·2 дня назад","","41:28","https://vkvideo.ru/video-211437014_456245789?t=0h41m28s"
"1740706239-344","https://vkvideo.ru/trends","№ 595 Трамп обвиняет Зеленского / Санкции против Галустяна / Перепись воробьев","https://vkvideo.ru/video-211437014_456245789","№ 595 Трамп обвиняет Зеленского / Санкции против Галустяна / Перепись воробьев","Артемий Лебедев","1,3 млн просмотров·2 дня назад","","42:18","https://vkvideo.ru/video-211437014_456245789?t=0h42m18s"
"1740706239-345","https://vkvideo.ru/trends","№ 595 Трамп обвиняет Зеленского / Санкции против Галустяна / Перепись воробьев","https://vkvideo.ru/video-211437014_456245789","№ 595 Трамп обвиняет Зеленского / Санкции против Галустяна / Перепись воробьев","Артемий Лебедев","1,3 млн просмотров·2 дня назад","","42:26","https://vkvideo.ru/video-211437014_456245789?t=0h42m26s"
"1740706239-346","https://vkvideo.ru/trends","№ 595 Трамп обвиняет Зеленского / Санкции против Галустяна / Перепись воробьев","https://vkvideo.ru/video-211437014_456245789","№ 595 Трамп обвиняет Зеленского / Санкции против Галустяна / Перепись воробьев","Артемий Лебедев","1,3 млн просмотров·2 дня назад","","42:38","https://vkvideo.ru/video-211437014_456245789?t=0h42m38s"
"1740706239-347","https://vkvideo.ru/trends","№ 595 Трамп обвиняет Зеленского / Санкции против Галустяна / Перепись воробьев","https://vkvideo.ru/video-211437014_456245789","№ 595 Трамп обвиняет Зеленского / Санкции против Галустяна / Перепись воробьев","Артемий Лебедев","1,3 млн просмотров·2 дня назад","","42:51","https://vkvideo.ru/video-211437014_456245789?t=0h42m51s"
"1740706239-348","https://vkvideo.ru/trends","№ 595 Трамп обвиняет Зеленского / Санкции против Галустяна / Перепись воробьев","https://vkvideo.ru/video-211437014_456245789","№ 595 Трамп обвиняет Зеленского / Санкции против Галустяна / Перепись воробьев","Артемий Лебедев","1,3 млн просмотров·2 дня назад","","43:11","https://vkvideo.ru/video-211437014_456245789?t=0h43m11s"
"1740706239-349","https://vkvideo.ru/trends","№ 595 Трамп обвиняет Зеленского / Санкции против Галустяна / Перепись воробьев","https://vkvideo.ru/video-211437014_456245789","№ 595 Трамп обвиняет Зеленского / Санкции против Галустяна / Перепись воробьев","Артемий Лебедев","1,3 млн просмотров·2 дня назад","","43:27","https://vkvideo.ru/video-211437014_456245789?t=0h43m27s"
"1740706239-350","https://vkvideo.ru/trends","№ 595 Трамп обвиняет Зеленского / Санкции против Галустяна / Перепись воробьев","https://vkvideo.ru/video-211437014_456245789","№ 595 Трамп обвиняет Зеленского / Санкции против Галустяна / Перепись воробьев","Артемий Лебедев","1,3 млн просмотров·2 дня назад","","43:41","https://vkvideo.ru/video-211437014_456245789?t=0h43m41s"
"1740706239-351","https://vkvideo.ru/trends","№ 595 Трамп обвиняет Зеленского / Санкции против Галустяна / Перепись воробьев","https://vkvideo.ru/video-211437014_456245789","№ 595 Трамп обвиняет Зеленского / Санкции против Галустяна / Перепись воробьев","Артемий Лебедев","1,3 млн просмотров·2 дня назад","","44:01","https://vkvideo.ru/video-211437014_456245789?t=0h44m1s"
"1740706239-352","https://vkvideo.ru/trends","№ 595 Трамп обвиняет Зеленского / Санкции против Галустяна / Перепись воробьев","https://vkvideo.ru/video-211437014_456245789","№ 595 Трамп обвиняет Зеленского / Санкции против Галустяна / Перепись воробьев","Артемий Лебедев","1,3 млн просмотров·2 дня назад","","44:12","https://vkvideo.ru/video-211437014_456245789?t=0h44m12s"
"1740706239-353","https://vkvideo.ru/trends","№ 595 Трамп обвиняет Зеленского / Санкции против Галустяна / Перепись воробьев","https://vkvideo.ru/video-211437014_456245789","№ 595 Трамп обвиняет Зеленского / Санкции против Галустяна / Перепись воробьев","Артемий Лебедев","1,3 млн просмотров·2 дня назад","","44:28","https://vkvideo.ru/video-211437014_456245789?t=0h44m28s"
"1740706239-354","https://vkvideo.ru/trends","№ 595 Трамп обвиняет Зеленского / Санкции против Галустяна / Перепись воробьев","https://vkvideo.ru/video-211437014_456245789","№ 595 Трамп обвиняет Зеленского / Санкции против Галустяна / Перепись воробьев","Артемий Лебедев","1,3 млн просмотров·2 дня назад","","44:46","https://vkvideo.ru/video-211437014_456245789?t=0h44m46s"
"1740706239-355","https://vkvideo.ru/trends","№ 595 Трамп обвиняет Зеленского / Санкции против Галустяна / Перепись воробьев","https://vkvideo.ru/video-211437014_456245789","№ 595 Трамп обвиняет Зеленского / Санкции против Галустяна / Перепись воробьев","Артемий Лебедев","1,3 млн просмотров·2 дня назад","","45:09","https://vkvideo.ru/video-211437014_456245789?t=0h45m9s"
"1740706239-356","https://vkvideo.ru/trends","№ 595 Трамп обвиняет Зеленского / Санкции против Галустяна / Перепись воробьев","https://vkvideo.ru/video-211437014_456245789","№ 595 Трамп обвиняет Зеленского / Санкции против Галустяна / Перепись воробьев","Артемий Лебедев","1,3 млн просмотров·2 дня назад","","45:17","https://vkvideo.ru/video-211437014_456245789?t=0h45m17s"
"1740706239-357","https://vkvideo.ru/trends","№ 595 Трамп обвиняет Зеленского / Санкции против Галустяна / Перепись воробьев","https://vkvideo.ru/video-211437014_456245789","№ 595 Трамп обвиняет Зеленского / Санкции против Галустяна / Перепись воробьев","Артемий Лебедев","1,3 млн просмотров·2 дня назад","","45:34","https://vkvideo.ru/video-211437014_456245789?t=0h45m34s"
"1740706239-358","https://vkvideo.ru/trends","№ 595 Трамп обвиняет Зеленского / Санкции против Галустяна / Перепись воробьев","https://vkvideo.ru/video-211437014_456245789","№ 595 Трамп обвиняет Зеленского / Санкции против Галустяна / Перепись воробьев","Артемий Лебедев","1,3 млн просмотров·2 дня назад","","45:47","https://vkvideo.ru/video-211437014_456245789?t=0h45m47s"
"1740706239-359","https://vkvideo.ru/trends","№ 595 Трамп обвиняет Зеленского / Санкции против Галустяна / Перепись воробьев","https://vkvideo.ru/video-211437014_456245789","№ 595 Трамп обвиняет Зеленского / Санкции против Галустяна / Перепись воробьев","Артемий Лебедев","1,3 млн просмотров·2 дня назад","","46:02","https://vkvideo.ru/video-211437014_456245789?t=0h46m2s"
"1740706239-360","https://vkvideo.ru/trends","№ 595 Трамп обвиняет Зеленского / Санкции против Галустяна / Перепись воробьев","https://vkvideo.ru/video-211437014_456245789","№ 595 Трамп обвиняет Зеленского / Санкции против Галустяна / Перепись воробьев","Артемий Лебедев","1,3 млн просмотров·2 дня назад","","46:11","https://vkvideo.ru/video-211437014_456245789?t=0h46m11s"
"1740706239-361","https://vkvideo.ru/trends","№ 595 Трамп обвиняет Зеленского / Санкции против Галустяна / Перепись воробьев","https://vkvideo.ru/video-211437014_456245789","№ 595 Трамп обвиняет Зеленского / Санкции против Галустяна / Перепись воробьев","Артемий Лебедев","1,3 млн просмотров·2 дня назад","","46:41","https://vkvideo.ru/video-211437014_456245789?t=0h46m41s"
"1740706239-362","https://vkvideo.ru/trends","№ 595 Трамп обвиняет Зеленского / Санкции против Галустяна / Перепись воробьев","https://vkvideo.ru/video-211437014_456245789","№ 595 Трамп обвиняет Зеленского / Санкции против Галустяна / Перепись воробьев","Артемий Лебедев","1,3 млн просмотров·2 дня назад","","47:01","https://vkvideo.ru/video-211437014_456245789?t=0h47m1s"
"1740706239-363","https://vkvideo.ru/trends","№ 595 Трамп обвиняет Зеленского / Санкции против Галустяна / Перепись воробьев","https://vkvideo.ru/video-211437014_456245789","№ 595 Трамп обвиняет Зеленского / Санкции против Галустяна / Перепись воробьев","Артемий Лебедев","1,3 млн просмотров·2 дня назад","","47:12","https://vkvideo.ru/video-211437014_456245789?t=0h47m12s"
"1740706239-364","https://vkvideo.ru/trends","№ 595 Трамп обвиняет Зеленского / Санкции против Галустяна / Перепись воробьев","https://vkvideo.ru/video-211437014_456245789","№ 595 Трамп обвиняет Зеленского / Санкции против Галустяна / Перепись воробьев","Артемий Лебедев","1,3 млн просмотров·2 дня назад","","47:28","https://vkvideo.ru/video-211437014_456245789?t=0h47m28s"
"1740706239-365","https://vkvideo.ru/trends","№ 595 Трамп обвиняет Зеленского / Санкции против Галустяна / Перепись воробьев","https://vkvideo.ru/video-211437014_456245789","№ 595 Трамп обвиняет Зеленского / Санкции против Галустяна / Перепись воробьев","Артемий Лебедев","1,3 млн просмотров·2 дня назад","","47:44","https://vkvideo.ru/video-211437014_456245789?t=0h47m44s"
"1740706239-366","https://vkvideo.ru/trends","№ 595 Трамп обвиняет Зеленского / Санкции против Галустяна / Перепись воробьев","https://vkvideo.ru/video-211437014_456245789","№ 595 Трамп обвиняет Зеленского / Санкции против Галустяна / Перепись воробьев","Артемий Лебедев","1,3 млн просмотров·2 дня назад","","48:35","https://vkvideo.ru/video-211437014_456245789?t=0h48m35s"
"1740706239-367","https://vkvideo.ru/trends","№ 595 Трамп обвиняет Зеленского / Санкции против Галустяна / Перепись воробьев","https://vkvideo.ru/video-211437014_456245789","№ 595 Трамп обвиняет Зеленского / Санкции против Галустяна / Перепись воробьев","Артемий Лебедев","1,3 млн просмотров·2 дня назад","","48:49","https://vkvideo.ru/video-211437014_456245789?t=0h48m49s"
"1740706239-368","https://vkvideo.ru/trends","№ 595 Трамп обвиняет Зеленского / Санкции против Галустяна / Перепись воробьев","https://vkvideo.ru/video-211437014_456245789","№ 595 Трамп обвиняет Зеленского / Санкции против Галустяна / Перепись воробьев","Артемий Лебедев","1,3 млн просмотров·2 дня назад","","49:10","https://vkvideo.ru/video-211437014_456245789?t=0h49m10s"
"1740706239-369","https://vkvideo.ru/trends","№ 595 Трамп обвиняет Зеленского / Санкции против Галустяна / Перепись воробьев","https://vkvideo.ru/video-211437014_456245789","№ 595 Трамп обвиняет Зеленского / Санкции против Галустяна / Перепись воробьев","Артемий Лебедев","1,3 млн просмотров·2 дня назад","","49:31","https://vkvideo.ru/video-211437014_456245789?t=0h49m31s"
"1740706239-370","https://vkvideo.ru/trends","№ 595 Трамп обвиняет Зеленского / Санкции против Галустяна / Перепись воробьев","https://vkvideo.ru/video-211437014_456245789","№ 595 Трамп обвиняет Зеленского / Санкции против Галустяна / Перепись воробьев","Артемий Лебедев","1,3 млн просмотров·2 дня назад","","50:28","https://vkvideo.ru/video-211437014_456245789?t=0h50m28s"
"1740706239-371","https://vkvideo.ru/trends","№ 595 Трамп обвиняет Зеленского / Санкции против Галустяна / Перепись воробьев","https://vkvideo.ru/video-211437014_456245789","№ 595 Трамп обвиняет Зеленского / Санкции против Галустяна / Перепись воробьев","Артемий Лебедев","1,3 млн просмотров·2 дня назад","","50:52","https://vkvideo.ru/video-211437014_456245789?t=0h50m52s"
"1740706239-372","https://vkvideo.ru/trends","№ 595 Трамп обвиняет Зеленского / Санкции против Галустяна / Перепись воробьев","https://vkvideo.ru/video-211437014_456245789","№ 595 Трамп обвиняет Зеленского / Санкции против Галустяна / Перепись воробьев","Артемий Лебедев","1,3 млн просмотров·2 дня назад","","51:37","https://vkvideo.ru/video-211437014_456245789?t=0h51m37s"
"1740706239-373","https://vkvideo.ru/trends","№ 595 Трамп обвиняет Зеленского / Санкции против Галустяна / Перепись воробьев","https://vkvideo.ru/video-211437014_456245789","№ 595 Трамп обвиняет Зеленского / Санкции против Галустяна / Перепись воробьев","Артемий Лебедев","1,3 млн просмотров·2 дня назад","","51:52","https://vkvideo.ru/video-211437014_456245789?t=0h51m52s"
"1740706239-374","https://vkvideo.ru/trends","№ 595 Трамп обвиняет Зеленского / Санкции против Галустяна / Перепись воробьев","https://vkvideo.ru/video-211437014_456245789","№ 595 Трамп обвиняет Зеленского / Санкции против Галустяна / Перепись воробьев","Артемий Лебедев","1,3 млн просмотров·2 дня назад","","52:04","https://vkvideo.ru/video-211437014_456245789?t=0h52m4s"
"1740706239-375","https://vkvideo.ru/trends","№ 595 Трамп обвиняет Зеленского / Санкции против Галустяна / Перепись воробьев","https://vkvideo.ru/video-211437014_456245789","№ 595 Трамп обвиняет Зеленского / Санкции против Галустяна / Перепись воробьев","Артемий Лебедев","1,3 млн просмотров·2 дня назад","","52:34","https://vkvideo.ru/video-211437014_456245789?t=0h52m34s"
"1740706239-376","https://vkvideo.ru/trends","№ 595 Трамп обвиняет Зеленского / Санкции против Галустяна / Перепись воробьев","https://vkvideo.ru/video-211437014_456245789","№ 595 Трамп обвиняет Зеленского / Санкции против Галустяна / Перепись воробьев","Артемий Лебедев","1,3 млн просмотров·2 дня назад","","https://store.artlebedev.ru/made/balansus/#182225","https://vkvideo.ru/away.php?to=https%3A%2F%2Fstore.artlebedev.ru%2Fmade%2Fbalansus%2F%23182225&cc_key="
"1740706239-377","https://vkvideo.ru/trends","№ 595 Трамп обвиняет Зеленского / Санкции против Галустяна / Перепись воробьев","https://vkvideo.ru/video-211437014_456245789","№ 595 Трамп обвиняет Зеленского / Санкции против Галустяна / Перепись воробьев","Артемий Лебедев","1,3 млн просмотров·2 дня назад","","https://store.artlebedev.ru/made/kalligrafia-dlya-vse..","https://vkvideo.ru/away.php?to=https%3A%2F%2Fstore.artlebedev.ru%2Fmade%2Fkalligrafia-dlya-vsekh-2023%2F&cc_key="
"1740706239-378","https://vkvideo.ru/trends","№ 595 Трамп обвиняет Зеленского / Санкции против Галустяна / Перепись воробьев","https://vkvideo.ru/video-211437014_456245789","№ 595 Трамп обвиняет Зеленского / Санкции против Галустяна / Перепись воробьев","Артемий Лебедев","1,3 млн просмотров·2 дня назад","","https://store.artlebedev.ru/made/cheholus/#183548","https://vkvideo.ru/away.php?to=https%3A%2F%2Fstore.artlebedev.ru%2Fmade%2Fcheholus%2F%23183548&cc_key="
"1740706239-379","https://vkvideo.ru/trends","№ 595 Трамп обвиняет Зеленского / Санкции против Галустяна / Перепись воробьев","https://vkvideo.ru/video-211437014_456245789","№ 595 Трамп обвиняет Зеленского / Санкции против Галустяна / Перепись воробьев","Артемий Лебедев","1,3 млн просмотров·2 дня назад","","https://store.artlebedev.ru/made/skotchus-e-e-e-e/","https://vkvideo.ru/away.php?to=https%3A%2F%2Fstore.artlebedev.ru%2Fmade%2Fskotchus-e-e-e-e%2F&cc_key="
"1740706239-380","https://vkvideo.ru/trends","№ 595 Трамп обвиняет Зеленского / Санкции против Галустяна / Перепись воробьев","https://vkvideo.ru/video-211437014_456245789","№ 595 Трамп обвиняет Зеленского / Санкции против Галустяна / Перепись воробьев","Артемий Лебедев","1,3 млн просмотров·2 дня назад","","https://ironov.artlebedev.ru/ru","https://vkvideo.ru/away.php?to=https%3A%2F%2Fironov.artlebedev.ru%2Fru&cc_key="
"1740706239-381","https://vkvideo.ru/trends","№ 595 Трамп обвиняет Зеленского / Санкции против Галустяна / Перепись воробьев","https://vkvideo.ru/video-211437014_456245789","№ 595 Трамп обвиняет Зеленского / Санкции против Галустяна / Перепись воробьев","Артемий Лебедев","1,3 млн просмотров·2 дня назад","","https://zhurnalus.artlebedev.ru/","https://vkvideo.ru/away.php?to=https%3A%2F%2Fzhurnalus.artlebedev.ru%2F&cc_key="
"1740706239-382","https://vkvideo.ru/trends","№ 595 Трамп обвиняет Зеленского / Санкции против Галустяна / Перепись воробьев","https://vkvideo.ru/video-211437014_456245789","№ 595 Трамп обвиняет Зеленского / Санкции против Галустяна / Перепись воробьев","Артемий Лебедев","1,3 млн просмотров·2 дня назад","","https://www.tema.ru/start","https://vkvideo.ru/away.php?to=https%3A%2F%2Fwww.tema.ru%2Fstart&cc_key="
"1740706239-383","https://vkvideo.ru/trends","№ 595 Трамп обвиняет Зеленского / Санкции против Галустяна / Перепись воробьев","https://vkvideo.ru/video-211437014_456245789","№ 595 Трамп обвиняет Зеленского / Санкции против Галустяна / Перепись воробьев","Артемий Лебедев","1,3 млн просмотров·2 дня назад","","https://www.artlebedev.ru","https://vkvideo.ru/away.php?to=https%3A%2F%2Fwww.artlebedev.ru&cc_key="
"1740706239-384","https://vkvideo.ru/trends","№ 595 Трамп обвиняет Зеленского / Санкции против Галустяна / Перепись воробьев","https://vkvideo.ru/video-211437014_456245789","№ 595 Трамп обвиняет Зеленского / Санкции против Галустяна / Перепись воробьев","Артемий Лебедев","1,3 млн просмотров·2 дня назад","","https://vk.com/temalebedev","https://vkvideo.ru/away.php?to=https%3A%2F%2Fvk.com%2Ftemalebedev&cc_key="
"1740706239-385","https://vkvideo.ru/trends","№ 595 Трамп обвиняет Зеленского / Санкции против Галустяна / Перепись воробьев","https://vkvideo.ru/video-211437014_456245789","№ 595 Трамп обвиняет Зеленского / Санкции против Галустяна / Перепись воробьев","Артемий Лебедев","1,3 млн просмотров·2 дня назад","","https://t.me/te","https://vkvideo.ru/away.php?to=https%3A%2F%2Ft.me%2Fte&cc_key="
"1740706244-386","https://vkvideo.ru/trends","Вопрос Ребром — AcademeG","https://vkvideo.ru/video-1415705_456250492","Вопрос Ребром — AcademeG","GAZ","1,6 млн просмотров·2 дня назад","Баста это не твой уровень","",""
"1740706244-387","https://vkvideo.ru/trends","Вопрос Ребром — AcademeG","https://vkvideo.ru/video-1415705_456250492","Вопрос Ребром — AcademeG","GAZ","1,6 млн просмотров·2 дня назад","Какое","",""
"1740706244-388","https://vkvideo.ru/trends","Вопрос Ребром — AcademeG","https://vkvideo.ru/video-1415705_456250492","Вопрос Ребром — AcademeG","GAZ","1,6 млн просмотров·2 дня назад","Дмитрий, я про типа в очках и серой рубашке.","",""
"1740706244-389","https://vkvideo.ru/trends","Вопрос Ребром — AcademeG","https://vkvideo.ru/video-1415705_456250492","Вопрос Ребром — AcademeG","GAZ","1,6 млн просмотров·2 дня назад","","https://alfa.me/vb25","https://vkvideo.ru/away.php?to=https%3A%2F%2Falfa.me%2Fvb25&cc_key="
"1740706244-390","https://vkvideo.ru/trends","Вопрос Ребром — AcademeG","https://vkvideo.ru/video-1415705_456250492","Вопрос Ребром — AcademeG","GAZ","1,6 млн просмотров·2 дня назад","","https://clck.ru/3F8KDW","https://vkvideo.ru/away.php?to=https%3A%2F%2Fclck.ru%2F3F8KDW&cc_key="
"1740706244-391","https://vkvideo.ru/trends","Вопрос Ребром — AcademeG","https://vkvideo.ru/video-1415705_456250492","Вопрос Ребром — AcademeG","GAZ","1,6 млн просмотров·2 дня назад","","https://auto.ru/s/SC5HlH","https://vkvideo.ru/away.php?to=https%3A%2F%2Fauto.ru%2Fs%2FSC5HlH&cc_key="
"1740706244-392","https://vkvideo.ru/trends","Вопрос Ребром — AcademeG","https://vkvideo.ru/video-1415705_456250492","Вопрос Ребром — AcademeG","GAZ","1,6 млн просмотров·2 дня назад","","https://clck.ru/3GW5gG","https://vkvideo.ru/away.php?to=https%3A%2F%2Fclck.ru%2F3GW5gG&cc_key="
"1740706244-393","https://vkvideo.ru/trends","Вопрос Ребром — AcademeG","https://vkvideo.ru/video-1415705_456250492","Вопрос Ребром — AcademeG","GAZ","1,6 млн просмотров·2 дня назад","","#ВопросРебром","https://vkvideo.ru/video?q=%23%D0%92%D0%BE%D0%BF%D1%80%D0%BE%D1%81%D0%A0%D0%B5%D0%B1%D1%80%D0%BE%D0%BC"
"1740706244-394","https://vkvideo.ru/trends","Вопрос Ребром — AcademeG","https://vkvideo.ru/video-1415705_456250492","Вопрос Ребром — AcademeG","GAZ","1,6 млн просмотров·2 дня назад","","https://bit.ly/bastaluzhniki2025","https://vkvideo.ru/away.php?to=https%3A%2F%2Fbit.ly%2Fbastaluzhniki2025&cc_key="
"1740706244-395","https://vkvideo.ru/trends","Вопрос Ребром — AcademeG","https://vkvideo.ru/video-1415705_456250492","Вопрос Ребром — AcademeG","GAZ","1,6 млн просмотров·2 дня назад","","https://t.me/academeg_true_original","https://vkvideo.ru/away.php?to=https%3A%2F%2Ft.me%2Facademeg_true_original&cc_key="
"1740706244-396","https://vkvideo.ru/trends","Вопрос Ребром — AcademeG","https://vkvideo.ru/video-1415705_456250492","Вопрос Ребром — AcademeG","GAZ","1,6 млн просмотров·2 дня назад","","http://vk.com/AcademeG","https://vkvideo.ru/away.php?to=http%3A%2F%2Fvk.com%2FAcademeG&cc_key="
"1740706244-397","https://vkvideo.ru/trends","Вопрос Ребром — AcademeG","https://vkvideo.ru/video-1415705_456250492","Вопрос Ребром — AcademeG","GAZ","1,6 млн просмотров·2 дня назад","","https://www.youtube.com/@UC0lT9K8Wfuc1KPqm6YjRf1A","https://vkvideo.ru/away.php?to=https%3A%2F%2Fwww.youtube.com%2F%40UC0lT9K8Wfuc1KPqm6YjRf1A&cc_key="
"1740706244-398","https://vkvideo.ru/trends","Вопрос Ребром — AcademeG","https://vkvideo.ru/video-1415705_456250492","Вопрос Ребром — AcademeG","GAZ","1,6 млн просмотров·2 дня назад","","https://t.me/nogganobasta","https://vkvideo.ru/away.php?to=https%3A%2F%2Ft.me%2Fnogganobasta&cc_key="
"1740706244-399","https://vkvideo.ru/trends","Вопрос Ребром — AcademeG","https://vkvideo.ru/video-1415705_456250492","Вопрос Ребром — AcademeG","GAZ","1,6 млн просмотров·2 дня назад","","https://vk.com/basta","https://vkvideo.ru/away.php?to=https%3A%2F%2Fvk.com%2Fbasta&cc_key="
"1740706244-400","https://vkvideo.ru/trends","Вопрос Ребром — AcademeG","https://vkvideo.ru/video-1415705_456250492","Вопрос Ребром — AcademeG","GAZ","1,6 млн просмотров·2 дня назад","","https://www.tiktok.com/@bastaakanoggano","https://vkvideo.ru/away.php?to=https%3A%2F%2Fwww.tiktok.com%2F%40bastaakanoggano&cc_key="
"1740706244-401","https://vkvideo.ru/trends","Вопрос Ребром — AcademeG","https://vkvideo.ru/video-1415705_456250492","Вопрос Ребром — AcademeG","GAZ","1,6 млн просмотров·2 дня назад","","https://t.me/gazlive","https://vkvideo.ru/away.php?to=https%3A%2F%2Ft.me%2Fgazlive&cc_key="
"1740706244-402","https://vkvideo.ru/trends","Вопрос Ребром — AcademeG","https://vkvideo.ru/video-1415705_456250492","Вопрос Ребром — AcademeG","GAZ","1,6 млн просмотров·2 дня назад","","https://vk.com/gaz","https://vkvideo.ru/away.php?to=https%3A%2F%2Fvk.com%2Fgaz&cc_key="
"1740706244-403","https://vkvideo.ru/trends","Вопрос Ребром — AcademeG","https://vkvideo.ru/video-1415705_456250492","Вопрос Ребром — AcademeG","GAZ","1,6 млн просмотров·2 дня назад","","https://www.youtube.com/@UCthfjHehYgSyhf8ONjzJMUw","https://vkvideo.ru/away.php?to=https%3A%2F%2Fwww.youtube.com%2F%40UCthfjHehYgSyhf8ONjzJMUw&cc_key="
"1740706244-404","https://vkvideo.ru/trends","Вопрос Ребром — AcademeG","https://vkvideo.ru/video-1415705_456250492","Вопрос Ребром — AcademeG","GAZ","1,6 млн просмотров·2 дня назад","","http://gaz.team","https://vkvideo.ru/away.php?to=http%3A%2F%2Fgaz.team&cc_key="
"1740706244-405","https://vkvideo.ru/trends","Вопрос Ребром — AcademeG","https://vkvideo.ru/video-1415705_456250492","Вопрос Ребром — AcademeG","GAZ","1,6 млн просмотров·2 дня назад","","https://vk.com/frankbybasta","https://vkvideo.ru/away.php?to=https%3A%2F%2Fvk.com%2Ffrankbybasta&cc_key="
"1740706244-406","https://vkvideo.ru/trends","Вопрос Ребром — AcademeG","https://vkvideo.ru/video-1415705_456250492","Вопрос Ребром — AcademeG","GAZ","1,6 млн просмотров·2 дня назад","","https://vk.com/gorillabybastamoscow","https://vkvideo.ru/away.php?to=https%3A%2F%2Fvk.com%2Fgorillabybastamoscow&cc_key="
"1740706244-407","https://vkvideo.ru/trends","Вопрос Ребром — AcademeG","https://vkvideo.ru/video-1415705_456250492","Вопрос Ребром — AcademeG","GAZ","1,6 млн просмотров·2 дня назад","","00:00:00","https://vkvideo.ru/video-1415705_456250492?t=0h0m0s"
"1740706244-408","https://vkvideo.ru/trends","Вопрос Ребром — AcademeG","https://vkvideo.ru/video-1415705_456250492","Вопрос Ребром — AcademeG","GAZ","1,6 млн просмотров·2 дня назад","","00:00:47","https://vkvideo.ru/video-1415705_456250492?t=0h0m47s"
"1740706244-409","https://vkvideo.ru/trends","Вопрос Ребром — AcademeG","https://vkvideo.ru/video-1415705_456250492","Вопрос Ребром — AcademeG","GAZ","1,6 млн просмотров·2 дня назад","","00:04:09","https://vkvideo.ru/video-1415705_456250492?t=0h4m9s"
"1740706244-410","https://vkvideo.ru/trends","Вопрос Ребром — AcademeG","https://vkvideo.ru/video-1415705_456250492","Вопрос Ребром — AcademeG","GAZ","1,6 млн просмотров·2 дня назад","","00:07:26","https://vkvideo.ru/video-1415705_456250492?t=0h7m26s"
"1740706244-411","https://vkvideo.ru/trends","Вопрос Ребром — AcademeG","https://vkvideo.ru/video-1415705_456250492","Вопрос Ребром — AcademeG","GAZ","1,6 млн просмотров·2 дня назад","","00:08:40","https://vkvideo.ru/video-1415705_456250492?t=0h8m40s"
"1740706244-412","https://vkvideo.ru/trends","Вопрос Ребром — AcademeG","https://vkvideo.ru/video-1415705_456250492","Вопрос Ребром — AcademeG","GAZ","1,6 млн просмотров·2 дня назад","","00:10:23","https://vkvideo.ru/video-1415705_456250492?t=0h10m23s"
"1740706244-413","https://vkvideo.ru/trends","Вопрос Ребром — AcademeG","https://vkvideo.ru/video-1415705_456250492","Вопрос Ребром — AcademeG","GAZ","1,6 млн просмотров·2 дня назад","","00:12:09","https://vkvideo.ru/video-1415705_456250492?t=0h12m9s"
"1740706244-414","https://vkvideo.ru/trends","Вопрос Ребром — AcademeG","https://vkvideo.ru/video-1415705_456250492","Вопрос Ребром — AcademeG","GAZ","1,6 млн просмотров·2 дня назад","","00:14:21","https://vkvideo.ru/video-1415705_456250492?t=0h14m21s"
"1740706244-415","https://vkvideo.ru/trends","Вопрос Ребром — AcademeG","https://vkvideo.ru/video-1415705_456250492","Вопрос Ребром — AcademeG","GAZ","1,6 млн просмотров·2 дня назад","","00:15:45","https://vkvideo.ru/video-1415705_456250492?t=0h15m45s"
"1740706244-416","https://vkvideo.ru/trends","Вопрос Ребром — AcademeG","https://vkvideo.ru/video-1415705_456250492","Вопрос Ребром — AcademeG","GAZ","1,6 млн просмотров·2 дня назад","","00:16:49","https://vkvideo.ru/video-1415705_456250492?t=0h16m49s"
"1740706244-417","https://vkvideo.ru/trends","Вопрос Ребром — AcademeG","https://vkvideo.ru/video-1415705_456250492","Вопрос Ребром — AcademeG","GAZ","1,6 млн просмотров·2 дня назад","","00:18:02","https://vkvideo.ru/video-1415705_456250492?t=0h18m2s"
"1740706244-418","https://vkvideo.ru/trends","Вопрос Ребром — AcademeG","https://vkvideo.ru/video-1415705_456250492","Вопрос Ребром — AcademeG","GAZ","1,6 млн просмотров·2 дня назад","","00:19:21","https://vkvideo.ru/video-1415705_456250492?t=0h19m21s"
"1740706244-419","https://vkvideo.ru/trends","Вопрос Ребром — AcademeG","https://vkvideo.ru/video-1415705_456250492","Вопрос Ребром — AcademeG","GAZ","1,6 млн просмотров·2 дня назад","","00:21:18","https://vkvideo.ru/video-1415705_456250492?t=0h21m18s"
"1740706244-420","https://vkvideo.ru/trends","Вопрос Ребром — AcademeG","https://vkvideo.ru/video-1415705_456250492","Вопрос Ребром — AcademeG","GAZ","1,6 млн просмотров·2 дня назад","","00:23:22","https://vkvideo.ru/video-1415705_456250492?t=0h23m22s"
"1740706244-421","https://vkvideo.ru/trends","Вопрос Ребром — AcademeG","https://vkvideo.ru/video-1415705_456250492","Вопрос Ребром — AcademeG","GAZ","1,6 млн просмотров·2 дня назад","","00:25:49","https://vkvideo.ru/video-1415705_456250492?t=0h25m49s"
"1740706244-422","https://vkvideo.ru/trends","Вопрос Ребром — AcademeG","https://vkvideo.ru/video-1415705_456250492","Вопрос Ребром — AcademeG","GAZ","1,6 млн просмотров·2 дня назад","","00:28:09","https://vkvideo.ru/video-1415705_456250492?t=0h28m9s"
"1740706244-423","https://vkvideo.ru/trends","Вопрос Ребром — AcademeG","https://vkvideo.ru/video-1415705_456250492","Вопрос Ребром — AcademeG","GAZ","1,6 млн просмотров·2 дня назад","","00:31:01","https://vkvideo.ru/video-1415705_456250492?t=0h31m1s"
"1740706244-424","https://vkvideo.ru/trends","Вопрос Ребром — AcademeG","https://vkvideo.ru/video-1415705_456250492","Вопрос Ребром — AcademeG","GAZ","1,6 млн просмотров·2 дня назад","","00:32:13","https://vkvideo.ru/video-1415705_456250492?t=0h32m13s"
"1740706244-425","https://vkvideo.ru/trends","Вопрос Ребром — AcademeG","https://vkvideo.ru/video-1415705_456250492","Вопрос Ребром — AcademeG","GAZ","1,6 млн просмотров·2 дня назад","","00:34:26","https://vkvideo.ru/video-1415705_456250492?t=0h34m26s"
"1740706244-426","https://vkvideo.ru/trends","Вопрос Ребром — AcademeG","https://vkvideo.ru/video-1415705_456250492","Вопрос Ребром — AcademeG","GAZ","1,6 млн просмотров·2 дня назад","","00:36:23","https://vkvideo.ru/video-1415705_456250492?t=0h36m23s"
"1740706244-427","https://vkvideo.ru/trends","Вопрос Ребром — AcademeG","https://vkvideo.ru/video-1415705_456250492","Вопрос Ребром — AcademeG","GAZ","1,6 млн просмотров·2 дня назад","","00:39:33","https://vkvideo.ru/video-1415705_456250492?t=0h39m33s"
"1740706244-428","https://vkvideo.ru/trends","Вопрос Ребром — AcademeG","https://vkvideo.ru/video-1415705_456250492","Вопрос Ребром — AcademeG","GAZ","1,6 млн просмотров·2 дня назад","","00:41:09","https://vkvideo.ru/video-1415705_456250492?t=0h41m9s"
"1740706244-429","https://vkvideo.ru/trends","Вопрос Ребром — AcademeG","https://vkvideo.ru/video-1415705_456250492","Вопрос Ребром — AcademeG","GAZ","1,6 млн просмотров·2 дня назад","","00:42:18","https://vkvideo.ru/video-1415705_456250492?t=0h42m18s"
"1740706244-430","https://vkvideo.ru/trends","Вопрос Ребром — AcademeG","https://vkvideo.ru/video-1415705_456250492","Вопрос Ребром — AcademeG","GAZ","1,6 млн просмотров·2 дня назад","","00:43:41","https://vkvideo.ru/video-1415705_456250492?t=0h43m41s"
"1740706244-431","https://vkvideo.ru/trends","Вопрос Ребром — AcademeG","https://vkvideo.ru/video-1415705_456250492","Вопрос Ребром — AcademeG","GAZ","1,6 млн просмотров·2 дня назад","","00:45:43","https://vkvideo.ru/video-1415705_456250492?t=0h45m43s"
"1740706244-432","https://vkvideo.ru/trends","Вопрос Ребром — AcademeG","https://vkvideo.ru/video-1415705_456250492","Вопрос Ребром — AcademeG","GAZ","1,6 млн просмотров·2 дня назад","","00:50:48","https://vkvideo.ru/video-1415705_456250492?t=0h50m48s"
"1740706244-433","https://vkvideo.ru/trends","Вопрос Ребром — AcademeG","https://vkvideo.ru/video-1415705_456250492","Вопрос Ребром — AcademeG","GAZ","1,6 млн просмотров·2 дня назад","","00:53:15","https://vkvideo.ru/video-1415705_456250492?t=0h53m15s"
"1740706244-434","https://vkvideo.ru/trends","Вопрос Ребром — AcademeG","https://vkvideo.ru/video-1415705_456250492","Вопрос Ребром — AcademeG","GAZ","1,6 млн просмотров·2 дня назад","","00:54:21","https://vkvideo.ru/video-1415705_456250492?t=0h54m21s"
"1740706244-435","https://vkvideo.ru/trends","Вопрос Ребром — AcademeG","https://vkvideo.ru/video-1415705_456250492","Вопрос Ребром — AcademeG","GAZ","1,6 млн просмотров·2 дня назад","","00:57:00","https://vkvideo.ru/video-1415705_456250492?t=0h57m0s"
"1740706244-436","https://vkvideo.ru/trends","Вопрос Ребром — AcademeG","https://vkvideo.ru/video-1415705_456250492","Вопрос Ребром — AcademeG","GAZ","1,6 млн просмотров·2 дня назад","","00:58:21","https://vkvideo.ru/video-1415705_456250492?t=0h58m21s"
"1740706244-437","https://vkvideo.ru/trends","Вопрос Ребром — AcademeG","https://vkvideo.ru/video-1415705_456250492","Вопрос Ребром — AcademeG","GAZ","1,6 млн просмотров·2 дня назад","","#AcademeG","https://vkvideo.ru/video?q=%23AcademeG"
"1740706244-438","https://vkvideo.ru/trends","Вопрос Ребром — AcademeG","https://vkvideo.ru/video-1415705_456250492","Вопрос Ребром — AcademeG","GAZ","1,6 млн просмотров·2 дня назад","","#Баста","https://vkvideo.ru/video?q=%23%D0%91%D0%B0%D1%81%D1%82%D0%B0"
"1740706244-439","https://vkvideo.ru/trends","Вопрос Ребром — AcademeG","https://vkvideo.ru/video-1415705_456250492","Вопрос Ребром — AcademeG","GAZ","1,6 млн просмотров·2 дня назад","","#ВопросРебром","https://vkvideo.ru/video?q=%23%D0%92%D0%BE%D0%BF%D1%80%D0%BE%D1%81%D0%A0%D0%B5%D0%B1%D1%80%D0%BE%D0%BC"
"1740706250-440","https://vkvideo.ru/trends","Меломан #16 | Анна Седокова, Эльдар Джарахов, Олеся Иванченко, Варя Щербакова, Дмитрий Журавлёв","https://vkvideo.ru/video-109800058_456240721?t=3s","Меломан #16 | Анна Седокова, Эльдар Джарахов, Олеся Иванченко, Варя Щербакова, Дмитрий Журавлёв","Medium Quality Channel","1,3 млн просмотров·1 день назад","Vika, они наконец то расстались?","",""
"1740706250-441","https://vkvideo.ru/trends","Меломан #16 | Анна Седокова, Эльдар Джарахов, Олеся Иванченко, Варя Щербакова, Дмитрий Журавлёв","https://vkvideo.ru/video-109800058_456240721?t=3s","Меломан #16 | Анна Седокова, Эльдар Джарахов, Олеся Иванченко, Варя Щербакова, Дмитрий Журавлёв","Medium Quality Channel","1,3 млн просмотров·1 день назад","Седокова ужас просто!!!вообще не пела,лентяйка ужасная!!!поведение стремное!!!не умеет себя в компании вести и подать!!!стрем!","",""
"1740706250-442","https://vkvideo.ru/trends","Меломан #16 | Анна Седокова, Эльдар Джарахов, Олеся Иванченко, Варя Щербакова, Дмитрий Журавлёв","https://vkvideo.ru/video-109800058_456240721?t=3s","Меломан #16 | Анна Седокова, Эльдар Джарахов, Олеся Иванченко, Варя Щербакова, Дмитрий Журавлёв","Medium Quality Channel","1,3 млн просмотров·1 день назад","А что с носом нахуй?","",""
"1740706250-443","https://vkvideo.ru/trends","Меломан #16 | Анна Седокова, Эльдар Джарахов, Олеся Иванченко, Варя Щербакова, Дмитрий Журавлёв","https://vkvideo.ru/video-109800058_456240721?t=3s","Меломан #16 | Анна Седокова, Эльдар Джарахов, Олеся Иванченко, Варя Щербакова, Дмитрий Журавлёв","Medium Quality Channel","1,3 млн просмотров·1 день назад","","https://ozon.ru/t/JnR5yPJ","https://vkvideo.ru/away.php?to=https%3A%2F%2Fozon.ru%2Ft%2FJnR5yPJ&cc_key="
"1740706250-444","https://vkvideo.ru/trends","Меломан #16 | Анна Седокова, Эльдар Джарахов, Олеся Иванченко, Варя Щербакова, Дмитрий Журавлёв","https://vkvideo.ru/video-109800058_456240721?t=3s","Меломан #16 | Анна Седокова, Эльдар Джарахов, Олеся Иванченко, Варя Щербакова, Дмитрий Журавлёв","Medium Quality Channel","1,3 млн просмотров·1 день назад","","https://clck.ru/3FC9UP","https://vkvideo.ru/away.php?to=https%3A%2F%2Fclck.ru%2F3FC9UP&cc_key="
"1740706250-445","https://vkvideo.ru/trends","Меломан #16 | Анна Седокова, Эльдар Джарахов, Олеся Иванченко, Варя Щербакова, Дмитрий Журавлёв","https://vkvideo.ru/video-109800058_456240721?t=3s","Меломан #16 | Анна Седокова, Эльдар Джарахов, Олеся Иванченко, Варя Щербакова, Дмитрий Журавлёв","Medium Quality Channel","1,3 млн просмотров·1 день назад","","https://vk.cc/cIBp8D","https://vkvideo.ru/away.php?to=https%3A%2F%2Fmagic-x-store.com%2Fproducts%2Fhonor-magic7%3Futm_campaign%3D2025q1honor_magic7pro_shows_february-march_special_project%26utm_medium%3Dcpv%26utm_source%3Dvk_video%26utm_content%3Dmeloman%26utm_term%3Dpre-roll%26erid%3D%21%255Berir0%255D&cc_key=cIBp8D"
"1740706250-446","https://vkvideo.ru/trends","Меломан #16 | Анна Седокова, Эльдар Джарахов, Олеся Иванченко, Варя Щербакова, Дмитрий Журавлёв","https://vkvideo.ru/video-109800058_456240721?t=3s","Меломан #16 | Анна Седокова, Эльдар Джарахов, Олеся Иванченко, Варя Щербакова, Дмитрий Журавлёв","Medium Quality Channel","1,3 млн просмотров·1 день назад","","https://s.ozon.ru/p4vNZ1?erid=2VtzqxJ7e1s","https://vkvideo.ru/away.php?to=https%3A%2F%2Fs.ozon.ru%2Fp4vNZ1%3Ferid%3D2VtzqxJ7e1s&cc_key="
"1740706250-447","https://vkvideo.ru/trends","Меломан #16 | Анна Седокова, Эльдар Джарахов, Олеся Иванченко, Варя Щербакова, Дмитрий Журавлёв","https://vkvideo.ru/video-109800058_456240721?t=3s","Меломан #16 | Анна Седокова, Эльдар Джарахов, Олеся Иванченко, Варя Щербакова, Дмитрий Журавлёв","Medium Quality Channel","1,3 млн просмотров·1 день назад","","https://auto.ru/s/vrNw7C","https://vkvideo.ru/away.php?to=https%3A%2F%2Fauto.ru%2Fs%2FvrNw7C&cc_key="
"1740706250-448","https://vkvideo.ru/trends","Меломан #16 | Анна Седокова, Эльдар Джарахов, Олеся Иванченко, Варя Щербакова, Дмитрий Журавлёв","https://vkvideo.ru/video-109800058_456240721?t=3s","Меломан #16 | Анна Седокова, Эльдар Джарахов, Олеся Иванченко, Варя Щербакова, Дмитрий Журавлёв","Medium Quality Channel","1,3 млн просмотров·1 день назад","","https://clck.ru/3GW5gG","https://vkvideo.ru/away.php?to=https%3A%2F%2Fclck.ru%2F3GW5gG&cc_key="
